<?xml version="1.0" encoding="utf-8"?>
<Configration Width="1435" Height="715">
  <LIST>
    <Component>
      <LUXCQ/>
      <WETCQ/>
      <TEMPCQ/>
    </Component>
    <Image>
      <F1NODE source="mapAssets/mapImages/F1Node.png" group="map"/>
      <LCF1 source="assets/comp/LCF1.png"/>
    </Image>
  </LIST>
  <Components>
    <F1NODE height="714" y="0" width="1434" group="map" source="mapAssets/mapImages/F1Node.png" x="0"/>
    <LUXCQ deviceID="" group="commonComp" width="16" x="253" height="16" y="188" source="assets/comp/LUXCQ/bg.png"/>
    <WETCQ deviceID="" group="commonComp" width="16" x="237" height="19" y="201" source="assets/comp/WETCQ/bg.png"/>
    <LABEL paramID="119" deviceID="3050001" mark="HJJKZDD" fontWeight="normal" borderColor="999999" rotation="0" widthInChars="4" contentBackgroundAlpha="1" fontSize="12" borderVisible="true" param="zhaodu" text="0101" sizeAuto="false" group="commonComp" source="assets/comp/TEXTINPUT/text.png" x="233" y="159" contentBackgroundColor="000000" textAlign="right" color="3407616" deviceName="1层1#照度" fontFamily="digifaw"/>
    <LABEL paramID="128" deviceID="3010001" mark="HJJKSDD" fontWeight="normal" borderColor="999999" rotation="0" widthInChars="4" contentBackgroundAlpha="1" fontSize="12" borderVisible="true" param="inWet" text="0101" sizeAuto="false" group="commonComp" source="assets/comp/TEXTINPUT/text.png" x="215" y="222" contentBackgroundColor="000000" textAlign="right" color="3407616" deviceName="2层1#湿度" fontFamily="digifaw"/>
    <TEXT param="" deviceID="" text="Lux" sizeAuto="true" borderColor="0xffffff" group="commonComp" width="33" source="assets/comp/TEXTINPUT/label.png" textAlign="center" height="22" y="160" widthInChars="4" x="291" color="255" fontWeight="normal" contentBackgroundAlpha="0" fontSize="18" fontFamily="微软雅黑" borderVisible="false"/>
    <TEXT param="" deviceID="" text="%" sizeAuto="true" borderColor="0xffffff" group="commonComp" width="19" source="assets/comp/TEXTINPUT/label.png" textAlign="center" height="22" y="224" widthInChars="4" x="272" color="255" fontWeight="normal" contentBackgroundAlpha="0" fontSize="18" fontFamily="微软雅黑" borderVisible="false"/>
    <LCF1 height="92" y="10" width="110" group="bg" source="assets/comp/LCF1.png" x="10"/>
    <TEMPCQ param="inTemp1" deviceID="1410001" mark="BAEN" alarm="TEMPCQ" group="commonComp" paramID="73" width="12" x="310" height="32" y="242" source="assets/comp/TEMPCQ/bg.png" deviceName="1层1#温度"/>
    <LABEL paramID="73" deviceID="1410001" mark="BAEN" fontWeight="normal" borderColor="999999" rotation="0" widthInChars="4" contentBackgroundAlpha="1" fontSize="12" borderVisible="true" param="inTemp1" text="0101" sizeAuto="false" group="commonComp" source="assets/comp/TEXTINPUT/text.png" x="286" y="274" contentBackgroundColor="000000" textAlign="right" color="3407616" deviceName="1层1#温度" fontFamily="digifaw"/>
    <TEXT param="" deviceID="" text="°C" sizeAuto="true" borderColor="0xffffff" group="commonComp" width="22" source="assets/comp/TEXTINPUT/label.png" textAlign="center" height="22" y="275" widthInChars="4" x="343" color="255" fontWeight="normal" contentBackgroundAlpha="0" fontSize="18" fontFamily="微软雅黑" borderVisible="false"/>
    <TEXT param="" deviceID="" text="正常光照强度范围" sizeAuto="true" borderColor="0xffffff" group="commonComp" width="154" source="assets/comp/TEXTINPUT/label.png" textAlign="center" height="22" y="38" widthInChars="4" x="478" color="255" fontWeight="normal" contentBackgroundAlpha="0" fontSize="18" fontFamily="微软雅黑" borderVisible="false"/>
    <TEXT param="" deviceID="" text="正常温度范围" sizeAuto="true" borderColor="0xffffff" group="commonComp" width="116" source="assets/comp/TEXTINPUT/label.png" textAlign="center" height="22" y="76" widthInChars="4" x="510" color="255" fontWeight="normal" contentBackgroundAlpha="0" fontSize="18" fontFamily="微软雅黑" borderVisible="false"/>
    <TEXT param="" deviceID="" text=" 50~300LUX   " sizeAuto="true" borderColor="0xffffff" group="commonComp" width="113" source="assets/comp/TEXTINPUT/label.png" textAlign="left" height="22" y="39" widthInChars="4" x="654" color="255" fontWeight="normal" contentBackgroundAlpha="0" fontSize="18" fontFamily="微软雅黑" borderVisible="false"/>
    <TEXT param="" deviceID="" text=" 20~30°C    " sizeAuto="true" borderColor="0xffffff" group="commonComp" width="92" source="assets/comp/TEXTINPUT/label.png" textAlign="left" height="22" y="77" widthInChars="4" x="654" color="255" fontWeight="normal" contentBackgroundAlpha="0" fontSize="18" fontFamily="微软雅黑" borderVisible="false"/>
    <TEXT param="" deviceID="" text="正常湿度范围" sizeAuto="true" borderColor="0xffffff" group="commonComp" width="116" source="assets/comp/TEXTINPUT/label.png" textAlign="center" height="22" y="114" widthInChars="4" x="510" color="255" fontWeight="normal" contentBackgroundAlpha="0" fontSize="18" fontFamily="微软雅黑" borderVisible="false"/>
    <TEXT param="" deviceID="" text=" 20%~100%    " sizeAuto="true" borderColor="0xffffff" group="commonComp" width="115" source="assets/comp/TEXTINPUT/label.png" textAlign="left" height="22" y="117" widthInChars="4" x="653" color="255" fontWeight="normal" contentBackgroundAlpha="0" fontSize="18" fontFamily="微软雅黑" borderVisible="false"/>
  </Components>
</Configration>