<?xml version="1.0" encoding="utf-8"?>
<Configration Width="1072" Height="529">
  <LIST>
    <Component>
      <ALARM/>
      <ALARMBPD/>
      <HANDTZ/>
    </Component>
    <Image>
      <JXKh source="assets/comp/jxkh.png"/>
      <GONGFANGLINE source="assets/comp/gongfangline.png"/>
    </Image>
  </LIST>
  <Components>
    <JXKh width="576" x="240" height="491" y="38"/>
    <TEXT width="117" x="272" height="21" scaleX="1" scaleY="1" y="57" textAlign="center" borderColor="0xffffff" sizeAuto="true" fontFamily="微软雅黑" param="" fontWeight="normal" color="255" fontSize="16" contentBackgroundAlpha="0" borderVisible="false" deviceID="" rotation="0" widthInChars="7" text="合母电压值(Kv)"/>
    <ALARM width="58" x="826" scaleX="0" scaleY="0" height="25" param="" deviceID="" alarm="ALARM" y="48" rotation="0"/>
    <TEXT width="117" x="269" height="21" scaleX="1" scaleY="1" y="202" textAlign="center" borderColor="0xffffff" sizeAuto="true" fontFamily="微软雅黑" param="" fontWeight="normal" color="255" fontSize="16" contentBackgroundAlpha="0" borderVisible="false" deviceID="" rotation="0" widthInChars="7" text="控母电压值(Kv)"/>
    <TEXT width="117" x="270" height="21" scaleX="1" scaleY="1" y="425" textAlign="center" borderColor="0xffffff" sizeAuto="true" fontFamily="微软雅黑" param="" fontWeight="normal" color="255" fontSize="16" contentBackgroundAlpha="0" borderVisible="false" deviceID="" rotation="0" widthInChars="7" text="电池电压值(Kv)"/>
    <TEXT width="108" x="271" height="21" scaleX="1" scaleY="1" y="388" textAlign="center" borderColor="0xffffff" sizeAuto="true" fontFamily="微软雅黑" param="" fontWeight="normal" color="255" fontSize="16" contentBackgroundAlpha="0" borderVisible="false" deviceID="" rotation="0" widthInChars="7" text="控母电流值(A)"/>
    <TEXT width="279" x="388" height="25" scaleX="1" scaleY="1" y="12" textAlign="center" borderColor="0xffffff" sizeAuto="false" fontFamily="微软雅黑" param="" fontWeight="normal" color="255" fontSize="20" contentBackgroundAlpha="0" borderVisible="false" deviceID="" rotation="0" widthInChars="14" text="2#  开  闭  所  直  流  屏"/>
    <TEXT width="108" x="269" height="21" scaleX="1" scaleY="1" y="463" textAlign="center" borderColor="0xffffff" sizeAuto="true" fontFamily="微软雅黑" param="" fontWeight="normal" color="255" fontSize="16" contentBackgroundAlpha="0" borderVisible="false" deviceID="" rotation="0" widthInChars="7" text="电池电流值(A)"/>
    <TEXT width="156" x="268" height="21" scaleX="1" scaleY="1" y="97" textAlign="center" borderColor="0xffffff" sizeAuto="true" fontFamily="微软雅黑" param="" fontWeight="normal" color="255" fontSize="16" contentBackgroundAlpha="0" borderVisible="false" deviceID="" rotation="0" widthInChars="9" text="交流一路AB电压(Kv)"/>
    <TEXT width="156" x="271" height="21" scaleX="1" scaleY="1" y="315" textAlign="center" borderColor="0xffffff" sizeAuto="true" fontFamily="微软雅黑" param="" fontWeight="normal" color="255" fontSize="16" contentBackgroundAlpha="0" borderVisible="false" deviceID="" rotation="0" widthInChars="9" text="交流一路CA电压(Kv)"/>
    <TEXT width="156" x="268" height="21" scaleX="1" scaleY="1" y="237" textAlign="center" borderColor="0xffffff" sizeAuto="true" fontFamily="微软雅黑" param="" fontWeight="normal" color="255" fontSize="16" contentBackgroundAlpha="0" borderVisible="false" deviceID="" rotation="0" widthInChars="9" text="交流一路BC电压(Kv)"/>
    <TEXT width="134" x="269" height="19" scaleX="1" scaleY="1" y="137" textAlign="center" borderColor="0xffffff" sizeAuto="true" fontFamily="微软雅黑" param="" fontWeight="normal" color="255" fontSize="14" contentBackgroundAlpha="0" borderVisible="false" deviceID="" rotation="0" widthInChars="9" text="交流二路AB电压(Kv)"/>
    <TEXT width="156" x="269" height="21" scaleX="1" scaleY="1" y="277" textAlign="center" borderColor="0xffffff" sizeAuto="true" fontFamily="微软雅黑" param="" fontWeight="normal" color="255" fontSize="16" contentBackgroundAlpha="0" borderVisible="false" deviceID="" rotation="0" widthInChars="9" text="交流二路BC电压(Kv)"/>
    <TEXT width="156" x="269" height="21" scaleX="1" scaleY="1" y="351" textAlign="center" borderColor="0xffffff" sizeAuto="true" fontFamily="微软雅黑" param="" fontWeight="normal" color="255" fontSize="16" contentBackgroundAlpha="0" borderVisible="false" deviceID="" rotation="0" widthInChars="9" text="交流二路CA电压(Kv)"/>
    <TEXT width="95" x="540" height="21" scaleX="1" scaleY="1" y="314" textAlign="center" borderColor="16777215" sizeAuto="true" fontFamily="微软雅黑" param="" fontWeight="normal" color="255" fontSize="16" contentBackgroundAlpha="0" borderVisible="false" deviceID="" rotation="0" widthInChars="6" text="1路掉电告警"/>
    <TEXT width="95" x="541" height="21" scaleX="1" scaleY="1" y="95" textAlign="center" borderColor="0xffffff" sizeAuto="true" fontFamily="微软雅黑" param="" fontWeight="normal" color="255" fontSize="16" contentBackgroundAlpha="0" borderVisible="false" deviceID="" rotation="0" widthInChars="6" text="1路欠压告警"/>
    <ALARMBPD width="12" x="670" scaleX="1.5" scaleY="1.5" paramID="218" mark="DB" height="12" deviceName="2#开闭所-直流屏" param="acaBrownout" deviceID="3534" alarm="ALARMBPD" y="318.1" rotation="0"/>
    <ALARMBPD width="12" x="671" scaleX="1.5" scaleY="1.5" paramID="220" mark="DB" height="12" deviceName="2#开闭所-直流屏" param="acaOvervoltage" deviceID="3534" alarm="ALARMBPD" y="204.39999999999995" rotation="0"/>
    <TEXT width="95" x="540" height="21" scaleX="1" scaleY="1" y="200" textAlign="center" borderColor="0xffffff" sizeAuto="true" fontFamily="微软雅黑" param="" fontWeight="normal" color="255" fontSize="16" contentBackgroundAlpha="0" borderVisible="false" deviceID="" rotation="0" widthInChars="6" text="1路过压告警"/>
    <TEXT width="95" x="541" height="21" scaleX="1" scaleY="1" y="352" textAlign="center" borderColor="0xffffff" sizeAuto="true" fontFamily="微软雅黑" param="" fontWeight="normal" color="255" fontSize="16" contentBackgroundAlpha="0" borderVisible="false" deviceID="" rotation="0" widthInChars="6" text="2路掉电告警"/>
    <ALARMBPD width="12" x="671" scaleX="1.5" scaleY="1.5" paramID="222" mark="DB" height="12" deviceName="2#开闭所-直流屏" param="acbBrownout" deviceID="3534" alarm="ALARMBPD" y="354" rotation="0"/>
    <TEXT width="95" x="541" height="21" scaleX="1" scaleY="1" y="132" textAlign="center" borderColor="0xffffff" sizeAuto="true" fontFamily="微软雅黑" param="" fontWeight="normal" color="255" fontSize="16" contentBackgroundAlpha="0" borderVisible="false" deviceID="" rotation="0" widthInChars="6" text="2路欠压告警"/>
    <ALARMBPD width="12" x="670" scaleX="1.5" scaleY="1.5" paramID="223" mark="DB" height="12" deviceName="2#开闭所-直流屏" param="acbUndervoltage" deviceID="3534" alarm="ALARMBPD" y="134" rotation="0"/>
    <TEXT width="95" x="540" height="21" scaleX="1" scaleY="1" y="237" textAlign="center" borderColor="0xffffff" sizeAuto="true" fontFamily="微软雅黑" param="" fontWeight="normal" color="255" fontSize="16" contentBackgroundAlpha="0" borderVisible="false" deviceID="" rotation="0" widthInChars="6" text="2路过压告警"/>
    <ALARMBPD width="12" x="670.4499999999999" scaleX="1.5" scaleY="1.5" paramID="224" mark="DB" height="12" deviceName="2#开闭所-直流屏" param="acbOvervoltage" deviceID="3534" alarm="ALARMBPD" y="239.64999999999998" rotation="0"/>
    <ALARMBPD width="12" x="670.05" scaleX="1.5" scaleY="1.5" paramID="212" mark="DB" height="12" deviceName="2#开闭所-直流屏" param="flStatus" deviceID="3534" alarm="ALARMBPD" y="278.6" rotation="0"/>
    <TEXT width="104" x="540" height="21" scaleX="1" scaleY="1" y="275" textAlign="center" borderColor="0xffffff" sizeAuto="true" fontFamily="微软雅黑" param="" fontWeight="normal" color="255" fontSize="16" contentBackgroundAlpha="0" borderVisible="false" deviceID="" rotation="0" widthInChars="6" text="防雷故障告警"/>
    <ALARMBPD width="12" x="670" scaleX="1.5" scaleY="1.5" paramID="219" mark="DB" height="12" deviceName="2#开闭所-直流屏" param="acaUndervoltage" deviceID="3534" alarm="ALARMBPD" y="97" rotation="0"/>
    <TEXT width="108" x="272" height="21" scaleX="1" scaleY="1" y="170" textAlign="center" borderColor="0xffffff" sizeAuto="true" fontFamily="微软雅黑" param="" fontWeight="normal" color="255" fontSize="16" contentBackgroundAlpha="0" borderVisible="false" deviceID="" rotation="0" widthInChars="7" text="交流电流值(A)"/>
    <TEXT width="114" x="271" height="21" scaleX="1" scaleY="1" y="497" textAlign="center" borderColor="0xffffff" sizeAuto="true" fontFamily="微软雅黑" param="" fontWeight="normal" color="255" fontSize="16" contentBackgroundAlpha="0" borderVisible="false" deviceID="" rotation="0" widthInChars="7" text="环境温度值(℃)"/>
    <TEXT width="104" x="541" height="21" scaleX="1" scaleY="1" y="58" textAlign="center" borderColor="0xffffff" sizeAuto="true" fontFamily="微软雅黑" param="" fontWeight="normal" color="255" fontSize="16" contentBackgroundAlpha="0" borderVisible="false" deviceID="" rotation="0" widthInChars="7" text="交流开关跳闸"/>
    <HANDTZ width="58" x="652" y="57" paramID="246" mark="DB" height="25" param="tzstatus" deviceID="3534" alarm="HANDTZ" deviceName="2#开闭所-直流屏"/>
    <ALARMBPD width="12" x="669" scaleX="1.5" scaleY="1.5" paramID="250" mark="DB" height="12" deviceName="2#开闭所-直流屏" param="ptdxstatus" deviceID="3534" alarm="ALARMBPD" y="169" rotation="0"/>
    <TEXT width="104" x="541" height="21" scaleX="1" scaleY="1" y="165" textAlign="center" borderColor="0xffffff" sizeAuto="true" fontFamily="微软雅黑" param="" fontWeight="normal" color="255" fontSize="16" contentBackgroundAlpha="0" borderVisible="false" deviceID="" rotation="0" widthInChars="6" text="通讯状态告警"/>
    <GONGFANGLINE width="491" x="515" y="38" height="5" rotation="90"/>
    <LABEL param="" x="440" color="3407616" textAlign="right" fontSize="12" contentBackgroundColor="000000" rotation="0" deviceID="" borderColor="999999" sizeAuto="false" y="57" fontFamily="digifaw" borderVisible="true" widthInChars="4" fontWeight="normal" contentBackgroundAlpha="0" text="51.20"/>
    <LABEL param="" x="439" color="3407616" textAlign="right" fontSize="12" contentBackgroundColor="000000" rotation="0" deviceID="" borderColor="999999" sizeAuto="false" y="94" fontFamily="digifaw" borderVisible="true" widthInChars="4" fontWeight="normal" contentBackgroundAlpha="0" text="0"/>
    <LABEL param="" x="438" color="3407616" textAlign="right" fontSize="12" contentBackgroundColor="000000" rotation="0" deviceID="" borderColor="999999" sizeAuto="false" y="130" fontFamily="digifaw" borderVisible="true" widthInChars="4" fontWeight="normal" contentBackgroundAlpha="0" text="390.70"/>
    <LABEL param="" x="440" color="3407616" textAlign="right" fontSize="12" contentBackgroundColor="000000" rotation="0" deviceID="" borderColor="999999" sizeAuto="false" y="168" fontFamily="digifaw" borderVisible="true" widthInChars="4" fontWeight="normal" contentBackgroundAlpha="0" text="0"/>
    <LABEL param="" x="440" color="3407616" textAlign="right" fontSize="12" contentBackgroundColor="000000" rotation="0" deviceID="" borderColor="999999" sizeAuto="false" y="204" fontFamily="digifaw" borderVisible="true" widthInChars="4" fontWeight="normal" contentBackgroundAlpha="0" text="0"/>
    <LABEL param="" x="440" color="3407616" textAlign="right" fontSize="12" contentBackgroundColor="000000" rotation="0" deviceID="" borderColor="999999" sizeAuto="false" y="240" fontFamily="digifaw" borderVisible="true" widthInChars="4" fontWeight="normal" contentBackgroundAlpha="0" text="385.20"/>
    <LABEL param="" x="440" color="3407616" textAlign="right" fontSize="12" contentBackgroundColor="000000" rotation="0" deviceID="" borderColor="999999" sizeAuto="false" y="275" fontFamily="digifaw" borderVisible="true" widthInChars="4" fontWeight="normal" contentBackgroundAlpha="0" text="390.60"/>
    <LABEL param="" x="441" color="3407616" textAlign="right" fontSize="12" contentBackgroundColor="000000" rotation="0" deviceID="" borderColor="999999" sizeAuto="false" y="314" fontFamily="digifaw" borderVisible="true" widthInChars="4" fontWeight="normal" contentBackgroundAlpha="0" text="386.20"/>
    <LABEL param="" x="441" color="3407616" textAlign="right" fontSize="12" contentBackgroundColor="000000" rotation="0" deviceID="" borderColor="999999" sizeAuto="false" y="351" fontFamily="digifaw" borderVisible="true" widthInChars="4" fontWeight="normal" contentBackgroundAlpha="0" text="389.70"/>
    <LABEL param="" x="440" color="3407616" textAlign="right" fontSize="12" contentBackgroundColor="000000" rotation="0" deviceID="" borderColor="999999" sizeAuto="false" y="388" fontFamily="digifaw" borderVisible="true" widthInChars="4" fontWeight="normal" contentBackgroundAlpha="0" text="0"/>
    <LABEL param="" x="441" color="3407616" textAlign="right" fontSize="12" contentBackgroundColor="000000" rotation="0" deviceID="" borderColor="999999" sizeAuto="false" y="428" fontFamily="digifaw" borderVisible="true" widthInChars="4" fontWeight="normal" contentBackgroundAlpha="0" text="0"/>
    <LABEL param="" x="441" color="3407616" textAlign="right" fontSize="12" contentBackgroundColor="000000" rotation="0" deviceID="" borderColor="999999" sizeAuto="false" y="466" fontFamily="digifaw" borderVisible="true" widthInChars="4" fontWeight="normal" contentBackgroundAlpha="0" text="0"/>
    <LABEL param="" x="441" color="3407616" textAlign="right" fontSize="12" contentBackgroundColor="000000" rotation="0" deviceID="" borderColor="999999" sizeAuto="false" y="496" fontFamily="digifaw" borderVisible="true" widthInChars="4" fontWeight="normal" contentBackgroundAlpha="0" text="30.20"/>
  </Components>
</Configration>