<?xml version="1.0" encoding="utf-8"?>
<Configration Width="1130" Height="606">
  <LIST>
    <Component>
      <IA/>
      <HFZBTN/>
    </Component>
    <Image>
      <BPD2 source="mapAssets/mapImages/BPD/BPD2.png" group="map"/>
    </Image>
  </LIST>
  <Components>
    <BPD2 x="46" y="4" scaleX="0.7" height="714" scaleY="0.5" width="1548"/>
    <IA popType="list" x="390" width="120" height="100" isPop="true" y="340" deviceID="3509" mark="DB" deviceName="1#开闭所-1步行街-2"/>
    <IA popType="list" x="90" width="120" height="100" isPop="true" y="340" deviceID="3501" mark="DB" deviceName="1#开闭所-1号进线"/>
    <IA popType="list" x="540" width="120" height="100" isPop="true" y="340" deviceID="3510" mark="DB" deviceName="1#开闭所-大商业中心配-2"/>
    <IA popType="list" x="690" width="120" height="100" isPop="true" y="340" deviceID="3511" mark="DB" deviceName="1#开闭所-住宅1中心配-2"/>
    <IA popType="list" x="990" width="120" height="100" isPop="true" y="340" deviceID="3512" mark="DB" deviceName="1#开闭所-2号电源进线"/>
    <TEXT fontWeight="normal" borderColor="0xffffff" text="母联" contentBackgroundAlpha="0" textAlign="center" sizeAuto="true" fontSize="16" x="127" color="0" widthInChars="4" width="36" borderVisible="false" height="21" fontFamily="微软雅黑" deviceID="" y="310" param=""/>
    <TEXT fontWeight="normal" borderColor="0xffffff" text="1步行街-2" contentBackgroundAlpha="0" textAlign="center" sizeAuto="true" fontSize="16" x="413" color="0" widthInChars="4" width="74" borderVisible="false" height="21" fontFamily="微软雅黑" deviceID="" y="310" param=""/>
    <TEXT fontWeight="normal" borderColor="0xffffff" text="大商业中心配-2" contentBackgroundAlpha="0" textAlign="center" sizeAuto="true" fontSize="16" x="540" color="0" widthInChars="4" width="117" borderVisible="false" height="21" fontFamily="微软雅黑" deviceID="" y="310" param=""/>
    <TEXT fontWeight="normal" borderColor="0xffffff" text="住宅1中心配-2" contentBackgroundAlpha="0" textAlign="center" sizeAuto="true" fontSize="16" x="695" color="0" widthInChars="4" width="108" borderVisible="false" height="21" fontFamily="微软雅黑" deviceID="" y="310" param=""/>
    <TEXT fontWeight="normal" borderColor="0xffffff" text="2#PT柜" contentBackgroundAlpha="0" textAlign="center" sizeAuto="true" fontSize="16" x="866" color="0" widthInChars="4" width="54" borderVisible="false" height="21" fontFamily="微软雅黑" deviceID="" y="310" param=""/>
    <TEXT fontWeight="normal" borderColor="0xffffff" text="2号电源进线" contentBackgroundAlpha="0" textAlign="center" sizeAuto="true" fontSize="16" x="1003" color="0" widthInChars="4" width="95" borderVisible="false" height="21" fontFamily="微软雅黑" deviceID="" y="310" param=""/>
    <LABEL fontWeight="normal" color="3407616" widthInChars="4" sizeAuto="false" contentBackgroundColor="000000" deviceID="3507" mark="DB" deviceName="1#开闭所-母联" param="Ia_2" contentBackgroundAlpha="0" paramID="346" borderVisible="true" borderColor="999999" text="0101" textAlign="center" rotation="0" fontSize="12" x="120" y="348" fontFamily="digifaw"/>
    <LABEL fontWeight="normal" color="3407616" widthInChars="4" sizeAuto="false" contentBackgroundColor="000000" deviceID="3507" mark="DB" deviceName="1#开闭所-母联" param="Ib_2" contentBackgroundAlpha="0" paramID="347" borderVisible="true" borderColor="999999" text="0101" textAlign="center" rotation="0" fontSize="12" x="120" y="378" fontFamily="digifaw"/>
    <LABEL fontWeight="normal" color="3407616" widthInChars="4" sizeAuto="false" contentBackgroundColor="000000" deviceID="3507" mark="DB" deviceName="1#开闭所-母联" param="Ic_2" contentBackgroundAlpha="0" paramID="348" borderVisible="true" borderColor="999999" text="0101" textAlign="center" rotation="0" fontSize="12" x="120" y="408" fontFamily="digifaw"/>
    <LABEL fontWeight="normal" color="3407616" widthInChars="4" sizeAuto="false" contentBackgroundColor="000000" deviceID="3509" mark="DB" deviceName="1#开闭所-1步行街-2" param="Ia_2" contentBackgroundAlpha="0" paramID="346" borderVisible="true" borderColor="999999" text="0101" textAlign="center" rotation="0" fontSize="12" x="420" y="348" fontFamily="digifaw"/>
    <LABEL fontWeight="normal" color="3407616" widthInChars="4" sizeAuto="false" contentBackgroundColor="000000" deviceID="3509" mark="DB" deviceName="1#开闭所-1步行街-2" param="Ib_2" contentBackgroundAlpha="0" paramID="347" borderVisible="true" borderColor="999999" text="0101" textAlign="center" rotation="0" fontSize="12" x="420" y="378" fontFamily="digifaw"/>
    <LABEL fontWeight="normal" color="3407616" widthInChars="4" sizeAuto="false" contentBackgroundColor="000000" deviceID="3509" mark="DB" deviceName="1#开闭所-1步行街-2" param="Ic_2" contentBackgroundAlpha="0" paramID="348" borderVisible="true" borderColor="999999" text="0101" textAlign="center" rotation="0" fontSize="12" x="420" y="408" fontFamily="digifaw"/>
    <LABEL fontWeight="normal" color="3407616" widthInChars="4" sizeAuto="false" contentBackgroundColor="000000" deviceID="3510" mark="DB" deviceName="1#开闭所-大商业中心配-2" param="Ia_2" contentBackgroundAlpha="0" paramID="346" borderVisible="true" borderColor="999999" text="0101" textAlign="center" rotation="0" fontSize="12" x="570" y="348" fontFamily="digifaw"/>
    <LABEL fontWeight="normal" color="3407616" widthInChars="4" sizeAuto="false" contentBackgroundColor="000000" deviceID="3510" mark="DB" deviceName="1#开闭所-大商业中心配-2" param="Ib_2" contentBackgroundAlpha="0" paramID="347" borderVisible="true" borderColor="999999" text="0101" textAlign="center" rotation="0" fontSize="12" x="570" y="378" fontFamily="digifaw"/>
    <LABEL fontWeight="normal" color="3407616" widthInChars="4" sizeAuto="false" contentBackgroundColor="000000" deviceID="3510" mark="DB" deviceName="1#开闭所-大商业中心配-2" param="Ic_2" contentBackgroundAlpha="0" paramID="348" borderVisible="true" borderColor="999999" text="0101" textAlign="center" rotation="0" fontSize="12" x="570" y="408" fontFamily="digifaw"/>
    <LABEL fontWeight="normal" color="3407616" widthInChars="4" sizeAuto="false" contentBackgroundColor="000000" deviceID="3511" mark="DB" deviceName="1#开闭所-住宅1中心配-2" param="Ia_2" contentBackgroundAlpha="0" paramID="346" borderVisible="true" borderColor="999999" text="0101" textAlign="center" rotation="0" fontSize="12" x="720" y="348" fontFamily="digifaw"/>
    <LABEL fontWeight="normal" color="3407616" widthInChars="4" sizeAuto="false" contentBackgroundColor="000000" deviceID="3511" mark="DB" deviceName="1#开闭所-住宅1中心配-2" param="Ib_2" contentBackgroundAlpha="0" paramID="347" borderVisible="true" borderColor="999999" text="0101" textAlign="center" rotation="0" fontSize="12" x="720" y="378" fontFamily="digifaw"/>
    <LABEL fontWeight="normal" color="3407616" widthInChars="4" sizeAuto="false" contentBackgroundColor="000000" deviceID="3511" mark="DB" deviceName="1#开闭所-住宅1中心配-2" param="Ic_2" contentBackgroundAlpha="0" paramID="348" borderVisible="true" borderColor="999999" text="0101" textAlign="center" rotation="0" fontSize="12" x="720" y="408" fontFamily="digifaw"/>
    <LABEL fontWeight="normal" color="3407616" widthInChars="4" sizeAuto="false" contentBackgroundColor="000000" deviceID="3512" mark="DB" deviceName="1#开闭所-2号电源进线" param="Ia_2" contentBackgroundAlpha="0" paramID="346" borderVisible="true" borderColor="999999" text="0101" textAlign="center" rotation="0" fontSize="12" x="1020" y="348" fontFamily="digifaw"/>
    <LABEL fontWeight="normal" color="3407616" widthInChars="4" sizeAuto="false" contentBackgroundColor="000000" deviceID="3512" mark="DB" deviceName="1#开闭所-2号电源进线" param="Ib_2" contentBackgroundAlpha="0" paramID="347" borderVisible="true" borderColor="999999" text="0101" textAlign="center" rotation="0" fontSize="12" x="1020" y="378" fontFamily="digifaw"/>
    <LABEL fontWeight="normal" color="3407616" widthInChars="4" sizeAuto="false" contentBackgroundColor="000000" deviceID="3512" mark="DB" deviceName="1#开闭所-2号电源进线" param="Ic_2" contentBackgroundAlpha="0" paramID="348" borderVisible="true" borderColor="999999" text="0101" textAlign="center" rotation="0" fontSize="12" x="1020" y="408" fontFamily="digifaw"/>
    <HFZBTN paramID="245" x="150" width="58" height="25" alarm="HFZBTN" y="455" deviceID="3507" mark="DB" deviceName="1#开闭所-母联" param="hzstatus"/>
    <TEXT fontWeight="normal" borderColor="0xffffff" text="合闸位置" contentBackgroundAlpha="0" textAlign="center" sizeAuto="true" fontSize="14" x="85" color="0" widthInChars="4" width="62" borderVisible="false" height="19" fontFamily="微软雅黑" deviceID="" y="455" param=""/>
    <TEXT fontWeight="normal" borderColor="0xffffff" text="合闸位置" contentBackgroundAlpha="0" textAlign="center" sizeAuto="true" fontSize="14" x="385" color="0" widthInChars="4" width="62" borderVisible="false" height="19" fontFamily="微软雅黑" deviceID="" y="455" param=""/>
    <HFZBTN paramID="245" x="450" width="58" height="25" alarm="HFZBTN" y="455" deviceID="3509" mark="DB" deviceName="1#开闭所-1步行街-2" param="hzstatus"/>
    <TEXT fontWeight="normal" borderColor="0xffffff" text="合闸位置" contentBackgroundAlpha="0" textAlign="center" sizeAuto="true" fontSize="14" x="535" color="0" widthInChars="4" width="62" borderVisible="false" height="19" fontFamily="微软雅黑" deviceID="" y="455" param=""/>
    <HFZBTN paramID="245" x="600" width="58" height="25" alarm="HFZBTN" y="455" deviceID="3510" mark="DB" deviceName="1#开闭所-大商业中心配-2" param="hzstatus"/>
    <TEXT fontWeight="normal" borderColor="0xffffff" text="合闸位置" contentBackgroundAlpha="0" textAlign="center" sizeAuto="true" fontSize="14" x="685" color="0" widthInChars="4" width="62" borderVisible="false" height="19" fontFamily="微软雅黑" deviceID="" y="455" param=""/>
    <HFZBTN paramID="245" x="750" width="58" height="25" alarm="HFZBTN" y="455" deviceID="3511" mark="DB" deviceName="1#开闭所-住宅1中心配-2" param="hzstatus"/>
    <TEXT fontWeight="normal" borderColor="0xffffff" text="合闸位置" contentBackgroundAlpha="0" textAlign="center" sizeAuto="true" fontSize="14" x="985" color="0" widthInChars="4" width="62" borderVisible="false" height="19" fontFamily="微软雅黑" deviceID="" y="455" param=""/>
    <HFZBTN paramID="245" x="1050" width="58" height="25" alarm="HFZBTN" y="455" deviceID="3512" mark="DB" deviceName="1#开闭所-2号电源进线" param="hzstatus"/>
    <IA popType="list" x="240" width="120" height="100" isPop="true" y="340" deviceID="3508" mark="DB" deviceName="1#开闭所-七层写字楼-2"/>
    <TEXT fontWeight="normal" borderColor="0xffffff" text="七层写字楼-2" contentBackgroundAlpha="0" textAlign="center" sizeAuto="true" fontSize="16" x="250" color="0" widthInChars="4" width="100" borderVisible="false" height="21" fontFamily="微软雅黑" deviceID="" y="310" param=""/>
    <LABEL fontWeight="normal" color="3407616" widthInChars="4" sizeAuto="false" contentBackgroundColor="000000" deviceID="3508" mark="DB" deviceName="1#开闭所-七层写字楼-2" param="Ia_2" contentBackgroundAlpha="0" paramID="346" borderVisible="true" borderColor="999999" text="0101" textAlign="center" rotation="0" fontSize="12" x="270" y="348" fontFamily="digifaw"/>
    <LABEL fontWeight="normal" color="3407616" widthInChars="4" sizeAuto="false" contentBackgroundColor="000000" deviceID="3508" mark="DB" deviceName="1#开闭所-七层写字楼-2" param="Ib_2" contentBackgroundAlpha="0" paramID="347" borderVisible="true" borderColor="999999" text="0101" textAlign="center" rotation="0" fontSize="12" x="270" y="378" fontFamily="digifaw"/>
    <LABEL fontWeight="normal" color="3407616" widthInChars="4" sizeAuto="false" contentBackgroundColor="000000" deviceID="3508" mark="DB" deviceName="1#开闭所-七层写字楼-2" param="Ic_2" contentBackgroundAlpha="0" paramID="348" borderVisible="true" borderColor="999999" text="0101" textAlign="center" rotation="0" fontSize="12" x="270" y="408" fontFamily="digifaw"/>
    <TEXT fontWeight="normal" borderColor="0xffffff" text="合闸位置" contentBackgroundAlpha="0" textAlign="center" sizeAuto="true" fontSize="14" x="235" color="0" widthInChars="4" width="62" borderVisible="false" height="19" fontFamily="微软雅黑" deviceID="" y="455" param=""/>
    <HFZBTN paramID="245" x="300" width="58" height="25" alarm="HFZBTN" y="455" deviceID="3508" mark="DB" deviceName="1#开闭所-七层写字楼-2" param="hzstatus"/>
  </Components>
</Configration>