<?xml version="1.0" encoding="utf-8"?>
<Configration Width="1434" Height="714">
  <LIST>
    <Component>
      <TEMPCQ/>
    </Component>
    <Image>
      <F2NODE source="mapAssets/mapImages/F2Node.png" group="map"/>
    </Image>
  </LIST>
  <Components>
    <F2NODE x="0" y="0" width="1434" height="714"/>
    <TEMPCQ x="575.2500000000001" param="" alarm="TEMPCQ" scaleY="1.5" popType="chart" scaleX="1.5" isPop="true" y="428.34999999999997" deviceID="" width="12" height="32"/>
    <LABEL fontFamily="微软雅黑" x="599" y="455" sizeAuto="true" param="eTemp" color="3407616" contentBackgroundColor="000000" borderColor="999999" deviceID="12214" mark="NHHJ" deviceName="大白鲸内" fontSize="14" text="0101" fontWeight="normal" paramID="4" rotation="0" contentBackgroundAlpha="0" borderVisible="true" textAlign="right" widthInChars="4" width="38" height="21"/>
    <TEXT fontFamily="微软雅黑" x="592" y="431" sizeAuto="true" param="" color="0" contentBackgroundColor="16777215" fontSize="14" deviceID="" borderColor="0xffffff" text="10_大白鲸内" fontWeight="normal" contentBackgroundAlpha="0" borderVisible="false" textAlign="center" widthInChars="4" width="82" height="21"/>
    <TEMPCQ x="453.2" param="" alarm="TEMPCQ" scaleY="1.5" popType="chart" scaleX="1.5" isPop="true" y="488.1" deviceID="" width="12" height="32"/>
    <TEXT fontFamily="微软雅黑" x="473" y="490" sizeAuto="true" param="" color="0" contentBackgroundColor="16777215" fontSize="14" deviceID="" borderColor="0xffffff" text="11_大玩家内" fontWeight="normal" contentBackgroundAlpha="0" borderVisible="false" textAlign="center" widthInChars="4" width="82" height="21"/>
    <LABEL fontFamily="微软雅黑" x="479" y="514" sizeAuto="true" param="eTemp" color="3407616" contentBackgroundColor="000000" borderColor="999999" deviceID="12215" mark="NHHJ" deviceName="大玩家内" fontSize="14" text="0101" fontWeight="normal" paramID="4" rotation="0" contentBackgroundAlpha="0" borderVisible="true" textAlign="right" widthInChars="4" width="38" height="21"/>
    <TEMPCQ x="944.6499999999999" param="" alarm="TEMPCQ" scaleY="1.5" popType="chart" scaleX="1.5" isPop="true" y="358.80000000000007" deviceID="" width="12" height="32"/>
    <TEXT fontFamily="微软雅黑" x="965" y="355" sizeAuto="true" param="" color="0" contentBackgroundColor="16777215" fontSize="14" deviceID="" borderColor="0xffffff" text="23_2F百货内东侧" fontWeight="normal" contentBackgroundAlpha="0" borderVisible="false" textAlign="center" widthInChars="4" width="113" height="21"/>
    <LABEL fontFamily="微软雅黑" x="990.8" y="379.1" sizeAuto="true" param="eTemp" color="3407616" contentBackgroundColor="000000" borderColor="999999" deviceID="12212" mark="NHHJ" deviceName="2F百货内东侧" fontSize="14" text="0101" fontWeight="normal" paramID="4" rotation="0" contentBackgroundAlpha="0" borderVisible="true" textAlign="right" widthInChars="4" width="38" height="21"/>
    <TEMPCQ x="603" param="" alarm="TEMPCQ" scaleY="1.5" popType="chart" scaleX="1.5" isPop="true" y="301" deviceID="" width="12" height="32"/>
    <TEXT fontFamily="微软雅黑" x="623" y="300" sizeAuto="true" param="" color="0" contentBackgroundColor="16777215" fontSize="14" deviceID="" borderColor="0xffffff" text="24_大白鲸西侧" fontWeight="normal" contentBackgroundAlpha="0" borderVisible="false" textAlign="center" widthInChars="4" width="96" height="21"/>
    <LABEL fontFamily="微软雅黑" x="630" y="325" sizeAuto="true" param="eTemp" color="3407616" contentBackgroundColor="000000" borderColor="999999" deviceID="12213" mark="NHHJ" deviceName="2F百货内西侧" fontSize="14" text="0101" fontWeight="normal" paramID="4" rotation="0" contentBackgroundAlpha="0" borderVisible="true" textAlign="right" widthInChars="4" width="38" height="21"/>
  </Components>
</Configration>