<?xml version="1.0" encoding="utf-8"?>
<Configration Width="1434" Height="714">
  <LIST>
    <Component>
      <LUXCQ/>
      <TEMPCQ/>
    </Component>
    <Image>
      <F2NODE source="mapAssets/mapImages/F2Node.png" group="map"/>
      <LCF2 source="assets/comp/LCF2.png"/>
    </Image>
  </LIST>
  <Components>
    <F2NODE height="714" y="0" width="1434" group="map" source="mapAssets/mapImages/F2Node.png" x="0"/>
    <LUXCQ deviceID="" group="commonComp" width="16" x="700" height="16" y="282" source="assets/comp/LUXCQ/bg.png"/>
    <LABEL deviceName="2层5#照度" deviceID="3050020" mark="HJJKZDD" fontWeight="normal" borderColor="999999" rotation="0" widthInChars="4" contentBackgroundAlpha="1" fontSize="12" borderVisible="true" param="zhaodu" text="0101" sizeAuto="false" group="commonComp" source="assets/comp/TEXTINPUT/text.png" x="683" y="254" contentBackgroundColor="000000" textAlign="right" color="3407616" paramID="119" fontFamily="digifaw"/>
    <TEXT param="" deviceID="" text="Lux" sizeAuto="true" borderColor="0xffffff" group="commonComp" width="33" source="assets/comp/TEXTINPUT/label.png" textAlign="center" height="22" y="255" widthInChars="4" x="740" color="255" fontWeight="normal" contentBackgroundAlpha="0" fontSize="18" fontFamily="微软雅黑" borderVisible="false"/>
    <LCF2 height="92" y="10" width="110" group="bg" source="assets/comp/LCF2.png" x="10"/>
    <TEMPCQ param="inTemp1" deviceID="1410009" mark="BAEN" alarm="TEMPCQ" group="commonComp" paramID="73" width="12" x="958" height="32" y="324" source="assets/comp/TEMPCQ/bg.png" deviceName="2层2#温度"/>
    <LABEL deviceName="2层2#温度" deviceID="1410009" mark="BAEN" fontWeight="normal" borderColor="999999" rotation="0" widthInChars="4" contentBackgroundAlpha="1" fontSize="12" borderVisible="true" param="inTemp1" text="0101" sizeAuto="false" group="commonComp" source="assets/comp/TEXTINPUT/text.png" x="936" y="361" contentBackgroundColor="000000" textAlign="right" color="3407616" paramID="73" fontFamily="digifaw"/>
    <TEXT param="" deviceID="" text="°C" sizeAuto="true" borderColor="0xffffff" group="commonComp" width="22" source="assets/comp/TEXTINPUT/label.png" textAlign="center" height="22" y="361" widthInChars="4" x="993" color="255" fontWeight="normal" contentBackgroundAlpha="0" fontSize="18" fontFamily="微软雅黑" borderVisible="false"/>
    <TEXT param="" deviceID="" text="正常光照强度范围" sizeAuto="true" borderColor="0xffffff" group="commonComp" width="154" source="assets/comp/TEXTINPUT/label.png" textAlign="center" height="22" y="65" widthInChars="4" x="441" color="255" fontWeight="normal" contentBackgroundAlpha="0" fontSize="18" fontFamily="微软雅黑" borderVisible="false"/>
    <TEXT param="" deviceID="" text="正常温度范围" sizeAuto="true" borderColor="0xffffff" group="commonComp" width="116" source="assets/comp/TEXTINPUT/label.png" textAlign="center" height="22" y="103" widthInChars="4" x="473" color="255" fontWeight="normal" contentBackgroundAlpha="0" fontSize="18" fontFamily="微软雅黑" borderVisible="false"/>
    <TEXT param="" deviceID="" text=" 50~300LUX   " sizeAuto="true" borderColor="0xffffff" group="commonComp" width="113" source="assets/comp/TEXTINPUT/label.png" textAlign="left" height="22" y="66" widthInChars="4" x="617" color="255" fontWeight="normal" contentBackgroundAlpha="0" fontSize="18" fontFamily="微软雅黑" borderVisible="false"/>
    <TEXT param="" deviceID="" text=" 20~30°C    " sizeAuto="true" borderColor="0xffffff" group="commonComp" width="92" source="assets/comp/TEXTINPUT/label.png" textAlign="left" height="22" y="104" widthInChars="4" x="617" color="255" fontWeight="normal" contentBackgroundAlpha="0" fontSize="18" fontFamily="微软雅黑" borderVisible="false"/>
  </Components>
</Configration>