<?xml version="1.0" encoding="utf-8"?>
<Configration Width="1104" Height="591">
  <LIST>
    <Component>
      <ALARM/>
      <ALARMBPD/>
      <HANDTZ/>
    </Component>
    <Image>
      <JXKh source="assets/comp/jxkh.png"/>
      <GONGFANGLINE source="assets/comp/gongfangline.png"/>
    </Image>
  </LIST>
  <Components>
    <JXKh x="240" y="38" height="491" width="576"/>
    <LABEL fontFamily="digifaw" x="443" y="57" scaleX="1" scaleY="1" color="65280" contentBackgroundColor="000000" widthInChars="3" sizeAuto="false" text="1" fontWeight="normal" deviceID="3534" mark="DB" fontSize="14" rotation="0" param="hmdy" contentBackgroundAlpha="0" borderVisible="true" textAlign="center" paramID="234" deviceName="2#开闭所-直流屏" width="50" borderColor="999999" height="23"/>
    <TEXT fontFamily="微软雅黑" x="272" y="57" scaleX="1" scaleY="1" color="255" borderColor="0xffffff" widthInChars="7" sizeAuto="true" text="合母电压值(Kv)" fontWeight="normal" deviceID="" fontSize="16" rotation="0" param="" contentBackgroundAlpha="0" borderVisible="false" textAlign="center" width="114" height="24"/>
    <ALARM x="826" y="48" deviceID="" rotation="0" param="" scaleX="0" scaleY="0" alarm="ALARM" width="58" height="25"/>
    <TEXT fontFamily="微软雅黑" x="269" y="202" scaleX="1" scaleY="1" color="255" borderColor="0xffffff" widthInChars="7" sizeAuto="true" text="控母电压值(Kv)" fontWeight="normal" deviceID="" fontSize="16" rotation="0" param="" contentBackgroundAlpha="0" borderVisible="false" textAlign="center" width="114" height="24"/>
    <LABEL fontFamily="digifaw" x="444" y="204" scaleX="1" scaleY="1" color="65280" contentBackgroundColor="000000" widthInChars="3" sizeAuto="false" text="1" fontWeight="normal" deviceID="3534" mark="DB" fontSize="14" rotation="0" param="kmdy" contentBackgroundAlpha="0" borderVisible="true" textAlign="center" paramID="235" deviceName="2#开闭所-直流屏" width="50" borderColor="999999" height="23"/>
    <LABEL fontFamily="digifaw" x="443" y="426" scaleX="1" scaleY="1" color="65280" contentBackgroundColor="000000" widthInChars="3" sizeAuto="false" text="1" fontWeight="normal" deviceID="3534" mark="DB" fontSize="14" rotation="0" param="dcdy" contentBackgroundAlpha="0" borderVisible="true" textAlign="center" paramID="236" deviceName="2#开闭所-直流屏" width="50" borderColor="999999" height="23"/>
    <TEXT fontFamily="微软雅黑" x="270" y="425" scaleX="1" scaleY="1" color="255" borderColor="0xffffff" widthInChars="7" sizeAuto="true" text="电池电压值(Kv)" fontWeight="normal" deviceID="" fontSize="16" rotation="0" param="" contentBackgroundAlpha="0" borderVisible="false" textAlign="center" width="114" height="24"/>
    <TEXT fontFamily="微软雅黑" x="271" y="388" scaleX="1" scaleY="1" color="255" borderColor="0xffffff" widthInChars="7" sizeAuto="true" text="控母电流值(A)" fontWeight="normal" deviceID="" fontSize="16" rotation="0" param="" contentBackgroundAlpha="0" borderVisible="false" textAlign="center" width="106" height="24"/>
    <TEXT fontFamily="微软雅黑" x="388" y="12" scaleX="1" scaleY="1" color="255" borderColor="0xffffff" widthInChars="14" sizeAuto="false" text="2#  开  闭  所  直  流  屏" fontWeight="normal" deviceID="" fontSize="20" rotation="0" param="" contentBackgroundAlpha="0" borderVisible="false" textAlign="center" width="279" height="25"/>
    <LABEL fontFamily="digifaw" x="442" y="463" scaleX="1" scaleY="1" color="65280" contentBackgroundColor="000000" widthInChars="3" sizeAuto="false" text="1" fontWeight="normal" deviceID="3534" mark="DB" fontSize="14" rotation="0" param="dcdl" contentBackgroundAlpha="0" borderVisible="true" textAlign="center" paramID="237" deviceName="2#开闭所-直流屏" width="50" borderColor="999999" height="23"/>
    <LABEL fontFamily="digifaw" x="443" y="390" scaleX="1" scaleY="1" color="65280" contentBackgroundColor="000000" widthInChars="3" sizeAuto="false" text="1" fontWeight="normal" deviceID="3534" mark="DB" fontSize="14" rotation="0" param="kmdl" contentBackgroundAlpha="0" borderVisible="true" textAlign="center" paramID="238" deviceName="2#开闭所-直流屏" width="50" borderColor="999999" height="23"/>
    <TEXT fontFamily="微软雅黑" x="269" y="463" scaleX="1" scaleY="1" color="255" borderColor="0xffffff" widthInChars="7" sizeAuto="true" text="电池电流值(A)" fontWeight="normal" deviceID="" fontSize="16" rotation="0" param="" contentBackgroundAlpha="0" borderVisible="false" textAlign="center" width="106" height="24"/>
    <TEXT fontFamily="微软雅黑" x="268" y="97" scaleX="1" scaleY="1" color="255" borderColor="0xffffff" widthInChars="9" sizeAuto="true" text="交流一路AB电压(Kv)" fontWeight="normal" deviceID="" fontSize="16" rotation="0" param="" contentBackgroundAlpha="0" borderVisible="false" textAlign="center" width="153" height="24"/>
    <LABEL fontFamily="digifaw" x="445" y="95" scaleX="1" scaleY="1" color="65280" contentBackgroundColor="000000" widthInChars="3" sizeAuto="false" text="1" fontWeight="normal" deviceID="3534" mark="DB" fontSize="14" rotation="0" param="acab1" contentBackgroundAlpha="0" borderVisible="true" textAlign="center" paramID="239" deviceName="2#开闭所-直流屏" width="50" borderColor="999999" height="23"/>
    <TEXT fontFamily="微软雅黑" x="271" y="315" scaleX="1" scaleY="1" color="255" borderColor="0xffffff" widthInChars="9" sizeAuto="true" text="交流一路CA电压(Kv)" fontWeight="normal" deviceID="" fontSize="16" rotation="0" param="" contentBackgroundAlpha="0" borderVisible="false" textAlign="center" width="153" height="24"/>
    <LABEL fontFamily="digifaw" x="443" y="238" scaleX="1" scaleY="1" color="65280" contentBackgroundColor="000000" widthInChars="3" sizeAuto="false" text="1" fontWeight="normal" deviceID="3534" mark="DB" fontSize="14" rotation="0" param="acbc1" contentBackgroundAlpha="0" borderVisible="true" textAlign="center" paramID="240" deviceName="2#开闭所-直流屏" width="50" borderColor="999999" height="23"/>
    <LABEL fontFamily="digifaw" x="443" y="315" scaleX="1" scaleY="1" color="65280" contentBackgroundColor="000000" widthInChars="3" sizeAuto="false" text="1" fontWeight="normal" deviceID="3534" mark="DB" fontSize="14" rotation="0" param="acca1" contentBackgroundAlpha="0" borderVisible="true" textAlign="center" paramID="241" deviceName="2#开闭所-直流屏" width="50" borderColor="999999" height="23"/>
    <TEXT fontFamily="微软雅黑" x="268" y="237" scaleX="1" scaleY="1" color="255" borderColor="0xffffff" widthInChars="9" sizeAuto="true" text="交流一路BC电压(Kv)" fontWeight="normal" deviceID="" fontSize="16" rotation="0" param="" contentBackgroundAlpha="0" borderVisible="false" textAlign="center" width="152" height="24"/>
    <TEXT fontFamily="微软雅黑" x="269" y="137" scaleX="1" scaleY="1" color="255" borderColor="0xffffff" widthInChars="9" sizeAuto="true" text="交流二路AB电压(Kv)" fontWeight="normal" deviceID="" fontSize="16" rotation="0" param="" contentBackgroundAlpha="0" borderVisible="false" textAlign="center" width="153" height="24"/>
    <LABEL fontFamily="digifaw" x="445" y="137" scaleX="1" scaleY="1" color="65280" contentBackgroundColor="000000" widthInChars="3" sizeAuto="false" text="1" fontWeight="normal" deviceID="3534" mark="DB" fontSize="14" rotation="0" param="acab2" contentBackgroundAlpha="0" borderVisible="true" textAlign="center" paramID="242" deviceName="2#开闭所-直流屏" width="50" borderColor="999999" height="23"/>
    <TEXT fontFamily="微软雅黑" x="269" y="277" scaleX="1" scaleY="1" color="255" borderColor="0xffffff" widthInChars="9" sizeAuto="true" text="交流二路BC电压(Kv)" fontWeight="normal" deviceID="" fontSize="16" rotation="0" param="" contentBackgroundAlpha="0" borderVisible="false" textAlign="center" width="152" height="24"/>
    <LABEL fontFamily="digifaw" x="443" y="276" scaleX="1" scaleY="1" color="65280" contentBackgroundColor="000000" widthInChars="3" sizeAuto="false" text="1" fontWeight="normal" deviceID="3534" mark="DB" fontSize="14" rotation="0" param="acbc2" contentBackgroundAlpha="0" borderVisible="true" textAlign="center" paramID="243" deviceName="2#开闭所-直流屏" width="50" borderColor="999999" height="23"/>
    <TEXT fontFamily="微软雅黑" x="269" y="351" scaleX="1" scaleY="1" color="255" borderColor="0xffffff" widthInChars="9" sizeAuto="true" text="交流二路CA电压(Kv)" fontWeight="normal" deviceID="" fontSize="16" rotation="0" param="" contentBackgroundAlpha="0" borderVisible="false" textAlign="center" width="153" height="24"/>
    <LABEL fontFamily="digifaw" x="443" y="352" scaleX="1" scaleY="1" color="65280" contentBackgroundColor="000000" widthInChars="3" sizeAuto="false" text="1" fontWeight="normal" deviceID="3534" mark="DB" fontSize="14" rotation="0" param="acca2" contentBackgroundAlpha="0" borderVisible="true" textAlign="center" paramID="244" deviceName="2#开闭所-直流屏" width="50" borderColor="999999" height="23"/>
    <TEXT fontFamily="微软雅黑" x="540" y="314" scaleX="1" scaleY="1" color="255" borderColor="16777215" widthInChars="6" sizeAuto="true" text="1路掉电告警" fontWeight="normal" deviceID="" fontSize="16" rotation="0" param="" contentBackgroundAlpha="0" borderVisible="false" textAlign="center" width="92" height="24"/>
    <TEXT fontFamily="微软雅黑" x="541" y="95" scaleX="1" scaleY="1" color="255" borderColor="0xffffff" widthInChars="6" sizeAuto="true" text="1路欠压告警" fontWeight="normal" deviceID="" fontSize="16" rotation="0" param="" contentBackgroundAlpha="0" borderVisible="false" textAlign="center" width="92" height="24"/>
    <ALARMBPD x="670" y="318.1" deviceID="3534" deviceName="2#开闭所-直流屏" param="acaBrownout" scaleX="1.5" scaleY="1.5" alarm="ALARMBPD" rotation="0" paramID="218" mark="DB" width="12" height="12"/>
    <ALARMBPD x="671" y="204.39999999999995" deviceID="3534" deviceName="2#开闭所-直流屏" param="acaOvervoltage" scaleX="1.5" scaleY="1.5" alarm="ALARMBPD" rotation="0" paramID="220" mark="DB" width="12" height="12"/>
    <TEXT fontFamily="微软雅黑" x="540" y="200" scaleX="1" scaleY="1" color="255" borderColor="0xffffff" widthInChars="6" sizeAuto="true" text="1路过压告警" fontWeight="normal" deviceID="" fontSize="16" rotation="0" param="" contentBackgroundAlpha="0" borderVisible="false" textAlign="center" width="92" height="24"/>
    <TEXT fontFamily="微软雅黑" x="541" y="352" scaleX="1" scaleY="1" color="255" borderColor="0xffffff" widthInChars="6" sizeAuto="true" text="2路掉电告警" fontWeight="normal" deviceID="" fontSize="16" rotation="0" param="" contentBackgroundAlpha="0" borderVisible="false" textAlign="center" width="92" height="24"/>
    <ALARMBPD x="671" y="354" deviceID="3534" deviceName="2#开闭所-直流屏" param="acbBrownout" scaleX="1.5" scaleY="1.5" alarm="ALARMBPD" rotation="0" paramID="222" mark="DB" width="12" height="12"/>
    <TEXT fontFamily="微软雅黑" x="541" y="132" scaleX="1" scaleY="1" color="255" borderColor="0xffffff" widthInChars="6" sizeAuto="true" text="2路欠压告警" fontWeight="normal" deviceID="" fontSize="16" rotation="0" param="" contentBackgroundAlpha="0" borderVisible="false" textAlign="center" width="92" height="24"/>
    <ALARMBPD x="670" y="134" deviceID="3534" deviceName="2#开闭所-直流屏" param="acbUndervoltage" scaleX="1.5" scaleY="1.5" alarm="ALARMBPD" rotation="0" paramID="223" mark="DB" width="12" height="12"/>
    <TEXT fontFamily="微软雅黑" x="540" y="237" scaleX="1" scaleY="1" color="255" borderColor="0xffffff" widthInChars="6" sizeAuto="true" text="2路过压告警" fontWeight="normal" deviceID="" fontSize="16" rotation="0" param="" contentBackgroundAlpha="0" borderVisible="false" textAlign="center" width="92" height="24"/>
    <ALARMBPD x="670.4499999999999" y="239.64999999999998" deviceID="3534" deviceName="2#开闭所-直流屏" param="acbOvervoltage" scaleX="1.5" scaleY="1.5" alarm="ALARMBPD" rotation="0" paramID="224" mark="DB" width="12" height="12"/>
    <ALARMBPD x="670.05" y="278.6" deviceID="3534" deviceName="2#开闭所-直流屏" param="flStatus" scaleX="1.5" scaleY="1.5" alarm="ALARMBPD" rotation="0" paramID="212" mark="DB" width="12" height="12"/>
    <TEXT fontFamily="微软雅黑" x="540" y="275" scaleX="1" scaleY="1" color="255" borderColor="0xffffff" widthInChars="6" sizeAuto="true" text="防雷故障告警" fontWeight="normal" deviceID="" fontSize="16" rotation="0" param="" contentBackgroundAlpha="0" borderVisible="false" textAlign="center" width="98" height="24"/>
    <ALARMBPD x="670" y="97" deviceID="3534" deviceName="2#开闭所-直流屏" param="acaUndervoltage" scaleX="1.5" scaleY="1.5" alarm="ALARMBPD" rotation="0" paramID="219" mark="DB" width="12" height="12"/>
    <TEXT fontFamily="微软雅黑" x="272" y="170" scaleX="1" scaleY="1" color="255" borderColor="0xffffff" widthInChars="7" sizeAuto="true" text="交流电流值(A)" fontWeight="normal" deviceID="" fontSize="16" rotation="0" param="" contentBackgroundAlpha="0" borderVisible="false" textAlign="center" width="106" height="24"/>
    <LABEL fontFamily="digifaw" x="444" y="174" scaleX="1" scaleY="1" color="65280" contentBackgroundColor="000000" widthInChars="3" sizeAuto="false" text="1" fontWeight="normal" deviceID="3534" mark="DB" fontSize="14" rotation="0" param="Ia" contentBackgroundAlpha="0" borderVisible="true" textAlign="center" paramID="29" deviceName="2#开闭所-直流屏" width="50" borderColor="999999" height="23"/>
    <TEXT fontFamily="微软雅黑" x="271" y="497" scaleX="1" scaleY="1" color="255" borderColor="0xffffff" widthInChars="7" sizeAuto="true" text="环境温度值(℃)" fontWeight="normal" deviceID="" fontSize="16" rotation="0" param="" contentBackgroundAlpha="0" borderVisible="false" textAlign="center" width="110" height="24"/>
    <LABEL fontFamily="digifaw" x="442" y="499" scaleX="1" scaleY="1" color="65280" contentBackgroundColor="000000" widthInChars="3" sizeAuto="false" text="1" fontWeight="normal" deviceID="3534" mark="DB" fontSize="14" rotation="0" param="inTemp1" contentBackgroundAlpha="0" borderVisible="true" textAlign="center" paramID="73" deviceName="2#开闭所-直流屏" width="50" borderColor="999999" height="23"/>
    <TEXT fontFamily="微软雅黑" x="541" y="58" scaleX="1" scaleY="1" color="255" borderColor="0xffffff" widthInChars="7" sizeAuto="true" text="交流开关跳闸" fontWeight="normal" deviceID="" fontSize="16" rotation="0" param="" contentBackgroundAlpha="0" borderVisible="false" textAlign="center" width="98" height="24"/>
    <HANDTZ x="652" y="57" deviceID="3534" deviceName="2#开闭所-直流屏" param="tzstatus" mark="DB" alarm="HANDTZ" paramID="246" width="58" height="25"/>
    <ALARMBPD x="669" y="169" deviceID="3534" deviceName="2#开闭所-直流屏" param="ptdxstatus" scaleX="1.5" scaleY="1.5" alarm="ALARMBPD" rotation="0" paramID="250" mark="DB" width="12" height="12"/>
    <TEXT fontFamily="微软雅黑" x="541" y="165" scaleX="1" scaleY="1" color="255" borderColor="0xffffff" widthInChars="6" sizeAuto="true" text="通讯状态告警" fontWeight="normal" deviceID="" fontSize="16" rotation="0" param="" contentBackgroundAlpha="0" borderVisible="false" textAlign="center" width="98" height="24"/>
    <GONGFANGLINE x="515" y="38" rotation="90" width="491" height="5"/>
  </Components>
</Configration>