<?xml version="1.0" encoding="utf-8"?>
<Configration Width="1244" Height="606">
  <LIST>
    <Component>
      <IA/>
      <HFZBTN/>
    </Component>
    <Image>
      <BPD3 source="mapAssets/mapImages/BPD/BPD3.png" group="map"/>
    </Image>
  </LIST>
  <Components>
    <BPD3 x="22" y="12" scaleX="0.7" height="714" scaleY="0.5" width="1745"/>
    <IA popType="list" x="340" width="120" height="100" isPop="true" y="340" deviceID="3528" mark="DB" deviceName="2#开闭所-百货中心配-1"/>
    <IA popType="list" x="40" width="120" height="100" isPop="true" y="340" deviceID="3527" mark="DB" deviceName="2#开闭所-1号进线"/>
    <IA popType="list" x="490" width="120" height="100" isPop="true" y="340" deviceID="3529" mark="DB" deviceName="2#开闭所-超市配-1"/>
    <IA popType="list" x="640" width="120" height="100" isPop="true" y="340" deviceID="3530" mark="DB" deviceName="2#开闭所-SOHO配-1"/>
    <IA popType="list" x="1090" width="120" height="100" isPop="true" y="340" deviceID="3533" mark="DB" deviceName="2#开闭所-母联"/>
    <IA popType="list" x="790" width="120" height="100" isPop="true" y="340" deviceID="3531" mark="DB" deviceName="2#开闭所-嘉华酒店-1"/>
    <TEXT fontWeight="normal" borderColor="0xffffff" text="1#电源进线" contentBackgroundAlpha="0" textAlign="center" sizeAuto="true" fontSize="16" x="59" color="0" widthInChars="4" width="86" borderVisible="false" height="21" fontFamily="微软雅黑" deviceID="" y="310" param=""/>
    <TEXT fontWeight="normal" borderColor="0xffffff" text="百货中心配-1" contentBackgroundAlpha="0" textAlign="center" sizeAuto="true" fontSize="16" x="350" color="0" widthInChars="4" width="100" borderVisible="false" height="21" fontFamily="微软雅黑" deviceID="" y="310" param=""/>
    <TEXT fontWeight="normal" borderColor="0xffffff" text="超市配-1" contentBackgroundAlpha="0" textAlign="center" sizeAuto="true" fontSize="16" x="515" color="0" widthInChars="4" width="66" borderVisible="false" height="21" fontFamily="微软雅黑" deviceID="" y="310" param=""/>
    <TEXT fontWeight="normal" borderColor="0xffffff" text="SOHO配-1" contentBackgroundAlpha="0" textAlign="center" sizeAuto="true" fontSize="16" x="662" color="0" widthInChars="4" width="77" borderVisible="false" height="21" fontFamily="微软雅黑" deviceID="" y="310" param=""/>
    <TEXT fontWeight="normal" borderColor="0xffffff" text="嘉华酒店-1" contentBackgroundAlpha="0" textAlign="center" sizeAuto="true" fontSize="16" x="808" color="0" widthInChars="4" width="83" borderVisible="false" height="21" fontFamily="微软雅黑" deviceID="" y="310" param=""/>
    <TEXT fontWeight="normal" borderColor="0xffffff" text="母联" contentBackgroundAlpha="0" textAlign="center" sizeAuto="true" fontSize="16" x="1128" color="0" widthInChars="4" width="36" borderVisible="false" height="21" fontFamily="微软雅黑" deviceID="" y="310" param=""/>
    <LABEL fontWeight="normal" color="3407616" widthInChars="4" sizeAuto="false" contentBackgroundColor="000000" deviceID="3527" mark="DB" deviceName="2#开闭所-1号进线" param="Ia_2" contentBackgroundAlpha="0" paramID="346" borderVisible="true" borderColor="999999" text="0101" textAlign="center" rotation="0" fontSize="12" x="70" y="348" fontFamily="digifaw"/>
    <LABEL fontWeight="normal" color="3407616" widthInChars="4" sizeAuto="false" contentBackgroundColor="000000" deviceID="3527" mark="DB" deviceName="2#开闭所-1号进线" param="Ib_2" contentBackgroundAlpha="0" paramID="347" borderVisible="true" borderColor="999999" text="0101" textAlign="center" rotation="0" fontSize="12" x="70" y="378" fontFamily="digifaw"/>
    <LABEL fontWeight="normal" color="3407616" widthInChars="4" sizeAuto="false" contentBackgroundColor="000000" deviceID="3527" mark="DB" deviceName="2#开闭所-1号进线" param="Ic_2" contentBackgroundAlpha="0" paramID="348" borderVisible="true" borderColor="999999" text="0101" textAlign="center" rotation="0" fontSize="12" x="70" y="408" fontFamily="digifaw"/>
    <LABEL fontWeight="normal" color="3407616" widthInChars="4" sizeAuto="false" contentBackgroundColor="000000" deviceID="3528" mark="DB" deviceName="2#开闭所-百货中心配-1" param="Ia_2" contentBackgroundAlpha="0" paramID="346" borderVisible="true" borderColor="999999" text="0101" textAlign="center" rotation="0" fontSize="12" x="370" y="348" fontFamily="digifaw"/>
    <LABEL fontWeight="normal" color="3407616" widthInChars="4" sizeAuto="false" contentBackgroundColor="000000" deviceID="3528" mark="DB" deviceName="2#开闭所-百货中心配-1" param="Ib_2" contentBackgroundAlpha="0" paramID="347" borderVisible="true" borderColor="999999" text="0101" textAlign="center" rotation="0" fontSize="12" x="370" y="378" fontFamily="digifaw"/>
    <LABEL fontWeight="normal" color="3407616" widthInChars="4" sizeAuto="false" contentBackgroundColor="000000" deviceID="3528" mark="DB" deviceName="2#开闭所-百货中心配-1" param="Ic_2" contentBackgroundAlpha="0" paramID="348" borderVisible="true" borderColor="999999" text="0101" textAlign="center" rotation="0" fontSize="12" x="370" y="408" fontFamily="digifaw"/>
    <LABEL fontWeight="normal" color="3407616" widthInChars="4" sizeAuto="false" contentBackgroundColor="000000" deviceID="3529" mark="DB" deviceName="2#开闭所-超市配-1" param="Ia_2" contentBackgroundAlpha="0" paramID="346" borderVisible="true" borderColor="999999" text="0101" textAlign="center" rotation="0" fontSize="12" x="520" y="348" fontFamily="digifaw"/>
    <LABEL fontWeight="normal" color="3407616" widthInChars="4" sizeAuto="false" contentBackgroundColor="000000" deviceID="3529" mark="DB" deviceName="2#开闭所-超市配-1" param="Ib_2" contentBackgroundAlpha="0" paramID="347" borderVisible="true" borderColor="999999" text="0101" textAlign="center" rotation="0" fontSize="12" x="520" y="378" fontFamily="digifaw"/>
    <LABEL fontWeight="normal" color="3407616" widthInChars="4" sizeAuto="false" contentBackgroundColor="000000" deviceID="3529" mark="DB" deviceName="2#开闭所-超市配-1" param="Ic_2" contentBackgroundAlpha="0" paramID="348" borderVisible="true" borderColor="999999" text="0101" textAlign="center" rotation="0" fontSize="12" x="520" y="408" fontFamily="digifaw"/>
    <LABEL fontWeight="normal" color="3407616" widthInChars="4" sizeAuto="false" contentBackgroundColor="000000" deviceID="3530" mark="DB" deviceName="2#开闭所-SOHO配-1" param="Ia_2" contentBackgroundAlpha="0" paramID="346" borderVisible="true" borderColor="999999" text="0101" textAlign="center" rotation="0" fontSize="12" x="670" y="348" fontFamily="digifaw"/>
    <LABEL fontWeight="normal" color="3407616" widthInChars="4" sizeAuto="false" contentBackgroundColor="000000" deviceID="3530" mark="DB" deviceName="2#开闭所-SOHO配-1" param="Ib_2" contentBackgroundAlpha="0" paramID="347" borderVisible="true" borderColor="999999" text="0101" textAlign="center" rotation="0" fontSize="12" x="670" y="378" fontFamily="digifaw"/>
    <LABEL fontWeight="normal" color="3407616" widthInChars="4" sizeAuto="false" contentBackgroundColor="000000" deviceID="3530" mark="DB" deviceName="2#开闭所-SOHO配-1" param="Ic_2" contentBackgroundAlpha="0" paramID="348" borderVisible="true" borderColor="999999" text="0101" textAlign="center" rotation="0" fontSize="12" x="670" y="408" fontFamily="digifaw"/>
    <LABEL fontWeight="normal" color="3407616" widthInChars="4" sizeAuto="false" contentBackgroundColor="000000" deviceID="3531" mark="DB" deviceName="2#开闭所-嘉华酒店-1" param="Ia_2" contentBackgroundAlpha="0" paramID="346" borderVisible="true" borderColor="999999" text="0101" textAlign="center" rotation="0" fontSize="12" x="820" y="348" fontFamily="digifaw"/>
    <LABEL fontWeight="normal" color="3407616" widthInChars="4" sizeAuto="false" contentBackgroundColor="000000" deviceID="3531" mark="DB" deviceName="2#开闭所-嘉华酒店-1" param="Ib_2" contentBackgroundAlpha="0" paramID="347" borderVisible="true" borderColor="999999" text="0101" textAlign="center" rotation="0" fontSize="12" x="820" y="378" fontFamily="digifaw"/>
    <LABEL fontWeight="normal" color="3407616" widthInChars="4" sizeAuto="false" contentBackgroundColor="000000" deviceID="3531" mark="DB" deviceName="2#开闭所-嘉华酒店-1" param="Ic_2" contentBackgroundAlpha="0" paramID="348" borderVisible="true" borderColor="999999" text="0101" textAlign="center" rotation="0" fontSize="12" x="820" y="408" fontFamily="digifaw"/>
    <LABEL fontWeight="normal" color="3407616" widthInChars="4" sizeAuto="false" contentBackgroundColor="000000" deviceID="3533" mark="DB" deviceName="2#开闭所-母联" param="Ia_2" contentBackgroundAlpha="0" paramID="346" borderVisible="true" borderColor="999999" text="0101" textAlign="center" rotation="0" fontSize="12" x="1120" y="348" fontFamily="digifaw"/>
    <LABEL fontWeight="normal" color="3407616" widthInChars="4" sizeAuto="false" contentBackgroundColor="000000" deviceID="3533" mark="DB" deviceName="2#开闭所-母联" param="Ib_2" contentBackgroundAlpha="0" paramID="347" borderVisible="true" borderColor="999999" text="0101" textAlign="center" rotation="0" fontSize="12" x="1120" y="378" fontFamily="digifaw"/>
    <LABEL fontWeight="normal" color="3407616" widthInChars="4" sizeAuto="false" contentBackgroundColor="000000" deviceID="3533" mark="DB" deviceName="2#开闭所-母联" param="Ic_2" contentBackgroundAlpha="0" paramID="348" borderVisible="true" borderColor="999999" text="0101" textAlign="center" rotation="0" fontSize="12" x="1120" y="408" fontFamily="digifaw"/>
    <HFZBTN paramID="245" x="100" width="58" height="25" alarm="HFZBTN" y="455" deviceID="3527" mark="DB" deviceName="2#开闭所-1号进线" param="hzstatus"/>
    <TEXT fontWeight="normal" borderColor="0xffffff" text="合闸位置" contentBackgroundAlpha="0" textAlign="center" sizeAuto="true" fontSize="14" x="35" color="0" widthInChars="4" width="62" borderVisible="false" height="19" fontFamily="微软雅黑" deviceID="" y="455" param=""/>
    <TEXT fontWeight="normal" borderColor="0xffffff" text="合闸位置" contentBackgroundAlpha="0" textAlign="center" sizeAuto="true" fontSize="14" x="335" color="0" widthInChars="4" width="62" borderVisible="false" height="19" fontFamily="微软雅黑" deviceID="" y="455" param=""/>
    <HFZBTN paramID="245" x="400" width="58" height="25" alarm="HFZBTN" y="455" deviceID="3528" mark="DB" deviceName="2#开闭所-百货中心配-1" param="hzstatus"/>
    <TEXT fontWeight="normal" borderColor="0xffffff" text="合闸位置" contentBackgroundAlpha="0" textAlign="center" sizeAuto="true" fontSize="14" x="485" color="0" widthInChars="4" width="62" borderVisible="false" height="19" fontFamily="微软雅黑" deviceID="" y="455" param=""/>
    <HFZBTN paramID="245" x="550" width="58" height="25" alarm="HFZBTN" y="455" deviceID="3529" mark="DB" deviceName="2#开闭所-超市配-1" param="hzstatus"/>
    <TEXT fontWeight="normal" borderColor="0xffffff" text="合闸位置" contentBackgroundAlpha="0" textAlign="center" sizeAuto="true" fontSize="14" x="635" color="0" widthInChars="4" width="62" borderVisible="false" height="19" fontFamily="微软雅黑" deviceID="" y="455" param=""/>
    <HFZBTN paramID="245" x="700" width="58" height="25" alarm="HFZBTN" y="455" deviceID="3530" mark="DB" deviceName="2#开闭所-SOHO配-1" param="hzstatus"/>
    <TEXT fontWeight="normal" borderColor="0xffffff" text="合闸位置" contentBackgroundAlpha="0" textAlign="center" sizeAuto="true" fontSize="14" x="785" color="0" widthInChars="4" width="62" borderVisible="false" height="19" fontFamily="微软雅黑" deviceID="" y="455" param=""/>
    <HFZBTN paramID="245" x="850" width="58" height="25" alarm="HFZBTN" y="455" deviceID="3531" mark="DB" deviceName="2#开闭所-嘉华酒店-1" param="hzstatus"/>
    <TEXT fontWeight="normal" borderColor="0xffffff" text="合闸位置" contentBackgroundAlpha="0" textAlign="center" sizeAuto="true" fontSize="14" x="1085" color="0" widthInChars="4" width="62" borderVisible="false" height="19" fontFamily="微软雅黑" deviceID="" y="455" param=""/>
    <HFZBTN paramID="245" x="1150" width="58" height="25" alarm="HFZBTN" y="455" deviceID="3533" mark="DB" deviceName="2#开闭所-母联" param="hzstatus"/>
    <TEXT fontWeight="normal" borderColor="0xffffff" text="1#PT柜" contentBackgroundAlpha="0" textAlign="center" sizeAuto="true" fontSize="16" x="219" color="0" widthInChars="4" width="54" borderVisible="false" height="21" fontFamily="微软雅黑" deviceID="" y="310" param=""/>
    <IA popType="list" x="940" width="120" height="100" isPop="true" y="340" deviceID="3532" mark="DB" deviceName="2#开闭所-2步行街-1"/>
    <TEXT fontWeight="normal" borderColor="0xffffff" text="2步行街-1" contentBackgroundAlpha="0" textAlign="center" sizeAuto="true" fontSize="16" x="960" color="0" widthInChars="4" width="74" borderVisible="false" height="21" fontFamily="微软雅黑" deviceID="" y="310" param=""/>
    <LABEL fontWeight="normal" color="3407616" widthInChars="4" sizeAuto="false" contentBackgroundColor="000000" deviceID="3532" mark="DB" deviceName="2#开闭所-2步行街-1" param="Ia_2" contentBackgroundAlpha="0" paramID="346" borderVisible="true" borderColor="999999" text="0101" textAlign="center" rotation="0" fontSize="12" x="970" y="348" fontFamily="digifaw"/>
    <LABEL fontWeight="normal" color="3407616" widthInChars="4" sizeAuto="false" contentBackgroundColor="000000" deviceID="3532" mark="DB" deviceName="2#开闭所-2步行街-1" param="Ib_2" contentBackgroundAlpha="0" paramID="347" borderVisible="true" borderColor="999999" text="0101" textAlign="center" rotation="0" fontSize="12" x="970" y="378" fontFamily="digifaw"/>
    <LABEL fontWeight="normal" color="3407616" widthInChars="4" sizeAuto="false" contentBackgroundColor="000000" deviceID="3532" mark="DB" deviceName="2#开闭所-2步行街-1" param="Ic_2" contentBackgroundAlpha="0" paramID="348" borderVisible="true" borderColor="999999" text="0101" textAlign="center" rotation="0" fontSize="12" x="970" y="408" fontFamily="digifaw"/>
    <TEXT fontWeight="normal" borderColor="0xffffff" text="合闸位置" contentBackgroundAlpha="0" textAlign="center" sizeAuto="true" fontSize="14" x="935" color="0" widthInChars="4" width="62" borderVisible="false" height="19" fontFamily="微软雅黑" deviceID="" y="454" param=""/>
    <HFZBTN paramID="245" x="1000" width="58" height="25" alarm="HFZBTN" y="455" deviceID="3532" mark="DB" deviceName="2#开闭所-2步行街-1" param="hzstatus"/>
  </Components>
</Configration>