<?xml version="1.0" encoding="utf-8"?>
<Configration Width="1434" Height="714">
  <LIST>
    <Component>
      <LUXCQ/>
      <TEMPCQ/>
    </Component>
    <Image>
      <F3NODE source="mapAssets/mapImages/F3Node.png" group="map"/>
      <LCF3 source="assets/comp/LCF3.png"/>
    </Image>
  </LIST>
  <Components>
    <F3NODE height="714" y="0" width="1434" group="map" source="mapAssets/mapImages/F3Node.png" x="0"/>
    <LUXCQ deviceID="" group="commonComp" width="16" x="724" height="16" y="324" source="assets/comp/LUXCQ/bg.png"/>
    <LABEL paramID="119" deviceID="3050034" mark="HJJKZDD" fontWeight="normal" borderColor="999999" rotation="0" widthInChars="4" contentBackgroundAlpha="1" fontSize="12" borderVisible="true" param="zhaodu" text="0101" sizeAuto="false" group="commonComp" source="assets/comp/TEXTINPUT/text.png" x="700" y="342" contentBackgroundColor="000000" textAlign="right" color="3407616" deviceName="3层8#照度" fontFamily="digifaw"/>
    <TEXT param="" deviceID="" text="Lux" sizeAuto="true" borderColor="0xffffff" group="commonComp" width="33" source="assets/comp/TEXTINPUT/label.png" textAlign="center" height="22" y="342" widthInChars="4" x="757" color="255" fontWeight="normal" contentBackgroundAlpha="0" fontSize="18" fontFamily="微软雅黑" borderVisible="false"/>
    <LCF3 height="92" y="10" width="110" group="bg" source="assets/comp/LCF3.png" x="10"/>
    <TEMPCQ param="inTemp1" deviceID="1410010" mark="BAEN" alarm="TEMPCQ" group="commonComp" deviceName="3层1#温度" width="12" x="335" height="32" y="322" source="assets/comp/TEMPCQ/bg.png" paramID="73"/>
    <LABEL paramID="73" deviceID="1410010" mark="BAEN" fontWeight="normal" borderColor="999999" rotation="0" widthInChars="4" contentBackgroundAlpha="1" fontSize="12" borderVisible="true" param="inTemp1" text="0101" sizeAuto="false" group="commonComp" source="assets/comp/TEXTINPUT/text.png" x="306" y="357" contentBackgroundColor="000000" textAlign="right" color="3407616" deviceName="3层1#温度" fontFamily="digifaw"/>
    <TEXT param="" deviceID="" text="°C" sizeAuto="true" borderColor="0xffffff" group="commonComp" width="22" source="assets/comp/TEXTINPUT/label.png" textAlign="center" height="22" y="357" widthInChars="4" x="363" color="255" fontWeight="normal" contentBackgroundAlpha="0" fontSize="18" fontFamily="微软雅黑" borderVisible="false"/>
    <TEXT param="" deviceID="" text="正常光照强度范围" sizeAuto="true" borderColor="0xffffff" group="commonComp" width="154" source="assets/comp/TEXTINPUT/label.png" textAlign="center" height="22" y="74" widthInChars="4" x="466" color="255" fontWeight="normal" contentBackgroundAlpha="0" fontSize="18" fontFamily="微软雅黑" borderVisible="false"/>
    <TEXT param="" deviceID="" text="正常温度范围" sizeAuto="true" borderColor="0xffffff" group="commonComp" width="116" source="assets/comp/TEXTINPUT/label.png" textAlign="center" height="22" y="112" widthInChars="4" x="498" color="255" fontWeight="normal" contentBackgroundAlpha="0" fontSize="18" fontFamily="微软雅黑" borderVisible="false"/>
    <TEXT param="" deviceID="" text=" 50~300LUX   " sizeAuto="true" borderColor="0xffffff" group="commonComp" width="113" source="assets/comp/TEXTINPUT/label.png" textAlign="left" height="22" y="75" widthInChars="4" x="642" color="255" fontWeight="normal" contentBackgroundAlpha="0" fontSize="18" fontFamily="微软雅黑" borderVisible="false"/>
    <TEXT param="" deviceID="" text=" 20~30°C    " sizeAuto="true" borderColor="0xffffff" group="commonComp" width="92" source="assets/comp/TEXTINPUT/label.png" textAlign="left" height="22" y="113" widthInChars="4" x="642" color="255" fontWeight="normal" contentBackgroundAlpha="0" fontSize="18" fontFamily="微软雅黑" borderVisible="false"/>
  </Components>
</Configration>