<?xml version="1.0" encoding="utf-8"?><Configration>
  <LIST>
    <Component>
      <EAF/>
      <ALARM/>
      <HANDAUTO/>
    </Component>
    <Image>
      <KTMDXF source="assets/comp/ktmd_xf.png"/>
      <CO2 source="assets/comp/co2.png"/>
      <TEMP source="assets/comp/temp.png"/>
      <WET source="assets/comp/wet.png"/>
      <LRPG source="assets/comp/lrpg.png"/>
      <GLW source="assets/comp/glw.png"/>
      <FFL source="assets/comp/ff_l.png"/>
      <HFFH source="assets/comp/hff_h.png"/>
      <DDFFG source="assets/comp/ddf_fg.png"/>
    </Image>
  </LIST>
  <Components>
    <KTMDXF scale="0.6" rotation="0" resource="Configration.ApplicationSkin2._ApplicationSkin_Group1.contentGroup.HGroup5.VGroup9._Configration_Scroller1.ScrollerSkin193.Group42.initGroup.Image3448" x="49" y="156"/>
    <CO2 scale="0.7" rotation="0" resource="Configration.ApplicationSkin2._ApplicationSkin_Group1.contentGroup.HGroup5.VGroup9._Configration_Scroller1.ScrollerSkin193.Group42.initGroup.Image3450" x="366" y="145"/>
    <TEMP scale="0.5" rotation="0" resource="Configration.ApplicationSkin2._ApplicationSkin_Group1.contentGroup.HGroup5.VGroup9._Configration_Scroller1.ScrollerSkin193.Group42.initGroup.Image3452" x="540" y="144"/>
    <WET scale="0.5" rotation="0" resource="Configration.ApplicationSkin2._ApplicationSkin_Group1.contentGroup.HGroup5.VGroup9._Configration_Scroller1.ScrollerSkin193.Group42.initGroup.Image3454" x="666" y="143"/>
    <LRPG scale="0.6" rotation="0" resource="Configration.ApplicationSkin2._ApplicationSkin_Group1.contentGroup.HGroup5.VGroup9._Configration_Scroller1.ScrollerSkin193.Group42.initGroup.Image3456" x="413" y="279"/>
    <GLW scale="0.6" rotation="0" resource="Configration.ApplicationSkin2._ApplicationSkin_Group1.contentGroup.HGroup5.VGroup9._Configration_Scroller1.ScrollerSkin193.Group42.initGroup.Image3458" x="352" y="281"/>
    <FFL scale="0.6" rotation="0" resource="Configration.ApplicationSkin2._ApplicationSkin_Group1.contentGroup.HGroup5.VGroup9._Configration_Scroller1.ScrollerSkin193.Group42.initGroup.Image3460" x="130" y="282"/>
    <HFFH scale="0.6" rotation="0" resource="Configration.ApplicationSkin2._ApplicationSkin_Group1.contentGroup.HGroup5.VGroup9._Configration_Scroller1.ScrollerSkin193.Group42.initGroup.Image3462" x="264" y="256"/>
    <DDFFG scale="0.6" rotation="0" resource="Configration.ApplicationSkin2._ApplicationSkin_Group1.contentGroup.HGroup5.VGroup9._Configration_Scroller1.ScrollerSkin193.Group42.initGroup.Image3464" x="427" y="368"/>
    <EAF isPop="false" scale="0.6" deviceID="" rotation="0" resource="Configration.ApplicationSkin2._ApplicationSkin_Group1.contentGroup.HGroup5.VGroup9._Configration_Scroller1.ScrollerSkin193.Group42.initGroup.Image3466" x="545" y="279"/>
    <TEXT textAlign="right" param="" widthInChars="2" scale="1" fontSize="20" fontFamily="黑体" fontWeight="normal" text="回风" rotation="0" deviceID="" resource="Configration.ApplicationSkin2._ApplicationSkin_Group1.contentGroup.HGroup5.VGroup9._Configration_Scroller1.ScrollerSkin193.Group42.initGroup.TextInput3468" color="16777215" x="700" y="191"/>
    <TEXT textAlign="right" param="" widthInChars="2" scale="1" fontSize="20" fontFamily="黑体" fontWeight="normal" text="送风" rotation="0" deviceID="" resource="Configration.ApplicationSkin2._ApplicationSkin_Group1.contentGroup.HGroup5.VGroup9._Configration_Scroller1.ScrollerSkin193.Group42.initGroup.TextInput3471" color="16777215" x="699" y="299"/>
    <TEXT textAlign="right" param="" widthInChars="2" scale="1" fontSize="20" fontFamily="黑体" fontWeight="normal" text="新风" rotation="0" deviceID="" resource="Configration.ApplicationSkin2._ApplicationSkin_Group1.contentGroup.HGroup5.VGroup9._Configration_Scroller1.ScrollerSkin193.Group42.initGroup.TextInput3474" color="16777215" x="45" y="301"/>
    <TEXT textAlign="right" param="" widthInChars="8" scale="1" fontSize="14" fontFamily="黑体" fontWeight="normal" text="CO2浓度（ppm）" rotation="0" deviceID="" resource="Configration.ApplicationSkin2._ApplicationSkin_Group1.contentGroup.HGroup5.VGroup9._Configration_Scroller1.ScrollerSkin193.Group42.initGroup.TextInput3477" color="16777215" x="255" y="95"/>
    <LABEL textAlign="right" param="inCO21" widthInChars="3" scale="1" fontSize="12" fontFamily="digifaw" fontWeight="normal" text="900" rotation="0" deviceID="42" resource="Configration.ApplicationSkin2._ApplicationSkin_Group1.contentGroup.HGroup5.VGroup9._Configration_Scroller1.ScrollerSkin193.Group42.initGroup.TextInput3480" color="65280" x="367" y="96"/>
    <TEXT textAlign="right" param="" widthInChars="7" scale="1" fontSize="14" fontFamily="黑体" fontWeight="normal" text="回风温度（℃）" rotation="0" deviceID="" resource="Configration.ApplicationSkin2._ApplicationSkin_Group1.contentGroup.HGroup5.VGroup9._Configration_Scroller1.ScrollerSkin193.Group42.initGroup.TextInput3483" color="16777215" x="484" y="96"/>
    <LABEL textAlign="right" param="eAirTemp" widthInChars="2" scale="1" fontSize="12" fontFamily="digifaw" fontWeight="normal" text="30" rotation="0" deviceID="42" resource="Configration.ApplicationSkin2._ApplicationSkin_Group1.contentGroup.HGroup5.VGroup9._Configration_Scroller1.ScrollerSkin193.Group42.initGroup.TextInput3486" color="65280" x="577" y="96"/>
    <TEXT textAlign="right" param="" widthInChars="8" scale="1" fontSize="14" fontFamily="黑体" fontWeight="normal" text="回风湿度（%RH）" rotation="0" deviceID="" resource="Configration.ApplicationSkin2._ApplicationSkin_Group1.contentGroup.HGroup5.VGroup9._Configration_Scroller1.ScrollerSkin193.Group42.initGroup.TextInput3489" color="16777215" x="608" y="122"/>
    <LABEL textAlign="right" param="eAirWet" widthInChars="2" scale="1" fontSize="12" fontFamily="digifaw" fontWeight="normal" text="30" rotation="0" deviceID="42" resource="Configration.ApplicationSkin2._ApplicationSkin_Group1.contentGroup.HGroup5.VGroup9._Configration_Scroller1.ScrollerSkin193.Group42.initGroup.TextInput3492" color="65280" x="720" y="120"/>
    <TEXT textAlign="right" param="" widthInChars="7" scale="1" fontSize="14" fontFamily="黑体" fontWeight="normal" text="送风温度（℃）" rotation="0" deviceID="" resource="Configration.ApplicationSkin2._ApplicationSkin_Group1.contentGroup.HGroup5.VGroup9._Configration_Scroller1.ScrollerSkin193.Group42.initGroup.TextInput3495" color="16777215" x="644" y="250"/>
    <TEMP scale="0.5" rotation="0" resource="Configration.ApplicationSkin2._ApplicationSkin_Group1.contentGroup.HGroup5.VGroup9._Configration_Scroller1.ScrollerSkin193.Group42.initGroup.Image3498" x="629" y="252"/>
    <LABEL textAlign="right" param="sAirTemp" widthInChars="2" scale="1" fontSize="12" fontFamily="digifaw" fontWeight="normal" text="30" rotation="0" deviceID="42" resource="Configration.ApplicationSkin2._ApplicationSkin_Group1.contentGroup.HGroup5.VGroup9._Configration_Scroller1.ScrollerSkin193.Group42.initGroup.TextInput3500" color="65280" x="739" y="250"/>
    <TEXT textAlign="right" param="" widthInChars="4" scale="1" fontSize="14" fontFamily="黑体" fontWeight="normal" text="防冻报警" rotation="0" deviceID="" resource="Configration.ApplicationSkin2._ApplicationSkin_Group1.contentGroup.HGroup5.VGroup9._Configration_Scroller1.ScrollerSkin193.Group42.initGroup.TextInput3503" color="16777215" x="358" y="248"/>
    <ALARM scale="1" deviceID="42" rotation="0" resource="Configration.ApplicationSkin2._ApplicationSkin_Group1.contentGroup.HGroup5.VGroup9._Configration_Scroller1.ScrollerSkin193.Group42.initGroup.Image3506" x="418" y="247"/>
    <TEXT textAlign="right" param="" widthInChars="7" scale="1" fontSize="12" fontFamily="黑体" fontWeight="normal" text="盘管风温（℃）" rotation="0" deviceID="" resource="Configration.ApplicationSkin2._ApplicationSkin_Group1.contentGroup.HGroup5.VGroup9._Configration_Scroller1.ScrollerSkin193.Group42.initGroup.TextInput3508" color="16777215" x="443" y="283"/>
    <LABEL textAlign="right" param="coilTemp" widthInChars="2" scale="1" fontSize="12" fontFamily="digifaw" fontWeight="normal" text="30" rotation="0" deviceID="42" resource="Configration.ApplicationSkin2._ApplicationSkin_Group1.contentGroup.HGroup5.VGroup9._Configration_Scroller1.ScrollerSkin193.Group42.initGroup.TextInput3511" color="65280" x="463" y="300"/>
    <TEXT textAlign="right" param="" widthInChars="7" scale="1" fontSize="12" fontFamily="黑体" fontWeight="normal" text="回水温度（℃）" rotation="0" deviceID="" resource="Configration.ApplicationSkin2._ApplicationSkin_Group1.contentGroup.HGroup5.VGroup9._Configration_Scroller1.ScrollerSkin193.Group42.initGroup.TextInput3514" color="16777215" x="416" y="396"/>
    <LABEL textAlign="right" param="eTemp" widthInChars="2" scale="1" fontSize="12" fontFamily="digifaw" fontWeight="normal" text="30" rotation="0" deviceID="42" resource="Configration.ApplicationSkin2._ApplicationSkin_Group1.contentGroup.HGroup5.VGroup9._Configration_Scroller1.ScrollerSkin193.Group42.initGroup.TextInput3517" color="65280" x="501" y="395"/>
    <TEXT textAlign="right" param="" widthInChars="7" scale="1" fontSize="12" fontFamily="黑体" fontWeight="normal" text="回水阀位（%）" rotation="0" deviceID="" resource="Configration.ApplicationSkin2._ApplicationSkin_Group1.contentGroup.HGroup5.VGroup9._Configration_Scroller1.ScrollerSkin193.Group42.initGroup.TextInput3520" color="16777215" x="447" y="367"/>
    <LABEL textAlign="right" param="wValve" widthInChars="2" scale="1" fontSize="12" fontFamily="digifaw" fontWeight="normal" text="30" rotation="0" deviceID="42" resource="Configration.ApplicationSkin2._ApplicationSkin_Group1.contentGroup.HGroup5.VGroup9._Configration_Scroller1.ScrollerSkin193.Group42.initGroup.TextInput3523" color="65280" x="530" y="366"/>
    <TEXT textAlign="right" param="" widthInChars="7" scale="1" fontSize="12" fontFamily="黑体" fontWeight="normal" text="回风阀位（%）" rotation="0" deviceID="" resource="Configration.ApplicationSkin2._ApplicationSkin_Group1.contentGroup.HGroup5.VGroup9._Configration_Scroller1.ScrollerSkin193.Group42.initGroup.TextInput3526" color="16777215" x="274" y="217"/>
    <LABEL textAlign="right" param="eValve" widthInChars="2" scale="1" fontSize="12" fontFamily="digifaw" fontWeight="normal" text="30" rotation="0" deviceID="42" resource="Configration.ApplicationSkin2._ApplicationSkin_Group1.contentGroup.HGroup5.VGroup9._Configration_Scroller1.ScrollerSkin193.Group42.initGroup.TextInput3529" color="65280" x="297" y="235"/>
    <TEXT textAlign="right" param="" widthInChars="7" scale="1" fontSize="12" fontFamily="黑体" fontWeight="normal" text="新风阀位（%）" rotation="0" deviceID="" resource="Configration.ApplicationSkin2._ApplicationSkin_Group1.contentGroup.HGroup5.VGroup9._Configration_Scroller1.ScrollerSkin193.Group42.initGroup.TextInput3532" color="16777215" x="142" y="287"/>
    <LABEL textAlign="right" param="sValve" widthInChars="2" scale="1" fontSize="12" fontFamily="digifaw" fontWeight="normal" text="30" rotation="0" deviceID="42" resource="Configration.ApplicationSkin2._ApplicationSkin_Group1.contentGroup.HGroup5.VGroup9._Configration_Scroller1.ScrollerSkin193.Group42.initGroup.TextInput3535" color="65280" x="161" y="304"/>
    <TEXT textAlign="right" param="" widthInChars="5" scale="1" fontSize="12" fontFamily="黑体" fontWeight="normal" text="转速（r）" rotation="0" deviceID="" resource="Configration.ApplicationSkin2._ApplicationSkin_Group1.contentGroup.HGroup5.VGroup9._Configration_Scroller1.ScrollerSkin193.Group42.initGroup.TextInput3538" color="16777215" x="582" y="356"/>
    <LABEL textAlign="right" param="revSpeed" widthInChars="3" scale="1" fontSize="12" fontFamily="digifaw" fontWeight="normal" text="30" rotation="0" deviceID="42" resource="Configration.ApplicationSkin2._ApplicationSkin_Group1.contentGroup.HGroup5.VGroup9._Configration_Scroller1.ScrollerSkin193.Group42.initGroup.TextInput3541" color="65280" x="644" y="355"/>
    <TEXT textAlign="right" param="" widthInChars="7" scale="1" fontSize="14" fontFamily="黑体" fontWeight="normal" text="温度设定（℃）" rotation="0" deviceID="" resource="Configration.ApplicationSkin2._ApplicationSkin_Group1.contentGroup.HGroup5.VGroup9._Configration_Scroller1.ScrollerSkin193.Group42.initGroup.TextInput3544" color="16777215" x="484" y="118"/>
    <LABEL textAlign="right" param="eAirSetTemp" widthInChars="2" scale="1" fontSize="12" fontFamily="digifaw" fontWeight="normal" text="30" rotation="0" deviceID="42" resource="Configration.ApplicationSkin2._ApplicationSkin_Group1.contentGroup.HGroup5.VGroup9._Configration_Scroller1.ScrollerSkin193.Group42.initGroup.TextInput3547" color="65280" x="578" y="119"/>
    <TEXT textAlign="right" param="" widthInChars="7" scale="1" fontSize="14" fontFamily="黑体" fontWeight="normal" text="温度设定（℃）" rotation="0" deviceID="" resource="Configration.ApplicationSkin2._ApplicationSkin_Group1.contentGroup.HGroup5.VGroup9._Configration_Scroller1.ScrollerSkin193.Group42.initGroup.TextInput3550" color="16777215" x="645" y="278"/>
    <LABEL textAlign="right" param="sAirSetTemp" widthInChars="2" scale="1" fontSize="12" fontFamily="digifaw" fontWeight="normal" text="30" rotation="0" deviceID="42" resource="Configration.ApplicationSkin2._ApplicationSkin_Group1.contentGroup.HGroup5.VGroup9._Configration_Scroller1.ScrollerSkin193.Group42.initGroup.TextInput3553" color="65280" x="740" y="275"/>
    <HANDAUTO scale="1" deviceID="42" rotation="0" resource="Configration.ApplicationSkin2._ApplicationSkin_Group1.contentGroup.HGroup5.VGroup9._Configration_Scroller1.ScrollerSkin193.Group42.initGroup.Image3556" x="604" y="323"/>
    <TEXT textAlign="right" param="" widthInChars="8" scale="1" fontSize="14" fontFamily="黑体" fontWeight="normal" text="CO2设定（ppm）" rotation="0" deviceID="" resource="Configration.ApplicationSkin2._ApplicationSkin_Group1.contentGroup.HGroup5.VGroup9._Configration_Scroller1.ScrollerSkin193.Group42.initGroup.TextInput3561" color="16777215" x="253" y="119"/>
    <LABEL textAlign="right" param="setCO2" widthInChars="3" scale="1" fontSize="12" fontFamily="digifaw" fontWeight="normal" text="900" rotation="0" deviceID="42" resource="Configration.ApplicationSkin2._ApplicationSkin_Group1.contentGroup.HGroup5.VGroup9._Configration_Scroller1.ScrollerSkin193.Group42.initGroup.TextInput3564" color="65280" x="367" y="119"/>
    <TEXT textAlign="right" param="" widthInChars="4" scale="1" fontSize="14" fontFamily="黑体" fontWeight="normal" text="压差报警" rotation="0" deviceID="" resource="Configration.ApplicationSkin2._ApplicationSkin_Group1.contentGroup.HGroup5.VGroup9._Configration_Scroller1.ScrollerSkin193.Group42.initGroup.TextInput3503" color="16777215" x="273" y="357"/>
    <ALARM scale="1" deviceID="42" rotation="0" resource="Configration.ApplicationSkin2._ApplicationSkin_Group1.contentGroup.HGroup5.VGroup9._Configration_Scroller1.ScrollerSkin193.Group42.initGroup.Image3506" x="334" y="358"/>
  </Components>
</Configration>