<?xml version="1.0" encoding="utf-8"?>
<Configration Width="1434" Height="714">
  <LIST>
    <Component>
      <ALARM/>
      <RUNING/>
      <LIFTF2/>
    </Component>
    <Image>
      <B1NODE source="mapAssets/mapImages/B1Node.png" group="map"/>
      <TULI source="assets/comp/TULI/TULI.png"/>
      <FTN source="assets/comp/TULI/FTN.png"/>
      <FTA source="assets/comp/TULI/FTA.png"/>
      <FTR source="assets/comp/TULI/FTR.png"/>
    </Image>
  </LIST>
  <Components>
    <B1NODE y="0" width="1434" x="0" group="map" source="mapAssets/mapImages/B1Node.png" height="714"/>
    <TEXT group="commonComp" fontFamily="微软雅黑" y="357" x="543" fontWeight="normal" color="0x444444" param="" fontSize="18" borderColor="0xffffff" widthInChars="4" contentBackgroundAlpha="0" textAlign="center" width="59" borderVisible="false" text="家乐福" deviceID="" source="assets/comp/TEXTINPUT/label.png" height="22" sizeAuto="true"/>
    <TEXT group="commonComp" fontFamily="微软雅黑" y="212" x="902" fontWeight="normal" color="0x444444" param="" fontSize="18" borderColor="0xffffff" widthInChars="4" contentBackgroundAlpha="0" textAlign="center" width="210" borderVisible="false" text="地下夹层至一层FT-BM1F" deviceID="" source="assets/comp/TEXTINPUT/label.png" height="22" sizeAuto="true"/>
    <ALARM group="commonComp" paramID="2" y="267" alarm="ALARM" x="678" deviceName="地下夹层至一层FT-BM1F-11" param="alarm" mark="LIFTF" width="58" deviceID="850001" source="assets/comp/ALARM/alarm/0/1.png" height="25"/>
    <ALARM group="commonComp" paramID="2" y="263" alarm="ALARM" x="811" deviceName="地下夹层至一层FT-BM1F-12" param="alarm" mark="LIFTF" width="58" deviceID="850002" source="assets/comp/ALARM/alarm/0/1.png" height="25"/>
    <RUNING group="commonComp" deviceName="地下夹层至一层FT-BM1F-31" y="242" x="1210" mark="LIFTF" width="58" deviceID="850003" source="assets/comp/RUNING/runing/0/1.png" height="25"/>
    <RUNING group="commonComp" deviceName="地下夹层至一层FT-BM1F-31" y="164" x="1237" mark="LIFTF" width="58" deviceID="850003" source="assets/comp/RUNING/runing/0/1.png" height="25"/>
    <ALARM group="commonComp" paramID="2" y="268" alarm="ALARM" x="1211" deviceName="地下夹层至一层FT-BM1F-31" param="alarm" mark="LIFTF" width="58" deviceID="850003" source="assets/comp/ALARM/alarm/0/1.png" height="25"/>
    <ALARM group="commonComp" paramID="2" y="190" alarm="ALARM" x="1238" deviceName="地下夹层至一层FT-BM1F-31" param="alarm" mark="LIFTF" width="58" deviceID="850003" source="assets/comp/ALARM/alarm/0/1.png" height="25"/>
    <LIFTF2 group="deviceComp" deviceName="地下夹层至一层FT-BM1F-11" x="774" y="243" mark="LIFTF" width="36" deviceID="850001" source="assets/comp/LIFTF2/bg.png" height="52"/>
    <LIFTF2 group="deviceComp" deviceName="地下夹层至一层FT-BM1F-12" x="737" y="243" mark="LIFTF" width="36" deviceID="850002" source="assets/comp/LIFTF2/bg.png" height="52"/>
    <LIFTF2 group="deviceComp" deviceName="地下夹层至一层FT-BM1F-31" x="1172" y="239" mark="LIFTF" width="36" deviceID="850003" source="assets/comp/LIFTF2/bg.png" height="52"/>
    <LIFTF2 group="deviceComp" deviceName="地下夹层至一层FT-BM1F-32" x="1198" y="161" mark="LIFTF" width="36" deviceID="850004" source="assets/comp/LIFTF2/bg.png" height="52"/>
    <TULI x="1063" group="tuli" y="481" scaleY="1.2" width="225" source="assets/comp/TULI/TULI.png" height="124"/>
    <FTN x="1221" group="tuli" y="514.05" scaleX="0.7" scaleY="0.6" width="36" source="assets/comp/TULI/FTN.png" height="52"/>
    <FTA x="1221" group="tuli" y="547.8499999999999" scaleX="0.7" scaleY="0.6" width="36" source="assets/comp/TULI/FTA.png" height="52"/>
    <FTR x="1221" group="tuli" y="581.3" scaleX="0.7" scaleY="0.6" width="36" source="assets/comp/TULI/FTR.png" height="52"/>
    <TEXT group="commonComp" fontFamily="微软雅黑" y="520" x="1092" fontWeight="normal" color="0x444444" param="" fontSize="14" borderColor="0xffffff" widthInChars="4" contentBackgroundAlpha="0" textAlign="center" width="62" borderVisible="false" text="扶梯正常" deviceID="" source="assets/comp/TEXTINPUT/label.png" height="19" sizeAuto="true"/>
    <TEXT group="commonComp" fontFamily="微软雅黑" y="555" x="1091" fontWeight="normal" color="0x444444" param="" fontSize="14" borderColor="0xffffff" widthInChars="4" contentBackgroundAlpha="0" textAlign="center" width="62" borderVisible="false" text="扶梯报警" deviceID="" source="assets/comp/TEXTINPUT/label.png" height="19" sizeAuto="true"/>
    <TEXT group="commonComp" fontFamily="微软雅黑" y="590" x="1092" fontWeight="normal" color="0x444444" param="" fontSize="14" borderColor="0xffffff" widthInChars="4" contentBackgroundAlpha="0" textAlign="center" width="62" borderVisible="false" text="扶梯运行" deviceID="" source="assets/comp/TEXTINPUT/label.png" height="19" sizeAuto="true"/>
    <RUNING group="commonComp" deviceName="地下夹层至一层FT-BM1F-11" y="243" x="678" mark="LIFTF" width="58" deviceID="850001" source="assets/comp/RUNING/runing/0/1.png" height="25"/>
    <RUNING group="commonComp" deviceName="地下夹层至一层FT-BM1F-11" y="241" x="810" mark="LIFTF" width="58" deviceID="850001" source="assets/comp/RUNING/runing/0/1.png" height="25"/>
  </Components>
</Configration>