<?xml version="1.0" encoding="utf-8"?>
<Configration Width="1434" Height="714">
  <LIST>
    <Component>
      <ALARMTB/>
    </Component>
    <Image>
      <B1NODE source="mapAssets/mapImages/B1Node.png" group="map"/>
      <TULI source="assets/comp/TULI/TULI.png"/>
      <LCB1 source="assets/comp/LCB1.png"/>
      <BJN source="assets/comp/TULI/BJN.png"/>
      <BJA source="assets/comp/TULI/BJA.png"/>
    </Image>
  </LIST>
  <Components>
    <B1NODE x="0" y="0" height="714" source="mapAssets/mapImages/B1Node.png" width="1434" group="map"/>
    <TULI x="1060" y="560" height="124" source="assets/comp/TULI/TULI.png" width="225" group="tuli"/>
    <LCB1 x="10" y="10" height="92" source="assets/comp/LCB1.png" width="110" group="bg"/>
    <TEXT contentBackgroundColor="16777215" group="commonComp" textAlign="center" fontSize="16" fontFamily="微软雅黑" width="121" height="21" deviceID="" text="客流摄像头正常" borderColor="0xffffff" source="assets/comp/TEXTINPUT/label.png" fontWeight="normal" widthInChars="4" contentBackgroundAlpha="0" borderVisible="false" y="595" param="" x="1125" color="0" sizeAuto="true"/>
    <TEXT contentBackgroundColor="16777215" group="commonComp" textAlign="center" fontSize="16" fontFamily="微软雅黑" width="121" height="21" deviceID="" text="客流摄像头报警" borderColor="0xffffff" source="assets/comp/TEXTINPUT/label.png" fontWeight="normal" widthInChars="4" contentBackgroundAlpha="0" borderVisible="false" y="625" param="" x="1125" color="0" sizeAuto="true"/>
    <ALARMTB alarm="ALARMTB" deviceName="B2F家乐福北出口" source="assets/comp/ALARMTB/alarm/0/1.png" deviceID="1450052" paramID="2" mark="KLTCQ" y="259" x="528.25" width="16" group="commonComp" height="16" param="alarm"/>
    <TEXT contentBackgroundColor="16777215" group="commonComp" textAlign="center" fontSize="12" scaleY="0.9" fontFamily="微软雅黑" width="101" height="17" deviceID="" text="B2F家乐福北出口" borderColor="0xffffff" source="assets/comp/TEXTINPUT/label.png" fontWeight="normal" widthInChars="4" contentBackgroundAlpha="0" borderVisible="false" y="259.15000000000003" param="" x="422.25" color="255" sizeAuto="true"/>
    <BJN x="1100" y="600" height="16" source="assets/comp/TULI/BJN.png" width="16" group="tuli"/>
    <BJA x="1100" y="630" height="16" source="assets/comp/TULI/BJA.png" width="16" group="tuli"/>
  </Components>
</Configration>