<?xml version="1.0" encoding="utf-8"?>
<Configration Width="1434" Height="714">
  <LIST>
    <Component>
      <MJ/>
    </Component>
    <Image>
      <B1NODE source="mapAssets/mapImages/B1Node.png" group="map"/>
      <TULI source="assets/comp/TULI/TULI.png"/>
      <LCB1 source="assets/comp/LCB1.png"/>
      <MJN source="assets/comp/TULI/MJN.png"/>
      <MJA source="assets/comp/TULI/MJA.png"/>
      <MJOPEN source="assets/comp/MJOPEN.png"/>
    </Image>
  </LIST>
  <Components>
    <B1NODE x="0" group="map" width="1434" y="0" source="mapAssets/mapImages/B1Node.png" height="714"/>
    <TULI x="1080" group="tuli" width="225" y="490" source="assets/comp/TULI/TULI.png" height="124"/>
    <LCB1 x="10" group="bg" width="110" y="10" source="assets/comp/LCB1.png" height="92"/>
    <MJ x="29" scaleX="0.4" width="80" scaleY="0.4" height="80" y="171" mark="MJ" group="deviceComp" deviceName="MJ-B1F-01-D01" source="assets/comp/MJ/bg.png" deviceID="1390001"/>
    <TEXT width="119" borderColor="0xffffff" color="255" fontSize="12" height="17" sizeAuto="true" textAlign="center" group="commonComp" contentBackgroundColor="16777215" source="assets/comp/TEXTINPUT/label.png" x="14" y="154" text="制冷机房变电所北门" fontFamily="微软雅黑" widthInChars="4" contentBackgroundAlpha="1" borderVisible="false" param="" deviceID="" fontWeight="normal"/>
    <MJN x="1115" scaleX="0.5" width="80" y="545" scaleY="0.5" height="80" group="tuli" source="assets/comp/TULI/MJN.png"/>
    <MJA x="1230" scaleX="0.5" width="80" y="545" scaleY="0.5" height="80" group="tuli" source="assets/comp/TULI/MJA.png"/>
    <TEXT source="assets/comp/TEXTINPUT/label.png" x="1118" width="32" text="关门" color="0x444444" fontSize="14" fontFamily="微软雅黑" widthInChars="4" sizeAuto="true" borderColor="0xffffff" contentBackgroundAlpha="0" textAlign="center" height="19" group="commonComp" borderVisible="false" y="520" param="" fontWeight="normal" deviceID=""/>
    <TEXT source="assets/comp/TEXTINPUT/label.png" x="1233" width="32" text="报警" color="0x444444" fontSize="14" fontFamily="微软雅黑" widthInChars="4" sizeAuto="true" borderColor="0xffffff" contentBackgroundAlpha="0" textAlign="center" height="19" group="commonComp" borderVisible="false" y="520" param="" fontWeight="normal" deviceID=""/>
    <TEXT source="assets/comp/TEXTINPUT/label.png" x="1176" width="32" text="开门" color="0x444444" fontSize="14" fontFamily="微软雅黑" widthInChars="4" sizeAuto="true" borderColor="0xffffff" contentBackgroundAlpha="0" textAlign="center" height="19" group="commonComp" borderVisible="false" y="520" param="" fontWeight="normal" deviceID=""/>
    <MJOPEN x="1173" scaleX="0.5" width="80" y="546" scaleY="0.5" height="80" group="bg" source="assets/comp/MJOPEN.png"/>
    <MJ x="23" scaleX="0.4" width="80" scaleY="0.4" height="80" y="226" mark="MJ" group="deviceComp" deviceName="MJ-B1F-01-D02" source="assets/comp/MJ/bg.png" deviceID="1390002"/>
    <TEXT width="119" borderColor="0xffffff" color="255" fontSize="12" height="17" sizeAuto="true" textAlign="center" group="commonComp" contentBackgroundColor="16777215" source="assets/comp/TEXTINPUT/label.png" x="-20" y="207" text="制冷机房变电所南门" fontFamily="微软雅黑" widthInChars="4" contentBackgroundAlpha="1" borderVisible="false" param="" deviceID="" fontWeight="normal"/>
    <MJ x="68" scaleX="0.4" width="80" scaleY="0.4" height="80" y="233" mark="MJ" group="deviceComp" deviceName="MJ-B1F-01-D06" source="assets/comp/MJ/bg.png" deviceID="1390006"/>
    <TEXT width="105" borderColor="0xffffff" color="255" fontSize="12" height="17" sizeAuto="true" textAlign="center" group="commonComp" contentBackgroundColor="16777215" source="assets/comp/TEXTINPUT/label.png" x="59" y="265" text="1#商业变电所西门" fontFamily="微软雅黑" widthInChars="4" contentBackgroundAlpha="1" borderVisible="false" param="" deviceID="" fontWeight="normal"/>
    <MJ x="137" scaleX="0.4" width="80" scaleY="0.4" height="80" y="209" mark="MJ" group="deviceComp" deviceName="MJ-B1F-01-D07" source="assets/comp/MJ/bg.png" deviceID="1390007"/>
    <MJ x="182" scaleX="0.4" width="80" scaleY="0.4" height="80" y="198" mark="MJ" group="deviceComp" deviceName="MJ-B1F-01-D08" source="assets/comp/MJ/bg.png" deviceID="1390008"/>
    <TEXT width="105" borderColor="0xffffff" color="255" fontSize="12" height="17" sizeAuto="true" textAlign="center" group="commonComp" contentBackgroundColor="16777215" source="assets/comp/TEXTINPUT/label.png" x="118" y="242" text="1#商业变电所东门" fontFamily="微软雅黑" widthInChars="4" contentBackgroundAlpha="1" borderVisible="false" param="" deviceID="" fontWeight="normal"/>
    <TEXT width="41" borderColor="0xffffff" color="255" fontSize="12" height="17" sizeAuto="true" textAlign="center" group="commonComp" contentBackgroundColor="16777215" source="assets/comp/TEXTINPUT/label.png" x="178" y="180" text="开闭间" fontFamily="微软雅黑" widthInChars="4" contentBackgroundAlpha="1" borderVisible="false" param="" deviceID="" fontWeight="normal"/>
    <MJ x="22" scaleX="0.4" width="80" scaleY="0.4" height="80" y="280" mark="MJ" group="deviceComp" deviceName="MJ-B1F-01-D03" source="assets/comp/MJ/bg.png" deviceID="1390003"/>
    <MJ x="73" scaleX="0.4" width="80" scaleY="0.4" height="80" y="282" mark="MJ" group="deviceComp" deviceName="MJ-B1F-01-D04" source="assets/comp/MJ/bg.png" deviceID="1390004"/>
    <MJ x="175" scaleX="0.4" width="80" scaleY="0.4" height="80" y="264" mark="MJ" group="deviceComp" deviceName="MJ-B1F-01-D05" source="assets/comp/MJ/bg.png" deviceID="1390005"/>
    <TEXT width="41" borderColor="0xffffff" color="255" fontSize="12" height="17" sizeAuto="true" textAlign="center" group="commonComp" contentBackgroundColor="16777215" source="assets/comp/TEXTINPUT/label.png" x="14" y="317" text="控制室" fontFamily="微软雅黑" widthInChars="4" contentBackgroundAlpha="1" borderVisible="false" param="" deviceID="" fontWeight="normal"/>
    <TEXT width="80" borderColor="0xffffff" color="255" fontSize="12" height="17" sizeAuto="true" textAlign="center" group="commonComp" contentBackgroundColor="16777215" source="assets/comp/TEXTINPUT/label.png" x="68" y="316" text="制冷机房西门" fontFamily="微软雅黑" widthInChars="4" contentBackgroundAlpha="1" borderVisible="false" param="" deviceID="" fontWeight="normal"/>
    <TEXT width="80" borderColor="0xffffff" color="255" fontSize="12" height="17" sizeAuto="true" textAlign="center" group="commonComp" contentBackgroundColor="16777215" source="assets/comp/TEXTINPUT/label.png" x="148" y="296" text="制冷机房东门" fontFamily="微软雅黑" widthInChars="4" contentBackgroundAlpha="1" borderVisible="false" param="" deviceID="" fontWeight="normal"/>
    <MJ x="70" scaleX="0.4" width="80" scaleY="0.4" height="80" y="419" mark="MJ" group="deviceComp" deviceName="MJ-B1F-RDJ-D01" source="assets/comp/MJ/bg.png" deviceID="1390009"/>
    <MJ x="160" scaleX="0.4" width="80" scaleY="0.4" height="80" y="430" mark="MJ" group="deviceComp" deviceName="MJ-B1F-RDJ-D02" source="assets/comp/MJ/bg.png" deviceID="1390010"/>
    <TEXT width="93" borderColor="0xffffff" color="255" fontSize="12" height="17" sizeAuto="true" textAlign="center" group="commonComp" contentBackgroundColor="16777215" source="assets/comp/TEXTINPUT/label.png" x="42" y="454" text="消防水泵房西门" fontFamily="微软雅黑" widthInChars="4" contentBackgroundAlpha="1" borderVisible="false" param="" deviceID="" fontWeight="normal"/>
    <TEXT width="93" borderColor="0xffffff" color="255" fontSize="12" height="17" sizeAuto="true" textAlign="center" group="commonComp" contentBackgroundColor="16777215" source="assets/comp/TEXTINPUT/label.png" x="137" y="462" text="消防水泵房东门" fontFamily="微软雅黑" widthInChars="4" contentBackgroundAlpha="1" borderVisible="false" param="" deviceID="" fontWeight="normal"/>
    <MJ x="431" scaleX="0.4" width="80" scaleY="0.4" height="80" y="409" mark="MJ" group="deviceComp" deviceName="MJ-B1F-RDJ-D03" source="assets/comp/MJ/bg.png" deviceID="1390011"/>
    <MJ x="478" scaleX="0.4" width="80" scaleY="0.4" height="80" y="411" mark="MJ" group="deviceComp" deviceName="MJ-B1F-RDJ-D04" source="assets/comp/MJ/bg.png" deviceID="1390012"/>
    <TEXT width="132" borderColor="0xffffff" color="255" fontSize="12" height="17" sizeAuto="true" textAlign="center" group="commonComp" contentBackgroundColor="16777215" source="assets/comp/TEXTINPUT/label.png" x="333" y="443" text="大商业生活水泵房西门" fontFamily="微软雅黑" widthInChars="4" contentBackgroundAlpha="1" borderVisible="false" param="" deviceID="" fontWeight="normal"/>
    <TEXT width="132" borderColor="0xffffff" color="255" fontSize="12" height="17" sizeAuto="true" textAlign="center" group="commonComp" contentBackgroundColor="16777215" source="assets/comp/TEXTINPUT/label.png" x="469" y="443" text="大商业生活水泵房东门" fontFamily="微软雅黑" widthInChars="4" contentBackgroundAlpha="1" borderVisible="false" param="" deviceID="" fontWeight="normal"/>
    <MJ x="690" scaleX="0.4" width="80" scaleY="0.4" height="80" y="412" mark="MJ" group="deviceComp" deviceName="MJ-B1F-RDJ-D05" source="assets/comp/MJ/bg.png" deviceID="1390013"/>
    <TEXT width="105" borderColor="0xffffff" color="255" fontSize="12" height="17" sizeAuto="true" textAlign="center" group="commonComp" contentBackgroundColor="16777215" source="assets/comp/TEXTINPUT/label.png" x="649" y="446" text="2#商业变配电西门" fontFamily="微软雅黑" widthInChars="4" contentBackgroundAlpha="1" borderVisible="false" param="" deviceID="" fontWeight="normal"/>
    <MJ x="778" scaleX="0.4" width="80" scaleY="0.4" height="80" y="414" mark="MJ" group="deviceComp" deviceName="MJ-B1F-RDJ-D06" source="assets/comp/MJ/bg.png" deviceID="1390014"/>
    <TEXT width="105" borderColor="0xffffff" color="255" fontSize="12" height="17" sizeAuto="true" textAlign="center" group="commonComp" contentBackgroundColor="16777215" source="assets/comp/TEXTINPUT/label.png" x="758" y="448" text="2#商业变配电东门" fontFamily="微软雅黑" widthInChars="4" contentBackgroundAlpha="1" borderVisible="false" param="" deviceID="" fontWeight="normal"/>
    <TEXT width="119" borderColor="0xffffff" color="255" fontSize="12" height="17" sizeAuto="true" textAlign="center" group="commonComp" contentBackgroundColor="16777215" source="assets/comp/TEXTINPUT/label.png" x="1048" y="188" text="地下室弱电机房西门" fontFamily="微软雅黑" widthInChars="4" contentBackgroundAlpha="1" borderVisible="false" param="" deviceID="" fontWeight="normal"/>
    <MJ x="1137" scaleX="0.4" width="80" scaleY="0.4" height="80" y="155" mark="MJ" group="deviceComp" deviceName="MJ-B1F-04-D01" source="assets/comp/MJ/bg.png" deviceID="1390015"/>
    <MJ x="1180" scaleX="0.4" width="80" scaleY="0.4" height="80" y="155" mark="MJ" group="deviceComp" deviceName="MJ-B1F-04-D02" source="assets/comp/MJ/bg.png" deviceID="1390016"/>
    <TEXT width="119" borderColor="0xffffff" color="255" fontSize="12" height="17" sizeAuto="true" textAlign="center" group="commonComp" contentBackgroundColor="16777215" source="assets/comp/TEXTINPUT/label.png" x="1173" y="189" text="地下室弱电机房东门" fontFamily="微软雅黑" widthInChars="4" contentBackgroundAlpha="1" borderVisible="false" param="" deviceID="" fontWeight="normal"/>
  </Components>
</Configration>