<?xml version="1.0" encoding="utf-8"?><Configration Width="1076.8187919463087" Height="542">
  <LIST>
    <Component>
      <BQSX/>
      <QSX/>
    </Component>
    <Image>
      <B1NODE source="assets/comp/B1Node.png"/>
    </Image>
  </LIST>
  <Components>
    <B1NODE scale="0.75" scaleX="0.75" scaleY="0.75" rotation="0" x="0" y="0"/>
    <BQSX scale="0.2" deviceID="196" scaleY="0.2" scaleX="0.2" isPop="true" rotation="0" popType="video" x="236" y="102"/>
    <TEXT rotation="0" fontSize="12" scale="1" widthInChars="2" deviceID="" scaleY="1" fontFamily="宋体" scaleX="1" color="255" text="180#" fontWeight="normal" param="" textAlign="right" x="232" y="87"/>
    <QSX scale="0.2" deviceID="198" scaleY="0.2" scaleX="0.2" isPop="true" rotation="0" popType="video" x="302" y="126"/>
    <BQSX scale="0.2" deviceID="197" scaleY="0.2" scaleX="0.2" isPop="true" rotation="0" popType="video" x="282" y="104"/>
    <TEXT rotation="0" fontSize="12" scale="1" widthInChars="2" deviceID="" scaleY="1" fontFamily="宋体" scaleX="1" color="255" text="186#" fontWeight="normal" param="" textAlign="right" x="251" y="63"/>
    <TEXT rotation="0" fontSize="12" scale="1" widthInChars="2" deviceID="" scaleY="1" fontFamily="宋体" scaleX="1" color="255" text="182#" fontWeight="normal" param="" textAlign="right" x="296" y="111"/>
    <BQSX scale="0.2" deviceID="199" scaleY="0.2" scaleX="0.2" isPop="true" rotation="0" popType="video" x="225" y="128"/>
    <TEXT rotation="0" fontSize="12" scale="1" widthInChars="2" deviceID="" scaleY="1" fontFamily="宋体" scaleX="1" color="255" text="183#" fontWeight="normal" param="" textAlign="right" x="221" y="140"/>
    <QSX scale="0.2" deviceID="200" scaleY="0.2" scaleX="0.2" isPop="true" rotation="0" popType="video" x="287" y="56"/>
    <TEXT rotation="0" fontSize="12" scale="1" widthInChars="2" deviceID="" scaleY="1" fontFamily="宋体" scaleX="1" color="255" text="184#" fontWeight="normal" param="" textAlign="right" x="280" y="40"/>
    <QSX scale="0.2" deviceID="201" scaleY="0.2" scaleX="0.2" isPop="true" rotation="0" popType="video" x="305" y="70"/>
    <TEXT rotation="0" fontSize="12" scale="1" widthInChars="2" deviceID="" scaleY="1" fontFamily="宋体" scaleX="1" color="255" text="185#" fontWeight="normal" param="" textAlign="right" x="301" y="80"/>
    <BQSX scale="0.2" deviceID="202" scaleY="0.2" scaleX="0.2" isPop="true" rotation="0" popType="video" x="275" y="71"/>
    <TEXT rotation="0" fontSize="12" scale="1" widthInChars="2" deviceID="" scaleY="1" fontFamily="宋体" scaleX="1" color="255" text="181#" fontWeight="normal" param="" textAlign="right" x="277" y="92"/>
    <BQSX scale="0.2" deviceID="206" scaleY="0.2" scaleX="0.2" isPop="true" rotation="0" popType="video" x="339" y="175"/>
    <TEXT rotation="0" fontSize="12" scale="1" widthInChars="2" deviceID="" scaleY="1" fontFamily="宋体" scaleX="1" color="255" text="187#" fontWeight="normal" param="" textAlign="right" x="367" y="94"/>
    <QSX scale="0.2" deviceID="204" scaleY="0.2" scaleX="0.2" isPop="true" rotation="0" popType="video" x="402" y="67"/>
    <TEXT rotation="0" fontSize="12" scale="1" widthInChars="2" deviceID="" scaleY="1" fontFamily="宋体" scaleX="1" color="255" text="188#" fontWeight="normal" param="" textAlign="right" x="397" y="49"/>
    <QSX scale="0.2" deviceID="205" scaleY="0.2" scaleX="0.2" isPop="true" rotation="0" popType="video" x="403" y="126"/>
    <TEXT rotation="0" fontSize="12" scale="1" widthInChars="2" deviceID="" scaleY="1" fontFamily="宋体" scaleX="1" color="255" text="189#" fontWeight="normal" param="" textAlign="right" x="400" y="111"/>
    <BQSX scale="0.2" deviceID="203" scaleY="0.2" scaleX="0.2" isPop="true" rotation="0" popType="video" x="375" y="112"/>
    <TEXT rotation="0" fontSize="12" scale="1" widthInChars="2" deviceID="" scaleY="1" fontFamily="宋体" scaleX="1" color="255" text="190#" fontWeight="normal" param="" textAlign="right" x="331" y="186"/>
    <BQSX scale="0.2" deviceID="208" scaleY="0.2" scaleX="0.2" isPop="true" rotation="0" popType="video" x="408" y="163"/>
    <TEXT rotation="0" fontSize="12" scale="1" widthInChars="2" deviceID="" scaleY="1" fontFamily="宋体" scaleX="1" color="255" text="191#" fontWeight="normal" param="" textAlign="right" x="363" y="158"/>
    <BQSX scale="0.2" deviceID="207" scaleY="0.2" scaleX="0.2" isPop="true" rotation="0" popType="video" x="367" y="176"/>
    <TEXT rotation="0" fontSize="12" scale="1" widthInChars="2" deviceID="" scaleY="1" fontFamily="宋体" scaleX="1" color="255" text="193#" fontWeight="normal" param="" textAlign="right" x="435" y="155"/>
    <BQSX scale="0.2" deviceID="209" scaleY="0.2" scaleX="0.2" isPop="true" rotation="0" popType="video" x="441" y="172"/>
    <TEXT rotation="0" fontSize="12" scale="1" widthInChars="2" deviceID="" scaleY="1" fontFamily="宋体" scaleX="1" color="255" text="192#" fontWeight="normal" param="" textAlign="right" x="402" y="174"/>
    <QSX scale="0.2" deviceID="211" scaleY="0.2" scaleX="0.2" isPop="true" rotation="0" popType="video" x="487" y="118"/>
    <TEXT rotation="0" fontSize="12" scale="1" widthInChars="2" deviceID="" scaleY="1" fontFamily="宋体" scaleX="1" color="255" text="197#" fontWeight="normal" param="" textAlign="right" x="567" y="55"/>
    <QSX scale="0.2" deviceID="210" scaleY="0.2" scaleX="0.2" isPop="true" rotation="0" popType="video" x="488" y="72"/>
    <TEXT rotation="0" fontSize="12" scale="1" widthInChars="2" deviceID="" scaleY="1" fontFamily="宋体" scaleX="1" color="255" text="196#" fontWeight="normal" param="" textAlign="right" x="480" y="147"/>
    <QSX scale="0.2" deviceID="212" scaleY="0.2" scaleX="0.2" isPop="true" rotation="0" popType="video" x="488" y="134"/>
    <TEXT rotation="0" fontSize="12" scale="1" widthInChars="2" deviceID="" scaleY="1" fontFamily="宋体" scaleX="1" color="255" text="195#" fontWeight="normal" param="" textAlign="right" x="483" y="101"/>
    <QSX scale="0.2" deviceID="213" scaleY="0.2" scaleX="0.2" isPop="true" rotation="0" popType="video" x="574" y="70"/>
    <TEXT rotation="0" fontSize="12" scale="1" widthInChars="2" deviceID="" scaleY="1" fontFamily="宋体" scaleX="1" color="255" text="194#" fontWeight="normal" param="" textAlign="right" x="484" y="57"/>
    <BQSX scale="0.2" deviceID="214" scaleY="0.2" scaleX="0.2" isPop="true" rotation="0" popType="video" x="596" y="92"/>
    <TEXT rotation="0" fontSize="12" scale="1" widthInChars="2" deviceID="" scaleY="1" fontFamily="宋体" scaleX="1" color="255" text="198#" fontWeight="normal" param="" textAlign="right" x="589" y="77"/>
    <QSX scale="0.2" deviceID="215" scaleY="0.2" scaleX="0.2" isPop="true" rotation="0" popType="video" x="574" y="124"/>
    <TEXT rotation="0" fontSize="12" scale="1" widthInChars="2" deviceID="" scaleY="1" fontFamily="宋体" scaleX="1" color="255" text="199#" fontWeight="normal" param="" textAlign="right" x="571" y="109"/>
    <QSX scale="0.2" deviceID="216" scaleY="0.2" scaleX="0.2" isPop="true" rotation="0" popType="video" x="661" y="76"/>
    <TEXT rotation="0" fontSize="12" scale="1" widthInChars="2" deviceID="" scaleY="1" fontFamily="宋体" scaleX="1" color="255" text="200#" fontWeight="normal" param="" textAlign="right" x="653" y="61"/>
    <BQSX scale="0.2" deviceID="217" scaleY="0.2" scaleX="0.2" isPop="true" rotation="0" popType="video" x="714" y="71"/>
    <TEXT rotation="0" fontSize="12" scale="1" widthInChars="2" deviceID="" scaleY="1" fontFamily="宋体" scaleX="1" color="255" text="201#" fontWeight="normal" param="" textAlign="right" x="711" y="55"/>
    <QSX scale="0.2" deviceID="226" scaleY="0.2" scaleX="0.2" isPop="true" rotation="0" popType="video" x="748" y="189"/>
    <TEXT rotation="0" fontSize="12" scale="1" widthInChars="2" deviceID="" scaleY="1" fontFamily="宋体" scaleX="1" color="255" text="202#" fontWeight="normal" param="" textAlign="right" x="664" y="130"/>
    <QSX scale="0.2" deviceID="218" scaleY="0.2" scaleX="0.2" isPop="true" rotation="0" popType="video" x="672" y="148"/>
    <BQSX scale="0.2" deviceID="220" scaleY="0.2" scaleX="0.2" isPop="true" rotation="0" popType="video" x="824" y="133"/>
    <TEXT rotation="0" fontSize="12" scale="1" widthInChars="2" deviceID="" scaleY="1" fontFamily="宋体" scaleX="1" color="255" text="203#" fontWeight="normal" param="" textAlign="right" x="765" y="131"/>
    <BQSX scale="0.2" deviceID="219" scaleY="0.2" scaleX="0.2" isPop="true" rotation="0" popType="video" x="773" y="149"/>
    <TEXT rotation="0" fontSize="12" scale="1" widthInChars="2" deviceID="" scaleY="1" fontFamily="宋体" scaleX="1" color="255" text="204#" fontWeight="normal" param="" textAlign="right" x="819" y="118"/>
    <BQSX scale="0.2" deviceID="221" scaleY="0.2" scaleX="0.2" isPop="true" rotation="0" popType="video" x="803" y="170"/>
    <TEXT rotation="0" fontSize="12" scale="1" widthInChars="2" deviceID="" scaleY="1" fontFamily="宋体" scaleX="1" color="255" text="205#" fontWeight="normal" param="" textAlign="right" x="795" y="154"/>
    <BQSX scale="0.2" deviceID="222" scaleY="0.2" scaleX="0.2" isPop="true" rotation="0" popType="video" x="846" y="171"/>
    <TEXT rotation="0" fontSize="12" scale="1" widthInChars="2" deviceID="" scaleY="1" fontFamily="宋体" scaleX="1" color="255" text="206#" fontWeight="normal" param="" textAlign="right" x="838" y="155"/>
    <BQSX scale="0.2" deviceID="223" scaleY="0.2" scaleX="0.2" isPop="true" rotation="0" popType="video" x="612" y="159"/>
    <TEXT rotation="0" fontSize="12" scale="1" widthInChars="2" deviceID="" scaleY="1" fontFamily="宋体" scaleX="1" color="255" text="207#" fontWeight="normal" param="" textAlign="right" x="607" y="171"/>
    <BQSX scale="0.2" deviceID="224" scaleY="0.2" scaleX="0.2" isPop="true" rotation="0" popType="video" x="649" y="159"/>
    <TEXT rotation="0" fontSize="12" scale="1" widthInChars="2" deviceID="" scaleY="1" fontFamily="宋体" scaleX="1" color="255" text="208#" fontWeight="normal" param="" textAlign="right" x="645" y="169"/>
    <BQSX scale="0.2" deviceID="225" scaleY="0.2" scaleX="0.2" isPop="true" rotation="0" popType="video" x="697" y="200"/>
    <TEXT rotation="0" fontSize="12" scale="1" widthInChars="2" deviceID="" scaleY="1" fontFamily="宋体" scaleX="1" color="255" text="209#" fontWeight="normal" param="" textAlign="right" x="691" y="186"/>
    <TEXT rotation="0" fontSize="12" scale="1" widthInChars="2" deviceID="" scaleY="1" fontFamily="宋体" scaleX="1" color="255" text="210#" fontWeight="normal" param="" textAlign="right" x="745" y="174"/>
    <QSX scale="0.2" deviceID="227" scaleY="0.2" scaleX="0.2" isPop="true" rotation="0" popType="video" x="764" y="206"/>
    <TEXT rotation="0" fontSize="12" scale="1" widthInChars="2" deviceID="" scaleY="1" fontFamily="宋体" scaleX="1" color="255" text="211#" fontWeight="normal" param="" textAlign="right" x="758" y="217"/>
    <QSX scale="0.2" deviceID="228" scaleY="0.2" scaleX="0.2" isPop="true" rotation="0" popType="video" x="656" y="208"/>
    <TEXT rotation="0" fontSize="12" scale="1" widthInChars="2" deviceID="" scaleY="1" fontFamily="宋体" scaleX="1" color="255" text="213#" fontWeight="normal" param="" textAlign="right" x="531" y="212"/>
    <QSX scale="0.2" deviceID="229" scaleY="0.2" scaleX="0.2" isPop="true" rotation="0" popType="video" x="538" y="203"/>
    <TEXT rotation="0" fontSize="12" scale="1" widthInChars="2" deviceID="" scaleY="1" fontFamily="宋体" scaleX="1" color="255" text="212#" fontWeight="normal" param="" textAlign="right" x="653" y="223"/>
    <TEXT rotation="0" fontSize="12" scale="1" widthInChars="2" deviceID="" scaleY="1" fontFamily="宋体" scaleX="1" color="255" text="214#" fontWeight="normal" param="" textAlign="right" x="563" y="173"/>
    <TEXT rotation="0" fontSize="12" scale="1" widthInChars="2" deviceID="" scaleY="1" fontFamily="宋体" scaleX="1" color="255" text="215#" fontWeight="normal" param="" textAlign="right" x="514" y="174"/>
    <QSX scale="0.2" deviceID="232" rotation="0" scaleY="0.2" isPop="true" scaleX="0.2" popType="video" x="474" y="205"/>
    <TEXT rotation="0" fontSize="12" scale="1" widthInChars="2" deviceID="" scaleY="1" fontFamily="宋体" scaleX="1" color="255" text="216#" fontWeight="normal" param="" textAlign="right" x="470" y="215"/>
    <BQSX scale="0.2" deviceID="230" rotation="0" scaleY="0.2" isPop="true" scaleX="0.2" popType="video" x="573" y="162"/>
    <BQSX scale="0.2" deviceID="231" rotation="0" scaleY="0.2" isPop="true" scaleX="0.2" popType="video" x="521" y="164"/>
    <QSX scale="0.2" deviceID="233" scaleY="0.2" scaleX="0.2" isPop="true" rotation="0" popType="video" x="400" y="205"/>
    <TEXT rotation="0" fontSize="12" scale="1" widthInChars="2" deviceID="" scaleY="1" fontFamily="宋体" scaleX="1" color="255" text="217#" fontWeight="normal" param="" textAlign="right" x="394" y="218"/>
    <QSX scale="0.2" deviceID="234" rotation="0" scaleY="0.2" isPop="true" scaleX="0.2" popType="video" x="303" y="196"/>
    <TEXT rotation="0" fontSize="12" scale="1" widthInChars="2" deviceID="" scaleY="1" fontFamily="宋体" scaleX="1" color="255" text="218#" fontWeight="normal" param="" textAlign="right" x="300" y="179"/>
    <QSX scale="0.2" deviceID="235" rotation="0" scaleY="0.2" isPop="true" scaleX="0.2" popType="video" x="304" y="212"/>
    <TEXT rotation="0" fontSize="12" scale="1" widthInChars="2" deviceID="" scaleY="1" fontFamily="宋体" scaleX="1" color="255" text="220#" fontWeight="normal" param="" textAlign="right" x="144" y="186"/>
    <BQSX scale="0.2" deviceID="236" rotation="0" scaleY="0.2" isPop="true" scaleX="0.2" popType="video" x="147" y="204"/>
    <TEXT rotation="0" fontSize="12" scale="1" widthInChars="2" deviceID="" scaleY="1" fontFamily="宋体" scaleX="1" color="255" text="219#" fontWeight="normal" param="" textAlign="right" x="302" y="224"/>
    <BQSX scale="0.2" deviceID="237" scaleY="0.2" scaleX="0.2" isPop="true" rotation="0" popType="video" x="146" y="263"/>
    <TEXT rotation="0" fontSize="12" scale="1" widthInChars="2" deviceID="" scaleY="1" fontFamily="宋体" scaleX="1" color="255" text="221#" fontWeight="normal" param="" textAlign="right" x="143" y="248"/>
    <QSX scale="0.2" deviceID="238" rotation="0" scaleY="0.2" isPop="true" scaleX="0.2" popType="video" x="195" y="244"/>
    <TEXT rotation="0" fontSize="12" scale="1" widthInChars="2" deviceID="" scaleY="1" fontFamily="宋体" scaleX="1" color="255" text="222#" fontWeight="normal" param="" textAlign="right" x="192" y="227"/>
    <BQSX scale="0.2" deviceID="239" rotation="0" scaleY="0.2" isPop="true" scaleX="0.2" popType="video" x="146" y="306"/>
    <TEXT rotation="0" fontSize="12" scale="1" widthInChars="2" deviceID="" scaleY="1" fontFamily="宋体" scaleX="1" color="255" text="223#" fontWeight="normal" param="" textAlign="right" x="143" y="290"/>
    <BQSX scale="0.2" deviceID="240" rotation="0" scaleY="0.2" isPop="true" scaleX="0.2" popType="video" x="146" y="331"/>
    <TEXT rotation="0" fontSize="12" scale="1" widthInChars="2" deviceID="" scaleY="1" fontFamily="宋体" scaleX="1" color="255" text="224#" fontWeight="normal" param="" textAlign="right" x="141" y="343"/>
    <QSX scale="0.2" deviceID="247" scaleY="0.2" scaleX="0.2" isPop="true" rotation="0" popType="video" x="143" y="442"/>
    <TEXT rotation="0" fontSize="12" scale="1" widthInChars="2" deviceID="" scaleY="1" fontFamily="宋体" scaleX="1" color="255" text="225#" fontWeight="normal" param="" textAlign="right" x="188" y="307"/>
    <QSX scale="0.2" deviceID="242" rotation="0" scaleY="0.2" isPop="true" scaleX="0.2" popType="video" x="247" y="327"/>
    <TEXT rotation="0" fontSize="12" scale="1" widthInChars="2" deviceID="" scaleY="1" fontFamily="宋体" scaleX="1" color="255" text="226#" fontWeight="normal" param="" textAlign="right" x="243" y="311"/>
    <QSX scale="0.2" deviceID="243" rotation="0" scaleY="0.2" isPop="true" scaleX="0.2" popType="video" x="304" y="326"/>
    <TEXT rotation="0" fontSize="12" scale="1" widthInChars="2" deviceID="" scaleY="1" fontFamily="宋体" scaleX="1" color="255" text="227#" fontWeight="normal" param="" textAlign="right" x="302" y="310"/>
    <BQSX scale="0.2" deviceID="245" rotation="0" scaleY="0.2" isPop="true" scaleX="0.2" popType="video" x="402" y="238"/>
    <TEXT rotation="0" fontSize="12" scale="1" widthInChars="2" deviceID="" scaleY="1" fontFamily="宋体" scaleX="1" color="255" text="228#" fontWeight="normal" param="" textAlign="right" x="397" y="250"/>
    <BQSX scale="0.2" deviceID="246" scaleY="0.2" scaleX="0.2" isPop="true" rotation="0" popType="video" x="268" y="382"/>
    <TEXT rotation="0" fontSize="12" scale="1" widthInChars="2" deviceID="" scaleY="1" fontFamily="宋体" scaleX="1" color="255" text="232#" fontWeight="normal" param="" textAlign="right" x="217" y="450"/>
    <QSX scale="0.2" deviceID="241" rotation="0" scaleY="0.2" isPop="true" scaleX="0.2" popType="video" x="196" y="327"/>
    <TEXT rotation="0" fontSize="12" scale="1" widthInChars="2" deviceID="" scaleY="1" fontFamily="宋体" scaleX="1" color="255" text="229#" fontWeight="normal" param="" textAlign="right" x="266" y="394"/>
    <QSX scale="0.2" deviceID="249" rotation="0" scaleY="0.2" isPop="true" scaleX="0.2" popType="video" x="221" y="441"/>
    <TEXT rotation="0" fontSize="12" scale="1" widthInChars="2" deviceID="" scaleY="1" fontFamily="宋体" scaleX="1" color="255" text="230#" fontWeight="normal" param="" textAlign="right" x="138" y="426"/>
    <QSX scale="0.2" deviceID="248" rotation="0" scaleY="0.2" isPop="true" scaleX="0.2" popType="video" x="196" y="432"/>
    <TEXT rotation="0" fontSize="12" scale="1" widthInChars="2" deviceID="" scaleY="1" fontFamily="宋体" scaleX="1" color="255" text="231#" fontWeight="normal" param="" textAlign="right" x="193" y="416"/>
    <QSX scale="0.2" deviceID="251" rotation="0" scaleY="0.2" isPop="true" scaleX="0.2" popType="video" x="773" y="318"/>
    <TEXT rotation="0" fontSize="12" scale="1" widthInChars="2" deviceID="" scaleY="1" fontFamily="宋体" scaleX="1" color="255" text="234#" fontWeight="normal" param="" textAlign="right" x="770" y="299"/>
    <QSX scale="0.2" deviceID="250" rotation="0" scaleY="0.2" isPop="true" scaleX="0.2" popType="video" x="253" y="433"/>
    <TEXT rotation="0" fontSize="12" scale="1" widthInChars="2" deviceID="" scaleY="1" fontFamily="宋体" scaleX="1" color="255" text="233#" fontWeight="normal" param="" textAlign="right" x="246" y="414"/>
    <QSX scale="0.2" deviceID="252" rotation="0" scaleY="0.2" isPop="true" scaleX="0.2" popType="video" x="776" y="334"/>
    <TEXT rotation="0" fontSize="12" scale="1" widthInChars="2" deviceID="" scaleY="1" fontFamily="宋体" scaleX="1" color="255" text="235#" fontWeight="normal" param="" textAlign="right" x="775" y="345"/>
    <QSX scale="0.2" deviceID="253" scaleY="0.2" scaleX="0.2" isPop="true" rotation="0" popType="video" x="830" y="318"/>
    <TEXT rotation="0" fontSize="12" scale="1" widthInChars="2" deviceID="" scaleY="1" fontFamily="宋体" scaleX="1" color="255" text="236#" fontWeight="normal" param="" textAlign="right" x="826" y="303"/>
    <QSX scale="0.2" deviceID="254" rotation="0" scaleY="0.2" isPop="true" scaleX="0.2" popType="video" x="877" y="340"/>
    <TEXT rotation="0" fontSize="12" scale="1" widthInChars="2" deviceID="" scaleY="1" fontFamily="宋体" scaleX="1" color="255" text="237#" fontWeight="normal" param="" textAlign="right" x="874" y="352"/>
  </Components>
</Configration>