<?xml version="1.0" encoding="utf-8"?>
<Configration Width="1435" Height="712">
  <LIST>
    <Component>
      <QSX/>
      <BQSX/>
    </Component>
    <Image>
      <B1NODE source="mapAssets/mapImages/B1Node.png" group="map"/>
      <LCB1 source="assets/comp/LCB1.png"/>
      <TULI source="assets/comp/TULI/TULI.png"/>
      <QSXZCTULI source="assets/comp/TULI/QSXZC.png"/>
      <QSXBJTULI source="assets/comp/TULI/QSXBJ.png"/>
      <BQSXZCTULI source="assets/comp/TULI/BQSXZC.png"/>
      <BQSXBJTULI source="assets/comp/TULI/BQSXBJ.png"/>
      <ZNSXZCTULI source="assets/comp/TULI/ZNSXZC.png"/>
      <ZNSXBJTULI source="assets/comp/TULI/ZNSXBJ.png"/>
    </Image>
  </LIST>
  <Components>
    <B1NODE deviceName="C365_B1层F2区通道F258" source="mapAssets/mapImages/B1Node.png" deviceID="10364" x="1" y="-2" width="1434" group="map" height="714"/>
    <QSX source="assets/comp/QSX/alarm/0/1.png" height="80" deviceName="JK-B1F-01-K02" scaleY="0.3" y="180.45" scaleX="0.3" x="12.25" width="80" group="commonComp" deviceID="640020" mark="TSX"/>
    <LCB1 x="10" y="10" height="92" source="assets/comp/LCB1.png" width="110" group="bg"/>
    <TULI source="assets/comp/TULI/TULI.png" scaleX="1.2" scaleY="1.2" x="1158" y="562" width="225" group="tuli" height="124"/>
    <TEXT group="commonComp" textAlign="center" fontSize="14" fontFamily="微软雅黑" width="32" height="19" contentBackgroundColor="16777215" deviceID="" text="正常" borderColor="0xffffff" source="assets/comp/TEXTINPUT/label.png" fontWeight="normal" widthInChars="4" contentBackgroundAlpha="0" borderVisible="false" y="594" param="" x="1280" color="255" sizeAuto="true"/>
    <TEXT group="commonComp" textAlign="center" fontSize="14" fontFamily="微软雅黑" width="32" height="19" contentBackgroundColor="16777215" deviceID="" text="报警" borderColor="0xffffff" source="assets/comp/TEXTINPUT/label.png" fontWeight="normal" widthInChars="4" contentBackgroundAlpha="0" borderVisible="false" y="594" param="" x="1351" color="255" sizeAuto="true"/>
    <QSXZCTULI source="assets/comp/TULI/QSXZC.png" scaleX="0.3" scaleY="0.3" x="1282" y="617" width="80" group="tuli" height="80"/>
    <QSXBJTULI source="assets/comp/TULI/QSXBJ.png" scaleX="0.3" scaleY="0.3" x="1355" y="617" width="80" group="tuli" height="80"/>
    <BQSXZCTULI source="assets/comp/TULI/BQSXZC.png" scaleX="0.3" scaleY="0.3" x="1282" y="641" width="80" group="tuli" height="80"/>
    <BQSXBJTULI source="assets/comp/TULI/BQSXBJ.png" scaleX="0.3" scaleY="0.3" x="1355" y="641" width="80" group="tuli" height="80"/>
    <ZNSXZCTULI source="assets/comp/TULI/ZNSXZC.png" scaleX="0.3" scaleY="0.3" x="1282" y="667" width="80" group="tuli" height="80"/>
    <ZNSXBJTULI source="assets/comp/TULI/ZNSXBJ.png" scaleX="0.3" scaleY="0.3" x="1354" y="667" width="80" group="tuli" height="80"/>
    <TEXT group="commonComp" textAlign="center" fontSize="14" fontFamily="微软雅黑" width="32" height="19" contentBackgroundColor="16777215" deviceID="" text="枪机" borderColor="0xffffff" source="assets/comp/TEXTINPUT/label.png" fontWeight="normal" widthInChars="4" contentBackgroundAlpha="0" borderVisible="false" y="619" param="" x="1203" color="255" sizeAuto="true"/>
    <TEXT group="commonComp" textAlign="center" fontSize="14" fontFamily="微软雅黑" width="32" height="19" contentBackgroundColor="16777215" deviceID="" text="半球" borderColor="0xffffff" source="assets/comp/TEXTINPUT/label.png" fontWeight="normal" widthInChars="4" contentBackgroundAlpha="0" borderVisible="false" y="643" param="" x="1203" color="255" sizeAuto="true"/>
    <TEXT group="commonComp" textAlign="center" fontSize="14" fontFamily="微软雅黑" width="32" height="19" contentBackgroundColor="16777215" deviceID="" text="云台" borderColor="0xffffff" source="assets/comp/TEXTINPUT/label.png" fontWeight="normal" widthInChars="4" contentBackgroundAlpha="0" borderVisible="false" y="667" param="" x="1203" color="255" sizeAuto="true"/>
    <BQSX source="assets/comp/BQSX/alarm/0/1.png" height="80" deviceName="JK-B1F-01-BD01" scaleY="0.3" y="131.45" scaleX="0.3" x="20.05000000000001" width="80" group="commonComp" deviceID="640019" mark="TSX"/>
    <QSX source="assets/comp/QSX/alarm/0/1.png" height="80" deviceName="JK-B1F-01-K03" scaleY="0.3" y="209" scaleX="0.3" x="11" width="80" group="commonComp" deviceID="640021" mark="TSX"/>
    <QSX source="assets/comp/QSX/alarm/0/1.png" height="80" deviceName="JK-B1F-01-K04" scaleY="0.3" y="211.75" scaleX="0.3" x="45.900000000000006" width="80" group="commonComp" deviceID="640022" mark="TSX"/>
    <QSX source="assets/comp/QSX/alarm/0/1.png" height="80" deviceName="JK-B1F-01-K05" scaleY="0.3" y="240.64999999999998" scaleX="0.3" x="13.650000000000006" width="80" group="commonComp" deviceID="640023" mark="TSX"/>
    <QSX source="assets/comp/QSX/alarm/0/1.png" height="80" deviceName="JK-B1F-01-K06" scaleY="0.3" y="267.65" scaleX="0.3" x="12.35" width="80" group="commonComp" deviceID="640024" mark="TSX"/>
    <QSX source="assets/comp/QSX/alarm/0/1.png" height="80" deviceName="JK-B1F-01-KD07" scaleY="0.3" y="186.3" scaleX="0.3" x="75.25" width="80" group="commonComp" deviceID="640025" mark="TSX"/>
    <QSX source="assets/comp/QSX/alarm/0/1.png" height="80" deviceName="JK-B1F-01-K08" scaleY="0.3" y="182" scaleX="0.3" x="118.35000000000002" width="80" group="commonComp" deviceID="640026" mark="TSX"/>
    <QSX source="assets/comp/QSX/alarm/0/1.png" height="80" deviceName="JK-B1F-01-K09" scaleY="0.3" y="123.89999999999999" scaleX="0.3" x="108.60000000000002" width="80" group="commonComp" deviceID="640027" mark="TSX"/>
    <QSX source="assets/comp/QSX/alarm/0/1.png" height="80" deviceName="JK-B1F-01-K10" scaleY="0.3" y="131.65" scaleX="0.3" x="148" width="80" group="commonComp" deviceID="640028" mark="TSX"/>
    <QSX source="assets/comp/QSX/alarm/0/1.png" height="80" deviceName="JK-B1F-01-K11" scaleY="0.3" y="180.9" scaleX="0.3" x="152.75" width="80" group="commonComp" deviceID="640029" mark="TSX"/>
    <QSX source="assets/comp/QSX/alarm/0/1.png" height="80" deviceName="JK-B1F-01-K12" scaleY="0.3" y="183.35" scaleX="0.3" x="183.3" width="80" group="commonComp" deviceID="640030" mark="TSX"/>
    <QSX source="assets/comp/QSX/alarm/0/1.png" height="80" deviceName="JK-B1F-01-KD13" scaleY="0.3" y="329" scaleX="0.3" x="179.00000000000006" width="80" group="commonComp" deviceID="640031" mark="TSX"/>
    <QSX source="assets/comp/QSX/alarm/0/1.png" height="80" deviceName="JK-B1F-02-KD01" scaleY="0.3" y="182.35" scaleX="0.3" x="257" width="80" group="commonComp" deviceID="640032" mark="TSX"/>
    <QSX source="assets/comp/QSX/alarm/0/1.png" height="80" deviceName="JK-B1F-02-KD02" scaleY="0.3" y="210.7" scaleX="0.3" x="256.3" width="80" group="commonComp" deviceID="640033" mark="TSX"/>
    <QSX source="assets/comp/QSX/alarm/0/1.png" height="80" deviceName="JK-B1F-02-KD03" scaleY="0.3" y="187.65000000000003" scaleX="0.3" x="385.70000000000005" width="80" group="commonComp" deviceID="640034" mark="TSX"/>
    <QSX source="assets/comp/QSX/alarm/0/1.png" height="80" deviceName="JK-B1F-02-KD04" scaleY="0.3" y="185" scaleX="0.3" x="505.65" width="80" group="commonComp" deviceID="640035" mark="TSX"/>
    <QSX source="assets/comp/QSX/alarm/0/1.png" height="80" deviceName="JK-B1F-02-KD05" scaleY="0.3" y="270.35" scaleX="0.3" x="265.65000000000003" width="80" group="commonComp" deviceID="640036" mark="TSX"/>
    <QSX source="assets/comp/QSX/alarm/0/1.png" height="80" deviceName="JK-B1F-02-KD06" scaleY="0.3" y="267.6499999999999" scaleX="0.3" x="387" width="80" group="commonComp" deviceID="640037" mark="TSX"/>
    <QSX source="assets/comp/QSX/alarm/0/1.png" height="80" deviceName="JK-B1F-02-KD07" scaleY="0.3" y="270.30000000000007" scaleX="0.3" x="553.65" width="80" group="commonComp" deviceID="640038" mark="TSX"/>
    <QSX source="assets/comp/QSX/alarm/0/1.png" height="80" deviceName="JK-B1F-02-KD08" scaleY="0.3" y="355.65" scaleX="0.3" x="263" width="80" group="commonComp" deviceID="640039" mark="TSX"/>
    <QSX source="assets/comp/QSX/alarm/0/1.png" height="80" deviceName="JK-B1F-02-KD09" scaleY="0.3" y="357" scaleX="0.3" x="348.35" width="80" group="commonComp" deviceID="640040" mark="TSX"/>
    <QSX source="assets/comp/QSX/alarm/0/1.png" height="80" deviceName="JK-B1F-02-KD10" scaleY="0.3" y="358.35" scaleX="0.3" x="552.35" width="80" group="commonComp" deviceID="640041" mark="TSX"/>
    <QSX source="assets/comp/QSX/alarm/0/1.png" height="80" deviceName="JK-B1F-03-KD01" scaleY="0.3" y="185" scaleX="0.3" x="668.25" width="80" group="commonComp" deviceID="640042" mark="TSX"/>
    <QSX source="assets/comp/QSX/alarm/0/1.png" height="80" deviceName="JK-B1F-03-KD04" scaleY="0.3" y="185" scaleX="0.3" x="880.35" width="80" group="commonComp" deviceID="640045" mark="TSX"/>
    <QSX source="assets/comp/QSX/alarm/0/1.png" height="80" deviceName="JK-B1F-03-BD05" scaleY="0.3" y="187.65" scaleX="0.3" x="919" width="80" group="commonComp" deviceID="640046" mark="TSX"/>
    <QSX source="assets/comp/QSX/alarm/0/1.png" height="80" deviceName="JK-B1F-03-KD07" scaleY="0.3" y="271.65" scaleX="0.3" x="709.65" width="80" group="commonComp" deviceID="640048" mark="TSX"/>
    <QSX source="assets/comp/QSX/alarm/0/1.png" height="80" deviceName="JK-B1F-03-KD08" scaleY="0.3" y="298.35" scaleX="0.3" x="807" width="80" group="commonComp" deviceID="640049" mark="TSX"/>
    <QSX source="assets/comp/QSX/alarm/0/1.png" height="80" deviceName="JK-B1F-03-KD08" scaleY="0.3" y="267.65" scaleX="0.3" x="872.65" width="80" group="commonComp" deviceID="640049" mark="TSX"/>
    <BQSX source="assets/comp/BQSX/alarm/0/1.png" height="80" deviceName="JK-B1F-04-BD01" scaleY="0.3" y="151.65" scaleX="0.3" x="1095" width="80" group="commonComp" deviceID="640050" mark="TSX"/>
    <QSX source="assets/comp/QSX/alarm/0/1.png" height="80" deviceName="JK-B1F-04-KD02" scaleY="0.3" y="186.35" scaleX="0.3" x="1083" width="80" group="commonComp" deviceID="640051" mark="TSX"/>
    <QSX source="assets/comp/QSX/alarm/0/1.png" height="80" deviceName="JK-B1F-04-K03" scaleY="0.3" y="129.75" scaleX="0.3" x="1128.85" width="80" group="commonComp" deviceID="640052" mark="TSX"/>
    <QSX source="assets/comp/QSX/alarm/0/1.png" height="80" deviceName="JK-B1F-04-K04" scaleY="0.3" y="164.8" scaleX="0.3" x="1121.3" width="80" group="commonComp" deviceID="640053" mark="TSX"/>
    <QSX source="assets/comp/QSX/alarm/0/1.png" height="80" deviceName="JK-B1F-04-K05" scaleY="0.3" y="143.7" scaleX="0.3" x="1158.25" width="80" group="commonComp" deviceID="640054" mark="TSX"/>
    <QSX source="assets/comp/QSX/alarm/0/1.png" height="80" deviceName="JK-B1F-04-K06" scaleY="0.3" y="137.65" scaleX="0.3" x="1202.35" width="80" group="commonComp" deviceID="640055" mark="TSX"/>
    <QSX source="assets/comp/QSX/alarm/0/1.png" height="80" deviceName="JK-B1F-04-K07" scaleY="0.3" y="159.95000000000002" scaleX="0.3" x="1234" width="80" group="commonComp" deviceID="640056" mark="TSX"/>
    <QSX source="assets/comp/QSX/alarm/0/1.png" height="80" deviceName="JK-B1F-04-KD08" scaleY="0.3" y="186.65" scaleX="0.3" x="1255.65" width="80" group="commonComp" deviceID="640057" mark="TSX"/>
    <QSX source="assets/comp/QSX/alarm/0/1.png" height="80" deviceName="JK-B1F-04-KD09" scaleY="0.3" y="187.65" scaleX="0.3" x="1364.35" width="80" group="commonComp" deviceID="640058" mark="TSX"/>
    <QSX source="assets/comp/QSX/alarm/0/1.png" height="80" deviceName="JK-B1F-04-KD10" scaleY="0.3" y="268.9" scaleX="0.3" x="1079" width="80" group="commonComp" deviceID="640059" mark="TSX"/>
    <QSX source="assets/comp/QSX/alarm/0/1.png" height="80" deviceName="JK-B1F-04-KD11" scaleY="0.3" y="269" scaleX="0.3" x="1237.65" width="80" group="commonComp" deviceID="640060" mark="TSX"/>
    <QSX source="assets/comp/QSX/alarm/0/1.png" height="80" deviceName="JK-B1F-04-KD12" scaleY="0.3" y="351.65" scaleX="0.3" x="1015" width="80" group="commonComp" deviceID="640061" mark="TSX"/>
    <QSX source="assets/comp/QSX/alarm/0/1.png" height="80" deviceName="JK-B1F-04-KDQ13" scaleY="0.3" y="361" scaleX="0.3" x="1073.65" width="80" group="commonComp" deviceID="640062" mark="TSX"/>
    <QSX source="assets/comp/QSX/alarm/0/1.png" height="80" deviceName="JK-B1F-04-KD14" scaleY="0.3" y="354.65" scaleX="0.3" x="1201.65" width="80" group="commonComp" deviceID="640063" mark="TSX"/>
    <QSX source="assets/comp/QSX/alarm/0/1.png" height="80" deviceName="JK-B1F-04-KD15" scaleY="0.3" y="390.35" scaleX="0.3" x="1201.65" width="80" group="commonComp" deviceID="640064" mark="TSX"/>
    <QSX source="assets/comp/QSX/alarm/0/1.png" height="80" deviceName="JK-B1F-04-K16" scaleY="0.3" y="406.35" scaleX="0.3" x="1357.65" width="80" group="commonComp" deviceID="640065" mark="TSX"/>
    <QSX source="assets/comp/QSX/alarm/0/1.png" height="80" deviceName="JK-B1F-04-KDQ17" scaleY="0.3" y="438.35" scaleX="0.3" x="1332.35" width="80" group="commonComp" deviceID="640066" mark="TSX"/>
    <BQSX source="assets/comp/BQSX/alarm/0/1.png" height="80" deviceName="JK-B1F-04-BD18" scaleY="0.3" y="421" scaleX="0.3" x="1196.35" width="80" group="commonComp" deviceID="640067" mark="TSX"/>
    <QSX source="assets/comp/QSX/alarm/0/1.png" height="80" deviceName="JK-B1F-04-K19" scaleY="0.3" y="443.65" scaleX="0.3" x="1144.35" width="80" group="commonComp" deviceID="640068" mark="TSX"/>
    <QSX source="assets/comp/QSX/alarm/0/1.png" height="80" deviceName="JK-B1F-04-KD20" scaleY="0.3" y="455.55000000000007" scaleX="0.3" x="1036.3000000000002" width="80" group="commonComp" deviceID="640069" mark="TSX"/>
    <QSX source="assets/comp/QSX/alarm/0/1.png" height="80" deviceName="JK-B1F-C-K11" scaleY="0.3" y="143.6" scaleX="0.3" x="321.74999999999994" width="80" group="commonComp" deviceID="640070" mark="TSX"/>
    <BQSX source="assets/comp/BQSX/alarm/0/1.png" height="80" deviceName="JK-B1F-C-BD12" scaleY="0.3" y="146.35" scaleX="0.3" x="379" width="80" group="commonComp" deviceID="640071" mark="TSX"/>
    <QSX source="assets/comp/QSX/alarm/0/1.png" height="80" deviceName="JK-B1F-C-K13" scaleY="0.3" y="147.75" scaleX="0.3" x="618.75" width="80" group="commonComp" deviceID="640072" mark="TSX"/>
    <QSX source="assets/comp/QSX/alarm/0/1.png" height="80" deviceName="JK-B1F-D-K10" scaleY="0.3" y="146.35000000000002" scaleX="0.3" x="820.3499999999999" width="80" group="commonComp" deviceID="640073" mark="TSX"/>
    <BQSX source="assets/comp/BQSX/alarm/0/1.png" height="80" deviceName="JK-B1F-D-BD11" scaleY="0.3" y="143.35" scaleX="0.3" x="875.0500000000002" width="80" group="commonComp" deviceID="640074" mark="TSX"/>
    <QSX source="assets/comp/QSX/alarm/0/1.png" height="80" deviceName="JK-B1F-D-K12" scaleY="0.3" y="147.65" scaleX="0.3" x="975" width="80" group="commonComp" deviceID="640075" mark="TSX"/>
    <QSX source="assets/comp/QSX/alarm/0/1.png" height="80" deviceName="JK-B1F-RDJ-K01" scaleY="0.3" y="415.1" scaleX="0.3" x="35.650000000000006" width="80" group="commonComp" deviceID="640001" mark="TSX"/>
    <BQSX source="assets/comp/BQSX/alarm/0/1.png" height="80" deviceName="JK-B1F-RDJ-BD02" scaleY="0.3" y="435.65" scaleX="0.3" x="62.349999999999994" width="80" group="commonComp" deviceID="640002" mark="TSX"/>
    <QSX source="assets/comp/QSX/alarm/0/1.png" height="80" deviceName="JK-B1F-RDJ-KD03" scaleY="0.3" y="462.35" scaleX="0.3" x="62" width="80" group="commonComp" deviceID="640003" mark="TSX"/>
    <QSX source="assets/comp/QSX/alarm/0/1.png" height="80" deviceName="JK-B1F-RDJ-KD04" scaleY="0.3" y="487.65" scaleX="0.3" x="88.35" width="80" group="commonComp" deviceID="640004" mark="TSX"/>
    <QSX source="assets/comp/QSX/alarm/0/1.png" height="80" deviceName="JK-B1F-RDJ-K06" scaleY="0.3" y="445" scaleX="0.3" x="333.65" width="80" group="commonComp" deviceID="640005" mark="TSX"/>
    <QSX source="assets/comp/QSX/alarm/0/1.png" height="80" deviceName="JK-B1F-RDJ-K07" scaleY="0.3" y="438.35" scaleX="0.3" x="373.65" width="80" group="commonComp" deviceID="640006" mark="TSX"/>
    <QSX source="assets/comp/QSX/alarm/0/1.png" height="80" deviceName="JK-B1F-RDJ-KD08" scaleY="0.3" y="457" scaleX="0.3" x="417.65" width="80" group="commonComp" deviceID="640007" mark="TSX"/>
    <QSX source="assets/comp/QSX/alarm/0/1.png" height="80" deviceName="JK-B1F-RDJ-K09" scaleY="0.3" y="451.65" scaleX="0.3" x="531" width="80" group="commonComp" deviceID="640008" mark="TSX"/>
    <BQSX source="assets/comp/BQSX/alarm/0/1.png" height="80" deviceName="JK-B1F-RDJ-BD10" scaleY="0.3" y="428.65" scaleX="0.3" x="576.35" width="80" group="commonComp" deviceID="640009" mark="TSX"/>
    <QSX source="assets/comp/QSX/alarm/0/1.png" height="80" deviceName="JK-B1F-RDJ-KD11" scaleY="0.3" y="453.4" scaleX="0.3" x="644.9" width="80" group="commonComp" deviceID="640010" mark="TSX"/>
    <QSX source="assets/comp/QSX/alarm/0/1.png" height="80" deviceName="JK-B1F-RDJ-K12" scaleY="0.3" y="434.65" scaleX="0.3" x="701.65" width="80" group="commonComp" deviceID="640011" mark="TSX"/>
    <QSX source="assets/comp/QSX/alarm/0/1.png" height="80" deviceName="JK-B1F-RDJ-K13" scaleY="0.3" y="413.65" scaleX="0.3" x="733" width="80" group="commonComp" deviceID="640012" mark="TSX"/>
    <QSX source="assets/comp/QSX/alarm/0/1.png" height="80" deviceName="JK-B1F-RDJ-K14" scaleY="0.3" y="457.65" scaleX="0.3" x="736" width="80" group="commonComp" deviceID="640013" mark="TSX"/>
    <QSX source="assets/comp/QSX/alarm/0/1.png" height="80" deviceName="JK-B1F-RDJ-K15" scaleY="0.3" y="433.35" scaleX="0.3" x="781.3" width="80" group="commonComp" deviceID="640014" mark="TSX"/>
    <QSX source="assets/comp/QSX/alarm/0/1.png" height="80" deviceName="JK-B1F-RDJ-K16" scaleY="0.3" y="439" scaleX="0.3" x="827.35" width="80" group="commonComp" deviceID="640015" mark="TSX"/>
    <QSX source="assets/comp/QSX/alarm/0/1.png" height="80" deviceName="JK-B1F-RDJ-K17" scaleY="0.3" y="412.65" scaleX="0.3" x="878.6500000000001" width="80" group="commonComp" deviceID="640016" mark="TSX"/>
    <QSX source="assets/comp/QSX/alarm/0/1.png" height="80" deviceName="JK-B1F-RDJ-KD18" scaleY="0.3" y="459" scaleX="0.3" x="876.3499999999999" width="80" group="commonComp" deviceID="640017" mark="TSX"/>
    <BQSX source="assets/comp/BQSX/alarm/0/1.png" height="80" deviceName="JK-B1F-RDJ-BD19" scaleY="0.3" y="445" scaleX="0.3" x="968.35" width="80" group="commonComp" deviceID="640018" mark="TSX"/>
    <BQSX source="assets/comp/BQSX/alarm/0/1.png" height="80" deviceName="JK-B1F-F-BD08" scaleY="0.3" y="407.65" scaleX="0.3" x="256" width="80" group="commonComp" deviceID="640076" mark="TSX"/>
    <TEXT group="commonComp" textAlign="center" fontSize="12" fontFamily="微软雅黑" width="73" height="17" contentBackgroundColor="16777215" deviceID="" text="1号货梯门口" borderColor="0xffffff" source="assets/comp/TEXTINPUT/label.png" fontWeight="normal" widthInChars="4" contentBackgroundAlpha="1" borderVisible="false" y="114" param="" x="-34" color="0x444444" sizeAuto="true"/>
    <TEXT group="commonComp" textAlign="center" fontSize="12" fontFamily="微软雅黑" width="79" height="17" contentBackgroundColor="16777215" deviceID="" text="13号楼梯入口" borderColor="0xffffff" source="assets/comp/TEXTINPUT/label.png" fontWeight="normal" widthInChars="4" contentBackgroundAlpha="1" borderVisible="false" y="397" param="" x="20" color="0x444444" sizeAuto="true"/>
    <TEXT group="commonComp" textAlign="center" fontSize="12" fontFamily="微软雅黑" width="86" height="17" contentBackgroundColor="16777215" deviceID="" text="1号隔油间门口" borderColor="0xffffff" source="assets/comp/TEXTINPUT/label.png" fontWeight="normal" widthInChars="4" contentBackgroundAlpha="1" borderVisible="false" y="439" param="" x="86" color="0x444444" sizeAuto="true"/>
    <TEXT group="commonComp" textAlign="center" fontSize="12" fontFamily="微软雅黑" width="67" height="17" contentBackgroundColor="16777215" deviceID="" text="西卸货平台" borderColor="0xffffff" source="assets/comp/TEXTINPUT/label.png" fontWeight="normal" widthInChars="4" contentBackgroundAlpha="1" borderVisible="false" y="464" param="" x="89" color="0x444444" sizeAuto="true"/>
    <TEXT group="commonComp" textAlign="center" fontSize="12" fontFamily="微软雅黑" width="80" height="17" contentBackgroundColor="16777215" deviceID="" text="西卸货平台南" borderColor="0xffffff" source="assets/comp/TEXTINPUT/label.png" fontWeight="normal" widthInChars="4" contentBackgroundAlpha="1" borderVisible="false" y="493" param="" x="115" color="0x444444" sizeAuto="true"/>
    <TEXT group="commonComp" textAlign="center" fontSize="12" fontFamily="微软雅黑" width="79" height="17" contentBackgroundColor="16777215" deviceID="" text="16号楼梯入口" borderColor="0xffffff" source="assets/comp/TEXTINPUT/label.png" fontWeight="normal" widthInChars="4" contentBackgroundAlpha="1" borderVisible="false" y="474" param="" x="297" color="0x444444" sizeAuto="true"/>
    <TEXT group="commonComp" textAlign="center" fontSize="12" fontFamily="微软雅黑" width="66" height="17" contentBackgroundColor="16777215" deviceID="" text="16号楼梯间" borderColor="0xffffff" source="assets/comp/TEXTINPUT/label.png" fontWeight="normal" widthInChars="4" contentBackgroundAlpha="1" borderVisible="false" y="418" param="" x="355" color="0x444444" sizeAuto="true"/>
    <TEXT group="commonComp" textAlign="center" fontSize="12" fontFamily="微软雅黑" width="67" height="17" contentBackgroundColor="16777215" deviceID="" text="弱电间门口" borderColor="0xffffff" source="assets/comp/TEXTINPUT/label.png" fontWeight="normal" widthInChars="4" contentBackgroundAlpha="1" borderVisible="false" y="484" param="" x="398" color="0x444444" sizeAuto="true"/>
    <TEXT group="commonComp" textAlign="center" fontSize="12" fontFamily="微软雅黑" width="79" height="17" contentBackgroundColor="16777215" deviceID="" text="18号楼梯入口" borderColor="0xffffff" source="assets/comp/TEXTINPUT/label.png" fontWeight="normal" widthInChars="4" contentBackgroundAlpha="1" borderVisible="false" y="479" param="" x="507" color="0x444444" sizeAuto="true"/>
    <TEXT group="commonComp" textAlign="center" fontSize="12" fontFamily="微软雅黑" width="118" height="17" contentBackgroundColor="16777215" deviceID="" text="6、7号货梯合用前室" borderColor="0xffffff" source="assets/comp/TEXTINPUT/label.png" fontWeight="normal" widthInChars="4" contentBackgroundAlpha="1" borderVisible="false" y="410" param="" x="490" color="0x444444" sizeAuto="true"/>
    <TEXT group="commonComp" textAlign="center" fontSize="12" fontFamily="微软雅黑" width="67" height="17" contentBackgroundColor="16777215" deviceID="" text="工具间门口" borderColor="0xffffff" source="assets/comp/TEXTINPUT/label.png" fontWeight="normal" widthInChars="4" contentBackgroundAlpha="1" borderVisible="false" y="481" param="" x="626" color="0x444444" sizeAuto="true"/>
    <TEXT group="commonComp" textAlign="center" fontSize="12" fontFamily="微软雅黑" width="112" height="17" contentBackgroundColor="16777215" deviceID="" text="2号商业变配电西门" borderColor="0xffffff" source="assets/comp/TEXTINPUT/label.png" fontWeight="normal" widthInChars="4" contentBackgroundAlpha="1" borderVisible="false" y="416" param="" x="616" color="0x444444" sizeAuto="true"/>
    <TEXT group="commonComp" textAlign="center" fontSize="12" fontFamily="微软雅黑" width="99" height="17" contentBackgroundColor="16777215" deviceID="" text="2号商业变配电北" borderColor="0xffffff" source="assets/comp/TEXTINPUT/label.png" fontWeight="normal" widthInChars="4" contentBackgroundAlpha="1" borderVisible="false" y="392" param="" x="664" color="0x444444" sizeAuto="true"/>
    <TEXT group="commonComp" textAlign="center" fontSize="12" fontFamily="微软雅黑" width="99" height="17" contentBackgroundColor="16777215" deviceID="" text="2号商业变配电南" borderColor="0xffffff" source="assets/comp/TEXTINPUT/label.png" fontWeight="normal" widthInChars="4" contentBackgroundAlpha="1" borderVisible="false" y="484" param="" x="704" color="0x444444" sizeAuto="true"/>
    <TEXT group="commonComp" textAlign="center" fontSize="12" fontFamily="微软雅黑" width="112" height="17" contentBackgroundColor="16777215" deviceID="" text="2号商业变配电东门" borderColor="0xffffff" source="assets/comp/TEXTINPUT/label.png" fontWeight="normal" widthInChars="4" contentBackgroundAlpha="1" borderVisible="false" y="415" param="" x="761" color="0x444444" sizeAuto="true"/>
    <TEXT group="commonComp" textAlign="center" fontSize="12" fontFamily="微软雅黑" width="79" height="17" contentBackgroundColor="16777215" deviceID="" text="26号楼梯入口" borderColor="0xffffff" source="assets/comp/TEXTINPUT/label.png" fontWeight="normal" widthInChars="4" contentBackgroundAlpha="1" borderVisible="false" y="464" param="" x="788" color="0x444444" sizeAuto="true"/>
    <TEXT group="commonComp" textAlign="center" fontSize="12" fontFamily="微软雅黑" width="106" height="17" contentBackgroundColor="16777215" deviceID="" text="超市变电所西楼梯" borderColor="0xffffff" source="assets/comp/TEXTINPUT/label.png" fontWeight="normal" widthInChars="4" contentBackgroundAlpha="1" borderVisible="false" y="395" param="" x="875" color="0x444444" sizeAuto="true"/>
    <TEXT group="commonComp" textAlign="center" fontSize="12" fontFamily="微软雅黑" width="106" height="17" contentBackgroundColor="16777215" deviceID="" text="超市变电所西门口" borderColor="0xffffff" source="assets/comp/TEXTINPUT/label.png" fontWeight="normal" widthInChars="4" contentBackgroundAlpha="1" borderVisible="false" y="485" param="" x="852" color="0x444444" sizeAuto="true"/>
    <TEXT group="commonComp" textAlign="center" fontSize="12" fontFamily="微软雅黑" width="73" height="17" contentBackgroundColor="16777215" deviceID="" text="9号货梯前室" borderColor="0xffffff" source="assets/comp/TEXTINPUT/label.png" fontWeight="normal" widthInChars="4" contentBackgroundAlpha="1" borderVisible="false" y="424" param="" x="939" color="0x444444" sizeAuto="true"/>
    <TEXT group="commonComp" textAlign="center" fontSize="12" fontFamily="微软雅黑" width="119" height="17" contentBackgroundColor="16777215" deviceID="" text="制冷机房变电所北门" borderColor="0xffffff" source="assets/comp/TEXTINPUT/label.png" fontWeight="normal" widthInChars="4" contentBackgroundAlpha="1" borderVisible="false" y="161" param="" x="-88" color="0x444444" sizeAuto="true"/>
    <TEXT group="commonComp" textAlign="center" fontSize="12" fontFamily="微软雅黑" width="106" height="17" contentBackgroundColor="16777215" deviceID="" text="制冷机房变电所西" borderColor="0xffffff" source="assets/comp/TEXTINPUT/label.png" fontWeight="normal" widthInChars="4" contentBackgroundAlpha="1" borderVisible="false" y="210" param="" x="-96" color="0x444444" sizeAuto="true"/>
    <TEXT group="commonComp" textAlign="center" fontSize="12" fontFamily="微软雅黑" width="119" height="17" contentBackgroundColor="16777215" deviceID="" text="制冷机房变电所南门" borderColor="0xffffff" source="assets/comp/TEXTINPUT/label.png" fontWeight="normal" widthInChars="4" contentBackgroundAlpha="1" borderVisible="false" y="243" param="" x="-107" color="0x444444" sizeAuto="true"/>
    <TEXT group="commonComp" textAlign="center" fontSize="12" fontFamily="微软雅黑" width="106" height="17" contentBackgroundColor="16777215" deviceID="" text="制冷机房变电所东" borderColor="0xffffff" source="assets/comp/TEXTINPUT/label.png" fontWeight="normal" widthInChars="4" contentBackgroundAlpha="1" borderVisible="false" y="237" param="" x="42" color="0x444444" sizeAuto="true"/>
    <TEXT group="commonComp" textAlign="center" fontSize="12" fontFamily="微软雅黑" width="41" height="17" contentBackgroundColor="16777215" deviceID="" text="控制室" borderColor="0xffffff" source="assets/comp/TEXTINPUT/label.png" fontWeight="normal" widthInChars="4" contentBackgroundAlpha="1" borderVisible="false" y="295" param="" x="3" color="0x444444" sizeAuto="true"/>
    <TEXT group="commonComp" textAlign="center" fontSize="12" fontFamily="微软雅黑" width="119" height="17" contentBackgroundColor="16777215" deviceID="" text="制冷机房变电所门前" borderColor="0xffffff" source="assets/comp/TEXTINPUT/label.png" fontWeight="normal" widthInChars="4" contentBackgroundAlpha="1" borderVisible="false" y="211" param="" x="76" color="0x444444" sizeAuto="true"/>
    <TEXT group="commonComp" textAlign="center" fontSize="12" fontFamily="微软雅黑" width="112" height="17" contentBackgroundColor="16777215" deviceID="" text="1号商业变电所西门" borderColor="0xffffff" source="assets/comp/TEXTINPUT/label.png" fontWeight="normal" widthInChars="4" contentBackgroundAlpha="1" borderVisible="false" y="163" param="" x="35" color="0x444444" sizeAuto="true"/>
    <TEXT group="commonComp" textAlign="center" fontSize="12" fontFamily="微软雅黑" width="99" height="17" contentBackgroundColor="16777215" deviceID="" text="1号商业变电所西" borderColor="0xffffff" source="assets/comp/TEXTINPUT/label.png" fontWeight="normal" widthInChars="4" contentBackgroundAlpha="1" borderVisible="false" y="105" param="" x="46" color="0x444444" sizeAuto="true"/>
    <TEXT group="commonComp" textAlign="center" fontSize="12" fontFamily="微软雅黑" width="99" height="17" contentBackgroundColor="16777215" deviceID="" text="1号商业变电所东" borderColor="0xffffff" source="assets/comp/TEXTINPUT/label.png" fontWeight="normal" widthInChars="4" contentBackgroundAlpha="1" borderVisible="false" y="113" param="" x="149" color="0x444444" sizeAuto="true"/>
    <TEXT group="commonComp" textAlign="center" fontSize="12" fontFamily="微软雅黑" width="112" height="17" contentBackgroundColor="16777215" deviceID="" text="1号商业变电所东门" borderColor="0xffffff" source="assets/comp/TEXTINPUT/label.png" fontWeight="normal" widthInChars="4" contentBackgroundAlpha="1" borderVisible="false" y="161" param="" x="154" color="0x444444" sizeAuto="true"/>
    <TEXT group="commonComp" textAlign="center" fontSize="12" fontFamily="微软雅黑" width="41" height="17" contentBackgroundColor="16777215" deviceID="" text="开闭间" borderColor="0xffffff" source="assets/comp/TEXTINPUT/label.png" fontWeight="normal" widthInChars="4" contentBackgroundAlpha="1" borderVisible="false" y="187" param="" x="209" color="0x444444" sizeAuto="true"/>
    <TEXT group="commonComp" textAlign="center" fontSize="12" fontFamily="微软雅黑" width="119" height="17" contentBackgroundColor="16777215" deviceID="" text="消防水泵房门口走廊" borderColor="0xffffff" source="assets/comp/TEXTINPUT/label.png" fontWeight="normal" widthInChars="4" contentBackgroundAlpha="1" borderVisible="false" y="309" param="" x="103" color="0x444444" sizeAuto="true"/>
    <TEXT group="commonComp" textAlign="center" fontSize="12" fontFamily="微软雅黑" width="93" height="17" contentBackgroundColor="16777215" deviceID="" text="排风机房东向南" borderColor="0xffffff" source="assets/comp/TEXTINPUT/label.png" fontWeight="normal" widthInChars="4" contentBackgroundAlpha="1" borderVisible="false" y="184" param="" x="282" color="0x444444" sizeAuto="true"/>
    <TEXT group="commonComp" textAlign="center" fontSize="12" fontFamily="微软雅黑" width="93" height="17" contentBackgroundColor="16777215" deviceID="" text="排风机房东向东" borderColor="0xffffff" source="assets/comp/TEXTINPUT/label.png" fontWeight="normal" widthInChars="4" contentBackgroundAlpha="1" borderVisible="false" y="215" param="" x="282" color="0x444444" sizeAuto="true"/>
    <TEXT group="commonComp" textAlign="center" fontSize="12" fontFamily="微软雅黑" width="79" height="17" contentBackgroundColor="16777215" deviceID="" text="13号隔油间北" borderColor="0xffffff" source="assets/comp/TEXTINPUT/label.png" fontWeight="normal" widthInChars="4" contentBackgroundAlpha="1" borderVisible="false" y="214" param="" x="387" color="0x444444" sizeAuto="true"/>
    <TEXT group="commonComp" textAlign="center" fontSize="12" fontFamily="微软雅黑" width="106" height="17" contentBackgroundColor="16777215" deviceID="" text="二号自行车坡道南" borderColor="0xffffff" source="assets/comp/TEXTINPUT/label.png" fontWeight="normal" widthInChars="4" contentBackgroundAlpha="1" borderVisible="false" y="211" param="" x="486" color="0x444444" sizeAuto="true"/>
    <TEXT group="commonComp" textAlign="center" fontSize="12" fontFamily="微软雅黑" width="67" height="17" contentBackgroundColor="16777215" deviceID="" text="停车场最西" borderColor="0xffffff" source="assets/comp/TEXTINPUT/label.png" fontWeight="normal" widthInChars="4" contentBackgroundAlpha="1" borderVisible="false" y="295" param="" x="249" color="0x444444" sizeAuto="true"/>
    <TEXT group="commonComp" textAlign="center" fontSize="12" fontFamily="微软雅黑" width="79" height="17" contentBackgroundColor="16777215" deviceID="" text="13号隔油间南" borderColor="0xffffff" source="assets/comp/TEXTINPUT/label.png" fontWeight="normal" widthInChars="4" contentBackgroundAlpha="1" borderVisible="false" y="295" param="" x="373" color="0x444444" sizeAuto="true"/>
    <TEXT group="commonComp" textAlign="center" fontSize="12" fontFamily="微软雅黑" width="92" height="17" contentBackgroundColor="16777215" deviceID="" text="JK-B1F-02-KD07" borderColor="0xffffff" source="assets/comp/TEXTINPUT/label.png" fontWeight="normal" widthInChars="4" contentBackgroundAlpha="1" borderVisible="false" y="297" param="" x="530" color="0x444444" sizeAuto="true"/>
    <TEXT group="commonComp" textAlign="center" fontSize="12" fontFamily="微软雅黑" width="79" height="17" contentBackgroundColor="16777215" deviceID="" text="1、2号客梯北" borderColor="0xffffff" source="assets/comp/TEXTINPUT/label.png" fontWeight="normal" widthInChars="4" contentBackgroundAlpha="1" borderVisible="false" y="335.65" param="" x="241" color="0x444444" sizeAuto="true"/>
    <TEXT group="commonComp" textAlign="center" fontSize="12" fontFamily="微软雅黑" width="106" height="17" contentBackgroundColor="16777215" deviceID="" text="西南战时配电间北" borderColor="0xffffff" source="assets/comp/TEXTINPUT/label.png" fontWeight="normal" widthInChars="4" contentBackgroundAlpha="1" borderVisible="false" y="336" param="" x="333" color="0x444444" sizeAuto="true"/>
    <TEXT group="commonComp" textAlign="center" fontSize="12" fontFamily="微软雅黑" width="93" height="17" contentBackgroundColor="16777215" deviceID="" text="南战时配电间北" borderColor="0xffffff" source="assets/comp/TEXTINPUT/label.png" fontWeight="normal" widthInChars="4" contentBackgroundAlpha="1" borderVisible="false" y="339" param="" x="521" color="0x444444" sizeAuto="true"/>
    <TEXT group="commonComp" textAlign="center" fontSize="12" fontFamily="微软雅黑" width="92" height="17" contentBackgroundColor="16777215" deviceID="" text="12号隔油间东南" borderColor="0xffffff" source="assets/comp/TEXTINPUT/label.png" fontWeight="normal" widthInChars="4" contentBackgroundAlpha="1" borderVisible="false" y="212" param="" x="640" color="0x444444" sizeAuto="true"/>
    <TEXT group="commonComp" textAlign="center" fontSize="12" fontFamily="微软雅黑" width="60" height="17" contentBackgroundColor="16777215" deviceID="" text="6号扶梯北" borderColor="0xffffff" source="assets/comp/TEXTINPUT/label.png" fontWeight="normal" widthInChars="4" contentBackgroundAlpha="1" borderVisible="false" y="212" param="" x="847" color="0x444444" sizeAuto="true"/>
    <TEXT group="commonComp" textAlign="center" fontSize="12" fontFamily="微软雅黑" width="47" height="17" contentBackgroundColor="16777215" deviceID="" text="6号扶梯" borderColor="0xffffff" source="assets/comp/TEXTINPUT/label.png" fontWeight="normal" widthInChars="4" contentBackgroundAlpha="1" borderVisible="false" y="168" param="" x="909" color="0x444444" sizeAuto="true"/>
    <TEXT group="commonComp" textAlign="center" fontSize="12" fontFamily="微软雅黑" width="107" height="17" contentBackgroundColor="16777215" deviceID="" text="B4平时进风机房北" borderColor="0xffffff" source="assets/comp/TEXTINPUT/label.png" fontWeight="normal" widthInChars="4" contentBackgroundAlpha="1" borderVisible="false" y="253" param="" x="665" color="0x444444" sizeAuto="true"/>
    <TEXT group="commonComp" textAlign="center" fontSize="12" fontFamily="微软雅黑" width="119" height="17" contentBackgroundColor="16777215" deviceID="" text="东南战时配电间东北" borderColor="0xffffff" source="assets/comp/TEXTINPUT/label.png" fontWeight="normal" widthInChars="4" contentBackgroundAlpha="1" borderVisible="false" y="323" param="" x="762" color="0x444444" sizeAuto="true"/>
    <TEXT group="commonComp" textAlign="center" fontSize="12" fontFamily="微软雅黑" width="100" height="17" contentBackgroundColor="16777215" deviceID="" text="3,4,5,6号客梯前室" borderColor="0xffffff" source="assets/comp/TEXTINPUT/label.png" fontWeight="normal" widthInChars="4" contentBackgroundAlpha="1" borderVisible="false" y="132" param="" x="1018" color="0x444444" sizeAuto="true"/>
    <TEXT group="commonComp" textAlign="center" fontSize="12" fontFamily="微软雅黑" width="126" height="17" contentBackgroundColor="16777215" deviceID="" text="3,4,5,6号客梯前室门外" borderColor="0xffffff" source="assets/comp/TEXTINPUT/label.png" fontWeight="normal" widthInChars="4" contentBackgroundAlpha="1" borderVisible="false" y="213" param="" x="1008" color="0x444444" sizeAuto="true"/>
    <TEXT group="commonComp" textAlign="center" fontSize="12" fontFamily="微软雅黑" width="80" height="17" contentBackgroundColor="16777215" deviceID="" text="弱电机房西北" borderColor="0xffffff" source="assets/comp/TEXTINPUT/label.png" fontWeight="normal" widthInChars="4" contentBackgroundAlpha="1" borderVisible="false" y="110" param="" x="1120" color="0x444444" sizeAuto="true"/>
    <TEXT group="commonComp" textAlign="center" fontSize="12" fontFamily="微软雅黑" width="80" height="17" contentBackgroundColor="16777215" deviceID="" text="弱电机房西南" borderColor="0xffffff" source="assets/comp/TEXTINPUT/label.png" fontWeight="normal" widthInChars="4" contentBackgroundAlpha="1" borderVisible="false" y="191" param="" x="1116" color="0x444444" sizeAuto="true"/>
    <TEXT group="commonComp" textAlign="center" fontSize="12" fontFamily="微软雅黑" width="67" height="17" contentBackgroundColor="16777215" deviceID="" text="弱电机房中" borderColor="0xffffff" source="assets/comp/TEXTINPUT/label.png" fontWeight="normal" widthInChars="4" contentBackgroundAlpha="1" borderVisible="false" y="169" param="" x="1152" color="0x444444" sizeAuto="true"/>
    <TEXT group="commonComp" textAlign="center" fontSize="12" fontFamily="微软雅黑" width="80" height="17" contentBackgroundColor="16777215" deviceID="" text="弱电机房东门" borderColor="0xffffff" source="assets/comp/TEXTINPUT/label.png" fontWeight="normal" widthInChars="4" contentBackgroundAlpha="1" borderVisible="false" y="119" param="" x="1207" color="0x444444" sizeAuto="true"/>
    <TEXT group="commonComp" textAlign="center" fontSize="12" fontFamily="微软雅黑" width="79" height="17" contentBackgroundColor="16777215" deviceID="" text="23号楼梯入口" borderColor="0xffffff" source="assets/comp/TEXTINPUT/label.png" fontWeight="normal" widthInChars="4" contentBackgroundAlpha="1" borderVisible="false" y="161" param="" x="1261" color="0x444444" sizeAuto="true"/>
    <TEXT group="commonComp" textAlign="center" fontSize="12" fontFamily="微软雅黑" width="86" height="17" contentBackgroundColor="16777215" deviceID="" text="9号隔油间门口" borderColor="0xffffff" source="assets/comp/TEXTINPUT/label.png" fontWeight="normal" widthInChars="4" contentBackgroundAlpha="1" borderVisible="false" y="211" param="" x="1230" color="0x444444" sizeAuto="true"/>
    <TEXT group="commonComp" textAlign="center" fontSize="12" fontFamily="微软雅黑" width="80" height="17" contentBackgroundColor="16777215" deviceID="" text="地下室东北角" borderColor="0xffffff" source="assets/comp/TEXTINPUT/label.png" fontWeight="normal" widthInChars="4" contentBackgroundAlpha="1" borderVisible="false" y="214" param="" x="1335" color="0x444444" sizeAuto="true"/>
    <TEXT group="commonComp" textAlign="center" fontSize="12" fontFamily="微软雅黑" width="125" height="17" contentBackgroundColor="16777215" deviceID="" text="1号汽车坡道东（外）" borderColor="0xffffff" source="assets/comp/TEXTINPUT/label.png" fontWeight="normal" widthInChars="4" contentBackgroundAlpha="1" borderVisible="false" y="297" param="" x="1038" color="0x444444" sizeAuto="true"/>
    <TEXT group="commonComp" textAlign="center" fontSize="12" fontFamily="微软雅黑" width="60" height="17" contentBackgroundColor="16777215" deviceID="" text="8号扶梯南" borderColor="0xffffff" source="assets/comp/TEXTINPUT/label.png" fontWeight="normal" widthInChars="4" contentBackgroundAlpha="1" borderVisible="false" y="295" param="" x="1223" color="0x444444" sizeAuto="true"/>
    <TEXT group="commonComp" textAlign="center" fontSize="12" fontFamily="微软雅黑" width="146" height="17" contentBackgroundColor="16777215" deviceID="" text="B5平时排风机房北（外）" borderColor="0xffffff" source="assets/comp/TEXTINPUT/label.png" fontWeight="normal" widthInChars="4" contentBackgroundAlpha="1" borderVisible="false" y="331" param="" x="935" color="0x444444" sizeAuto="true"/>
    <TEXT group="commonComp" textAlign="center" fontSize="12" fontFamily="微软雅黑" width="86" height="17" contentBackgroundColor="16777215" deviceID="" text="1号汽车坡道下" borderColor="0xffffff" source="assets/comp/TEXTINPUT/label.png" fontWeight="normal" widthInChars="4" contentBackgroundAlpha="1" borderVisible="false" y="387" param="" x="1051" color="0x444444" sizeAuto="true"/>
    <TEXT group="commonComp" textAlign="center" fontSize="12" fontFamily="微软雅黑" width="80" height="17" contentBackgroundColor="16777215" deviceID="" text="东卸货平台北" borderColor="0xffffff" source="assets/comp/TEXTINPUT/label.png" fontWeight="normal" widthInChars="4" contentBackgroundAlpha="1" borderVisible="false" y="333" param="" x="1179" color="0x444444" sizeAuto="true"/>
    <TEXT group="commonComp" textAlign="center" fontSize="12" fontFamily="微软雅黑" width="67" height="17" contentBackgroundColor="16777215" deviceID="" text="东卸货平台" borderColor="0xffffff" source="assets/comp/TEXTINPUT/label.png" fontWeight="normal" widthInChars="4" contentBackgroundAlpha="1" borderVisible="false" y="392" param="" x="1229" color="0x444444" sizeAuto="true"/>
    <TEXT group="commonComp" textAlign="center" fontSize="12" fontFamily="微软雅黑" width="79" height="17" contentBackgroundColor="16777215" deviceID="" text="36号楼梯入口" borderColor="0xffffff" source="assets/comp/TEXTINPUT/label.png" fontWeight="normal" widthInChars="4" contentBackgroundAlpha="1" borderVisible="false" y="387" param="" x="1334" color="0x444444" sizeAuto="true"/>
    <TEXT group="commonComp" textAlign="center" fontSize="12" fontFamily="微软雅黑" width="73" height="17" contentBackgroundColor="16777215" deviceID="" text="2号汽车坡道" borderColor="0xffffff" source="assets/comp/TEXTINPUT/label.png" fontWeight="normal" widthInChars="4" contentBackgroundAlpha="1" borderVisible="false" y="464" param="" x="1314" color="0x444444" sizeAuto="true"/>
    <TEXT group="commonComp" textAlign="center" fontSize="12" fontFamily="微软雅黑" width="94" height="17" contentBackgroundColor="16777215" deviceID="" text="10,11号货梯前室" borderColor="0xffffff" source="assets/comp/TEXTINPUT/label.png" fontWeight="normal" widthInChars="4" contentBackgroundAlpha="1" borderVisible="false" y="446" param="" x="1183" color="0x444444" sizeAuto="true"/>
    <TEXT group="commonComp" textAlign="center" fontSize="12" fontFamily="微软雅黑" width="79" height="17" contentBackgroundColor="16777215" deviceID="" text="30号楼梯入口" borderColor="0xffffff" source="assets/comp/TEXTINPUT/label.png" fontWeight="normal" widthInChars="4" contentBackgroundAlpha="1" borderVisible="false" y="471" param="" x="1119" color="0x444444" sizeAuto="true"/>
    <TEXT group="commonComp" textAlign="center" fontSize="12" fontFamily="微软雅黑" width="119" height="17" contentBackgroundColor="16777215" deviceID="" text="超市制冷机房西门外" borderColor="0xffffff" source="assets/comp/TEXTINPUT/label.png" fontWeight="normal" widthInChars="4" contentBackgroundAlpha="1" borderVisible="false" y="480" param="" x="988" color="0x444444" sizeAuto="true"/>
    <TEXT group="commonComp" textAlign="center" fontSize="12" fontFamily="微软雅黑" width="73" height="17" contentBackgroundColor="16777215" deviceID="" text="5号楼梯入口" borderColor="0xffffff" source="assets/comp/TEXTINPUT/label.png" fontWeight="normal" widthInChars="4" contentBackgroundAlpha="1" borderVisible="false" y="124" param="" x="290" color="0x444444" sizeAuto="true"/>
    <TEXT group="commonComp" textAlign="center" fontSize="12" fontFamily="微软雅黑" width="73" height="17" contentBackgroundColor="16777215" deviceID="" text="2号货梯前室" borderColor="0xffffff" source="assets/comp/TEXTINPUT/label.png" fontWeight="normal" widthInChars="4" contentBackgroundAlpha="1" borderVisible="false" y="125" param="" x="378" color="0x444444" sizeAuto="true"/>
    <TEXT group="commonComp" textAlign="center" fontSize="12" fontFamily="微软雅黑" width="73" height="17" contentBackgroundColor="16777215" deviceID="" text="7号楼梯入口" borderColor="0xffffff" source="assets/comp/TEXTINPUT/label.png" fontWeight="normal" widthInChars="4" contentBackgroundAlpha="1" borderVisible="false" y="129" param="" x="597" color="0x444444" sizeAuto="true"/>
    <TEXT group="commonComp" textAlign="center" fontSize="12" fontFamily="微软雅黑" width="79" height="17" contentBackgroundColor="16777215" deviceID="" text="19号楼梯入口" borderColor="0xffffff" source="assets/comp/TEXTINPUT/label.png" fontWeight="normal" widthInChars="4" contentBackgroundAlpha="1" borderVisible="false" y="125" param="" x="771" color="0x444444" sizeAuto="true"/>
    <TEXT group="commonComp" textAlign="center" fontSize="12" fontFamily="微软雅黑" width="73" height="17" contentBackgroundColor="16777215" deviceID="" text="8号货梯前室" borderColor="0xffffff" source="assets/comp/TEXTINPUT/label.png" fontWeight="normal" widthInChars="4" contentBackgroundAlpha="1" borderVisible="false" y="123" param="" x="859" color="0x444444" sizeAuto="true"/>
    <TEXT group="commonComp" textAlign="center" fontSize="12" fontFamily="微软雅黑" width="79" height="17" contentBackgroundColor="16777215" deviceID="" text="21号楼梯入口" borderColor="0xffffff" source="assets/comp/TEXTINPUT/label.png" fontWeight="normal" widthInChars="4" contentBackgroundAlpha="1" borderVisible="false" y="175" param="" x="964" color="0x444444" sizeAuto="true"/>
    <TEXT group="commonComp" textAlign="center" fontSize="12" fontFamily="微软雅黑" width="82" height="17" contentBackgroundColor="16777215" deviceID="" text="1,2号客梯门口" borderColor="0xffffff" source="assets/comp/TEXTINPUT/label.png" fontWeight="normal" widthInChars="4" contentBackgroundAlpha="1" borderVisible="false" y="434" param="" x="230" color="0x444444" sizeAuto="true"/>
  </Components>
</Configration>