<?xml version="1.0" encoding="utf-8"?>
<Configration Width="1434" Height="714">
  <LIST>
    <Component>
      <KTTB/>
    </Component>
    <Image>
      <B2NODE source="mapAssets/mapImages/B2Node.png" group="map"/>
      <TULI source="assets/comp/TULI/TULI.png"/>
      <KTN source="assets/comp/TULI/KTN.png"/>
      <KTA source="assets/comp/TULI/KTA.png"/>
    </Image>
  </LIST>
  <Components>
    <B2NODE y="0" x="0" width="1434" height="714"/>
    <TULI scaleX="1" scaleY="1" rotation="0" y="590" x="1204"/>
    <TEXT fontFamily="微软雅黑" scaleX="1" scaleY="1" x="1245" y="625" sizeAuto="true" color="0" param="" borderColor="0xffffff" deviceID="" fontSize="18" text="正常" fontWeight="normal" rotation="0" contentBackgroundAlpha="0" textAlign="center" borderVisible="false" widthInChars="2" width="38" height="27"/>
    <TEXT fontFamily="微软雅黑" scaleX="1" scaleY="1" x="1345" y="625" sizeAuto="true" color="0" param="" borderColor="0xffffff" deviceID="" fontSize="18" text="报警" fontWeight="normal" rotation="0" contentBackgroundAlpha="0" textAlign="center" borderVisible="false" widthInChars="2" width="38" height="27"/>
    <KTN scaleX="0.5" scaleY="0.5" rotation="0" y="645" x="1245"/>
    <KTA scaleX="0.5" scaleY="0.5" rotation="0" y="645" x="1345"/>
    <KTTB width="80" popType="redirect" isPop="true" x="216.95" scaleX="0.35" scaleY="0.35" deviceName="EAF/SEF-B2-01-1" y="357" mark="EPYAF" deviceID="12001" height="80"/>
    <TEXT fontFamily="微软雅黑" y="387" x="168" sizeAuto="false" color="255" param="" borderColor="0xffffff" contentBackgroundColor="16777215" deviceID="" fontSize="14" text="EAF/SEF-B2-01-1" fontWeight="normal" contentBackgroundAlpha="0" textAlign="center" borderVisible="false" widthInChars="4" width="118" height="17"/>
    <KTTB width="80" popType="redirect" isPop="true" x="217" scaleX="0.35" scaleY="0.35" deviceName="EAF/SEF-B2-01-2" y="329.95000000000005" mark="EPYAF" deviceID="12002" height="80"/>
    <TEXT fontFamily="微软雅黑" y="332" x="103" sizeAuto="false" color="255" param="" borderColor="0xffffff" contentBackgroundColor="16777215" deviceID="" fontSize="14" text="EAF/SEF-B2-01-2" fontWeight="normal" contentBackgroundAlpha="0" textAlign="center" borderVisible="false" widthInChars="4" width="118" height="17"/>
    <KTTB width="80" popType="redirect" isPop="true" x="266" scaleX="0.35" scaleY="0.35" deviceName="EAF/SEF-B2-01-3" y="214" mark="EPYAF" deviceID="12003" height="80"/>
    <TEXT fontFamily="微软雅黑" y="219" x="294" sizeAuto="false" color="255" param="" borderColor="0xffffff" contentBackgroundColor="16777215" deviceID="" fontSize="14" text="EAF/SEF-B2-01-3" fontWeight="normal" contentBackgroundAlpha="0" textAlign="center" borderVisible="false" widthInChars="4" width="118" height="17"/>
    <KTTB width="80" popType="redirect" isPop="true" x="266.5" scaleX="0.35" scaleY="0.35" deviceName="EAF/SEF-B2-01-4" y="185" mark="EPYAF" deviceID="12004" height="80"/>
    <TEXT fontFamily="微软雅黑" y="166" x="246" sizeAuto="false" color="255" param="" borderColor="0xffffff" contentBackgroundColor="16777215" deviceID="" fontSize="14" text="EAF/SEF-B2-01-4" fontWeight="normal" contentBackgroundAlpha="0" textAlign="center" borderVisible="false" widthInChars="4" width="118" height="17"/>
    <KTTB width="80" popType="redirect" isPop="true" x="560.95" scaleX="0.35" scaleY="0.35" deviceName="EAF/SEF-B2-02-1" y="126.94999999999999" mark="EPYAF" deviceID="12005" height="80"/>
    <TEXT fontFamily="微软雅黑" y="110" x="516" sizeAuto="false" color="255" param="" borderColor="0xffffff" contentBackgroundColor="16777215" deviceID="" fontSize="14" text="EAF/SEF-B2-02-1" fontWeight="normal" contentBackgroundAlpha="0" textAlign="center" borderVisible="false" widthInChars="4" width="118" height="17"/>
    <KTTB width="80" popType="redirect" isPop="true" x="561" scaleX="0.35" scaleY="0.35" deviceName="EAF/SEF-B2-02-2" y="154" mark="EPYAF" deviceID="12006" height="80"/>
    <TEXT fontFamily="微软雅黑" y="181" x="513" sizeAuto="false" color="255" param="" borderColor="0xffffff" contentBackgroundColor="16777215" deviceID="" fontSize="14" text="EAF/SEF-B2-02-2" fontWeight="normal" contentBackgroundAlpha="0" textAlign="center" borderVisible="false" widthInChars="4" width="118" height="17"/>
    <KTTB width="80" popType="redirect" isPop="true" x="489" scaleX="0.35" scaleY="0.35" deviceName="EAF/SEF-B2-02-3" y="297" mark="EPYAF" deviceID="12007" height="80"/>
    <TEXT fontFamily="微软雅黑" y="299" x="370" sizeAuto="false" color="255" param="" borderColor="0xffffff" contentBackgroundColor="16777215" deviceID="" fontSize="14" text="EAF/SEF-B2-02-3" fontWeight="normal" contentBackgroundAlpha="0" textAlign="center" borderVisible="false" widthInChars="4" width="118" height="17"/>
    <KTTB width="80" popType="redirect" isPop="true" x="518" scaleX="0.35" scaleY="0.35" deviceName="EAF/SEF-B2-02-4" y="298" mark="EPYAF" deviceID="12008" height="80"/>
    <TEXT fontFamily="微软雅黑" y="280" x="492" sizeAuto="false" color="255" param="" borderColor="0xffffff" contentBackgroundColor="16777215" deviceID="" fontSize="14" text="EAF/SEF-B2-02-4" fontWeight="normal" contentBackgroundAlpha="0" textAlign="center" borderVisible="false" widthInChars="4" width="118" height="17"/>
    <KTTB width="80" popType="redirect" isPop="true" x="782" scaleX="0.35" scaleY="0.35" deviceName="EAF/SEF-B2-03-1" y="177.95" mark="EPYAF" deviceID="12009" height="80"/>
    <TEXT fontFamily="微软雅黑" y="179" x="664" sizeAuto="false" color="255" param="" borderColor="0xffffff" contentBackgroundColor="16777215" deviceID="" fontSize="14" text="EAF/SEF-B2-03-1" fontWeight="normal" contentBackgroundAlpha="0" textAlign="center" borderVisible="false" widthInChars="4" width="118" height="17"/>
    <KTTB width="80" popType="redirect" isPop="true" x="783" scaleX="0.35" scaleY="0.35" deviceName="EAF/SEF-B2-03-2" y="151" mark="EPYAF" deviceID="12010" height="80"/>
    <TEXT fontFamily="微软雅黑" y="157" x="664" sizeAuto="false" color="255" param="" borderColor="0xffffff" contentBackgroundColor="16777215" deviceID="" fontSize="14" text="EAF/SEF-B2-03-2" fontWeight="normal" contentBackgroundAlpha="0" textAlign="center" borderVisible="false" widthInChars="4" width="118" height="17"/>
    <TEXT fontFamily="微软雅黑" y="129" x="662" sizeAuto="false" color="255" param="" borderColor="0xffffff" contentBackgroundColor="16777215" deviceID="" fontSize="14" text="EAF/SEF-B2-03-4" fontWeight="normal" contentBackgroundAlpha="0" textAlign="center" borderVisible="false" widthInChars="4" width="118" height="17"/>
    <KTTB width="80" popType="redirect" isPop="true" x="782" scaleX="0.35" scaleY="0.35" deviceName="EAF/SEF-B2-03-4" y="124" mark="EPYAF" deviceID="12012" height="80"/>
    <KTTB width="80" popType="redirect" isPop="true" x="783" scaleX="0.35" scaleY="0.35" deviceName="EAF/SEF-B2-03-3" y="97" mark="EPYAF" deviceID="12011" height="80"/>
    <TEXT fontFamily="微软雅黑" y="102" x="662" sizeAuto="false" color="255" param="" borderColor="0xffffff" contentBackgroundColor="16777215" deviceID="" fontSize="14" text="EAF/SEF-B2-03-3" fontWeight="normal" contentBackgroundAlpha="0" textAlign="center" borderVisible="false" widthInChars="4" width="118" height="17"/>
    <KTTB width="80" popType="redirect" isPop="true" x="875" scaleX="0.35" scaleY="0.35" deviceName="EAF/SEF-B2-04-1" y="113.85" mark="EPYAF" deviceID="12013" height="80"/>
    <TEXT fontFamily="微软雅黑" y="97" x="848" sizeAuto="false" color="255" param="" borderColor="0xffffff" contentBackgroundColor="16777215" deviceID="" fontSize="14" text="EAF/SEF-B2-04-1" fontWeight="normal" contentBackgroundAlpha="0" textAlign="center" borderVisible="false" widthInChars="4" width="118" height="17"/>
    <KTTB width="80" popType="redirect" isPop="true" x="1171" scaleX="0.35" scaleY="0.35" deviceName="EAF/SEF-B2-04-2" y="307" mark="EPYAF" deviceID="12014" height="80"/>
    <TEXT fontFamily="微软雅黑" y="289" x="1137" sizeAuto="false" color="255" param="" borderColor="0xffffff" contentBackgroundColor="16777215" deviceID="" fontSize="14" text="EAF/SEF-B2-04-2" fontWeight="normal" contentBackgroundAlpha="0" textAlign="center" borderVisible="false" widthInChars="4" width="118" height="17"/>
    <KTTB width="80" popType="redirect" isPop="true" x="1148" scaleX="0.35" scaleY="0.35" deviceName="EAF/SEF-B2-04-3" y="321" mark="EPYAF" deviceID="12015" height="80"/>
    <TEXT fontFamily="微软雅黑" y="322" x="1030" sizeAuto="false" color="255" param="" borderColor="0xffffff" contentBackgroundColor="16777215" deviceID="" fontSize="14" text="EAF/SEF-B2-04-3" fontWeight="normal" contentBackgroundAlpha="0" textAlign="center" borderVisible="false" widthInChars="4" width="118" height="17"/>
    <KTTB width="80" popType="redirect" isPop="true" x="247" scaleX="0.35" scaleY="0.35" deviceName="EAF/SEF-B2-06-1" y="311" mark="EPYAF" deviceID="12016" height="80"/>
    <TEXT fontFamily="微软雅黑" y="292" x="238" sizeAuto="false" color="255" param="" borderColor="0xffffff" contentBackgroundColor="16777215" deviceID="" fontSize="14" text="EAF/SEF-B2-06-1" fontWeight="normal" contentBackgroundAlpha="0" textAlign="center" borderVisible="false" widthInChars="4" width="118" height="17"/>
    <KTTB width="80" popType="redirect" isPop="true" x="248" scaleX="0.35" scaleY="0.35" deviceName="EAF/SEF-B2-06-2" y="335.95000000000005" mark="EPYAF" deviceID="12017" height="80"/>
    <TEXT fontFamily="微软雅黑" y="360" x="253" sizeAuto="false" color="255" param="" borderColor="0xffffff" contentBackgroundColor="16777215" deviceID="" fontSize="14" text="EAF/SEF-B2-06-2" fontWeight="normal" contentBackgroundAlpha="0" textAlign="center" borderVisible="false" widthInChars="4" width="118" height="17"/>
    <KTTB width="80" popType="redirect" isPop="true" x="618.95" scaleX="0.35" scaleY="0.35" deviceName="EAF/SEF-B2-07-1" y="619" mark="EPYAF" deviceID="12018" height="80"/>
    <TEXT fontFamily="微软雅黑" y="645" x="521" sizeAuto="false" color="255" param="" borderColor="0xffffff" contentBackgroundColor="16777215" deviceID="" fontSize="14" text="EAF/SEF-B2-07-1" fontWeight="normal" contentBackgroundAlpha="0" textAlign="center" borderVisible="false" widthInChars="4" width="118" height="17"/>
    <KTTB width="80" popType="redirect" isPop="true" x="618" scaleX="0.35" scaleY="0.35" deviceName="EAF/SEF-B2-07-2" y="593" mark="EPYAF" deviceID="12019" height="80"/>
    <TEXT fontFamily="微软雅黑" y="596" x="499" sizeAuto="false" color="255" param="" borderColor="0xffffff" contentBackgroundColor="16777215" deviceID="" fontSize="14" text="EAF/SEF-B2-07-2" fontWeight="normal" contentBackgroundAlpha="0" textAlign="center" borderVisible="false" widthInChars="4" width="118" height="17"/>
    <KTTB width="80" popType="redirect" isPop="true" x="489" scaleX="0.35" scaleY="0.35" deviceName="EAF/SEF-B2-07-3" y="325" mark="EPYAF" deviceID="12020" height="80"/>
    <TEXT fontFamily="微软雅黑" y="334" x="368" sizeAuto="false" color="255" param="" borderColor="0xffffff" contentBackgroundColor="16777215" deviceID="" fontSize="14" text="EAF/SEF-B2-07-3" fontWeight="normal" contentBackgroundAlpha="0" textAlign="center" borderVisible="false" widthInChars="4" width="118" height="17"/>
    <KTTB width="80" popType="redirect" isPop="true" x="515" scaleX="0.35" scaleY="0.35" deviceName="EAF/SEF-B2-07-4" y="324.95000000000005" mark="EPYAF" deviceID="12021" height="80"/>
    <TEXT fontFamily="微软雅黑" y="353" x="494" sizeAuto="false" color="255" param="" borderColor="0xffffff" contentBackgroundColor="16777215" deviceID="" fontSize="14" text="EAF/SEF-B2-07-4" fontWeight="normal" contentBackgroundAlpha="0" textAlign="center" borderVisible="false" widthInChars="4" width="118" height="17"/>
    <KTTB width="80" popType="redirect" isPop="true" x="679" scaleX="0.35" scaleY="0.35" deviceName="EAF/SEF-B2-08-1" y="540" mark="EPYAF" deviceID="12022" height="80"/>
    <TEXT fontFamily="微软雅黑" y="522" x="638" sizeAuto="false" color="255" param="" borderColor="0xffffff" contentBackgroundColor="16777215" deviceID="" fontSize="14" text="EAF/SEF-B2-08-1" fontWeight="normal" contentBackgroundAlpha="0" textAlign="center" borderVisible="false" widthInChars="4" width="118" height="17"/>
    <KTTB width="80" popType="redirect" isPop="true" x="678" scaleX="0.35" scaleY="0.35" deviceName="EAF/SEF-B2-08-2" y="567" mark="EPYAF" deviceID="12023" height="80"/>
    <TEXT fontFamily="微软雅黑" y="572" x="706" sizeAuto="false" color="255" param="" borderColor="0xffffff" contentBackgroundColor="16777215" deviceID="" fontSize="14" text="EAF/SEF-B2-08-2" fontWeight="normal" contentBackgroundAlpha="0" textAlign="center" borderVisible="false" widthInChars="4" width="118" height="17"/>
    <KTTB width="80" popType="redirect" isPop="true" x="652.95" scaleX="0.35" scaleY="0.35" deviceName="EAF/SEF-B2-08-3" y="592" mark="EPYAF" deviceID="12024" height="80"/>
    <TEXT fontFamily="微软雅黑" y="597" x="683" sizeAuto="false" color="255" param="" borderColor="0xffffff" contentBackgroundColor="16777215" deviceID="" fontSize="14" text="EAF/SEF-B2-08-3" fontWeight="normal" contentBackgroundAlpha="0" textAlign="center" borderVisible="false" widthInChars="4" width="118" height="17"/>
    <KTTB width="80" popType="redirect" isPop="true" x="652" scaleX="0.35" scaleY="0.35" deviceName="EAF/SEF-B2-08-4" y="619" mark="EPYAF" deviceID="12025" height="80"/>
    <TEXT fontFamily="微软雅黑" y="622" x="683" sizeAuto="false" color="255" param="" borderColor="0xffffff" contentBackgroundColor="16777215" deviceID="" fontSize="14" text="EAF/SEF-B2-08-4" fontWeight="normal" contentBackgroundAlpha="0" textAlign="center" borderVisible="false" widthInChars="4" width="118" height="17"/>
    <KTTB width="80" popType="redirect" isPop="true" x="1158" scaleX="0.35" scaleY="0.35" deviceName="EAF/SEF-B2-09-1" y="398" mark="EPYAF" deviceID="12026" height="80"/>
    <TEXT fontFamily="微软雅黑" y="379" x="1063" sizeAuto="false" color="255" param="" borderColor="0xffffff" contentBackgroundColor="16777215" deviceID="" fontSize="14" text="EAF/SEF-B2-09-1" fontWeight="normal" contentBackgroundAlpha="0" textAlign="center" borderVisible="false" widthInChars="4" width="118" height="17"/>
    <KTTB width="80" popType="redirect" isPop="true" x="1187" scaleX="0.35" scaleY="0.35" deviceName="EAF/SEF-B2-09-2" y="398" mark="EPYAF" deviceID="12027" height="80"/>
    <TEXT fontFamily="微软雅黑" y="425" x="1193" sizeAuto="false" color="255" param="" borderColor="0xffffff" contentBackgroundColor="16777215" deviceID="" fontSize="14" text="EAF/SEF-B2-09-2" fontWeight="normal" contentBackgroundAlpha="0" textAlign="center" borderVisible="false" widthInChars="4" width="118" height="17"/>
    <KTTB width="80" popType="redirect" isPop="true" x="860.95" scaleX="0.35" scaleY="0.35" deviceName="EAF/SEF-B2-09-3" y="506" mark="EPYAF" deviceID="12028" height="80"/>
    <TEXT fontFamily="微软雅黑" y="514" x="890" sizeAuto="false" color="255" param="" borderColor="0xffffff" contentBackgroundColor="16777215" deviceID="" fontSize="14" text="EAF/SEF-B2-09-3" fontWeight="normal" contentBackgroundAlpha="0" textAlign="center" borderVisible="false" widthInChars="4" width="118" height="17"/>
    <KTTB width="80" popType="redirect" isPop="true" x="264.9" scaleX="0.35" scaleY="0.35" deviceName="OAF/MAF-B2-01-1" y="240.75" mark="EPYAF" deviceID="12029" height="80"/>
    <TEXT fontFamily="微软雅黑" y="246" x="296" sizeAuto="false" color="255" param="" borderColor="0xffffff" contentBackgroundColor="16777215" deviceID="" fontSize="14" text="OAF/MAF-B2-01-1" fontWeight="normal" contentBackgroundAlpha="0" textAlign="center" borderVisible="false" widthInChars="4" width="127" height="17"/>
    <TEXT fontFamily="微软雅黑" y="171" x="905" sizeAuto="false" color="255" param="" borderColor="0xffffff" contentBackgroundColor="16777215" deviceID="" fontSize="14" text="EAF/SEF-B2-15-1" fontWeight="normal" contentBackgroundAlpha="0" textAlign="center" borderVisible="false" widthInChars="4" width="127" height="17"/>
    <KTTB width="80" popType="redirect" isPop="true" x="877" scaleX="0.35" scaleY="0.35" deviceName="OAF/MAF-B2-04-1" y="138.95" mark="EPYAF" deviceID="12031" height="80"/>
    <TEXT fontFamily="微软雅黑" y="141" x="907" sizeAuto="false" color="255" param="" borderColor="0xffffff" contentBackgroundColor="16777215" deviceID="" fontSize="14" text="OAF/MAF-B2-04-1" fontWeight="normal" contentBackgroundAlpha="0" textAlign="center" borderVisible="false" widthInChars="4" width="127" height="17"/>
    <KTTB width="80" popType="redirect" isPop="true" x="428" scaleX="0.35" scaleY="0.35" deviceName="OAF/MAF-B2-06-1" y="476.85" mark="EPYAF" deviceID="12032" height="80"/>
    <TEXT fontFamily="微软雅黑" y="464" x="375" sizeAuto="false" color="255" param="" borderColor="0xffffff" contentBackgroundColor="16777215" deviceID="" fontSize="14" text="OAF/MAF-B2-06-1" fontWeight="normal" contentBackgroundAlpha="0" textAlign="center" borderVisible="false" widthInChars="4" width="127" height="17"/>
    <KTTB width="80" popType="redirect" isPop="true" x="404" scaleX="0.35" scaleY="0.35" deviceName="OAF/MAF-B2-06-2" y="502" mark="EPYAF" deviceID="12033" height="80"/>
    <TEXT fontFamily="微软雅黑" y="528" x="298" sizeAuto="false" color="255" param="" borderColor="0xffffff" contentBackgroundColor="16777215" deviceID="" fontSize="14" text="OAF/MAF-B2-06-2" fontWeight="normal" contentBackgroundAlpha="0" textAlign="center" borderVisible="false" widthInChars="4" width="127" height="17"/>
    <KTTB width="80" popType="redirect" isPop="true" x="605" scaleX="0.35" scaleY="0.35" deviceName="OAF/MAF-B2-07-1" y="318" mark="EPYAF" deviceID="12034" height="80"/>
    <TEXT fontFamily="微软雅黑" y="324" x="635" sizeAuto="false" color="255" param="" borderColor="0xffffff" contentBackgroundColor="16777215" deviceID="" fontSize="14" text="OAF/MAF-B2-07-1" fontWeight="normal" contentBackgroundAlpha="0" textAlign="center" borderVisible="false" widthInChars="4" width="126" height="17"/>
    <KTTB width="80" popType="redirect" isPop="true" x="861.95" scaleX="0.35" scaleY="0.35" deviceName="OAF/MAF-B2-09-1" y="479" mark="EPYAF" deviceID="12035" height="80"/>
    <TEXT fontFamily="微软雅黑" y="483" x="890" sizeAuto="false" color="255" param="" borderColor="0xffffff" contentBackgroundColor="16777215" deviceID="" fontSize="14" text="OAF/MAF-B2-09-1" fontWeight="normal" contentBackgroundAlpha="0" textAlign="center" borderVisible="false" widthInChars="4" width="127" height="17"/>
    <KTTB width="80" popType="redirect" isPop="true" x="436" scaleX="0.35" scaleY="0.35" deviceName="OAF/MAF-B2-16-1" y="502" mark="EPYAF" deviceID="12036" height="80"/>
    <TEXT fontFamily="微软雅黑" y="502" x="459" sizeAuto="false" color="255" param="" borderColor="0xffffff" contentBackgroundColor="16777215" deviceID="" fontSize="14" text="OAF/MAF-B2-16-1" fontWeight="normal" contentBackgroundAlpha="0" textAlign="center" borderVisible="false" widthInChars="4" width="127" height="17"/>
    <KTTB width="80" popType="redirect" isPop="true" x="472.75" scaleX="0.35" scaleY="0.35" deviceName="EAF/SEF-B2-06-3" y="546.85" mark="EPYAF" deviceID="12056" height="80"/>
    <TEXT fontFamily="微软雅黑" y="575" x="389" sizeAuto="false" color="255" param="" borderColor="0xffffff" contentBackgroundColor="16777215" deviceID="" fontSize="14" text="EAF/SEF-B2-06-3" fontWeight="normal" contentBackgroundAlpha="0" textAlign="center" borderVisible="false" widthInChars="4" width="127" height="17"/>
    <KTTB width="80" popType="redirect" isPop="true" x="503" scaleX="0.35" scaleY="0.35" deviceName="EAF/SEF-B2-06-4" y="539" mark="EPYAF" deviceID="12057" height="80"/>
    <TEXT fontFamily="微软雅黑" y="524" x="485" sizeAuto="false" color="255" param="" borderColor="0xffffff" contentBackgroundColor="16777215" deviceID="" fontSize="14" text="EAF/SEF-B2-06-4" fontWeight="normal" contentBackgroundAlpha="0" textAlign="center" borderVisible="false" widthInChars="4" width="127" height="17"/>
    <KTTB width="80" popType="redirect" isPop="true" x="247.95" scaleX="0.35" scaleY="0.35" deviceName="EAF/SEF-B2-06-5" y="521.9" mark="EPYAF" deviceID="12058" height="80"/>
    <TEXT fontFamily="微软雅黑" y="504" x="156" sizeAuto="false" color="255" param="" borderColor="0xffffff" contentBackgroundColor="16777215" deviceID="" fontSize="14" text="EAF/SEF-B2-06-5" fontWeight="normal" contentBackgroundAlpha="0" textAlign="center" borderVisible="false" widthInChars="4" width="127" height="17"/>
    <KTTB width="80" popType="redirect" isPop="true" x="441.9" scaleX="0.35" scaleY="0.35" deviceName="EAF/SEF-B2-16-1" y="546.95" mark="EPYAF" deviceID="12059" height="80"/>
    <TEXT fontFamily="微软雅黑" y="552" x="317" sizeAuto="false" color="255" param="" borderColor="0xffffff" contentBackgroundColor="16777215" deviceID="" fontSize="14" text="EAF/SEF-B2-16-1" fontWeight="normal" contentBackgroundAlpha="0" textAlign="center" borderVisible="false" widthInChars="4" width="127" height="17"/>
    <KTTB width="80" popType="redirect" isPop="true" x="463" scaleX="0.35" scaleY="0.35" deviceName="OAF/MAF-B2-02-1" y="139.95" mark="EPYAF" deviceID="12060" height="80"/>
    <TEXT fontFamily="微软雅黑" y="124" x="371" sizeAuto="false" color="255" param="" borderColor="0xffffff" contentBackgroundColor="16777215" deviceID="" fontSize="14" text="OAF/MAF-B2-02-1" fontWeight="normal" contentBackgroundAlpha="0" textAlign="center" borderVisible="false" widthInChars="4" width="127" height="17"/>
    <KTTB width="80" popType="redirect" isPop="true" x="875.95" scaleX="0.35" scaleY="0.35" deviceName="OAF/MAF-B2-03-1" y="166" mark="EPYAF" deviceID="12061" height="80"/>
    <KTTB width="80" popType="redirect" isPop="true" x="606" scaleX="0.35" scaleY="0.35" deviceName="OAF/MAF-B2-08-1" y="290.95" mark="EPYAF" deviceID="12062" height="80"/>
    <TEXT fontFamily="微软雅黑" y="296" x="635" sizeAuto="false" color="255" param="" borderColor="0xffffff" contentBackgroundColor="16777215" deviceID="" fontSize="14" text="OAF/MAF-B2-08-1" fontWeight="normal" contentBackgroundAlpha="0" textAlign="center" borderVisible="false" widthInChars="4" width="126" height="17"/>
  </Components>
</Configration>