<?xml version="1.0" encoding="utf-8"?>
<Configration Width="1434" Height="714">
  <LIST>
    <Component>
      <LUXCQ/>
      <COCQ/>
    </Component>
    <Image>
      <B1NODE source="mapAssets/mapImages/B1Node.png" group="map"/>
      <LCB1 source="assets/comp/LCB1.png"/>
    </Image>
  </LIST>
  <Components>
    <B1NODE height="714" y="0" width="1434" group="map" source="mapAssets/mapImages/B1Node.png" x="0"/>
    <LUXCQ deviceID="" group="commonComp" width="16" x="790" height="16" y="175" source="assets/comp/LUXCQ/bg.png"/>
    <LABEL x="752" paramID="119" deviceID="3050044" mark="HJJKZDD" fontWeight="normal" borderColor="999999" rotation="0" widthInChars="4" contentBackgroundAlpha="1" fontSize="12" borderVisible="true" param="zhaodu" text="0101" sizeAuto="false" group="commonComp" source="assets/comp/TEXTINPUT/text.png" textAlign="right" y="142" contentBackgroundColor="000000" color="3407616" deviceName="地下1层3#照度" fontFamily="digifaw"/>
    <COCQ deviceID="" group="commonComp" width="24" x="850" height="24" y="190" source="assets/comp/COCQ/bg.png"/>
    <LABEL x="833" paramID="64" deviceID="3030006" mark="HJJKCOD" fontWeight="normal" borderColor="999999" rotation="0" widthInChars="4" contentBackgroundAlpha="1" fontSize="12" borderVisible="true" param="inCO" text="0101" sizeAuto="false" group="commonComp" source="assets/comp/TEXTINPUT/text.png" textAlign="right" y="163" contentBackgroundColor="000000" color="3407616" deviceName="地下1层6#CO" fontFamily="digifaw"/>
    <TEXT x="891" param="" deviceID="" text="ppm" sizeAuto="true" borderColor="0xffffff" group="commonComp" source="assets/comp/TEXTINPUT/label.png" textAlign="center" height="22" y="163" widthInChars="4" width="37" color="255" fontWeight="normal" contentBackgroundAlpha="0" fontSize="18" fontFamily="微软雅黑" borderVisible="false"/>
    <TEXT x="811" param="" deviceID="" text="Lux" sizeAuto="true" borderColor="0xffffff" group="commonComp" source="assets/comp/TEXTINPUT/label.png" textAlign="center" height="22" y="140" widthInChars="4" width="33" color="255" fontWeight="normal" contentBackgroundAlpha="0" fontSize="18" fontFamily="微软雅黑" borderVisible="false"/>
    <LCB1 height="92" y="10" width="110" group="bg" source="assets/comp/LCB1.png" x="10"/>
    <TEXT x="514" param="" deviceID="" text="正常光照强度范围" sizeAuto="true" borderColor="0xffffff" group="commonComp" source="assets/comp/TEXTINPUT/label.png" textAlign="center" height="22" y="21" widthInChars="4" width="154" color="255" fontWeight="normal" contentBackgroundAlpha="0" fontSize="18" fontFamily="微软雅黑" borderVisible="false"/>
    <TEXT x="523" param="" deviceID="" text="正常CO浓度范围" sizeAuto="true" borderColor="0xffffff" group="commonComp" source="assets/comp/TEXTINPUT/label.png" textAlign="center" height="22" y="59" widthInChars="4" width="143" color="255" fontWeight="normal" contentBackgroundAlpha="0" fontSize="18" fontFamily="微软雅黑" borderVisible="false"/>
    <TEXT x="690" param="" deviceID="" text=" 50~300LUX   " sizeAuto="true" borderColor="0xffffff" group="commonComp" source="assets/comp/TEXTINPUT/label.png" textAlign="left" height="22" y="22" widthInChars="4" width="113" color="255" fontWeight="normal" contentBackgroundAlpha="0" fontSize="18" fontFamily="微软雅黑" borderVisible="false"/>
    <TEXT x="698" param="" deviceID="" text="0~30ppm    " sizeAuto="true" borderColor="0xffffff" group="commonComp" source="assets/comp/TEXTINPUT/label.png" textAlign="left" height="22" y="60" widthInChars="4" width="93" color="255" fontWeight="normal" contentBackgroundAlpha="0" fontSize="18" fontFamily="微软雅黑" borderVisible="false"/>
  </Components>
</Configration>