<?xml version="1.0" encoding="utf-8"?><Configration Width="1061.8187919463087" Height="945">
  <LIST>
    <Component>
      <QSX/>
      <BQSX/>
    </Component>
    <Image>
      <B2NODE source="assets/comp/B2Node.png"/>
      <VB2TULI source="assets/comp/VB2Tuli.png"/>
    </Image>
  </LIST>
  <Components>
    <B2NODE scaleX="1.2" scaleY="1.2" rotation="0" scale="1.2" x="-724" y="-87"/>
    <QSX scaleX="0.35" scaleY="0.35" deviceID="9989" rotation="0" isPop="true" scale="0.35" popType="video" x="315" y="79"/>
    <TEXT rotation="0" scaleY="1" deviceID="" color="0" fontFamily="Arial" fontWeight="normal" param="" scale="1" widthInChars="4" fontSize="12" text="M4区009" scaleX="1" textAlign="right" x="335" y="263"/>
    <QSX scaleX="0.35" scaleY="0.35" deviceID="9969" rotation="0" isPop="true" scale="0.35" popType="video" x="347" y="236"/>
    <TEXT rotation="0" scaleY="1" deviceID="" color="0" fontFamily="Arial" fontWeight="normal" param="" scale="1" widthInChars="6" fontSize="12" text="6号楼垃圾间" scaleX="1" textAlign="right" x="293" y="109"/>
    <TEXT rotation="0" scaleY="1" deviceID="" color="0" fontFamily="Arial" fontWeight="normal" param="" scale="1" widthInChars="2" fontSize="12" text="M4区" scaleX="1" textAlign="right" x="468" y="122"/>
    <QSX scaleX="0.35" scaleY="0.35" deviceID="9966" rotation="0" isPop="true" scale="0.35" popType="video" x="468" y="138"/>
    <QSX scaleX="0.35" scaleY="0.35" deviceID="9990" rotation="0" isPop="true" scale="0.35" popType="video" x="405" y="139"/>
    <TEXT rotation="0" scaleY="1" deviceID="" color="0" fontFamily="Arial" fontWeight="normal" param="" scale="1" widthInChars="2" fontSize="12" text="M4区" scaleX="1" textAlign="right" x="407" y="122"/>
    <BQSX scaleX="0.35" scaleY="0.35" deviceID="9988" rotation="0" isPop="true" scale="0.35" popType="video" x="528" y="71"/>
    <TEXT rotation="0" scaleY="1" deviceID="" color="0" fontFamily="Arial" fontWeight="normal" param="" scale="1" widthInChars="6" fontSize="12" text="商管客梯-2F" scaleX="1" textAlign="right" x="482" y="58"/>
    <QSX scaleX="0.35" scaleY="0.35" deviceID="9963" rotation="0" isPop="true" scale="0.35" popType="video" x="593" y="48"/>
    <TEXT rotation="0" scaleY="1" deviceID="" color="0" fontFamily="Arial" fontWeight="normal" param="" scale="1" widthInChars="5" fontSize="12" text="大商锅炉房" scaleX="1" textAlign="right" x="528" y="42"/>
    <QSX scaleX="0.35" scaleY="0.35" deviceID="9992" rotation="0" isPop="true" scale="0.35" popType="video" x="573" y="165"/>
    <TEXT rotation="0" scaleY="1" deviceID="" color="0" fontFamily="Arial" fontWeight="normal" param="" scale="1" widthInChars="4" fontSize="12" text="M3区566" scaleX="1" textAlign="right" x="565" y="190"/>
    <QSX scaleX="0.35" scaleY="0.35" deviceID="9848" rotation="0" isPop="true" scale="0.35" popType="video" x="528" y="252"/>
    <TEXT rotation="0" scaleY="1" deviceID="" color="0" fontFamily="Arial" fontWeight="normal" param="" scale="1" widthInChars="4" fontSize="12" text="M3区566" scaleX="1" textAlign="right" x="516" y="236"/>
    <QSX scaleX="0.35" scaleY="0.35" deviceID="9843" rotation="0" isPop="true" scale="0.35" popType="video" x="606" y="295"/>
    <TEXT rotation="0" scaleY="1" deviceID="" color="0" fontFamily="Arial" fontWeight="normal" param="" scale="1" widthInChars="4" fontSize="12" text="M2区604" scaleX="1" textAlign="right" x="596" y="280"/>
    <QSX scaleX="0.35" scaleY="0.35" deviceID="9840" rotation="0" isPop="true" scale="0.35" popType="video" x="483" y="354"/>
    <TEXT rotation="0" scaleY="1" deviceID="" color="0" fontFamily="Arial" fontWeight="normal" param="" scale="1" widthInChars="4" fontSize="12" text="M3区572" scaleX="1" textAlign="right" x="475" y="338"/>
    <QSX scaleX="0.35" scaleY="0.35" deviceID="9872" rotation="0" isPop="true" scale="0.35" popType="video" x="495" y="384"/>
    <TEXT rotation="0" scaleY="1" deviceID="" color="0" fontFamily="Arial" fontWeight="normal" param="" scale="1" widthInChars="4" fontSize="12" text="M2区581" scaleX="1" textAlign="right" x="489" y="407"/>
    <QSX scaleX="0.35" scaleY="0.35" deviceID="9842" rotation="0" isPop="true" scale="0.35" popType="video" x="669" y="303"/>
    <TEXT rotation="0" scaleY="1" deviceID="" color="0" fontFamily="Arial" fontWeight="normal" param="" scale="1" widthInChars="4" fontSize="12" text="M2区666" scaleX="1" textAlign="right" x="660" y="288"/>
    <QSX scaleX="0.35" scaleY="0.35" deviceID="9844" rotation="0" isPop="true" scale="0.35" popType="video" x="729" y="219"/>
    <TEXT rotation="0" scaleY="1" deviceID="" color="0" fontFamily="Arial" fontWeight="normal" param="" scale="1" widthInChars="4" fontSize="12" text="M2区666" scaleX="1" textAlign="right" x="722" y="205"/>
    <QSX scaleX="0.35" scaleY="0.35" deviceID="9845" rotation="0" isPop="true" scale="0.35" popType="video" x="680" y="151"/>
    <TEXT rotation="0" scaleY="1" deviceID="" color="0" fontFamily="Arial" fontWeight="normal" param="" scale="1" widthInChars="4" fontSize="12" text="M2区660" scaleX="1" textAlign="right" x="671" y="136"/>
    <QSX scaleX="0.35" scaleY="0.35" deviceID="9849" rotation="0" isPop="true" scale="0.35" popType="video" x="704" y="93"/>
    <TEXT rotation="0" scaleY="1" deviceID="" color="0" fontFamily="Arial" fontWeight="normal" param="" scale="1" widthInChars="4" fontSize="12" text="M2区638" scaleX="1" textAlign="right" x="705" y="118"/>
    <QSX scaleX="0.35" scaleY="0.35" deviceID="9847" rotation="0" isPop="true" scale="0.35" popType="video" x="669" y="82"/>
    <TEXT rotation="0" scaleY="1" deviceID="" color="0" fontFamily="Arial" fontWeight="normal" param="" scale="1" widthInChars="6" fontSize="12" text="大商制冷机房" scaleX="1" textAlign="right" x="627" y="110"/>
    <VB2TULI scaleX="0.7" scaleY="0.7" rotation="0" scale="0.7" x="776" y="2"/>
    <QSX scaleX="0.35" scaleY="0.35" deviceID="14159" rotation="0" isPop="true" scale="0.35" popType="video" x="560" y="99"/>
    <QSX scaleX="0.35" scaleY="0.35" deviceID="14160" rotation="0" isPop="true" scale="0.35" popType="video" x="543" y="116"/>
    <QSX scaleX="0.35" scaleY="0.35" deviceID="14161" rotation="0" isPop="true" scale="0.35" popType="video" x="581" y="68"/>
    <TEXT scaleX="1" scaleY="1" rotation="0" deviceID="" color="0" fontFamily="Arial" fontWeight="normal" param="" scale="1" widthInChars="7" fontSize="12" text="大商锅炉机组1" textAlign="right" x="578" y="93"/>
    <TEXT rotation="0" scaleY="1" deviceID="" color="0" fontFamily="Arial" fontWeight="normal" param="" scale="1" widthInChars="7" fontSize="12" text="大商锅炉机组2\3" scaleX="1" textAlign="right" x="547" y="140"/>
  </Components>
</Configration>