<?xml version="1.0" encoding="utf-8"?>
<Configration Width="1105" Height="622">
  <LIST>
    <Component>
      <WSK/>
      <LQB/>
    </Component>
    <Image>
      <PIPELINE2 source="assets/comp/PIPE/pipe1-2.png"/>
      <PIPECORNER source="assets/comp/PIPE/pipe2.png"/>
    </Image>
  </LIST>
  <Components>
    <PIPELINE2 scaleY="2" group="pipe" width="12" x="606.05" height="40" y="358" rotation="-90" source="assets/comp/PIPE/pipe1-2.png" scaleX="0.5"/>
    <PIPELINE2 scaleY="2" group="pipe" width="12" x="605.05" height="40" y="160" rotation="-90" source="assets/comp/PIPE/pipe1-2.png" scaleX="0.5"/>
    <PIPELINE2 scaleY="4" group="pipe" width="12" x="528" height="40" y="255" rotation="-90" source="assets/comp/PIPE/pipe1-2.png" scaleX="0.5"/>
    <WSK deviceID="2290001" mark="RHSBSX" group="deviceComp" width="217" x="318" height="126" y="176" source="assets/comp/WSK/highLevel/0/1.png" deviceName="冷却塔水箱"/>
    <PIPELINE2 scaleY="2" group="pipe" width="12" x="234.1" height="40" y="255" rotation="-90" source="assets/comp/PIPE/pipe1-2.png" scaleX="0.5"/>
    <PIPELINE2 scaleY="2" group="pipe" width="12" x="150" height="40" y="197" rotation="-90" source="assets/comp/PIPE/pipe1-2.png" scaleX="0.5"/>
    <PIPELINE2 scaleY="2" group="pipe" width="12" x="148" height="40" y="311" rotation="-90" source="assets/comp/PIPE/pipe1-2.png" scaleX="0.5"/>
    <PIPELINE2 scaleY="3" group="pipe" width="12" x="228" height="40" y="191.2" rotation="0" source="assets/comp/PIPE/pipe1-2.png" scaleX="0.5"/>
    <PIPECORNER scaleY="0.5" group="pipe" width="23" x="235" height="23" y="202" rotation="180" source="assets/comp/PIPE/pipe2.png" scaleX="0.5"/>
    <PIPECORNER scaleY="0.5" group="pipe" width="23" x="224" height="23" y="312" rotation="270" source="assets/comp/PIPE/pipe2.png" scaleX="0.5"/>
    <TEXT param="" deviceID="" text="生活水箱" sizeAuto="true" borderColor="0xffffff" group="commonComp" width="78" source="assets/comp/TEXTINPUT/label.png" textAlign="center" height="22" y="314" widthInChars="4" x="361" color="0x444444" fontWeight="normal" contentBackgroundAlpha="0" fontSize="18" fontFamily="微软雅黑" borderVisible="false"/>
    <TEXT param="" deviceID="" text="冷却塔补水泵1" sizeAuto="true" borderColor="0xffffff" group="commonComp" width="125" source="assets/comp/TEXTINPUT/label.png" textAlign="center" height="22" y="218" widthInChars="4" x="48" color="0x444444" fontWeight="normal" contentBackgroundAlpha="0" fontSize="18" fontFamily="微软雅黑" borderVisible="false"/>
    <TEXT param="" deviceID="" text="冷却塔补水泵2" sizeAuto="true" borderColor="0xffffff" group="commonComp" width="125" source="assets/comp/TEXTINPUT/label.png" textAlign="center" height="22" y="336" widthInChars="4" x="51" color="0x444444" fontWeight="normal" contentBackgroundAlpha="0" fontSize="18" fontFamily="微软雅黑" borderVisible="false"/>
    <PIPELINE2 scaleY="5" group="pipe" width="12" x="603" height="40" y="157" rotation="0" source="assets/comp/PIPE/pipe1-2.png" scaleX="0.5"/>
    <PIPECORNER scaleY="0.5" group="pipe" width="23" x="603" height="23" y="346" rotation="0" source="assets/comp/PIPE/pipe2.png" scaleX="0.5"/>
    <PIPECORNER scaleY="0.5" group="pipe" width="23" x="614" height="23" y="153" rotation="-270" source="assets/comp/PIPE/pipe2.png" scaleX="0.5"/>
    <TEXT param="" deviceID="" text="给水泵1" sizeAuto="true" borderColor="0xffffff" group="commonComp" width="68" source="assets/comp/TEXTINPUT/label.png" textAlign="center" height="22" y="180" widthInChars="4" x="685" color="0x444444" fontWeight="normal" contentBackgroundAlpha="0" fontSize="18" fontFamily="微软雅黑" borderVisible="false"/>
    <TEXT param="" deviceID="" text="给水泵2" sizeAuto="true" borderColor="0xffffff" group="commonComp" width="68" source="assets/comp/TEXTINPUT/label.png" textAlign="center" height="22" y="272" widthInChars="4" x="686" color="0x444444" fontWeight="normal" contentBackgroundAlpha="0" fontSize="18" fontFamily="微软雅黑" borderVisible="false"/>
    <TEXT param="" deviceID="" text="给水泵3" sizeAuto="true" borderColor="0xffffff" group="commonComp" width="68" source="assets/comp/TEXTINPUT/label.png" textAlign="center" height="22" y="377" widthInChars="4" x="684" color="0x444444" fontWeight="normal" contentBackgroundAlpha="0" fontSize="18" fontFamily="微软雅黑" borderVisible="false"/>
    <TEXT param="" deviceID="" text="消防水箱" sizeAuto="true" borderColor="0xffffff" group="commonComp" width="78" source="assets/comp/TEXTINPUT/label.png" textAlign="center" height="22" y="360" widthInChars="4" x="940" color="0x444444" fontWeight="normal" contentBackgroundAlpha="0" fontSize="18" fontFamily="微软雅黑" borderVisible="false"/>
    <WSK deviceID="2360001" mark="XFSX" group="deviceComp" width="217" x="884" height="126" y="183" source="assets/comp/WSK/highLevel/0/1.png" deviceName="消防水箱2"/>
    <LQB scaleY="0.8" deviceID="190001" scaleX="0.8" group="deviceComp" source="assets/comp/LQB/alarm/0/1.png" x="681" height="87" y="106" isMouseOverTip="true" mark="BPB" deviceName="生活水泵1" width="88"/>
    <LQB scaleY="0.8" deviceID="190002" scaleX="0.8" group="deviceComp" source="assets/comp/LQB/alarm/0/1.png" x="683" height="87" y="200" isMouseOverTip="true" mark="BPB" deviceName="生活水泵2" width="88"/>
    <LQB scaleY="0.8" deviceID="190003" scaleX="0.8" group="deviceComp" source="assets/comp/LQB/alarm/0/1.png" x="686" height="87" y="302" isMouseOverTip="true" mark="BPB" deviceName="生活水泵3" width="88"/>
    <LQB scaleY="0.8" deviceID="1180001" scaleX="0.8" group="deviceComp" source="assets/comp/LQB/alarm/0/1.png" x="78" height="87" y="143" isMouseOverTip="true" mark="BSB" deviceName="补水泵1" width="88"/>
    <LQB scaleY="0.8" deviceID="1180002" scaleX="0.8" group="deviceComp" source="assets/comp/LQB/alarm/0/1.png" x="79" height="87" y="258" isMouseOverTip="true" mark="BSB" deviceName="补水泵2" width="88"/>
  </Components>
</Configration>