<?xml version="1.0" encoding="utf-8"?><Configration Width="1058" Height="521">
  <LIST>
    <Component>
      <HANDAUTO/>
    </Component>
    <Image>
      <BHBDSGY2 source="assets/comp/BHBDSGY2.png"/>
    </Image>
  </LIST>
  <Components>
    <BHBDSGY2 rotation="0" scale="0.96" x="86" y="-1"/>
    <TEXT deviceID="" textAlign="right" text="变压器馈线柜" rotation="0" fontWeight="normal" fontSize="18" fontFamily="Arial" param="" scale="1" widthInChars="6" color="16777215" x="619" y="346"/>
    <TEXT deviceID="" textAlign="right" text="计量专用" rotation="0" fontWeight="normal" fontSize="18" fontFamily="Arial" param="" scale="1" widthInChars="4" color="16777215" x="481" y="342"/>
    <TEXT deviceID="" textAlign="right" text="PT柜" rotation="0" fontWeight="normal" fontSize="18" fontFamily="Arial" param="" scale="1" widthInChars="3" color="16777215" x="318" y="343"/>
    <TEXT deviceID="" textAlign="right" text="进线柜" rotation="0" fontWeight="normal" fontSize="18" fontFamily="Arial" param="" scale="1" widthInChars="3" color="16777215" x="156" y="343"/>
    <LABEL deviceID="21044" textAlign="right" text="1234567" rotation="0" fontWeight="normal" fontSize="14" fontFamily="digifaw" param="MIa" scale="1" widthInChars="5" color="65280" x="833" y="375"/>
    <LABEL deviceID="21044" textAlign="right" text="1234567" rotation="0" fontWeight="normal" fontSize="14" fontFamily="digifaw" param="MIb" scale="1" widthInChars="5" color="65280" x="833" y="398"/>
    <LABEL deviceID="21044" textAlign="right" text="1234567" rotation="0" fontWeight="normal" fontSize="14" fontFamily="digifaw" param="MIc" scale="1" widthInChars="5" color="65280" x="833" y="423"/>
    <LABEL deviceID="21044" textAlign="right" text="1234567" rotation="0" fontWeight="normal" fontSize="14" fontFamily="digifaw" param="p" scale="1" widthInChars="5" color="65280" x="833" y="447"/>
    <LABEL deviceID="21044" textAlign="right" text="1234567" rotation="0" fontWeight="normal" fontSize="14" fontFamily="digifaw" param="Q" scale="1" widthInChars="5" color="65280" x="833" y="471"/>
    <LABEL deviceID="21044" textAlign="right" text="1234567" rotation="0" fontWeight="normal" fontSize="14" fontFamily="digifaw" param="Pf" scale="1" widthInChars="5" color="65280" x="833" y="495"/>
    <TEXT deviceID="" textAlign="right" text="IA(A)" rotation="0" fontWeight="bold" fontSize="14" fontFamily="Arial" param="" scale="1" widthInChars="3" color="16777215" x="768" y="369"/>
    <TEXT deviceID="" textAlign="right" text="IB(A)" rotation="0" fontWeight="bold" fontSize="14" fontFamily="Arial" param="" scale="1" widthInChars="3" color="16777215" x="769" y="395"/>
    <TEXT deviceID="" textAlign="right" text="IC(A)" rotation="0" fontWeight="bold" fontSize="14" fontFamily="Arial" param="" scale="1" widthInChars="3" color="16777215" x="135" y="425"/>
    <TEXT deviceID="" textAlign="right" text="P(Kw)" rotation="0" fontWeight="bold" fontSize="14" fontFamily="Arial" param="" scale="1" widthInChars="3" color="16777215" x="587" y="449"/>
    <TEXT deviceID="" textAlign="right" text="Q(kvar)" rotation="0" fontWeight="bold" fontSize="14" fontFamily="Arial" param="" scale="1" widthInChars="4" color="16777215" x="757" y="472"/>
    <TEXT deviceID="" textAlign="right" text="PF" rotation="0" fontWeight="bold" fontSize="14" fontFamily="Arial" param="" scale="1" widthInChars="3" color="16777215" x="131" y="496"/>
    <TEXT deviceID="" textAlign="right" text="IA(A)" rotation="0" fontWeight="bold" fontSize="14" fontFamily="Arial" param="" scale="1" widthInChars="3" color="16777215" x="588" y="378"/>
    <TEXT deviceID="" textAlign="right" text="IB(A)" rotation="0" fontWeight="bold" fontSize="14" fontFamily="Arial" param="" scale="1" widthInChars="3" color="16777215" x="136" y="401"/>
    <TEXT deviceID="" textAlign="right" text="IC(A)" rotation="0" fontWeight="bold" fontSize="14" fontFamily="Arial" param="" scale="1" widthInChars="3" color="16777215" x="769" y="417"/>
    <TEXT deviceID="" textAlign="right" text="P(Kw)" rotation="0" fontWeight="bold" fontSize="14" fontFamily="Arial" param="" scale="1" widthInChars="3" color="16777215" x="771" y="447"/>
    <TEXT deviceID="" textAlign="right" text="Q(kvar)" rotation="0" fontWeight="bold" fontSize="14" fontFamily="Arial" param="" scale="1" widthInChars="4" color="16777215" x="573" y="473"/>
    <TEXT deviceID="" textAlign="right" text="PF" rotation="0" fontWeight="bold" fontSize="14" fontFamily="Arial" param="" scale="1" widthInChars="3" color="16777215" x="767" y="494"/>
    <LABEL deviceID="21043" textAlign="right" text="1234567" rotation="0" fontWeight="normal" fontSize="14" fontFamily="digifaw" param="MIb" scale="1" widthInChars="5" color="65280" x="646" y="399"/>
    <LABEL deviceID="21043" textAlign="right" text="1234567" rotation="0" fontWeight="normal" fontSize="14" fontFamily="digifaw" param="MIa" scale="1" widthInChars="5" color="65280" x="646" y="375"/>
    <LABEL deviceID="21043" textAlign="right" text="1234567" rotation="0" fontWeight="normal" fontSize="14" fontFamily="digifaw" param="MIc" scale="1" widthInChars="5" color="65280" x="646" y="423"/>
    <LABEL deviceID="21043" textAlign="right" text="1234567" rotation="0" fontWeight="normal" fontSize="14" fontFamily="digifaw" param="p" scale="1" widthInChars="5" color="65280" x="646" y="447"/>
    <LABEL deviceID="21047" textAlign="right" text="1234567" rotation="0" fontWeight="normal" fontSize="14" fontFamily="digifaw" param="Q" scale="1" widthInChars="5" color="65280" x="646" y="471"/>
    <LABEL deviceID="21047" textAlign="right" text="1234567" rotation="0" fontWeight="normal" fontSize="14" fontFamily="digifaw" param="Pf" scale="1" widthInChars="5" color="65280" x="646" y="495"/>
    <LABEL deviceID="21047" textAlign="right" text="1234567" rotation="0" fontWeight="normal" fontSize="14" fontFamily="digifaw" param="MIa" scale="1" widthInChars="5" color="65280" x="190" y="375"/>
    <LABEL deviceID="21047" textAlign="right" text="1234567" rotation="0" fontWeight="normal" fontSize="14" fontFamily="digifaw" param="MIc" scale="1" widthInChars="5" color="65280" x="190" y="423"/>
    <LABEL deviceID="21047" textAlign="right" text="1234567" rotation="0" fontWeight="normal" fontSize="14" fontFamily="digifaw" param="MIb" scale="1" widthInChars="5" color="65280" x="190" y="399"/>
    <LABEL deviceID="21047" textAlign="right" text="1234567" rotation="0" fontWeight="normal" fontSize="14" fontFamily="digifaw" param="p" scale="1" widthInChars="5" color="65280" x="190" y="447"/>
    <TEXT deviceID="" textAlign="right" text="IA(A)" rotation="0" fontWeight="bold" fontSize="14" fontFamily="Arial" param="" scale="1" widthInChars="3" color="16777215" x="136" y="379"/>
    <TEXT deviceID="" textAlign="right" text="IB(A)" rotation="0" fontWeight="bold" fontSize="14" fontFamily="Arial" param="" scale="1" widthInChars="3" color="16777215" x="588" y="401"/>
    <TEXT deviceID="" textAlign="right" text="IC(A)" rotation="0" fontWeight="bold" fontSize="14" fontFamily="Arial" param="" scale="1" widthInChars="3" color="16777215" x="588" y="425"/>
    <TEXT textAlign="right" color="16777215" rotation="0" fontWeight="normal" fontSize="18" fontFamily="Arial" param="" scale="1" text="变压器馈线柜" deviceID="" widthInChars="6" x="797" y="345"/>
    <LABEL textAlign="right" color="65280" rotation="0" fontWeight="normal" fontSize="14" fontFamily="digifaw" param="Q" scale="1" text="1234567" deviceID="21047" widthInChars="5" x="190" y="471"/>
    <LABEL textAlign="right" widthInChars="5" fontWeight="normal" fontSize="14" fontFamily="digifaw" param="Pf" scale="1" color="65280" rotation="0" deviceID="21047" text="1234567" x="190" y="495"/>
    <TEXT textAlign="right" color="16777215" rotation="0" fontWeight="bold" fontSize="14" fontFamily="Arial" param="" scale="1" text="Q(kvar)" deviceID="" widthInChars="4" x="122" y="472"/>
    <TEXT textAlign="right" color="16777215" rotation="0" fontWeight="bold" fontSize="14" fontFamily="Arial" param="" scale="1" text="P(Kw)" deviceID="" widthInChars="3" x="135" y="449"/>
    <TEXT textAlign="right" color="16777215" rotation="0" fontWeight="bold" fontSize="14" fontFamily="Arial" param="" scale="1" text="PF" deviceID="" widthInChars="3" x="583" y="497"/>
    <HANDAUTO deviceID="59" scale="0" x="878" y="112.95" rotation="0"/>
  </Components>
</Configration>