<?xml version="1.0" encoding="utf-8"?>
<Configration Width="1155" Height="606">
  <LIST>
    <Component>
      <IA/>
      <UA/>
      <HFZBTN/>
    </Component>
    <Image>
      <BPD1 source="mapAssets/mapImages/BPD/BPD1.png" group="map"/>
    </Image>
  </LIST>
  <Components>
    <BPD1 x="67" y="3" scaleX="0.7" height="714" scaleY="0.5" width="1553"/>
    <IA popType="list" x="90" width="120" height="100" isPop="true" y="340" deviceID="3501" mark="DB" deviceName="1#开闭所-1号进线"/>
    <IA popType="list" x="540" width="120" height="100" isPop="true" y="340" deviceID="3503" mark="DB" deviceName="1#开闭所-住宅1中心配-1"/>
    <IA popType="list" x="690" width="120" height="100" isPop="true" y="340" deviceID="3504" mark="DB" deviceName="1#开闭所-大商业中心配-1"/>
    <IA popType="list" x="990" width="120" height="100" isPop="true" y="340" deviceID="3506" mark="DB" deviceName="1#开闭所-七层写字楼-1"/>
    <IA popType="list" x="840" width="120" height="100" isPop="true" y="340" deviceID="3505" mark="DB" deviceName="1#开闭所-1步行街-1"/>
    <TEXT fontWeight="normal" borderColor="0xffffff" text="1#电源进线" contentBackgroundAlpha="0" textAlign="center" sizeAuto="true" fontSize="16" x="108" color="0" widthInChars="4" y="310" borderVisible="false" height="21" fontFamily="微软雅黑" deviceID="" width="86" param=""/>
    <UA popType="list" x="390" width="120" height="100" isPop="true" y="340" deviceID="3502" mark="DB" deviceName="1#开闭所-PT1"/>
    <TEXT fontWeight="normal" borderColor="0xffffff" text="1#PT柜" contentBackgroundAlpha="0" textAlign="center" sizeAuto="true" fontSize="16" x="425" color="0" widthInChars="4" y="310" borderVisible="false" height="21" fontFamily="微软雅黑" deviceID="" width="54" param=""/>
    <TEXT fontWeight="normal" borderColor="0xffffff" text="住宅1中心配-1" contentBackgroundAlpha="0" textAlign="center" sizeAuto="true" fontSize="16" x="545" color="0" widthInChars="4" y="310" borderVisible="false" height="21" fontFamily="微软雅黑" deviceID="" width="108" param=""/>
    <TEXT fontWeight="normal" borderColor="0xffffff" text="大商业中心配-1" contentBackgroundAlpha="0" textAlign="center" sizeAuto="true" fontSize="16" x="690" color="0" widthInChars="4" y="310" borderVisible="false" height="21" fontFamily="微软雅黑" deviceID="" width="117" param=""/>
    <TEXT fontWeight="normal" borderColor="0xffffff" text="1步行街-1" contentBackgroundAlpha="0" textAlign="center" sizeAuto="true" fontSize="16" x="858" color="0" widthInChars="4" y="310" borderVisible="false" height="21" fontFamily="微软雅黑" deviceID="" width="74" param=""/>
    <TEXT fontWeight="normal" borderColor="0xffffff" text="七层写字楼-1" contentBackgroundAlpha="0" textAlign="center" sizeAuto="true" fontSize="16" x="1000" color="0" widthInChars="4" y="310" borderVisible="false" height="21" fontFamily="微软雅黑" deviceID="" width="100" param=""/>
    <LABEL fontWeight="normal" color="3407616" widthInChars="4" sizeAuto="false" contentBackgroundColor="000000" deviceID="3501" mark="DB" deviceName="1#开闭所-1号进线" param="Ia_2" contentBackgroundAlpha="0" paramID="346" borderVisible="true" borderColor="999999" text="0101" textAlign="center" rotation="0" fontSize="12" x="120" y="348" fontFamily="digifaw"/>
    <LABEL fontWeight="normal" color="3407616" widthInChars="4" sizeAuto="false" contentBackgroundColor="000000" deviceID="3501" mark="DB" deviceName="1#开闭所-1号进线" param="Ib_2" contentBackgroundAlpha="0" paramID="347" borderVisible="true" borderColor="999999" text="0101" textAlign="center" rotation="0" fontSize="12" x="120" y="378" fontFamily="digifaw"/>
    <LABEL fontWeight="normal" color="3407616" widthInChars="4" sizeAuto="false" contentBackgroundColor="000000" deviceID="3501" mark="DB" deviceName="1#开闭所-1号进线" param="Ic_2" contentBackgroundAlpha="0" paramID="348" borderVisible="true" borderColor="999999" text="0101" textAlign="center" rotation="0" fontSize="12" x="120" y="408" fontFamily="digifaw"/>
    <LABEL fontWeight="normal" color="3407616" widthInChars="4" sizeAuto="false" contentBackgroundColor="000000" deviceID="3502" mark="DB" deviceName="1#开闭所-PT1" param="Uab_2" contentBackgroundAlpha="0" paramID="355" borderVisible="true" borderColor="999999" text="0101" textAlign="center" rotation="0" fontSize="12" x="427" y="348" fontFamily="digifaw"/>
    <LABEL fontWeight="normal" color="3407616" widthInChars="4" sizeAuto="false" contentBackgroundColor="000000" deviceID="3502" mark="DB" deviceName="1#开闭所-PT1" param="Ubc_2" contentBackgroundAlpha="0" paramID="356" borderVisible="true" borderColor="999999" text="0101" textAlign="center" rotation="0" fontSize="12" x="427" y="378" fontFamily="digifaw"/>
    <LABEL fontWeight="normal" color="3407616" widthInChars="4" sizeAuto="false" contentBackgroundColor="000000" deviceID="3502" mark="DB" deviceName="1#开闭所-PT1" param="Uca_2" contentBackgroundAlpha="0" paramID="357" borderVisible="true" borderColor="999999" text="0101" textAlign="center" rotation="0" fontSize="12" x="427" y="408" fontFamily="digifaw"/>
    <LABEL fontWeight="normal" color="3407616" widthInChars="4" sizeAuto="false" contentBackgroundColor="000000" deviceID="3503" mark="DB" deviceName="1#开闭所-住宅1中心配-1" param="Ia_2" contentBackgroundAlpha="0" paramID="346" borderVisible="true" borderColor="999999" text="0101" textAlign="center" rotation="0" fontSize="12" x="570" y="348" fontFamily="digifaw"/>
    <LABEL fontWeight="normal" color="3407616" widthInChars="4" sizeAuto="false" contentBackgroundColor="000000" deviceID="3503" mark="DB" deviceName="1#开闭所-住宅1中心配-1" param="Ib_2" contentBackgroundAlpha="0" paramID="347" borderVisible="true" borderColor="999999" text="0101" textAlign="center" rotation="0" fontSize="12" x="570" y="378" fontFamily="digifaw"/>
    <LABEL fontWeight="normal" color="3407616" widthInChars="4" sizeAuto="false" contentBackgroundColor="000000" deviceID="3503" mark="DB" deviceName="1#开闭所-住宅1中心配-1" param="Ic_2" contentBackgroundAlpha="0" paramID="348" borderVisible="true" borderColor="999999" text="0101" textAlign="center" rotation="0" fontSize="12" x="570" y="408" fontFamily="digifaw"/>
    <LABEL fontWeight="normal" color="3407616" widthInChars="4" sizeAuto="false" contentBackgroundColor="000000" deviceID="3504" mark="DB" deviceName="1#开闭所-大商业中心配-1" param="Ia_2" contentBackgroundAlpha="0" paramID="346" borderVisible="true" borderColor="999999" text="0101" textAlign="center" rotation="0" fontSize="12" x="720" y="348" fontFamily="digifaw"/>
    <LABEL fontWeight="normal" color="3407616" widthInChars="4" sizeAuto="false" contentBackgroundColor="000000" deviceID="3504" mark="DB" deviceName="1#开闭所-大商业中心配-1" param="Ib_2" contentBackgroundAlpha="0" paramID="347" borderVisible="true" borderColor="999999" text="0101" textAlign="center" rotation="0" fontSize="12" x="720" y="378" fontFamily="digifaw"/>
    <LABEL fontWeight="normal" color="3407616" widthInChars="4" sizeAuto="false" contentBackgroundColor="000000" deviceID="3504" mark="DB" deviceName="1#开闭所-大商业中心配-1" param="Ic_2" contentBackgroundAlpha="0" paramID="348" borderVisible="true" borderColor="999999" text="0101" textAlign="center" rotation="0" fontSize="12" x="720" y="408" fontFamily="digifaw"/>
    <LABEL fontWeight="normal" color="3407616" widthInChars="4" sizeAuto="false" contentBackgroundColor="000000" deviceID="3505" mark="DB" deviceName="1#开闭所-1步行街-1" param="Ia_2" contentBackgroundAlpha="0" paramID="346" borderVisible="true" borderColor="999999" text="0101" textAlign="center" rotation="0" fontSize="12" x="870" y="348" fontFamily="digifaw"/>
    <LABEL fontWeight="normal" color="3407616" widthInChars="4" sizeAuto="false" contentBackgroundColor="000000" deviceID="3505" mark="DB" deviceName="1#开闭所-1步行街-1" param="Ib_2" contentBackgroundAlpha="0" paramID="347" borderVisible="true" borderColor="999999" text="0101" textAlign="center" rotation="0" fontSize="12" x="870" y="378" fontFamily="digifaw"/>
    <LABEL fontWeight="normal" color="3407616" widthInChars="4" sizeAuto="false" contentBackgroundColor="000000" deviceID="3505" mark="DB" deviceName="1#开闭所-1步行街-1" param="Ic_2" contentBackgroundAlpha="0" paramID="348" borderVisible="true" borderColor="999999" text="0101" textAlign="center" rotation="0" fontSize="12" x="870" y="408" fontFamily="digifaw"/>
    <LABEL fontWeight="normal" color="3407616" widthInChars="4" sizeAuto="false" contentBackgroundColor="000000" deviceID="3506" mark="DB" deviceName="1#开闭所-七层写字楼-1" param="Ia_2" contentBackgroundAlpha="0" paramID="346" borderVisible="true" borderColor="999999" text="0101" textAlign="center" rotation="0" fontSize="12" x="1020" y="348" fontFamily="digifaw"/>
    <LABEL fontWeight="normal" color="3407616" widthInChars="4" sizeAuto="false" contentBackgroundColor="000000" deviceID="3506" mark="DB" deviceName="1#开闭所-七层写字楼-1" param="Ib_2" contentBackgroundAlpha="0" paramID="347" borderVisible="true" borderColor="999999" text="0101" textAlign="center" rotation="0" fontSize="12" x="1020" y="378" fontFamily="digifaw"/>
    <LABEL fontWeight="normal" color="3407616" widthInChars="4" sizeAuto="false" contentBackgroundColor="000000" deviceID="3506" mark="DB" deviceName="1#开闭所-七层写字楼-1" param="Ic_2" contentBackgroundAlpha="0" paramID="348" borderVisible="true" borderColor="999999" text="0101" textAlign="center" rotation="0" fontSize="12" x="1020" y="408" fontFamily="digifaw"/>
    <HFZBTN paramID="245" x="150" width="58" height="25" alarm="HFZBTN" y="455" deviceID="3501" mark="DB" deviceName="1#开闭所-1号进线" param="hzstatus"/>
    <TEXT fontWeight="normal" borderColor="0xffffff" text="合闸位置" contentBackgroundAlpha="0" textAlign="center" sizeAuto="true" fontSize="14" x="85" color="0" widthInChars="4" y="455" borderVisible="false" height="19" fontFamily="微软雅黑" deviceID="" width="62" param=""/>
    <TEXT fontWeight="normal" borderColor="0xffffff" text="合闸位置" contentBackgroundAlpha="0" textAlign="center" sizeAuto="true" fontSize="14" x="385" color="0" widthInChars="4" y="455" borderVisible="false" height="19" fontFamily="微软雅黑" deviceID="" width="62" param=""/>
    <HFZBTN paramID="245" x="450" width="58" height="25" alarm="HFZBTN" y="455" deviceID="3502" mark="DB" deviceName="1#开闭所-PT1" param="hzstatus"/>
    <TEXT fontWeight="normal" borderColor="0xffffff" text="合闸位置" contentBackgroundAlpha="0" textAlign="center" sizeAuto="true" fontSize="14" x="535" color="0" widthInChars="4" y="455" borderVisible="false" height="19" fontFamily="微软雅黑" deviceID="" width="62" param=""/>
    <HFZBTN paramID="245" x="600" width="58" height="25" alarm="HFZBTN" y="455" deviceID="3503" mark="DB" deviceName="1#开闭所-住宅1中心配-1" param="hzstatus"/>
    <TEXT fontWeight="normal" borderColor="0xffffff" text="合闸位置" contentBackgroundAlpha="0" textAlign="center" sizeAuto="true" fontSize="14" x="685" color="0" widthInChars="4" y="455" borderVisible="false" height="19" fontFamily="微软雅黑" deviceID="" width="62" param=""/>
    <HFZBTN paramID="245" x="750" width="58" height="25" alarm="HFZBTN" y="455" deviceID="3504" mark="DB" deviceName="1#开闭所-大商业中心配-1" param="hzstatus"/>
    <TEXT fontWeight="normal" borderColor="0xffffff" text="合闸位置" contentBackgroundAlpha="0" textAlign="center" sizeAuto="true" fontSize="14" x="835" color="0" widthInChars="4" y="455" borderVisible="false" height="19" fontFamily="微软雅黑" deviceID="" width="62" param=""/>
    <HFZBTN paramID="245" x="900" width="58" height="25" alarm="HFZBTN" y="455" deviceID="3505" mark="DB" deviceName="1#开闭所-1步行街-1" param="hzstatus"/>
    <TEXT fontWeight="normal" borderColor="0xffffff" text="合闸位置" contentBackgroundAlpha="0" textAlign="center" sizeAuto="true" fontSize="14" x="985" color="0" widthInChars="4" y="455" borderVisible="false" height="19" fontFamily="微软雅黑" deviceID="" width="62" param=""/>
    <HFZBTN paramID="245" x="1050" width="58" height="25" alarm="HFZBTN" y="455" deviceID="3506" mark="DB" deviceName="1#开闭所-七层写字楼-1" param="hzstatus"/>
  </Components>
</Configration>