<?xml version="1.0" encoding="utf-8"?><Configration Width="1058" Height="521">
  <LIST>
    <Component>
      <HANDAUTO/>
    </Component>
    <Image>
      <BHBDSGY1 source="assets/comp/BHBDSGY1.png"/>
    </Image>
  </LIST>
  <Components>
    <BHBDSGY1 scale="1" rotation="0" x="58" y="0"/>
    <TEXT textAlign="right" deviceID="" rotation="0" fontSize="18" fontWeight="normal" param="" fontFamily="Arial" scale="1" text="变压馈电柜" widthInChars="5" color="16777215" x="65" y="354"/>
    <TEXT textAlign="right" deviceID="" rotation="0" fontSize="18" fontWeight="normal" param="" fontFamily="Arial" scale="1" text="计量专用" widthInChars="4" color="16777215" x="234" y="344"/>
    <TEXT textAlign="right" deviceID="" rotation="0" fontSize="18" fontWeight="normal" param="" fontFamily="Arial" scale="1" text="PT柜" widthInChars="3" color="16777215" x="397" y="344"/>
    <TEXT textAlign="right" deviceID="" rotation="0" fontSize="18" fontWeight="normal" param="" fontFamily="Arial" scale="1" text="进线柜" widthInChars="3" color="16777215" x="575" y="354"/>
    <TEXT textAlign="right" deviceID="" rotation="0" fontSize="18" fontWeight="normal" param="" fontFamily="Arial" scale="1" text="母线联络" widthInChars="4" color="16777215" x="711" y="350"/>
    <TEXT textAlign="right" deviceID="" rotation="0" fontSize="18" fontWeight="normal" param="" fontFamily="Arial" scale="1" text="分段隔离" widthInChars="4" color="16777215" x="906" y="349"/>
    <LABEL textAlign="right" deviceID="21046" rotation="0" fontSize="14" fontWeight="normal" param="MIa" fontFamily="digifaw" scale="1" text="1234567" widthInChars="5" color="65280" x="736" y="375"/>
    <LABEL textAlign="right" deviceID="21046" rotation="0" fontSize="14" fontWeight="normal" param="MIb" fontFamily="digifaw" scale="1" text="1234567" widthInChars="5" color="65280" x="737" y="399"/>
    <LABEL textAlign="right" deviceID="21046" rotation="0" fontSize="14" fontWeight="normal" param="MIc" fontFamily="digifaw" scale="1" text="1234567" widthInChars="5" color="65280" x="737" y="422"/>
    <LABEL textAlign="right" deviceID="21046" rotation="0" fontSize="14" fontWeight="normal" param="p" fontFamily="digifaw" scale="1" text="1234567" widthInChars="5" color="65280" x="739" y="446"/>
    <LABEL textAlign="right" deviceID="21046" rotation="0" fontSize="14" fontWeight="normal" param="Q" fontFamily="digifaw" scale="1" text="1234567" widthInChars="5" color="65280" x="740" y="470"/>
    <LABEL textAlign="right" deviceID="21046" rotation="0" fontSize="14" fontWeight="normal" param="Pf" fontFamily="digifaw" scale="1" text="1234567" widthInChars="5" color="65280" x="740" y="494"/>
    <TEXT textAlign="right" deviceID="" rotation="0" fontSize="14" fontWeight="bold" param="" fontFamily="Arial" scale="1" text="IA(A)" widthInChars="3" color="16777215" x="682" y="374"/>
    <TEXT textAlign="right" deviceID="" rotation="0" fontSize="14" fontWeight="bold" param="" fontFamily="Arial" scale="1" text="IB(A)" widthInChars="3" color="16777215" x="682" y="401"/>
    <TEXT textAlign="right" deviceID="" rotation="0" fontSize="14" fontWeight="bold" param="" fontFamily="Arial" scale="1" text="IC(A)" widthInChars="3" color="16777215" x="44" y="429"/>
    <TEXT textAlign="right" deviceID="" rotation="0" fontSize="14" fontWeight="bold" param="" fontFamily="Arial" scale="1" text="P(Kw)" widthInChars="3" color="16777215" x="532" y="449"/>
    <TEXT textAlign="right" deviceID="" rotation="0" fontSize="14" fontWeight="bold" param="" fontFamily="Arial" scale="1" text="Q(kvar)" widthInChars="4" color="16777215" x="673" y="470"/>
    <TEXT textAlign="right" deviceID="" rotation="0" fontSize="14" fontWeight="bold" param="" fontFamily="Arial" scale="1" text="PF" widthInChars="3" color="16777215" x="526" y="498"/>
    <TEXT textAlign="right" deviceID="" rotation="0" fontSize="14" fontWeight="bold" param="" fontFamily="Arial" scale="1" text="IA(A)" widthInChars="3" color="16777215" x="531" y="378"/>
    <TEXT textAlign="right" deviceID="" rotation="0" fontSize="14" fontWeight="bold" param="" fontFamily="Arial" scale="1" text="IB(A)" widthInChars="3" color="16777215" x="45" y="406"/>
    <TEXT textAlign="right" deviceID="" rotation="0" fontSize="14" fontWeight="bold" param="" fontFamily="Arial" scale="1" text="IC(A)" widthInChars="3" color="16777215" x="681" y="424"/>
    <TEXT textAlign="right" deviceID="" rotation="0" fontSize="14" fontWeight="bold" param="" fontFamily="Arial" scale="1" text="P(Kw)" widthInChars="3" color="16777215" x="682" y="447"/>
    <TEXT textAlign="right" deviceID="" rotation="0" fontSize="14" fontWeight="bold" param="" fontFamily="Arial" scale="1" text="Q(kvar)" widthInChars="4" color="16777215" x="518" y="473"/>
    <TEXT textAlign="right" deviceID="" rotation="0" fontSize="14" fontWeight="bold" param="" fontFamily="Arial" scale="1" text="PF" widthInChars="3" color="16777215" x="679" y="495"/>
    <LABEL textAlign="right" deviceID="21045" rotation="0" fontSize="14" fontWeight="normal" param="MIb" fontFamily="digifaw" scale="1" text="1234567" widthInChars="5" color="65280" x="583" y="399"/>
    <LABEL textAlign="right" deviceID="21045" rotation="0" fontSize="14" fontWeight="normal" param="MIa" fontFamily="digifaw" scale="1" text="1234567" widthInChars="5" color="65280" x="583" y="375"/>
    <LABEL textAlign="right" deviceID="21045" rotation="0" fontSize="14" fontWeight="normal" param="MIc" fontFamily="digifaw" scale="1" text="1234567" widthInChars="5" color="65280" x="583" y="423"/>
    <LABEL textAlign="right" deviceID="21045" rotation="0" fontSize="14" fontWeight="normal" param="p" fontFamily="digifaw" scale="1" text="1234567" widthInChars="5" color="65280" x="583" y="447"/>
    <LABEL textAlign="right" deviceID="21045" rotation="0" fontSize="14" fontWeight="normal" param="Q" fontFamily="digifaw" scale="1" text="1234567" widthInChars="5" color="65280" x="583" y="471"/>
    <LABEL textAlign="right" deviceID="21045" rotation="0" fontSize="14" fontWeight="normal" param="Pf" fontFamily="digifaw" scale="1" text="1234567" widthInChars="5" color="65280" x="584" y="495"/>
    <LABEL textAlign="right" deviceID="" rotation="0" fontSize="14" fontWeight="normal" param="" fontFamily="digifaw" scale="1" text="" widthInChars="4" color="65280" x="410" y="374"/>
    <LABEL textAlign="right" deviceID="" rotation="0" fontSize="14" fontWeight="normal" param="" fontFamily="digifaw" scale="1" text="" widthInChars="4" color="65280" x="410" y="398"/>
    <LABEL textAlign="right" deviceID="" rotation="0" fontSize="14" fontWeight="normal" param="" fontFamily="digifaw" scale="1" text="" widthInChars="4" color="65280" x="410" y="422"/>
    <LABEL textAlign="right" deviceID="21042" rotation="0" fontSize="14" fontWeight="normal" param="MIa" fontFamily="digifaw" scale="1" text="1234567" widthInChars="5" color="65280" x="94" y="380"/>
    <LABEL textAlign="right" deviceID="" rotation="0" fontSize="14" fontWeight="normal" param="" fontFamily="digifaw" scale="1" text="" widthInChars="4" color="65280" x="410" y="446"/>
    <LABEL textAlign="right" deviceID="21042" rotation="0" fontSize="14" fontWeight="normal" param="MIc" fontFamily="digifaw" scale="1" text="1234567" widthInChars="5" color="65280" x="95" y="428"/>
    <LABEL textAlign="right" deviceID="21042" rotation="0" fontSize="14" fontWeight="normal" param="MIb" fontFamily="digifaw" scale="1" text="1234567" widthInChars="5" color="65280" x="95" y="404"/>
    <LABEL textAlign="right" deviceID="21042" rotation="0" fontSize="14" fontWeight="normal" param="F" fontFamily="digifaw" scale="1" text="1234567" widthInChars="5" color="65280" x="95" y="451"/>
    <TEXT textAlign="right" deviceID="" rotation="0" fontSize="14" fontWeight="bold" param="" fontFamily="Arial" scale="1" text="IA(A)" widthInChars="3" color="16777215" x="45" y="380"/>
    <TEXT textAlign="right" deviceID="" rotation="0" fontSize="14" fontWeight="bold" param="" fontFamily="Arial" scale="1" text="IB(A)" widthInChars="3" color="16777215" x="530" y="401"/>
    <TEXT textAlign="right" deviceID="" rotation="0" fontSize="14" fontWeight="bold" param="" fontFamily="Arial" scale="1" text="IC(A)" widthInChars="3" color="16777215" x="530" y="425"/>
    <TEXT textAlign="right" deviceID="" rotation="0" fontSize="14" fontWeight="bold" param="" fontFamily="Arial" scale="1" text="F(Hz)" widthInChars="3" color="16777215" x="43" y="453"/>
    <TEXT textAlign="right" deviceID="" rotation="0" fontSize="14" fontWeight="bold" param="" fontFamily="Arial" scale="1" text="Uab(Kv)" widthInChars="4" color="16777215" x="345" y="375"/>
    <TEXT textAlign="right" deviceID="" rotation="0" fontSize="14" fontWeight="bold" param="" fontFamily="Arial" scale="1" text="Ubc(Kv)" widthInChars="4" color="16777215" x="345" y="398"/>
    <TEXT textAlign="right" deviceID="" rotation="0" fontSize="14" fontWeight="bold" param="" fontFamily="Arial" scale="1" text="Uca(Kv)" widthInChars="4" color="16777215" x="345" y="423"/>
    <TEXT textAlign="right" deviceID="" rotation="0" fontSize="14" fontWeight="bold" param="" fontFamily="Arial" scale="1" text="F(Hz)" widthInChars="3" color="16777215" x="356" y="449"/>
    <HANDAUTO deviceID="59" scale="0" rotation="0" x="466" y="100"/>
  </Components>
</Configration>