<?xml version="1.0" encoding="utf-8"?><Configration Width="1058" Height="521">
  <LIST>
    <Component>
      <HANDAUTO/>
    </Component>
    <Image>
      <CSBDSGY1 source="assets/comp/CSBDSGY1.png"/>
    </Image>
  </LIST>
  <Components>
    <CSBDSGY1 scale="0.96" rotation="0" x="39" y="0"/>
    <TEXT textAlign="right" deviceID="" rotation="0" fontSize="18" fontWeight="normal" param="" fontFamily="Arial" scale="1" text="变压器馈线柜" widthInChars="6" color="16777215" x="38" y="352"/>
    <TEXT textAlign="right" deviceID="" rotation="0" fontSize="18" fontWeight="normal" param="" fontFamily="Arial" scale="1" text="计量专用" widthInChars="4" color="16777215" x="234" y="344"/>
    <TEXT textAlign="right" deviceID="" rotation="0" fontSize="18" fontWeight="normal" param="" fontFamily="Arial" scale="1" text="PT柜" widthInChars="3" color="16777215" x="397" y="344"/>
    <TEXT textAlign="right" deviceID="" rotation="0" fontSize="18" fontWeight="normal" param="" fontFamily="Arial" scale="1" text="进线柜" widthInChars="3" color="16777215" x="575" y="354"/>
    <TEXT textAlign="right" deviceID="" rotation="0" fontSize="18" fontWeight="normal" param="" fontFamily="Arial" scale="1" text="母线联络" widthInChars="4" color="16777215" x="711" y="350"/>
    <TEXT textAlign="right" deviceID="" rotation="0" fontSize="18" fontWeight="normal" param="" fontFamily="Arial" scale="1" text="分段隔离" widthInChars="4" color="16777215" x="906" y="349"/>
    <LABEL textAlign="right" deviceID="21051" rotation="0" fontSize="14" fontWeight="normal" param="MIa" fontFamily="digifaw" scale="1" text="1234567" widthInChars="5" color="65280" x="736" y="375"/>
    <LABEL textAlign="right" deviceID="21051" rotation="0" fontSize="14" fontWeight="normal" param="MIb" fontFamily="digifaw" scale="1" text="1234567" widthInChars="5" color="65280" x="737" y="399"/>
    <LABEL textAlign="right" deviceID="21051" rotation="0" fontSize="14" fontWeight="normal" param="MIc" fontFamily="digifaw" scale="1" text="1234567" widthInChars="5" color="65280" x="737" y="422"/>
    <LABEL textAlign="right" deviceID="21051" rotation="0" fontSize="14" fontWeight="normal" param="p" fontFamily="digifaw" scale="1" text="1234567" widthInChars="5" color="65280" x="739" y="446"/>
    <LABEL textAlign="right" deviceID="21051" rotation="0" fontSize="14" fontWeight="normal" param="Q" fontFamily="digifaw" scale="1" text="1234567" widthInChars="5" color="65280" x="740" y="470"/>
    <LABEL textAlign="right" deviceID="21051" rotation="0" fontSize="14" fontWeight="normal" param="Pf" fontFamily="digifaw" scale="1" text="1234567" widthInChars="5" color="65280" x="740" y="494"/>
    <TEXT textAlign="right" deviceID="" rotation="0" fontSize="14" fontWeight="bold" param="" fontFamily="Arial" scale="1" text="IA(A)" widthInChars="3" color="16777215" x="682" y="374"/>
    <TEXT textAlign="right" deviceID="" rotation="0" fontSize="14" fontWeight="bold" param="" fontFamily="Arial" scale="1" text="IB(A)" widthInChars="3" color="16777215" x="682" y="401"/>
    <TEXT textAlign="right" deviceID="" rotation="0" fontSize="14" fontWeight="bold" param="" fontFamily="Arial" scale="1" text="IC(A)" widthInChars="3" color="16777215" x="44" y="429"/>
    <TEXT textAlign="right" deviceID="" rotation="0" fontSize="14" fontWeight="bold" param="" fontFamily="Arial" scale="1" text="P(Kw)" widthInChars="3" color="16777215" x="532" y="449"/>
    <TEXT textAlign="right" deviceID="" rotation="0" fontSize="14" fontWeight="bold" param="" fontFamily="Arial" scale="1" text="Q(kvar)" widthInChars="4" color="16777215" x="673" y="470"/>
    <TEXT textAlign="right" deviceID="" rotation="0" fontSize="14" fontWeight="bold" param="" fontFamily="Arial" scale="1" text="PF" widthInChars="3" color="16777215" x="526" y="498"/>
    <TEXT textAlign="right" deviceID="" rotation="0" fontSize="14" fontWeight="bold" param="" fontFamily="Arial" scale="1" text="IA(A)" widthInChars="3" color="16777215" x="531" y="378"/>
    <TEXT textAlign="right" deviceID="" rotation="0" fontSize="14" fontWeight="bold" param="" fontFamily="Arial" scale="1" text="IB(A)" widthInChars="3" color="16777215" x="45" y="406"/>
    <TEXT textAlign="right" deviceID="" rotation="0" fontSize="14" fontWeight="bold" param="" fontFamily="Arial" scale="1" text="IC(A)" widthInChars="3" color="16777215" x="681" y="424"/>
    <TEXT textAlign="right" deviceID="" rotation="0" fontSize="14" fontWeight="bold" param="" fontFamily="Arial" scale="1" text="P(Kw)" widthInChars="3" color="16777215" x="682" y="447"/>
    <TEXT textAlign="right" deviceID="" rotation="0" fontSize="14" fontWeight="bold" param="" fontFamily="Arial" scale="1" text="Q(kvar)" widthInChars="4" color="16777215" x="518" y="473"/>
    <TEXT textAlign="right" deviceID="" rotation="0" fontSize="14" fontWeight="bold" param="" fontFamily="Arial" scale="1" text="PF" widthInChars="3" color="16777215" x="679" y="495"/>
    <LABEL textAlign="right" deviceID="21050" rotation="0" fontSize="14" fontWeight="normal" param="MIb" fontFamily="digifaw" scale="1" text="1234567" widthInChars="5" color="65280" x="583" y="399"/>
    <LABEL textAlign="right" deviceID="21050" rotation="0" fontSize="14" fontWeight="normal" param="MIa" fontFamily="digifaw" scale="1" text="1234567" widthInChars="5" color="65280" x="583" y="375"/>
    <LABEL textAlign="right" deviceID="21050" rotation="0" fontSize="14" fontWeight="normal" param="MIc" fontFamily="digifaw" scale="1" text="1234567" widthInChars="5" color="65280" x="583" y="423"/>
    <LABEL textAlign="right" deviceID="21050" rotation="0" fontSize="14" fontWeight="normal" param="p" fontFamily="digifaw" scale="1" text="1234567" widthInChars="5" color="65280" x="583" y="447"/>
    <LABEL textAlign="right" deviceID="21050" rotation="0" fontSize="14" fontWeight="normal" param="Q" fontFamily="digifaw" scale="1" text="1234567" widthInChars="5" color="65280" x="583" y="471"/>
    <LABEL textAlign="right" deviceID="21050" rotation="0" fontSize="14" fontWeight="normal" param="Pf" fontFamily="digifaw" scale="1" text="1234567" widthInChars="5" color="65280" x="584" y="495"/>
    <LABEL textAlign="right" deviceID="" rotation="0" fontSize="14" fontWeight="normal" param="" fontFamily="digifaw" scale="1" text="" widthInChars="5" color="65280" x="410" y="374"/>
    <LABEL textAlign="right" deviceID="" rotation="0" fontSize="14" fontWeight="normal" param="" fontFamily="digifaw" scale="1" text="" widthInChars="5" color="65280" x="410" y="398"/>
    <LABEL textAlign="right" deviceID="" rotation="0" fontSize="14" fontWeight="normal" param="" fontFamily="digifaw" scale="1" text="" widthInChars="5" color="65280" x="410" y="422"/>
    <LABEL textAlign="right" deviceID="21048" rotation="0" fontSize="14" fontWeight="normal" param="MIa" fontFamily="digifaw" scale="1" text="1234567" widthInChars="5" color="65280" x="95" y="375"/>
    <LABEL textAlign="right" deviceID="" rotation="0" fontSize="14" fontWeight="normal" param="" fontFamily="digifaw" scale="1" text="" widthInChars="5" color="65280" x="410" y="446"/>
    <LABEL textAlign="right" deviceID="21048" rotation="0" fontSize="14" fontWeight="normal" param="MIc" fontFamily="digifaw" scale="1" text="1234567" widthInChars="5" color="65280" x="95" y="423"/>
    <LABEL textAlign="right" deviceID="21048" rotation="0" fontSize="14" fontWeight="normal" param="MIb" fontFamily="digifaw" scale="1" text="1234567" widthInChars="5" color="65280" x="95" y="399"/>
    <LABEL textAlign="right" deviceID="21048" rotation="0" fontSize="14" fontWeight="normal" param="p" fontFamily="digifaw" scale="1" text="1234567" widthInChars="5" color="65280" x="95" y="447"/>
    <TEXT textAlign="right" deviceID="" rotation="0" fontSize="14" fontWeight="bold" param="" fontFamily="Arial" scale="1" text="IA(A)" widthInChars="3" color="16777215" x="45" y="380"/>
    <TEXT textAlign="right" deviceID="" rotation="0" fontSize="14" fontWeight="bold" param="" fontFamily="Arial" scale="1" text="IB(A)" widthInChars="3" color="16777215" x="530" y="401"/>
    <TEXT textAlign="right" deviceID="" rotation="0" fontSize="14" fontWeight="bold" param="" fontFamily="Arial" scale="1" text="IC(A)" widthInChars="3" color="16777215" x="530" y="425"/>
    <TEXT textAlign="right" deviceID="" rotation="0" fontSize="14" fontWeight="bold" param="" fontFamily="Arial" scale="1" text="Uab(Kv)" widthInChars="4" color="16777215" x="345" y="375"/>
    <TEXT textAlign="right" deviceID="" rotation="0" fontSize="14" fontWeight="bold" param="" fontFamily="Arial" scale="1" text="Ubc(Kv)" widthInChars="4" color="16777215" x="345" y="398"/>
    <TEXT textAlign="right" deviceID="" rotation="0" fontSize="14" fontWeight="bold" param="" fontFamily="Arial" scale="1" text="Uca(Kv)" widthInChars="4" color="16777215" x="345" y="423"/>
    <TEXT textAlign="right" deviceID="" rotation="0" fontSize="14" fontWeight="bold" param="" fontFamily="Arial" scale="1" text="F(Hz)" widthInChars="3" color="16777215" x="356" y="449"/>
    <TEXT textAlign="right" deviceID="" fontWeight="bold" param="" fontFamily="Arial" color="16777215" scale="1" fontSize="14" rotation="0" widthInChars="3" text="P(Kw)" x="44" y="451"/>
    <LABEL textAlign="right" deviceID="21048" fontWeight="normal" param="Q" fontFamily="digifaw" color="65280" scale="1" fontSize="14" rotation="0" widthInChars="5" text="1234567" x="95" y="471"/>
    <TEXT textAlign="right" deviceID="" fontWeight="bold" param="" fontFamily="Arial" color="16777215" scale="1" fontSize="14" rotation="0" widthInChars="4" text="Q(kvar)" x="30" y="476"/>
    <TEXT textAlign="right" deviceID="" fontWeight="bold" param="" fontFamily="Arial" color="16777215" scale="1" fontSize="14" rotation="0" widthInChars="3" text="PF" x="32" y="497"/>
    <LABEL textAlign="right" deviceID="21048" fontWeight="normal" param="Pf" fontFamily="digifaw" color="65280" scale="1" fontSize="14" rotation="0" widthInChars="5" text="1234567" x="94" y="495"/>
    <HANDAUTO deviceID="59" scale="0" x="971" y="174" rotation="0"/>
  </Components>
</Configration>