<?xml version="1.0" encoding="utf-8"?><Configration Width="1076.8187919463087" Height="542">
  <LIST>
    <Component>
      <LIGHT/>
    </Component>
    <Image>
      <F1NODE source="assets/comp/F1Node.png"/>
    </Image>
  </LIST>
  <Components>
    <F1NODE scale="0.45" rotation="0" x="40" y="5"/>
    <LIGHT scale="0.3" rotation="0" deviceID="248" x="217" y="106"/>
    <LIGHT scale="0.3" rotation="0" deviceID="" x="237" y="106"/>
    <LIGHT scale="0.3" rotation="0" deviceID="" x="257" y="106"/>
    <LIGHT scale="0.3" rotation="0" deviceID="" x="277" y="106"/>
    <LIGHT scale="0.3" rotation="0" deviceID="250" x="297" y="106"/>
    <LIGHT scale="0.3" rotation="0" deviceID="252" x="317" y="106"/>
    <LIGHT scale="0.3" rotation="0" deviceID="253" x="337" y="106"/>
    <LIGHT scale="0.3" rotation="0" deviceID="" x="357" y="106"/>
    <LIGHT scale="0.3" rotation="0" deviceID="" x="377" y="106"/>
    <LIGHT scale="0.3" rotation="0" deviceID="248" x="480" y="189"/>
    <LIGHT scale="0.3" rotation="0" deviceID="248" x="500" y="189"/>
    <LIGHT scale="0.3" rotation="0" deviceID="248" x="520" y="189"/>
    <LIGHT scale="0.3" rotation="0" deviceID="248" x="540" y="189"/>
    <LIGHT scale="0.3" rotation="0" deviceID="248" x="560" y="189"/>
    <LIGHT scale="0.3" rotation="0" deviceID="248" x="580" y="189"/>
    <LIGHT scale="0.3" rotation="0" deviceID="248" x="600" y="189"/>
    <LIGHT scale="0.3" rotation="0" deviceID="248" x="620" y="189"/>
    <LIGHT scale="0.3" rotation="0" deviceID="248" x="640" y="189"/>
  </Components>
</Configration>