<?xml version="1.0" encoding="utf-8"?>
<Configration Width="1441" Height="708">
  <LIST>
    <Component>
      <FPG/>
      <LQT5/>
      <LQT2/>
      <HANDAUTO/>
      <LQB/>
      <BSHX/>
      <LXJZ/>
      <JSQ/>
      <PSX/>
      <BSB1/>
      <DDFM/>
      <BQSX/>
    </Component>
    <Image>
      <PIPELINE source="assets/comp/PIPE/pipe1.png"/>
      <PIPELINE2 source="assets/comp/PIPE/pipe1-2.png"/>
      <PIPECORNER source="assets/comp/PIPE/pipe2.png"/>
      <PIPE3T source="assets/comp/PIPE/pipe3.png"/>
      <PIPE4T source="assets/comp/PIPE/pipe4.png"/>
      <JT source="assets/comp/jt.png"/>
    </Image>
  </LIST>
  <Components>
    <PIPELINE x="1277" source="assets/comp/PIPE/pipe1.png" y="272" rotation="180" width="8" height="40"/>
    <PIPELINE x="1250" source="assets/comp/PIPE/pipe1.png" y="272" rotation="180" width="8" height="40"/>
    <PIPELINE x="1230" source="assets/comp/PIPE/pipe1.png" y="272" rotation="180" width="8" height="40"/>
    <PIPELINE x="1315" source="assets/comp/PIPE/pipe1.png" y="126" rotation="180" width="8" height="40"/>
    <PIPELINE x="1335" source="assets/comp/PIPE/pipe1.png" y="126" rotation="180" width="8" height="40"/>
    <PIPELINE x="1295" source="assets/comp/PIPE/pipe1.png" y="126" rotation="180" width="8" height="40"/>
    <PIPELINE x="1275" source="assets/comp/PIPE/pipe1.png" y="126" rotation="180" width="8" height="40"/>
    <FPG x="910" source="assets/comp/FPG/bg.png" deviceName="冷源群控" deviceID="10012" mark="LYZG" y="29" width="297" height="180" scaleX="0.5" scaleY="0.4"/>
    <PIPELINE x="1087.95" source="assets/comp/PIPE/pipe1.png" y="227" rotation="-90" width="8" height="76"/>
    <PIPELINE x="1057" source="assets/comp/PIPE/pipe1.png" y="193" rotation="0" width="8" height="242"/>
    <PIPELINE x="1151.95" source="assets/comp/PIPE/pipe1.png" y="510" rotation="-90" width="8" height="50"/>
    <PIPELINE x="918" source="assets/comp/PIPE/pipe1.png" y="193" rotation="0" width="8" height="60"/>
    <PIPELINE x="893.05" source="assets/comp/PIPE/pipe1.png" y="262" rotation="-90" width="8" height="169"/>
    <PIPELINE x="928.05" source="assets/comp/PIPE/pipe1.png" y="192" rotation="-90" width="8" height="133"/>
    <PIPELINE x="1335" source="assets/comp/PIPE/pipe1.png" y="375" rotation="-90" width="8" height="55"/>
    <PIPELINE x="1336" source="assets/comp/PIPE/pipe1.png" y="73" rotation="-90" width="8" height="51"/>
    <PIPELINE2 x="1204" source="assets/comp/PIPE/pipe1-2.png" y="552" rotation="0" width="8" height="45"/>
    <PIPELINE2 x="1152" source="assets/comp/PIPE/pipe1-2.png" y="554" rotation="0" width="8" height="45"/>
    <PIPELINE2 x="1123.05" source="assets/comp/PIPE/pipe1-2.png" y="333.9" rotation="0" width="8" height="38"/>
    <PIPELINE x="1210" source="assets/comp/PIPE/pipe1.png" y="272" rotation="180" width="8" height="40"/>
    <PIPELINE x="1190" source="assets/comp/PIPE/pipe1.png" y="272" rotation="180" width="8" height="40"/>
    <PIPELINE x="1070" source="assets/comp/PIPE/pipe1.png" y="441" rotation="-90" width="8" height="130"/>
    <PIPELINE x="1255" source="assets/comp/PIPE/pipe1.png" y="126" rotation="180" width="8" height="40"/>
    <PIPELINE x="1235" source="assets/comp/PIPE/pipe1.png" y="126" rotation="180" width="8" height="40"/>
    <PIPELINE x="1215" source="assets/comp/PIPE/pipe1.png" y="126" rotation="180" width="8" height="40"/>
    <PIPELINE x="1195" source="assets/comp/PIPE/pipe1.png" y="126" rotation="180" width="8" height="40"/>
    <PIPELINE x="1175" source="assets/comp/PIPE/pipe1.png" y="126" rotation="180" width="8" height="40"/>
    <PIPELINE x="1155" source="assets/comp/PIPE/pipe1.png" y="126" rotation="180" width="8" height="40"/>
    <PIPELINE x="1135" source="assets/comp/PIPE/pipe1.png" y="126" rotation="180" width="8" height="40"/>
    <PIPELINE2 x="1025" source="assets/comp/PIPE/pipe1-2.png" y="554" rotation="270" width="8" height="118"/>
    <PIPELINE2 x="1012" source="assets/comp/PIPE/pipe1-2.png" width="8" y="329" height="212"/>
    <PIPELINE x="1142" source="assets/comp/PIPE/pipe1.png" y="360" rotation="0" width="8" height="182"/>
    <PIPELINE x="1086.45" source="assets/comp/PIPE/pipe1.png" y="76.5" rotation="-90" width="8" height="50"/>
    <PIPELINE2 x="525.05" source="assets/comp/PIPE/pipe1-2.png" width="8" y="502" height="96"/>
    <PIPELINE2 x="698.05" source="assets/comp/PIPE/pipe1-2.png" y="231" rotation="0" width="8" height="358"/>
    <LQT5 x="44.05000000000001" source="assets/comp/LQT5/bg.png" deviceName="1#冷却塔" deviceID="10026" mark="LQT" y="12.899999999999977" width="291" height="109" scaleX="0.5" scaleY="0.5"/>
    <LQT5 x="44.05000000000001" source="assets/comp/LQT5/bg.png" deviceName="2#冷却塔" deviceID="10027" mark="LQT" y="121.89999999999998" width="291" height="109" scaleX="0.5" scaleY="0.5"/>
    <LQT5 x="44.05000000000001" source="assets/comp/LQT5/bg.png" deviceName="3#冷却塔" deviceID="10028" mark="LQT" y="228.89999999999998" width="291" height="109" scaleX="0.5" scaleY="0.5"/>
    <TEXT x="81.05000000000001" source="assets/comp/TEXTINPUT/label.png" widthInChars="4" y="33.80000000000001" textAlign="center" fontWeight="normal" borderColor="0xffffff" height="21" width="62" contentBackgroundColor="16777215" color="0" text="1#冷却塔" deviceID="" param="" fontFamily="微软雅黑" contentBackgroundAlpha="0" borderVisible="false" sizeAuto="true" fontSize="14"/>
    <TEXT x="83.05000000000001" source="assets/comp/TEXTINPUT/label.png" widthInChars="4" y="142.85" textAlign="center" fontWeight="normal" borderColor="0xffffff" height="21" width="62" contentBackgroundColor="16777215" color="0" text="2#冷却塔" deviceID="" param="" fontFamily="微软雅黑" contentBackgroundAlpha="0" borderVisible="false" sizeAuto="true" fontSize="14"/>
    <TEXT x="82.05000000000001" source="assets/comp/TEXTINPUT/label.png" widthInChars="4" y="250.89999999999998" textAlign="center" fontWeight="normal" borderColor="0xffffff" height="21" width="62" contentBackgroundColor="16777215" color="0" text="3#冷却塔" deviceID="" param="" fontFamily="微软雅黑" contentBackgroundAlpha="0" borderVisible="false" sizeAuto="true" fontSize="14"/>
    <PIPELINE x="55.05000000000001" source="assets/comp/PIPE/pipe1.png" width="8" y="53.89999999999998" height="40"/>
    <PIPELINE x="112.05000000000001" source="assets/comp/PIPE/pipe1.png" width="8" y="53.89999999999998" height="40"/>
    <PIPELINE x="169.05" source="assets/comp/PIPE/pipe1.png" width="8" y="53.89999999999998" height="40"/>
    <PIPECORNER x="54.05000000000001" source="assets/comp/PIPE/pipe2.png" y="91.89999999999998" rotation="0" width="23" scaleX="0.75" scaleY="0.75" height="23"/>
    <PIPELINE x="71.05000000000001" source="assets/comp/PIPE/pipe1.png" y="107.89999999999998" rotation="-90" width="8" height="130"/>
    <PIPE3T x="129.05" source="assets/comp/PIPE/pipe3.png" y="90.84999999999997" rotation="90" width="24" scaleX="0.75" scaleY="0.75" height="34"/>
    <PIPE3T x="186.05" source="assets/comp/PIPE/pipe3.png" y="90.89999999999998" rotation="90" width="24" scaleX="0.75" scaleY="0.75" height="34"/>
    <PIPELINE x="209.05" source="assets/comp/PIPE/pipe1.png" y="112.89999999999998" rotation="0" width="8" height="308"/>
    <PIPECORNER x="218.05" source="assets/comp/PIPE/pipe2.png" y="115.89999999999998" rotation="-180" width="23" scaleX="0.75" scaleY="0.75" height="23"/>
    <PIPELINE x="55.05000000000001" source="assets/comp/PIPE/pipe1.png" width="8" y="163.89999999999998" height="40"/>
    <PIPELINE x="112.05000000000001" source="assets/comp/PIPE/pipe1.png" width="8" y="162.89999999999998" height="40"/>
    <PIPELINE x="169.05" source="assets/comp/PIPE/pipe1.png" width="8" y="162.89999999999998" height="40"/>
    <PIPELINE x="55.05000000000001" source="assets/comp/PIPE/pipe1.png" width="8" y="272.9" height="40"/>
    <PIPELINE x="112.05000000000001" source="assets/comp/PIPE/pipe1.png" width="8" y="271.9" height="40"/>
    <PIPELINE x="169.05" source="assets/comp/PIPE/pipe1.png" width="8" y="271.9" height="40"/>
    <PIPELINE x="71.05000000000001" source="assets/comp/PIPE/pipe1.png" y="217.89999999999998" rotation="-90" width="8" height="130"/>
    <PIPECORNER x="54.05000000000001" source="assets/comp/PIPE/pipe2.png" y="201.89999999999998" rotation="0" width="23" scaleX="0.75" scaleY="0.75" height="23"/>
    <PIPE3T x="129.05" source="assets/comp/PIPE/pipe3.png" y="200.89999999999998" rotation="90" width="24" scaleX="0.75" scaleY="0.75" height="34"/>
    <PIPE3T x="186.05" source="assets/comp/PIPE/pipe3.png" y="200.89999999999998" rotation="90" width="24" scaleX="0.75" scaleY="0.75" height="34"/>
    <PIPELINE x="69.05000000000001" source="assets/comp/PIPE/pipe1.png" y="326.9" rotation="-90" width="8" height="135"/>
    <PIPECORNER x="54.05000000000001" source="assets/comp/PIPE/pipe2.png" y="310.9" rotation="0" width="23" scaleX="0.75" scaleY="0.75" height="23"/>
    <PIPE3T x="129.05" source="assets/comp/PIPE/pipe3.png" y="310.9" rotation="90" width="24" scaleX="0.75" scaleY="0.75" height="34"/>
    <PIPE3T x="186.05" source="assets/comp/PIPE/pipe3.png" y="310.9" rotation="90" width="24" scaleX="0.75" scaleY="0.75" height="34"/>
    <PIPE3T x="201.05" source="assets/comp/PIPE/pipe3.png" y="200.89999999999998" rotation="0" width="24" scaleX="0.75" scaleY="0.75" height="34"/>
    <LQT2 x="44.05000000000001" source="assets/comp/LQT2/bg.png" deviceName="4#冷却塔" deviceID="10029" mark="LQT" y="339.9" width="121" height="109" scaleX="0.5" scaleY="0.5"/>
    <PIPELINE x="69.05000000000001" source="assets/comp/PIPE/pipe1.png" width="8" y="383.9" height="38"/>
    <PIPECORNER x="68.05000000000001" source="assets/comp/PIPE/pipe2.png" y="420" rotation="0" width="23" scaleX="0.75" scaleY="0.75" height="23"/>
    <TEXT x="43.05000000000001" source="assets/comp/TEXTINPUT/label.png" widthInChars="4" y="361.9" textAlign="center" fontWeight="normal" borderColor="0xffffff" height="21" width="62" contentBackgroundColor="16777215" color="0" text="4#冷却塔" deviceID="" param="" fontFamily="微软雅黑" contentBackgroundAlpha="0" borderVisible="false" sizeAuto="true" fontSize="14"/>
    <PIPELINE2 x="45.05000000000001" source="assets/comp/PIPE/pipe1-2.png" y="39.89999999999998" rotation="90" width="8" height="28"/>
    <PIPELINE2 x="3.0500000000000114" source="assets/comp/PIPE/pipe1-2.png" y="54.89999999999998" rotation="0" width="8" height="530"/>
    <PIPELINE2 x="45.05000000000001" source="assets/comp/PIPE/pipe1-2.png" y="149.89999999999998" rotation="90" width="8" height="28"/>
    <PIPELINE2 x="44.05000000000001" source="assets/comp/PIPE/pipe1-2.png" y="256.9" rotation="90" width="8" height="28"/>
    <PIPELINE2 x="44.05000000000001" source="assets/comp/PIPE/pipe1-2.png" y="368.9" rotation="90" width="8" height="28"/>
    <PIPE3T x="20.05000000000001" source="assets/comp/PIPE/pipe3.png" y="166.89999999999998" rotation="180" width="24" scaleX="0.75" scaleY="0.75" height="34"/>
    <PIPE3T x="20.05000000000001" source="assets/comp/PIPE/pipe3.png" y="273.9" rotation="180" width="24" scaleX="0.75" scaleY="0.75" height="34"/>
    <PIPE3T x="20.05000000000001" source="assets/comp/PIPE/pipe3.png" y="385.9" rotation="180" width="24" scaleX="0.75" scaleY="0.75" height="34"/>
    <PIPE3T x="201.05" source="assets/comp/PIPE/pipe3.png" y="310.9" rotation="0" width="24" scaleX="0.75" scaleY="0.75" height="34"/>
    <TEXT x="310.05" source="assets/comp/TEXTINPUT/label.png" widthInChars="4" y="404.9" textAlign="center" fontWeight="normal" borderColor="0xffffff" height="22" width="40" sizeAuto="false" color="65280" text="" deviceID="10007" param="rate" deviceName="3#冷却水泵" fontFamily="微软雅黑" contentBackgroundAlpha="0" borderVisible="true" contentBackgroundColor="3355443" paramID="63" mark="LQB" fontSize="12"/>
    <HANDAUTO x="370.3" source="assets/comp/HANDAUTO/handAuto/0/1.png" deviceName="3#冷却水泵" paramID="38" deviceID="10007" alarm="HANDAUTO" param="handAuto" width="58" mark="LQB" scaleX="0.9" scaleY="0.9" height="25" y="382"/>
    <PIPELINE x="283.05" source="assets/comp/PIPE/pipe1.png" y="420.9" rotation="180" width="8" height="358"/>
    <PIPELINE2 x="542.05" source="assets/comp/PIPE/pipe1-2.png" y="445.9" rotation="90" width="8" height="228"/>
    <PIPELINE2 x="305.05" source="assets/comp/PIPE/pipe1-2.png" y="597" rotation="180" width="8" height="460"/>
    <TEXT text="冷却供水" x="28" source="assets/comp/TEXTINPUT/label.png" color="0" widthInChars="4" contentBackgroundAlpha="0" deviceID="" param="" textAlign="center" fontWeight="normal" height="21" borderColor="0xffffff" borderVisible="false" y="550" width="58" sizeAuto="true" fontSize="14" fontFamily="微软雅黑"/>
    <TEXT x="36" source="assets/comp/TEXTINPUT/label.png" widthInChars="4" y="569" textAlign="center" fontWeight="normal" borderColor="0xffffff" height="22" width="40" sizeAuto="false" color="65280" text="" deviceID="10015" param="sTemp" deviceName="冷却水管" fontFamily="微软雅黑" contentBackgroundAlpha="0" borderVisible="true" contentBackgroundColor="3355443" paramID="3" mark="GLZG" fontSize="12"/>
    <PIPELINE2 x="20.05000000000001" source="assets/comp/PIPE/pipe1-2.png" y="601" rotation="270" width="8" height="679"/>
    <TEXT text="℃" x="77.05000000000001" source="assets/comp/TEXTINPUT/label.png" color="0" widthInChars="4" contentBackgroundAlpha="0" deviceID="" param="" textAlign="center" fontWeight="normal" height="21" borderColor="0xffffff" borderVisible="false" y="569.9" width="16" sizeAuto="true" fontSize="14" fontFamily="微软雅黑"/>
    <PIPELINE x="506.05" source="assets/comp/PIPE/pipe1.png" y="484.9" rotation="-90" width="8" height="575"/>
    <TEXT x="467.05" source="assets/comp/TEXTINPUT/label.png" widthInChars="4" y="453.9" textAlign="center" fontWeight="normal" borderColor="0xffffff" height="22" width="40" sizeAuto="false" color="65280" text="" deviceID="10023" param="lqewTemp" deviceName="3#冷机" fontFamily="微软雅黑" contentBackgroundAlpha="0" borderVisible="true" contentBackgroundColor="3355443" paramID="161" mark="LSJ" fontSize="16"/>
    <PIPE3T x="314.05" source="assets/comp/PIPE/pipe3.png" y="462.9" rotation="180" width="24" scaleX="0.75" scaleY="0.75" height="34"/>
    <TEXT text="℃" x="505.05" source="assets/comp/TEXTINPUT/label.png" color="0" widthInChars="4" contentBackgroundAlpha="0" deviceID="" param="" textAlign="center" fontWeight="normal" height="21" borderColor="0xffffff" borderVisible="false" y="452.9" width="16" sizeAuto="true" fontSize="14" fontFamily="微软雅黑"/>
    <PIPELINE x="85.05000000000001" source="assets/comp/PIPE/pipe1.png" y="436.9" rotation="-90" width="8" height="448"/>
    <PIPE3T x="291.05" source="assets/comp/PIPE/pipe3.png" y="418.9" rotation="90" width="24" scaleX="0.75" scaleY="0.75" height="34"/>
    <PIPE3T x="226.05" source="assets/comp/PIPE/pipe3.png" y="419.9" rotation="90" width="24" scaleX="0.75" scaleY="0.75" height="34"/>
    <LQB x="367.05" source="assets/comp/LQB/alarm/0/1.png" deviceName="3#冷却水泵" deviceID="10007" mark="LQB" y="406.9" width="88" height="87" scaleX="0.4" scaleY="0.4"/>
    <PIPELINE x="287.05" source="assets/comp/PIPE/pipe1.png" y="332.9" rotation="-90" width="8" height="248"/>
    <PIPELINE2 x="311.05" source="assets/comp/PIPE/pipe1-2.png" y="352.9" rotation="270" width="8" height="218"/>
    <LQB x="367.05" source="assets/comp/LQB/alarm/0/1.png" deviceName="2#冷却水泵" deviceID="10006" mark="LQB" y="302.9" width="88" height="87" scaleX="0.4" scaleY="0.4"/>
    <TEXT x="353" source="assets/comp/TEXTINPUT/label.png" widthInChars="4" y="337.9" textAlign="center" fontWeight="normal" borderColor="0xffffff" height="21" width="62" contentBackgroundColor="16777215" color="0" text="2#冷却泵" deviceID="" param="" fontFamily="微软雅黑" contentBackgroundAlpha="0" borderVisible="false" sizeAuto="true" fontSize="14"/>
    <PIPE3T x="314.05" source="assets/comp/PIPE/pipe3.png" y="360.9" rotation="180" width="24" scaleX="0.75" scaleY="0.75" height="34"/>
    <PIPE3T x="291.05" source="assets/comp/PIPE/pipe3.png" y="340.9" rotation="180" width="24" scaleX="0.75" scaleY="0.75" height="34"/>
    <PIPELINE x="288.05" source="assets/comp/PIPE/pipe1.png" y="228.89999999999998" rotation="-90" width="8" height="248"/>
    <LQB x="367.05" source="assets/comp/LQB/alarm/0/1.png" deviceName="1#冷却水泵" deviceID="10005" mark="LQB" y="198.89999999999998" width="88" height="87" scaleX="0.4" scaleY="0.4"/>
    <PIPELINE2 x="311.05" source="assets/comp/PIPE/pipe1-2.png" y="248.89999999999998" rotation="270" width="8" height="218"/>
    <TEXT x="354" source="assets/comp/TEXTINPUT/label.png" widthInChars="4" y="231.89999999999998" textAlign="center" fontWeight="normal" borderColor="0xffffff" height="21" width="62" contentBackgroundColor="16777215" color="0" text="1#冷却泵" deviceID="" param="" fontFamily="微软雅黑" contentBackgroundAlpha="0" borderVisible="false" sizeAuto="true" fontSize="14"/>
    <TEXT x="311.05" source="assets/comp/TEXTINPUT/label.png" widthInChars="4" y="299.9" textAlign="center" fontWeight="normal" borderColor="0xffffff" height="22" width="40" sizeAuto="false" color="65280" text="" deviceID="10006" param="rate" deviceName="2#冷却水泵" fontFamily="微软雅黑" contentBackgroundAlpha="0" borderVisible="true" contentBackgroundColor="3355443" paramID="63" mark="LQB" fontSize="12"/>
    <HANDAUTO x="368.05" source="assets/comp/HANDAUTO/handAuto/0/1.png" deviceName="2#冷却水泵" paramID="38" deviceID="10006" alarm="HANDAUTO" param="handAuto" width="58" mark="LQB" scaleX="0.9" scaleY="0.9" height="25" y="274.9"/>
    <HANDAUTO x="368.05" source="assets/comp/HANDAUTO/handAuto/0/1.png" deviceName="1#冷却水泵" paramID="38" deviceID="10005" alarm="HANDAUTO" param="handAuto" width="58" mark="LQB" scaleX="0.9" scaleY="0.9" height="25" y="172.14999999999998"/>
    <TEXT x="308.05" source="assets/comp/TEXTINPUT/label.png" widthInChars="4" y="196.89999999999998" textAlign="center" fontWeight="normal" borderColor="0xffffff" height="22" width="40" sizeAuto="false" color="65280" text="" deviceID="10005" param="rate" deviceName="1#冷却水泵" fontFamily="微软雅黑" contentBackgroundAlpha="0" borderVisible="true" contentBackgroundColor="3355443" paramID="63" mark="LQB" fontSize="12"/>
    <PIPE3T x="291.05" source="assets/comp/PIPE/pipe3.png" y="235.89999999999998" rotation="180" width="24" scaleX="0.75" scaleY="0.75" height="34"/>
    <PIPE3T x="314.05" source="assets/comp/PIPE/pipe3.png" y="255.89999999999998" rotation="180" width="24" scaleX="0.75" scaleY="0.75" height="34"/>
    <PIPELINE2 x="309.05" source="assets/comp/PIPE/pipe1-2.png" y="142.89999999999998" rotation="270" width="8" height="226"/>
    <HANDAUTO x="293.75" source="assets/comp/HANDAUTO/handAuto/0/1.png" deviceName="1-2#螺杆机冷却泵控制箱" paramID="38" deviceID="10008" alarm="HANDAUTO" param="handAuto" width="58" mark="LQB" scaleX="0.9" scaleY="0.9" height="25" y="60.650000000000006"/>
    <PIPE3T x="292.05" source="assets/comp/PIPE/pipe3.png" y="133.89999999999998" rotation="180" width="24" scaleX="0.75" scaleY="0.75" height="34"/>
    <PIPELINE x="432.05" source="assets/comp/PIPE/pipe1.png" y="232.89999999999998" rotation="0" width="8" height="343"/>
    <PIPE3T x="423.05" source="assets/comp/PIPE/pipe3.png" y="236.79999999999995" rotation="270" width="24" scaleX="0.75" scaleY="0.75" height="34"/>
    <PIPE4T x="423.05" source="assets/comp/PIPE/pipe4.png" y="315.9" width="34" scaleX="0.75" scaleY="0.75" height="33"/>
    <PIPE4T x="424.05" source="assets/comp/PIPE/pipe4.png" y="419.9" width="34" scaleX="0.75" scaleY="0.75" height="33"/>
    <TEXT text="3#离心机" x="542.05" source="assets/comp/TEXTINPUT/label.png" color="0" widthInChars="4" contentBackgroundAlpha="0" deviceID="" param="" textAlign="center" fontWeight="normal" height="21" borderColor="0xffffff" borderVisible="false" y="461.9" width="62" sizeAuto="true" fontSize="14" fontFamily="微软雅黑"/>
    <TEXT text="2#离心机" x="539.05" source="assets/comp/TEXTINPUT/label.png" color="0" widthInChars="4" contentBackgroundAlpha="0" deviceID="" param="" textAlign="center" fontWeight="normal" height="21" borderColor="0xffffff" borderVisible="false" y="356.9" width="62" sizeAuto="true" fontSize="14" fontFamily="微软雅黑"/>
    <TEXT text="1#离心机" x="537.05" source="assets/comp/TEXTINPUT/label.png" color="0" widthInChars="4" contentBackgroundAlpha="0" deviceID="" param="" textAlign="center" fontWeight="normal" height="21" borderColor="0xffffff" borderVisible="false" y="252.89999999999998" width="62" sizeAuto="true" fontSize="14" fontFamily="微软雅黑"/>
    <TEXT text="4#螺杆机" x="537.05" source="assets/comp/TEXTINPUT/label.png" color="0" widthInChars="4" contentBackgroundAlpha="0" deviceID="" param="" textAlign="center" fontWeight="normal" height="21" borderColor="0xffffff" borderVisible="false" y="150.89999999999998" width="62" sizeAuto="true" fontSize="14" fontFamily="微软雅黑"/>
    <PIPELINE x="291.05" source="assets/comp/PIPE/pipe1.png" y="125.89999999999998" rotation="-90" width="8" height="248"/>
    <LQB x="364.05" source="assets/comp/LQB/alarm/0/1.png" deviceName="2#螺杆机冷却水泵" deviceID="10020" mark="LQB" y="94.89999999999998" width="88" height="87" scaleX="0.4" scaleY="0.4"/>
    <PIPELINE x="287.05" source="assets/comp/PIPE/pipe1.png" y="55.89999999999998" rotation="-90" width="8" height="173"/>
    <PIPECORNER x="290.05" source="assets/comp/PIPE/pipe2.png" y="45.89999999999998" rotation="-270" width="23" scaleX="0.75" scaleY="0.75" height="23"/>
    <PIPECORNER x="312.05" source="assets/comp/PIPE/pipe2.png" y="132.89999999999998" rotation="-270" width="23" scaleX="0.75" scaleY="0.75" height="23"/>
    <LQB x="361.05" source="assets/comp/LQB/alarm/0/1.png" deviceName="1#螺杆机冷却水泵" deviceID="10019" mark="LQB" y="25.899999999999977" width="88" height="87" scaleX="0.4" scaleY="0.4"/>
    <TEXT x="354.05" source="assets/comp/TEXTINPUT/label.png" widthInChars="4" y="55.89999999999998" textAlign="center" fontWeight="normal" borderColor="0xffffff" height="21" width="62" contentBackgroundColor="16777215" color="0" text="1#冷却泵" deviceID="" param="" fontFamily="微软雅黑" contentBackgroundAlpha="0" borderVisible="false" sizeAuto="true" fontSize="14"/>
    <PIPELINE x="457.05" source="assets/comp/PIPE/pipe1.png" width="8" y="59.89999999999998" height="50"/>
    <PIPECORNER x="466.05" source="assets/comp/PIPE/pipe2.png" y="63.89999999999998" rotation="-180" width="23" scaleX="0.75" scaleY="0.75" height="23"/>
    <PIPE3T x="474.05" source="assets/comp/PIPE/pipe3.png" y="107.89999999999998" rotation="90" width="24" scaleX="0.75" scaleY="0.75" height="34"/>
    <TEXT text="运行时间" x="485" source="assets/comp/TEXTINPUT/label.png" color="0" widthInChars="4" contentBackgroundAlpha="0" deviceID="" param="" textAlign="center" fontWeight="normal" height="21" borderColor="0xffffff" borderVisible="false" y="382.9" width="58" sizeAuto="true" fontSize="14" fontFamily="微软雅黑"/>
    <TEXT x="555" source="assets/comp/TEXTINPUT/label.png" widthInChars="4" y="381" textAlign="center" fontWeight="normal" borderColor="0xffffff" height="22" width="60" sizeAuto="false" color="65280" text="" deviceID="10023" param="runTime" deviceName="3#冷机" fontFamily="微软雅黑" contentBackgroundAlpha="0" borderVisible="true" contentBackgroundColor="3355443" paramID="17" mark="LSJ" fontSize="16"/>
    <TEXT text="h" x="620" source="assets/comp/TEXTINPUT/label.png" color="0" widthInChars="4" contentBackgroundAlpha="0" deviceID="" param="" textAlign="center" fontWeight="normal" height="21" borderColor="0xffffff" borderVisible="false" y="382" width="11" sizeAuto="true" fontSize="14" fontFamily="微软雅黑"/>
    <TEXT x="467.05" source="assets/comp/TEXTINPUT/label.png" widthInChars="4" y="406.9" textAlign="center" fontWeight="normal" borderColor="0xffffff" height="22" width="40" sizeAuto="false" color="65280" text="" deviceID="10023" param="lqiwTemp" deviceName="3#冷机" fontFamily="微软雅黑" contentBackgroundAlpha="0" borderVisible="true" contentBackgroundColor="3355443" paramID="163" mark="LSJ" fontSize="16"/>
    <TEXT text="℃" x="507.05" source="assets/comp/TEXTINPUT/label.png" color="0" widthInChars="4" contentBackgroundAlpha="0" deviceID="" param="" textAlign="center" fontWeight="normal" height="21" borderColor="0xffffff" borderVisible="false" y="406.9" width="16" sizeAuto="true" fontSize="14" fontFamily="微软雅黑"/>
    <TEXT text="运行时间" x="491" source="assets/comp/TEXTINPUT/label.png" color="0" widthInChars="4" contentBackgroundAlpha="0" deviceID="" param="" textAlign="center" fontWeight="normal" height="21" borderColor="0xffffff" borderVisible="false" y="278.9" width="58" sizeAuto="true" fontSize="14" fontFamily="微软雅黑"/>
    <TEXT text="运行时间" x="491" source="assets/comp/TEXTINPUT/label.png" color="0" widthInChars="4" contentBackgroundAlpha="0" deviceID="" param="" textAlign="center" fontWeight="normal" height="21" borderColor="0xffffff" borderVisible="false" y="172.85" width="58" sizeAuto="true" fontSize="14" fontFamily="微软雅黑"/>
    <TEXT text="运行时间" x="493" source="assets/comp/TEXTINPUT/label.png" color="0" widthInChars="4" contentBackgroundAlpha="0" deviceID="" param="" textAlign="center" fontWeight="normal" height="21" borderColor="0xffffff" borderVisible="false" y="66" width="58" sizeAuto="true" fontSize="14" fontFamily="微软雅黑"/>
    <TEXT x="556" source="assets/comp/TEXTINPUT/label.png" widthInChars="4" y="277" textAlign="center" fontWeight="normal" borderColor="0xffffff" height="22" width="60" sizeAuto="false" color="65280" text="" deviceID="10022" param="runTime" deviceName="2#冷机" fontFamily="微软雅黑" contentBackgroundAlpha="0" borderVisible="true" contentBackgroundColor="3355443" paramID="17" mark="LSJ" fontSize="16"/>
    <TEXT text="h" x="620" source="assets/comp/TEXTINPUT/label.png" color="0" widthInChars="4" contentBackgroundAlpha="0" deviceID="" param="" textAlign="center" fontWeight="normal" height="21" borderColor="0xffffff" borderVisible="false" y="279.9" width="11" sizeAuto="true" fontSize="14" fontFamily="微软雅黑"/>
    <TEXT x="552" source="assets/comp/TEXTINPUT/label.png" widthInChars="4" y="173" textAlign="center" fontWeight="normal" borderColor="0xffffff" height="22" width="60" sizeAuto="false" color="65280" text="" deviceID="10021" param="runTime" deviceName="1#冷机" fontFamily="微软雅黑" contentBackgroundAlpha="0" borderVisible="true" contentBackgroundColor="3355443" paramID="17" mark="LSJ" fontSize="16"/>
    <TEXT text="h" x="615" source="assets/comp/TEXTINPUT/label.png" color="0" widthInChars="4" contentBackgroundAlpha="0" deviceID="" param="" textAlign="center" fontWeight="normal" height="21" borderColor="0xffffff" borderVisible="false" y="173" width="11" sizeAuto="true" fontSize="14" fontFamily="微软雅黑"/>
    <TEXT x="554" source="assets/comp/TEXTINPUT/label.png" widthInChars="4" y="67" textAlign="center" fontWeight="normal" borderColor="0xffffff" height="22" width="60" sizeAuto="false" color="65280" text="" deviceID="10024" param="runTime" deviceName="螺杆机" fontFamily="微软雅黑" contentBackgroundAlpha="0" borderVisible="true" contentBackgroundColor="3355443" paramID="17" mark="LGJZ" fontSize="16"/>
    <TEXT text="h" x="616" source="assets/comp/TEXTINPUT/label.png" color="0" widthInChars="4" contentBackgroundAlpha="0" deviceID="" param="" textAlign="center" fontWeight="normal" height="21" borderColor="0xffffff" borderVisible="false" y="65.85" width="11" sizeAuto="true" fontSize="14" fontFamily="微软雅黑"/>
    <TEXT x="467.05" source="assets/comp/TEXTINPUT/label.png" widthInChars="4" y="301.9" textAlign="center" fontWeight="normal" borderColor="0xffffff" height="22" width="40" sizeAuto="false" color="65280" text="" deviceID="10022" param="lqiwTemp" deviceName="2#冷机" fontFamily="微软雅黑" contentBackgroundAlpha="0" borderVisible="true" contentBackgroundColor="3355443" paramID="163" mark="LSJ" fontSize="16"/>
    <TEXT text="℃" x="506.05" source="assets/comp/TEXTINPUT/label.png" color="0" widthInChars="4" contentBackgroundAlpha="0" deviceID="" param="" textAlign="center" fontWeight="normal" height="21" borderColor="0xffffff" borderVisible="false" y="302.9" width="16" sizeAuto="true" fontSize="14" fontFamily="微软雅黑"/>
    <TEXT x="468.04999999999995" source="assets/comp/TEXTINPUT/label.png" widthInChars="4" y="352.9" textAlign="center" fontWeight="normal" borderColor="0xffffff" height="22" width="40" sizeAuto="false" color="65280" text="" deviceID="10022" param="lqewTemp" deviceName="2#冷机" fontFamily="微软雅黑" contentBackgroundAlpha="0" borderVisible="true" contentBackgroundColor="3355443" paramID="161" mark="LSJ" fontSize="16"/>
    <TEXT text="℃" x="506.05" source="assets/comp/TEXTINPUT/label.png" color="0" widthInChars="4" contentBackgroundAlpha="0" deviceID="" param="" textAlign="center" fontWeight="normal" height="21" borderColor="0xffffff" borderVisible="false" y="353.9" width="16" sizeAuto="true" fontSize="14" fontFamily="微软雅黑"/>
    <TEXT x="467.05" source="assets/comp/TEXTINPUT/label.png" widthInChars="4" y="248.89999999999998" textAlign="center" fontWeight="normal" borderColor="0xffffff" height="22" width="40" sizeAuto="false" color="65280" text="" deviceID="10021" param="lqewTemp" deviceName="1#冷机" fontFamily="微软雅黑" contentBackgroundAlpha="0" borderVisible="true" contentBackgroundColor="3355443" paramID="161" mark="LSJ" fontSize="16"/>
    <TEXT text="℃" x="505.05" source="assets/comp/TEXTINPUT/label.png" color="0" widthInChars="4" contentBackgroundAlpha="0" deviceID="" param="" textAlign="center" fontWeight="normal" height="21" borderColor="0xffffff" borderVisible="false" y="249.89999999999998" width="16" sizeAuto="true" fontSize="14" fontFamily="微软雅黑"/>
    <TEXT x="467.05" source="assets/comp/TEXTINPUT/label.png" widthInChars="4" y="197.89999999999998" textAlign="center" fontWeight="normal" borderColor="0xffffff" height="22" width="40" sizeAuto="false" color="65280" text="" deviceID="10021" param="lqiwTemp" deviceName="1#冷机" fontFamily="微软雅黑" contentBackgroundAlpha="0" borderVisible="true" contentBackgroundColor="3355443" paramID="163" mark="LSJ" fontSize="16"/>
    <TEXT text="℃" x="505.05" source="assets/comp/TEXTINPUT/label.png" color="0" widthInChars="4" contentBackgroundAlpha="0" deviceID="" param="" textAlign="center" fontWeight="normal" height="21" borderColor="0xffffff" borderVisible="false" y="198.89999999999998" width="16" sizeAuto="true" fontSize="14" fontFamily="微软雅黑"/>
    <TEXT text="℃" x="505.05" source="assets/comp/TEXTINPUT/label.png" color="0" widthInChars="4" contentBackgroundAlpha="0" deviceID="" param="" textAlign="center" fontWeight="normal" height="21" borderColor="0xffffff" borderVisible="false" y="143.89999999999998" width="16" sizeAuto="true" fontSize="14" fontFamily="微软雅黑"/>
    <TEXT x="467.05" source="assets/comp/TEXTINPUT/label.png" widthInChars="4" y="142.89999999999998" textAlign="center" fontWeight="normal" borderColor="0xffffff" height="22" width="41" sizeAuto="false" color="65280" text="" deviceID="10024" param="lqewTemp" deviceName="螺杆机" fontFamily="微软雅黑" contentBackgroundAlpha="0" borderVisible="true" contentBackgroundColor="3355443" paramID="161" mark="LGJZ" fontSize="16"/>
    <TEXT x="472.05" source="assets/comp/TEXTINPUT/label.png" widthInChars="4" y="93.89999999999998" textAlign="center" fontWeight="normal" borderColor="0xffffff" height="22" width="41" sizeAuto="false" color="65280" text="" deviceID="10024" param="lqiwTemp" deviceName="螺杆机" fontFamily="微软雅黑" contentBackgroundAlpha="0" borderVisible="true" contentBackgroundColor="3355443" paramID="163" mark="LGJZ" fontSize="16"/>
    <TEXT text="℃" x="510.05" source="assets/comp/TEXTINPUT/label.png" color="0" widthInChars="4" contentBackgroundAlpha="0" deviceID="" param="" textAlign="center" fontWeight="normal" height="21" borderColor="0xffffff" borderVisible="false" y="94.89999999999998" width="16" sizeAuto="true" fontSize="14" fontFamily="微软雅黑"/>
    <PIPELINE x="498.05" source="assets/comp/PIPE/pipe1.png" width="8" y="487.9" height="91"/>
    <BSHX x="492.05" source="assets/comp/BSHX/bg.png" deviceID="" y="565.9" rotation="270" width="103" scaleX="0.5" scaleY="0.5" height="98"/>
    <PIPECORNER x="514.05" source="assets/comp/PIPE/pipe2.png" y="474.9" rotation="-270" width="23" scaleX="0.75" scaleY="0.75" height="23"/>
    <PIPELINE2 x="537.05" source="assets/comp/PIPE/pipe1-2.png" y="501.9" rotation="270" width="8" height="153"/>
    <PIPECORNER x="541.05" source="assets/comp/PIPE/pipe2.png" y="492.9" rotation="-270" width="23" scaleX="0.75" scaleY="0.75" height="23"/>
    <PIPELINE2 x="844.05" source="assets/comp/PIPE/pipe1-2.png" y="427.9" rotation="90" width="8" height="240"/>
    <PIPELINE2 x="606.05" source="assets/comp/PIPE/pipe1-2.png" y="332.9" rotation="270" width="8" height="516"/>
    <PIPELINE2 x="840.05" source="assets/comp/PIPE/pipe1-2.png" y="219.89999999999998" rotation="90" width="8" height="235"/>
    <PIPELINE2 x="840.05" source="assets/comp/PIPE/pipe1-2.png" y="115.89999999999998" rotation="90" width="8" height="230"/>
    <PIPELINE x="608.05" source="assets/comp/PIPE/pipe1.png" y="141.89999999999998" rotation="-90" width="8" height="208"/>
    <PIPELINE x="607.05" source="assets/comp/PIPE/pipe1.png" y="246.89999999999998" rotation="-90" width="8" height="203"/>
    <PIPELINE x="610.05" source="assets/comp/PIPE/pipe1.png" y="351.9" rotation="-90" width="8" height="203"/>
    <PIPELINE x="610.05" source="assets/comp/PIPE/pipe1.png" y="454.9" rotation="-90" width="8" height="203"/>
    <LXJZ x="517.05" source="assets/comp/LXJZ/alarm/0/1.png" deviceName="3#冷机" deviceID="10023" mark="LSJ" y="405.9" width="256" height="147" scaleX="0.4" scaleY="0.4"/>
    <LXJZ x="517.05" source="assets/comp/LXJZ/alarm/0/1.png" deviceName="2#冷机" deviceID="10022" mark="LSJ" y="302.9" width="256" height="147" scaleX="0.4" scaleY="0.4"/>
    <LXJZ x="517.05" source="assets/comp/LXJZ/alarm/0/1.png" deviceName="1#冷机" deviceID="10021" mark="LSJ" y="197.89999999999998" width="256" height="147" scaleX="0.4" scaleY="0.4"/>
    <LXJZ x="516.05" source="assets/comp/LXJZ/alarm/0/1.png" deviceName="螺杆机" deviceID="10024" mark="LGJZ" y="93.89999999999998" width="256" height="147" scaleX="0.4" scaleY="0.4"/>
    <TEXT x="615.05" source="assets/comp/TEXTINPUT/label.png" widthInChars="4" y="405.9" textAlign="center" fontWeight="normal" borderColor="0xffffff" height="22" width="40" sizeAuto="false" color="65280" text="" deviceID="10023" param="ldiwTemp" deviceName="3#冷机" fontFamily="微软雅黑" contentBackgroundAlpha="0" borderVisible="true" contentBackgroundColor="3355443" paramID="162" mark="LSJ" fontSize="16"/>
    <TEXT x="616.05" source="assets/comp/TEXTINPUT/label.png" widthInChars="4" y="454.9" textAlign="center" fontWeight="normal" borderColor="0xffffff" height="22" width="40" sizeAuto="false" color="65280" text="" deviceID="10023" param="ldewTemp" deviceName="3#冷机" fontFamily="微软雅黑" contentBackgroundAlpha="0" borderVisible="true" contentBackgroundColor="3355443" paramID="160" mark="LSJ" fontSize="16"/>
    <TEXT x="615.05" source="assets/comp/TEXTINPUT/label.png" widthInChars="4" y="303.9" textAlign="center" fontWeight="normal" borderColor="0xffffff" height="22" width="40" sizeAuto="false" color="65280" text="" deviceID="10022" param="ldiwTemp" deviceName="2#冷机" fontFamily="微软雅黑" contentBackgroundAlpha="0" borderVisible="true" contentBackgroundColor="3355443" paramID="162" mark="LSJ" fontSize="16"/>
    <TEXT x="613.05" source="assets/comp/TEXTINPUT/label.png" widthInChars="4" y="196.89999999999998" textAlign="center" fontWeight="normal" borderColor="0xffffff" height="22" width="40" sizeAuto="false" color="65280" text="" deviceID="10021" param="ldiwTemp" deviceName="1#冷机" fontFamily="微软雅黑" contentBackgroundAlpha="0" borderVisible="true" contentBackgroundColor="3355443" paramID="162" mark="LSJ" fontSize="16"/>
    <TEXT x="612.05" source="assets/comp/TEXTINPUT/label.png" widthInChars="4" y="93.89999999999998" textAlign="center" fontWeight="normal" borderColor="0xffffff" height="22" width="40" sizeAuto="false" color="65280" text="" deviceID="10024" param="ldiwTemp" deviceName="螺杆机" fontFamily="微软雅黑" contentBackgroundAlpha="0" borderVisible="true" contentBackgroundColor="3355443" paramID="162" mark="LGJZ" fontSize="16"/>
    <TEXT x="616.05" source="assets/comp/TEXTINPUT/label.png" widthInChars="4" y="352.9" textAlign="center" fontWeight="normal" borderColor="0xffffff" height="22" width="40" sizeAuto="false" color="65280" text="" deviceID="10022" param="ldewTemp" deviceName="2#冷机" fontFamily="微软雅黑" contentBackgroundAlpha="0" borderVisible="true" contentBackgroundColor="3355443" paramID="160" mark="LSJ" fontSize="16"/>
    <TEXT x="615.05" source="assets/comp/TEXTINPUT/label.png" widthInChars="4" y="247.89999999999998" textAlign="center" fontWeight="normal" borderColor="0xffffff" height="22" width="40" sizeAuto="false" color="65280" text="" deviceID="10021" param="ldewTemp" deviceName="1#冷机" fontFamily="微软雅黑" contentBackgroundAlpha="0" borderVisible="true" contentBackgroundColor="3355443" paramID="160" mark="LSJ" fontSize="16"/>
    <TEXT x="614.05" source="assets/comp/TEXTINPUT/label.png" widthInChars="4" y="142.89999999999998" textAlign="center" fontWeight="normal" borderColor="0xffffff" height="22" width="41" sizeAuto="false" color="65280" text="" deviceID="10024" param="ldewTemp" deviceName="螺杆机" fontFamily="微软雅黑" contentBackgroundAlpha="0" borderVisible="true" contentBackgroundColor="3355443" paramID="160" mark="LGJZ" fontSize="16"/>
    <TEXT text="℃" x="653" source="assets/comp/TEXTINPUT/label.png" color="0" widthInChars="4" contentBackgroundAlpha="0" deviceID="" param="" textAlign="center" fontWeight="normal" height="21" borderColor="0xffffff" borderVisible="false" y="455.9" width="16" sizeAuto="true" fontSize="14" fontFamily="微软雅黑"/>
    <TEXT text="℃" x="653" source="assets/comp/TEXTINPUT/label.png" color="0" widthInChars="4" contentBackgroundAlpha="0" deviceID="" param="" textAlign="center" fontWeight="normal" height="21" borderColor="0xffffff" borderVisible="false" y="406.9" width="16" sizeAuto="true" fontSize="14" fontFamily="微软雅黑"/>
    <TEXT text="℃" x="653" source="assets/comp/TEXTINPUT/label.png" color="0" widthInChars="4" contentBackgroundAlpha="0" deviceID="" param="" textAlign="center" fontWeight="normal" height="21" borderColor="0xffffff" borderVisible="false" y="353.9" width="16" sizeAuto="true" fontSize="14" fontFamily="微软雅黑"/>
    <TEXT text="℃" x="653" source="assets/comp/TEXTINPUT/label.png" color="0" widthInChars="4" contentBackgroundAlpha="0" deviceID="" param="" textAlign="center" fontWeight="normal" height="21" borderColor="0xffffff" borderVisible="false" y="304.9" width="16" sizeAuto="true" fontSize="14" fontFamily="微软雅黑"/>
    <TEXT text="℃" x="653" source="assets/comp/TEXTINPUT/label.png" color="0" widthInChars="4" contentBackgroundAlpha="0" deviceID="" param="" textAlign="center" fontWeight="normal" height="21" borderColor="0xffffff" borderVisible="false" y="248.89999999999998" width="16" sizeAuto="true" fontSize="14" fontFamily="微软雅黑"/>
    <TEXT text="℃" x="653" source="assets/comp/TEXTINPUT/label.png" color="0" widthInChars="4" contentBackgroundAlpha="0" deviceID="" param="" textAlign="center" fontWeight="normal" height="21" borderColor="0xffffff" borderVisible="false" y="197.89999999999998" width="16" sizeAuto="true" fontSize="14" fontFamily="微软雅黑"/>
    <TEXT text="℃" x="654.05" source="assets/comp/TEXTINPUT/label.png" color="0" widthInChars="4" contentBackgroundAlpha="0" deviceID="" param="" textAlign="center" fontWeight="normal" height="21" borderColor="0xffffff" borderVisible="false" y="143.89999999999998" width="16" sizeAuto="true" fontSize="14" fontFamily="微软雅黑"/>
    <TEXT text="℃" x="650.05" source="assets/comp/TEXTINPUT/label.png" color="0" widthInChars="4" contentBackgroundAlpha="0" deviceID="" param="" textAlign="center" fontWeight="normal" height="21" borderColor="0xffffff" borderVisible="false" y="94.89999999999998" width="16" sizeAuto="true" fontSize="14" fontFamily="微软雅黑"/>
    <PIPE3T x="689.05" source="assets/comp/PIPE/pipe3.png" y="236.89999999999998" rotation="270" width="24" scaleX="0.75" scaleY="0.75" height="34"/>
    <PIPE4T x="690.05" source="assets/comp/PIPE/pipe4.png" y="315.9" width="34" scaleX="0.75" scaleY="0.75" height="33"/>
    <PIPE4T x="690.05" source="assets/comp/PIPE/pipe4.png" y="419.9" width="34" scaleX="0.75" scaleY="0.75" height="33"/>
    <PIPE3T x="690.05" source="assets/comp/PIPE/pipe3.png" y="484.9" rotation="0" width="24" scaleX="0.75" scaleY="0.75" height="34"/>
    <PIPELINE x="671.05" source="assets/comp/PIPE/pipe1.png" width="8" y="482.9" height="97"/>
    <BSHX x="665.05" source="assets/comp/BSHX/bg.png" deviceID="" y="564.9" rotation="270" width="103" scaleX="0.5" scaleY="0.5" height="98"/>
    <PIPE3T x="662.05" source="assets/comp/PIPE/pipe3.png" y="492.9" rotation="270" width="24" scaleX="0.75" scaleY="0.75" height="34"/>
    <TEXT x="652" source="assets/comp/TEXTINPUT/label.png" widthInChars="4" y="531.9" textAlign="center" fontWeight="normal" borderColor="0xffffff" height="21" width="62" contentBackgroundColor="16777215" color="0" text="2#换热器" deviceID="" param="" fontFamily="微软雅黑" contentBackgroundAlpha="0" borderVisible="false" sizeAuto="true" fontSize="14"/>
    <PIPELINE x="445.05" source="assets/comp/PIPE/pipe1.png" y="589.9" rotation="-90" width="8" height="222"/>
    <PIPECORNER x="431.05" source="assets/comp/PIPE/pipe2.png" y="573.9" rotation="0" width="23" scaleX="0.75" scaleY="0.75" height="23"/>
    <PIPE3T x="515.05" source="assets/comp/PIPE/pipe3.png" y="572.9" rotation="90" width="24" scaleX="0.75" scaleY="0.75" height="34"/>
    <PIPE3T x="542.05" source="assets/comp/PIPE/pipe3.png" y="583" rotation="90" width="24" scaleX="0.75" scaleY="0.75" height="34"/>
    <PIPE3T x="313.05" source="assets/comp/PIPE/pipe3.png" y="584" rotation="90" width="24" scaleX="0.75" scaleY="0.75" height="34"/>
    <PIPECORNER x="2.900000000000034" source="assets/comp/PIPE/pipe2.png" y="583" rotation="0" width="23" scaleX="0.75" scaleY="0.75" height="23"/>
    <LQB x="721.05" source="assets/comp/LQB/alarm/0/1.png" deviceName="1#冷冻水泵" deviceID="10001" mark="LDB" y="197.89999999999998" width="88" height="87" scaleX="0.4" scaleY="0.4"/>
    <LQB x="721.05" source="assets/comp/LQB/alarm/0/1.png" deviceName="2#冷冻水泵" deviceID="10002" mark="LDB" y="302.9" width="88" height="87" scaleX="0.4" scaleY="0.4"/>
    <LQB x="722.05" source="assets/comp/LQB/alarm/0/1.png" deviceName="3#冷冻水泵" deviceID="10003" mark="LDB" y="406.9" width="88" height="87" scaleX="0.4" scaleY="0.4"/>
    <TEXT x="713.05" source="assets/comp/TEXTINPUT/label.png" widthInChars="4" y="228.89999999999998" textAlign="center" fontWeight="normal" borderColor="0xffffff" height="21" width="62" contentBackgroundColor="16777215" color="0" text="1#冷冻泵" deviceID="" param="" fontFamily="微软雅黑" contentBackgroundAlpha="0" borderVisible="false" sizeAuto="true" fontSize="14"/>
    <TEXT x="713.05" source="assets/comp/TEXTINPUT/label.png" widthInChars="4" y="333.9" textAlign="center" fontWeight="normal" borderColor="0xffffff" height="21" width="62" contentBackgroundColor="16777215" color="0" text="2#冷冻泵" deviceID="" param="" fontFamily="微软雅黑" contentBackgroundAlpha="0" borderVisible="false" sizeAuto="true" fontSize="14"/>
    <TEXT x="712.05" source="assets/comp/TEXTINPUT/label.png" widthInChars="4" y="436.9" textAlign="center" fontWeight="normal" borderColor="0xffffff" height="21" width="62" contentBackgroundColor="16777215" color="0" text="3#冷冻泵" deviceID="" param="" fontFamily="微软雅黑" contentBackgroundAlpha="0" borderVisible="false" sizeAuto="true" fontSize="14"/>
    <HANDAUTO x="721.8" source="assets/comp/HANDAUTO/handAuto/0/1.png" deviceName="1#冷冻水泵" paramID="38" deviceID="10001" alarm="HANDAUTO" param="handAuto" width="58" mark="LDB" scaleX="0.9" scaleY="0.9" height="25" y="172.95"/>
    <HANDAUTO x="722.55" source="assets/comp/HANDAUTO/handAuto/0/1.png" deviceName="2#冷冻水泵" paramID="38" deviceID="10002" alarm="HANDAUTO" param="handAuto" width="58" mark="LDB" scaleX="0.9" scaleY="0.9" height="25" y="274.95000000000005"/>
    <HANDAUTO x="722.05" source="assets/comp/HANDAUTO/handAuto/0/1.png" deviceName="3#冷冻水泵" paramID="38" deviceID="10003" alarm="HANDAUTO" param="handAuto" width="58" mark="LDB" scaleX="0.9" scaleY="0.9" height="25" y="383.9"/>
    <TEXT x="753.05" source="assets/comp/TEXTINPUT/label.png" widthInChars="4" y="197.89999999999998" textAlign="center" fontWeight="normal" borderColor="0xffffff" height="22" width="45" sizeAuto="false" color="65280" text="" deviceID="10001" param="rate" deviceName="1#冷冻水泵" fontFamily="微软雅黑" contentBackgroundAlpha="0" borderVisible="true" contentBackgroundColor="3355443" paramID="63" mark="LDB" fontSize="12"/>
    <TEXT text="Hz" x="798" source="assets/comp/TEXTINPUT/label.png" color="0" widthInChars="4" contentBackgroundAlpha="0" deviceID="" param="" textAlign="center" fontWeight="normal" height="21" borderColor="0xffffff" borderVisible="false" y="198.89999999999998" width="21" sizeAuto="true" fontSize="14" fontFamily="微软雅黑"/>
    <TEXT x="754.05" source="assets/comp/TEXTINPUT/label.png" widthInChars="4" y="301.9" textAlign="center" fontWeight="normal" borderColor="0xffffff" height="22" width="45" sizeAuto="false" color="65280" text="" deviceID="10002" param="rate" deviceName="2#冷冻水泵" fontFamily="微软雅黑" contentBackgroundAlpha="0" borderVisible="true" contentBackgroundColor="3355443" paramID="63" mark="LDB" fontSize="12"/>
    <TEXT text="Hz" x="799.05" source="assets/comp/TEXTINPUT/label.png" color="0" widthInChars="4" contentBackgroundAlpha="0" deviceID="" param="" textAlign="center" fontWeight="normal" height="21" borderColor="0xffffff" borderVisible="false" y="302.9" width="21" sizeAuto="true" fontSize="14" fontFamily="微软雅黑"/>
    <TEXT x="754.05" source="assets/comp/TEXTINPUT/label.png" widthInChars="4" y="405.9" textAlign="center" fontWeight="normal" borderColor="0xffffff" height="22" width="45" sizeAuto="false" color="65280" text="" deviceID="10003" param="rate" deviceName="3#冷冻水泵" fontFamily="微软雅黑" contentBackgroundAlpha="0" borderVisible="true" contentBackgroundColor="3355443" paramID="63" mark="LDB" fontSize="12"/>
    <TEXT text="Hz" x="799.05" source="assets/comp/TEXTINPUT/label.png" color="0" widthInChars="4" contentBackgroundAlpha="0" deviceID="" param="" textAlign="center" fontWeight="normal" height="21" borderColor="0xffffff" borderVisible="false" y="406.9" width="21" sizeAuto="true" fontSize="14" fontFamily="微软雅黑"/>
    <PIPELINE x="818.05" source="assets/comp/PIPE/pipe1.png" y="142.89999999999998" rotation="0" width="8" height="328"/>
    <PIPECORNER x="828.05" source="assets/comp/PIPE/pipe2.png" y="148.89999999999998" rotation="-180" width="23" scaleX="0.75" scaleY="0.75" height="23"/>
    <PIPE3T x="810.05" source="assets/comp/PIPE/pipe3.png" y="229.89999999999998" rotation="0" width="24" scaleX="0.75" scaleY="0.75" height="34"/>
    <PIPE3T x="810.05" source="assets/comp/PIPE/pipe3.png" y="334.9" rotation="0" width="24" scaleX="0.75" scaleY="0.75" height="34"/>
    <PIPE3T x="809.05" source="assets/comp/PIPE/pipe3.png" y="437.9" rotation="0" width="24" scaleX="0.75" scaleY="0.75" height="34"/>
    <PIPE3T x="835.05" source="assets/comp/PIPE/pipe3.png" y="467.9" rotation="90" width="24" scaleX="0.75" scaleY="0.75" height="34"/>
    <PIPECORNER x="19.05000000000001" source="assets/comp/PIPE/pipe2.png" y="37.89999999999998" rotation="-270" width="23" scaleX="0.75" scaleY="0.75" height="23"/>
    <PIPECORNER x="663.05" source="assets/comp/PIPE/pipe2.png" y="590.9" rotation="270" width="23" scaleX="0.75" scaleY="0.75" height="23"/>
    <PIPECORNER x="689" source="assets/comp/PIPE/pipe2.png" y="601" rotation="270" width="23" scaleX="0.75" scaleY="0.75" height="23"/>
    <PIPELINE2 x="854.05" source="assets/comp/PIPE/pipe1-2.png" y="421.9" rotation="180" width="8" height="365"/>
    <PIPECORNER x="838.05" source="assets/comp/PIPE/pipe2.png" y="436.9" rotation="270" width="23" scaleX="0.75" scaleY="0.75" height="23"/>
    <PIPE3T x="837.05" source="assets/comp/PIPE/pipe3.png" y="211.89999999999998" rotation="0" width="24" scaleX="0.75" scaleY="0.75" height="34"/>
    <PIPE3T x="837.05" source="assets/comp/PIPE/pipe3.png" y="107.89999999999998" rotation="0" width="24" scaleX="0.75" scaleY="0.75" height="34"/>
    <LQB x="719.05" source="assets/comp/LQB/alarm/0/1.png" deviceName="2#螺杆机冷冻水泵" deviceID="10018" mark="LDB" y="93.89999999999998" width="88" height="87" scaleX="0.4" scaleY="0.4"/>
    <TEXT x="711.05" source="assets/comp/TEXTINPUT/label.png" widthInChars="4" y="122.89999999999998" textAlign="center" fontWeight="normal" borderColor="0xffffff" height="21" width="62" contentBackgroundColor="16777215" color="0" text="2#冷冻泵" deviceID="" param="" fontFamily="微软雅黑" contentBackgroundAlpha="0" borderVisible="false" sizeAuto="true" fontSize="14"/>
    <PIPELINE2 x="842.05" source="assets/comp/PIPE/pipe1-2.png" y="45.89999999999998" rotation="90" width="8" height="165"/>
    <PIPECORNER x="855.05" source="assets/comp/PIPE/pipe2.png" y="61.89999999999998" rotation="-180" width="23" scaleX="0.75" scaleY="0.75" height="23"/>
    <LQB x="718.05" source="assets/comp/LQB/alarm/0/1.png" deviceName="1#螺杆机冷冻水泵" deviceID="10017" mark="LDB" y="24.899999999999977" width="88" height="87" scaleX="0.4" scaleY="0.4"/>
    <TEXT x="776" source="assets/comp/TEXTINPUT/label.png" widthInChars="4" y="87" textAlign="center" fontWeight="normal" borderColor="0xffffff" height="22" width="40" sizeAuto="false" color="65280" text="" deviceID="10004" param="rate" deviceName="1-2#螺杆机冷冻泵控制箱" fontFamily="微软雅黑" contentBackgroundAlpha="0" borderVisible="true" contentBackgroundColor="3355443" paramID="63" mark="LDB" fontSize="12"/>
    <TEXT text="Hz" x="818.05" source="assets/comp/TEXTINPUT/label.png" color="0" widthInChars="4" contentBackgroundAlpha="0" deviceID="" param="" textAlign="center" fontWeight="normal" height="21" borderColor="0xffffff" borderVisible="false" y="88.85" width="21" sizeAuto="true" fontSize="14" fontFamily="微软雅黑"/>
    <PIPELINE2 x="668.05" source="assets/comp/PIPE/pipe1-2.png" width="8" y="60.89999999999998" height="50"/>
    <PIPE3T x="685.05" source="assets/comp/PIPE/pipe3.png" y="107.89999999999998" rotation="90" width="24" scaleX="0.75" scaleY="0.75" height="34"/>
    <PIPECORNER x="684.05" source="assets/comp/PIPE/pipe2.png" y="44.89999999999998" rotation="-270" width="23" scaleX="0.75" scaleY="0.75" height="23"/>
    <HANDAUTO x="776.0500000000001" source="assets/comp/HANDAUTO/handAuto/0/1.png" deviceName="1-2#螺杆机冷冻泵控制箱" paramID="38" deviceID="10004" alarm="HANDAUTO" param="handAuto" width="58" mark="LDB" scaleX="0.9" scaleY="0.9" height="25" y="64.25"/>
    <JT x="88.00000000000006" source="assets/comp/jt.png" y="415.9" width="43" height="22" scaleY="0.5"/>
    <JT x="229.05" source="assets/comp/jt.png" y="366.9" rotation="90" width="43" scaleY="0.5" height="22"/>
    <JT x="182.05" source="assets/comp/jt.png" y="586.9" rotation="180" width="43" scaleY="0.5" height="22"/>
    <JT x="66.05000000000001" source="assets/comp/jt.png" y="307.9" rotation="0" width="43" scaleY="0.5" height="22"/>
    <JT x="64.05000000000001" source="assets/comp/jt.png" y="197.89999999999998" rotation="0" width="43" scaleY="0.5" height="22"/>
    <JT x="66.05000000000001" source="assets/comp/jt.png" y="85.89999999999998" rotation="0" width="43" scaleY="0.5" height="22"/>
    <JSQ x="1343" source="assets/comp/JSQ/bg.png" deviceID="" y="98.94999999999999" rotation="180" width="225" scaleX="1" scaleY="0.8" height="72"/>
    <JSQ x="1286" source="assets/comp/JSQ/bg.png" deviceID="" y="243.20000000000005" rotation="180" width="228" scaleX="0.6" scaleY="0.6" height="72"/>
    <JSQ x="1343" source="assets/comp/JSQ/bg.png" deviceID="" y="399" rotation="180" width="225" scaleX="1" scaleY="0.8" height="72"/>
    <JSQ x="1234" source="assets/comp/JSQ/bg.png" deviceID="" y="573" rotation="180" width="159" scaleX="0.6" scaleY="0.6" height="72"/>
    <PIPE4T x="837.05" source="assets/comp/PIPE/pipe4.png" y="315.9" width="34" scaleX="0.75" scaleY="0.75" height="33"/>
    <TEXT x="1170" source="assets/comp/TEXTINPUT/label.png" widthInChars="4" y="357" textAlign="center" fontWeight="normal" borderColor="0xffffff" height="27" width="110" sizeAuto="true" color="0" text="主力店集水器" deviceID="" param="" fontFamily="微软雅黑" contentBackgroundAlpha="0" borderVisible="false" rotation="0" fontSize="18"/>
    <TEXT x="1170" source="assets/comp/TEXTINPUT/label.png" widthInChars="4" y="58" textAlign="center" fontWeight="normal" borderColor="0xffffff" height="27" width="110" sizeAuto="true" color="0" text="主力店分水器" deviceID="" param="" fontFamily="微软雅黑" contentBackgroundAlpha="0" borderVisible="false" rotation="0" fontSize="18"/>
    <PSX x="859.05" source="assets/comp/PSX/bg.png" deviceID="" y="213.89999999999998" width="148" scaleX="0.3" scaleY="0.3" height="202"/>
    <PSX x="1190" source="assets/comp/PSX/bg.png" deviceID="" y="395" width="148" scaleX="0.4" scaleY="0.3" height="202"/>
    <JT x="1153" source="assets/comp/jt.png" y="433" rotation="270" width="43" scaleY="0.5" height="22"/>
    <TEXT x="1140" source="assets/comp/TEXTINPUT/label.png" widthInChars="4" y="543" textAlign="center" fontWeight="normal" borderColor="0xffffff" height="21" width="86" sizeAuto="true" color="0" text="步行街集水器" deviceID="" param="" fontFamily="微软雅黑" contentBackgroundAlpha="0" borderVisible="false" rotation="0" fontSize="14"/>
    <TEXT x="1167" source="assets/comp/TEXTINPUT/label.png" widthInChars="4" y="210.9" textAlign="center" fontWeight="normal" borderColor="0xffffff" height="21" width="86" sizeAuto="true" color="0" text="步行街分水器" deviceID="" param="" fontFamily="微软雅黑" contentBackgroundAlpha="0" borderVisible="false" rotation="0" fontSize="14"/>
    <TEXT text="补水箱" x="857.05" source="assets/comp/TEXTINPUT/label.png" color="0" widthInChars="4" contentBackgroundAlpha="0" deviceID="" param="" textAlign="center" fontWeight="normal" height="21" borderColor="0xffffff" borderVisible="false" y="271.9" width="44" sizeAuto="true" fontSize="14" fontFamily="微软雅黑"/>
    <BSB1 x="974.05" source="assets/comp/BSB1/bg.png" deviceName="2#补水泵" deviceID="10010" mark="BSB" y="232.89999999999998" width="88" height="87" scaleX="0.4" scaleY="0.4"/>
    <PIPE3T x="935.05" source="assets/comp/PIPE/pipe3.png" y="245.89999999999998" rotation="90" width="24" scaleX="0.75" scaleY="0.75" height="34"/>
    <PIPECORNER x="934.05" source="assets/comp/PIPE/pipe2.png" y="182.89999999999998" rotation="-270" width="23" scaleX="0.75" scaleY="0.75" height="23"/>
    <TEXT text="2#补水泵" x="967.05" source="assets/comp/TEXTINPUT/label.png" color="0" widthInChars="4" contentBackgroundAlpha="0" deviceID="" param="" textAlign="center" fontWeight="normal" height="21" borderColor="0xffffff" borderVisible="false" y="266.9" width="62" sizeAuto="true" fontSize="14" fontFamily="微软雅黑"/>
    <BSB1 x="972.05" source="assets/comp/BSB1/bg.png" deviceName="1#补水泵" deviceID="10009" mark="BSB" y="161.89999999999998" width="88" height="87" scaleX="0.4" scaleY="0.4"/>
    <TEXT text="1#补水泵" x="963.05" source="assets/comp/TEXTINPUT/label.png" color="0" widthInChars="4" contentBackgroundAlpha="0" deviceID="" param="" textAlign="center" fontWeight="normal" height="21" borderColor="0xffffff" borderVisible="false" y="195.89999999999998" width="62" sizeAuto="true" fontSize="14" fontFamily="微软雅黑"/>
    <HANDAUTO x="930" source="assets/comp/HANDAUTO/handAuto/0/1.png" deviceName="2#补水泵" paramID="38" deviceID="10010" alarm="HANDAUTO" param="handAuto" width="58" mark="BSB" scaleX="0.9" scaleY="0.9" height="25" y="222.39999999999998"/>
    <HANDAUTO x="925" source="assets/comp/HANDAUTO/handAuto/0/1.png" deviceName="1#补水泵" paramID="38" deviceID="10009" alarm="HANDAUTO" param="handAuto" width="58" mark="BSB" scaleX="0.9" scaleY="0.9" height="25" y="148.25"/>
    <PIPELINE x="1081.05" source="assets/comp/PIPE/pipe1.png" y="75" rotation="0" width="8" height="396"/>
    <PIPECORNER x="1067" source="assets/comp/PIPE/pipe2.png" y="199.89999999999998" rotation="-180" width="23" scaleX="0.75" scaleY="0.75" height="23"/>
    <PIPE3T x="1050" source="assets/comp/PIPE/pipe3.png" y="245.89999999999998" rotation="0" width="24" scaleX="0.75" scaleY="0.75" height="34"/>
    <PIPECORNER x="1011" source="assets/comp/PIPE/pipe2.png" y="537" rotation="0" width="23" scaleX="0.75" scaleY="0.75" height="23"/>
    <PIPECORNER x="1073.05" source="assets/comp/PIPE/pipe2.png" y="484.9" rotation="270" width="23" scaleX="0.75" scaleY="0.75" height="23"/>
    <PIPECORNER x="1097.05" source="assets/comp/PIPE/pipe2.png" y="64.85" rotation="-270" width="23" scaleX="0.75" scaleY="0.75" height="23"/>
    <JT x="906.05" source="assets/comp/jt.png" y="486.9" width="43" height="22" scaleY="0.5"/>
    <TEXT text="冷冻供水" x="895.05" source="assets/comp/TEXTINPUT/label.png" color="0" widthInChars="4" contentBackgroundAlpha="0" deviceID="" param="" textAlign="center" fontWeight="normal" height="21" borderColor="0xffffff" borderVisible="false" y="455.9" width="58" sizeAuto="true" fontSize="14" fontFamily="微软雅黑"/>
    <TEXT text="冷冻回水" x="878.05" source="assets/comp/TEXTINPUT/label.png" color="0" widthInChars="4" contentBackgroundAlpha="0" deviceID="" param="" textAlign="center" fontWeight="normal" height="21" borderColor="0xffffff" borderVisible="false" y="305.9" width="58" sizeAuto="true" fontSize="14" fontFamily="微软雅黑"/>
    <JT x="901.05" source="assets/comp/jt.png" y="345.9" rotation="180" width="43" scaleY="0.5" height="22"/>
    <TEXT text="m3/h" x="221.05" source="assets/comp/TEXTINPUT/label.png" color="0" widthInChars="4" contentBackgroundAlpha="0" deviceID="" param="" textAlign="center" fontWeight="normal" height="21" borderColor="0xffffff" borderVisible="false" y="440.9" width="41" sizeAuto="true" fontSize="14" fontFamily="微软雅黑"/>
    <TEXT text="℃" x="154.05" source="assets/comp/TEXTINPUT/label.png" color="0" widthInChars="4" contentBackgroundAlpha="0" deviceID="" param="" textAlign="center" fontWeight="normal" height="21" borderColor="0xffffff" borderVisible="false" y="437.9" width="16" sizeAuto="true" fontSize="14" fontFamily="微软雅黑"/>
    <TEXT text="冷却回水" x="54.05000000000001" source="assets/comp/TEXTINPUT/label.png" color="0" widthInChars="4" contentBackgroundAlpha="0" deviceID="" param="" textAlign="center" fontWeight="normal" height="21" borderColor="0xffffff" borderVisible="false" y="438.9" width="58" sizeAuto="true" fontSize="14" fontFamily="微软雅黑"/>
    <TEXT x="177.05" source="assets/comp/TEXTINPUT/label.png" widthInChars="4" y="438" textAlign="center" fontWeight="normal" borderColor="0xffffff" height="22" width="40" contentBackgroundColor="3355443" color="65280" text="2.0" deviceID="" param="" fontFamily="微软雅黑" contentBackgroundAlpha="0" borderVisible="true" sizeAuto="false" fontSize="14"/>
    <TEXT text="m3/h" x="989" source="assets/comp/TEXTINPUT/label.png" color="0" widthInChars="4" contentBackgroundAlpha="0" deviceID="" param="" textAlign="center" fontWeight="normal" height="21" borderColor="0xffffff" borderVisible="false" y="300" width="41" sizeAuto="true" fontSize="14" fontFamily="微软雅黑"/>
    <TEXT x="1160.0500000000002" source="assets/comp/TEXTINPUT/label.png" widthInChars="4" y="162" textAlign="center" fontWeight="normal" borderColor="0xffffff" height="21" width="30" sizeAuto="true" color="0" text="影院" deviceID="" param="" fontFamily="微软雅黑" contentBackgroundAlpha="0" borderVisible="false" rotation="-90" fontSize="14"/>
    <TEXT x="1178.0500000000002" source="assets/comp/TEXTINPUT/label.png" widthInChars="4" y="175" textAlign="center" fontWeight="normal" borderColor="0xffffff" height="21" width="44" sizeAuto="true" color="0" text="大玩家" deviceID="" param="" fontFamily="微软雅黑" contentBackgroundAlpha="0" borderVisible="false" rotation="-90" fontSize="14"/>
    <TEXT x="1198" source="assets/comp/TEXTINPUT/label.png" widthInChars="4" y="195" textAlign="center" fontWeight="normal" borderColor="0xffffff" height="21" width="67" sizeAuto="true" color="0" text="次主力店1" deviceID="" param="" fontFamily="微软雅黑" contentBackgroundAlpha="0" borderVisible="false" rotation="-90" fontSize="14"/>
    <TEXT x="1139.0500000000002" source="assets/comp/TEXTINPUT/label.png" widthInChars="4" y="162" textAlign="center" fontWeight="normal" borderColor="0xffffff" height="21" width="30" sizeAuto="true" color="0" text="酒楼" deviceID="" param="" fontFamily="微软雅黑" contentBackgroundAlpha="0" borderVisible="false" rotation="-90" fontSize="14"/>
    <TEXT x="1118.05" source="assets/comp/TEXTINPUT/label.png" widthInChars="4" y="175" textAlign="center" fontWeight="normal" borderColor="0xffffff" height="21" width="44" sizeAuto="true" color="0" text="儿童区" deviceID="" param="" fontFamily="微软雅黑" contentBackgroundAlpha="0" borderVisible="false" rotation="-90" fontSize="14"/>
    <TEXT x="1261.0500000000002" source="assets/comp/TEXTINPUT/label.png" widthInChars="4" y="210" textAlign="center" fontWeight="normal" borderColor="0xffffff" height="21" width="81" sizeAuto="true" color="0" text="步行街外区1" deviceID="" param="" fontFamily="微软雅黑" contentBackgroundAlpha="0" borderVisible="false" rotation="-90" fontSize="14"/>
    <TEXT x="1039.05" source="assets/comp/TEXTINPUT/label.png" widthInChars="4" y="82.75" textAlign="center" fontWeight="normal" borderColor="0xffffff" height="22" width="40" sizeAuto="false" color="65280" text="" deviceID="10011" param="sTemp" deviceName="分水器" fontFamily="微软雅黑" contentBackgroundAlpha="0" borderVisible="true" contentBackgroundColor="3355443" paramID="3" mark="GLZG" fontSize="12"/>
    <TEXT text="℃" x="1089.5" source="assets/comp/TEXTINPUT/label.png" color="0" widthInChars="4" contentBackgroundAlpha="0" deviceID="" param="" textAlign="center" fontWeight="normal" height="21" borderColor="0xffffff" borderVisible="false" y="84.35" width="16" sizeAuto="true" fontSize="14" fontFamily="微软雅黑"/>
    <TEXT text="℃" x="1410" source="assets/comp/TEXTINPUT/label.png" color="0" widthInChars="4" contentBackgroundAlpha="0" deviceID="" param="" textAlign="center" fontWeight="normal" height="21" borderColor="0xffffff" borderVisible="false" y="224" width="16" sizeAuto="true" fontSize="14" fontFamily="微软雅黑"/>
    <TEXT x="1194" source="assets/comp/TEXTINPUT/label.png" widthInChars="4" y="351.9" textAlign="center" fontWeight="normal" borderColor="0xffffff" height="21" width="81" sizeAuto="true" color="0" text="步行街内区1" deviceID="" param="" fontFamily="微软雅黑" contentBackgroundAlpha="0" borderVisible="false" rotation="-90" fontSize="14"/>
    <TEXT x="1176" source="assets/comp/TEXTINPUT/label.png" widthInChars="4" y="304" textAlign="center" fontWeight="normal" borderColor="0xffffff" height="21" width="31" sizeAuto="true" color="0" text="KTV" deviceID="" param="" fontFamily="微软雅黑" contentBackgroundAlpha="0" borderVisible="false" rotation="-90" fontSize="14"/>
    <PIPECORNER x="1132.05" source="assets/comp/PIPE/pipe2.png" y="341" rotation="-180" width="23" scaleX="0.75" scaleY="0.75" height="23"/>
    <JT x="1162" source="assets/comp/jt.png" y="607" rotation="270" width="43" scaleY="0.5" height="22"/>
    <JT x="1215" source="assets/comp/jt.png" y="607" rotation="270" width="43" scaleY="0.5" height="22"/>
    <PIPELINE x="1388" source="assets/comp/PIPE/pipe1.png" y="68" rotation="0" width="8" height="300"/>
    <PIPECORNER x="1398" source="assets/comp/PIPE/pipe2.png" y="81" rotation="-180" width="23" scaleX="0.75" scaleY="0.75" height="23"/>
    <PIPECORNER x="1380.75" source="assets/comp/PIPE/pipe2.png" y="376" rotation="270" width="23" scaleX="0.75" scaleY="0.75" height="23"/>
    <DDFM x="1400" source="assets/comp/DDFM/runing/0/1.png" deviceName="压差旁通" deviceID="10016" mark="DF" y="206.75" rotation="90" width="29" height="21" scaleX="0.75" scaleY="0.75"/>
    <TEXT x="930.05" source="assets/comp/TEXTINPUT/label.png" widthInChars="4" y="70.89999999999998" textAlign="center" fontWeight="normal" borderColor="0xffffff" height="22" width="40" sizeAuto="false" color="65280" text="" deviceID="10012" param="inTemp1" deviceName="冷源群控" fontFamily="微软雅黑" contentBackgroundAlpha="0" borderVisible="true" contentBackgroundColor="3355443" paramID="73" mark="LYZG" fontSize="14"/>
    <TEXT text="℃" x="979" source="assets/comp/TEXTINPUT/label.png" color="0" widthInChars="4" contentBackgroundAlpha="0" deviceID="" param="" textAlign="center" fontWeight="normal" height="21" borderColor="0xffffff" borderVisible="false" y="73" width="16" sizeAuto="true" fontSize="14" fontFamily="微软雅黑"/>
    <TEXT text="机房温度" x="868.05" source="assets/comp/TEXTINPUT/label.png" color="0" widthInChars="4" contentBackgroundAlpha="0" deviceID="" param="" textAlign="center" fontWeight="normal" height="21" borderColor="0xffffff" borderVisible="false" y="70.85" width="58" sizeAuto="true" fontSize="14" fontFamily="微软雅黑"/>
    <TEXT text="机房湿度" x="867.05" source="assets/comp/TEXTINPUT/label.png" color="0" widthInChars="4" contentBackgroundAlpha="0" deviceID="" param="" textAlign="center" fontWeight="normal" height="21" borderColor="0xffffff" borderVisible="false" y="101.85" width="58" sizeAuto="true" fontSize="14" fontFamily="微软雅黑"/>
    <TEXT x="929.05" source="assets/comp/TEXTINPUT/label.png" widthInChars="4" y="100.89999999999998" textAlign="center" fontWeight="normal" borderColor="0xffffff" height="22" width="40" sizeAuto="false" color="65280" text="" deviceID="10012" param="inWet" deviceName="冷源群控" fontFamily="微软雅黑" contentBackgroundAlpha="0" borderVisible="true" contentBackgroundColor="3355443" paramID="128" mark="LYZG" fontSize="14"/>
    <TEXT text="%" x="977" source="assets/comp/TEXTINPUT/label.png" color="0" widthInChars="4" contentBackgroundAlpha="0" deviceID="" param="" textAlign="center" fontWeight="normal" height="21" borderColor="0xffffff" borderVisible="false" y="102" width="15" sizeAuto="true" fontSize="14" fontFamily="微软雅黑"/>
    <BQSX x="840.05" source="assets/comp/BQSX/alarm/0/1.png" deviceName="B2F258#" deviceID="276" mark="BQSX" y="1.8500000000000014" width="80" height="80" scaleX="0.5" scaleY="0.5"/>
    <TEXT x="714" source="assets/comp/TEXTINPUT/label.png" widthInChars="4" y="57" textAlign="center" fontWeight="normal" borderColor="0xffffff" height="21" width="62" contentBackgroundColor="16777215" color="0" text="1#冷冻泵" deviceID="" param="" fontFamily="微软雅黑" contentBackgroundAlpha="0" borderVisible="false" sizeAuto="true" fontSize="14"/>
    <TEXT x="486" source="assets/comp/TEXTINPUT/label.png" widthInChars="4" y="530.9" textAlign="center" fontWeight="normal" borderColor="0xffffff" height="21" width="62" contentBackgroundColor="16777215" color="0" text="1#换热器" deviceID="" param="" fontFamily="微软雅黑" contentBackgroundAlpha="0" borderVisible="false" sizeAuto="true" fontSize="14"/>
    <TEXT x="356.05" source="assets/comp/TEXTINPUT/label.png" widthInChars="4" y="124.89999999999998" textAlign="center" fontWeight="normal" borderColor="0xffffff" height="21" width="62" contentBackgroundColor="16777215" color="0" text="2#冷却泵" deviceID="" param="" fontFamily="微软雅黑" contentBackgroundAlpha="0" borderVisible="false" sizeAuto="true" fontSize="14"/>
    <TEXT x="356" source="assets/comp/TEXTINPUT/label.png" widthInChars="4" y="439.9" textAlign="center" fontWeight="normal" borderColor="0xffffff" height="21" width="62" contentBackgroundColor="16777215" color="0" text="3#冷却泵" deviceID="" param="" fontFamily="微软雅黑" contentBackgroundAlpha="0" borderVisible="false" sizeAuto="true" fontSize="14"/>
    <TEXT x="1240.0500000000002" source="assets/comp/TEXTINPUT/label.png" widthInChars="4" y="218" textAlign="center" fontWeight="normal" borderColor="0xffffff" height="21" width="86" sizeAuto="true" color="0" text="地板辐射采暖" deviceID="" param="" fontFamily="微软雅黑" contentBackgroundAlpha="0" borderVisible="false" rotation="-90" fontSize="14"/>
    <PIPE3T x="1004" source="assets/comp/PIPE/pipe3.png" y="341" rotation="270" width="24" scaleX="0.75" scaleY="0.75" height="34"/>
    <PSX x="1191" source="assets/comp/PSX/bg.png" deviceID="" y="462" width="148" scaleX="0.4" scaleY="0.3" height="202"/>
    <PIPECORNER x="1054.95" source="assets/comp/PIPE/pipe2.png" y="423" rotation="0" width="23" scaleX="0.75" scaleY="0.75" height="23"/>
    <PIPE4T x="1132.95" source="assets/comp/PIPE/pipe4.png" y="423" width="34" scaleX="0.75" scaleY="0.75" height="33"/>
    <PIPE3T x="1160" source="assets/comp/PIPE/pipe3.png" y="517" rotation="180" width="24" scaleX="0.75" scaleY="0.75" height="34"/>
    <PIPE3T x="1098" source="assets/comp/PIPE/pipe3.png" y="235" rotation="180" width="24" scaleX="0.75" scaleY="0.75" height="34"/>
    <JT x="1176" source="assets/comp/jt.png" y="235" rotation="90" width="43" scaleY="0.5" height="22"/>
    <TEXT x="1188" source="assets/comp/TEXTINPUT/label.png" widthInChars="4" y="448" textAlign="center" fontWeight="normal" borderColor="0xffffff" height="21" width="58" contentBackgroundColor="16777215" color="0" text="膨胀水箱" deviceID="" param="" fontFamily="微软雅黑" contentBackgroundAlpha="0" borderVisible="false" sizeAuto="true" fontSize="14"/>
    <TEXT x="1193" source="assets/comp/TEXTINPUT/label.png" widthInChars="4" y="516" textAlign="center" fontWeight="normal" borderColor="0xffffff" height="21" width="58" contentBackgroundColor="16777215" color="0" text="膨胀水箱" deviceID="" param="" fontFamily="微软雅黑" contentBackgroundAlpha="0" borderVisible="false" sizeAuto="true" fontSize="14"/>
    <TEXT text="Hz" x="349" source="assets/comp/TEXTINPUT/label.png" color="0" widthInChars="4" contentBackgroundAlpha="0" deviceID="" param="" textAlign="center" fontWeight="normal" height="21" borderColor="0xffffff" borderVisible="false" y="198" width="21" sizeAuto="true" fontSize="14" fontFamily="微软雅黑"/>
    <TEXT text="Hz" x="353" source="assets/comp/TEXTINPUT/label.png" color="0" widthInChars="4" contentBackgroundAlpha="0" deviceID="" param="" textAlign="center" fontWeight="normal" height="21" borderColor="0xffffff" borderVisible="false" y="302" width="21" sizeAuto="true" fontSize="14" fontFamily="微软雅黑"/>
    <TEXT text="Hz" x="352" source="assets/comp/TEXTINPUT/label.png" color="0" widthInChars="4" contentBackgroundAlpha="0" deviceID="" param="" textAlign="center" fontWeight="normal" height="21" borderColor="0xffffff" borderVisible="false" y="407" width="21" sizeAuto="true" fontSize="14" fontFamily="微软雅黑"/>
    <TEXT x="1092" source="assets/comp/TEXTINPUT/label.png" widthInChars="4" y="186" textAlign="center" fontWeight="normal" borderColor="0xffffff" height="22" width="40" sizeAuto="false" color="65280" text="" deviceID="10011" param="eTemp" deviceName="分水器" fontFamily="微软雅黑" contentBackgroundAlpha="0" borderVisible="true" contentBackgroundColor="3355443" paramID="4" mark="GLZG" fontSize="12"/>
    <TEXT text="℃" x="1131" source="assets/comp/TEXTINPUT/label.png" color="0" widthInChars="4" contentBackgroundAlpha="0" deviceID="" param="" textAlign="center" fontWeight="normal" height="21" borderColor="0xffffff" borderVisible="false" y="187" width="16" sizeAuto="true" fontSize="14" fontFamily="微软雅黑"/>
    <TEXT x="1091" source="assets/comp/TEXTINPUT/label.png" widthInChars="4" y="301" textAlign="center" fontWeight="normal" borderColor="0xffffff" height="22" width="40" sizeAuto="false" color="65280" text="" deviceID="10013" param="sTemp" deviceName="集水器" fontFamily="微软雅黑" contentBackgroundAlpha="0" borderVisible="true" contentBackgroundColor="3355443" paramID="3" mark="GLZG" fontSize="12"/>
    <TEXT text="℃" x="1131" source="assets/comp/TEXTINPUT/label.png" color="0" widthInChars="4" contentBackgroundAlpha="0" deviceID="" param="" textAlign="center" fontWeight="normal" height="21" borderColor="0xffffff" borderVisible="false" y="303" width="16" sizeAuto="true" fontSize="14" fontFamily="微软雅黑"/>
    <TEXT x="1035" source="assets/comp/TEXTINPUT/label.png" widthInChars="4" y="523" textAlign="center" fontWeight="normal" borderColor="0xffffff" height="22" width="40" sizeAuto="false" color="65280" text="" deviceID="10013" param="eTemp" deviceName="集水器" fontFamily="微软雅黑" contentBackgroundAlpha="0" borderVisible="true" contentBackgroundColor="3355443" paramID="4" mark="GLZG" fontSize="12"/>
    <TEXT x="1345" source="assets/comp/TEXTINPUT/label.png" widthInChars="4" y="150" textAlign="center" fontWeight="normal" borderColor="0xffffff" height="22" width="40" sizeAuto="false" color="65280" text="" deviceID="10016" param="inPressure" deviceName="压差旁通" fontFamily="微软雅黑" contentBackgroundAlpha="0" borderVisible="true" contentBackgroundColor="3355443" paramID="61" mark="DF" fontSize="12"/>
    <TEXT text="bars" x="1397" source="assets/comp/TEXTINPUT/label.png" color="0" widthInChars="4" contentBackgroundAlpha="0" deviceID="" param="" textAlign="center" fontWeight="normal" height="21" borderColor="0xffffff" borderVisible="false" y="150" width="32" sizeAuto="true" fontSize="14" fontFamily="微软雅黑"/>
    <TEXT x="1349" source="assets/comp/TEXTINPUT/label.png" widthInChars="4" y="300" textAlign="center" fontWeight="normal" borderColor="0xffffff" height="22" width="40" sizeAuto="false" color="65280" text="" deviceID="10016" param="outPressure" deviceName="压差旁通" fontFamily="微软雅黑" contentBackgroundAlpha="0" borderVisible="true" contentBackgroundColor="3355443" paramID="62" mark="DF" fontSize="12"/>
    <TEXT text="bars" x="1398" source="assets/comp/TEXTINPUT/label.png" color="0" widthInChars="4" contentBackgroundAlpha="0" deviceID="" param="" textAlign="center" fontWeight="normal" height="21" borderColor="0xffffff" borderVisible="false" y="298" width="32" sizeAuto="true" fontSize="14" fontFamily="微软雅黑"/>
    <TEXT x="1343" source="assets/comp/TEXTINPUT/label.png" widthInChars="4" y="204" textAlign="center" fontWeight="normal" borderColor="0xffffff" height="22" width="40" sizeAuto="false" color="65280" text="" deviceID="10016" param="yacha1" deviceName="压差旁通" fontFamily="微软雅黑" contentBackgroundAlpha="0" borderVisible="true" contentBackgroundColor="3355443" paramID="202" mark="DF" fontSize="12"/>
    <TEXT text="bars" x="1347" source="assets/comp/TEXTINPUT/label.png" color="0" widthInChars="4" contentBackgroundAlpha="0" deviceID="" param="" textAlign="center" fontWeight="normal" height="21" borderColor="0xffffff" borderVisible="false" y="223" width="32" sizeAuto="true" fontSize="14" fontFamily="微软雅黑"/>
    <TEXT text="压差" x="1345" source="assets/comp/TEXTINPUT/label.png" color="0" widthInChars="4" contentBackgroundAlpha="0" deviceID="" param="" textAlign="center" fontWeight="normal" height="21" borderColor="0xffffff" borderVisible="false" y="184" width="30" sizeAuto="true" fontSize="14" fontFamily="微软雅黑"/>
    <TEXT text="温差" x="1405" source="assets/comp/TEXTINPUT/label.png" color="0" widthInChars="4" contentBackgroundAlpha="0" deviceID="" param="" textAlign="center" fontWeight="normal" height="21" borderColor="0xffffff" borderVisible="false" y="186" width="30" sizeAuto="true" fontSize="14" fontFamily="微软雅黑"/>
    <TEXT x="1401" source="assets/comp/TEXTINPUT/label.png" widthInChars="4" y="205" textAlign="center" fontWeight="normal" borderColor="0xffffff" height="22" width="40" sizeAuto="false" color="65280" text="" deviceID="10016" param="sTemp" deviceName="压差旁通" fontFamily="微软雅黑" contentBackgroundAlpha="0" borderVisible="true" contentBackgroundColor="3355443" paramID="3" mark="DF" fontSize="12"/>
    <TEXT x="115" source="assets/comp/TEXTINPUT/label.png" widthInChars="4" y="439" textAlign="center" fontWeight="normal" borderColor="0xffffff" height="22" width="40" sizeAuto="false" color="65280" text="" deviceID="10015" param="eTemp" deviceName="冷却水管" fontFamily="微软雅黑" contentBackgroundAlpha="0" borderVisible="true" contentBackgroundColor="3355443" paramID="4" mark="GLZG" fontSize="12"/>
    <TEXT text="℃" x="1075" source="assets/comp/TEXTINPUT/label.png" color="0" widthInChars="4" contentBackgroundAlpha="0" deviceID="" param="" textAlign="center" fontWeight="normal" height="21" borderColor="0xffffff" borderVisible="false" y="524" width="16" sizeAuto="true" fontSize="14" fontFamily="微软雅黑"/>
    <TEXT x="944" source="assets/comp/TEXTINPUT/label.png" widthInChars="4" y="302" textAlign="center" fontWeight="normal" borderColor="0xffffff" height="22" width="40" contentBackgroundColor="3355443" color="65280" text="1.9" deviceID="" param="" fontFamily="微软雅黑" contentBackgroundAlpha="0" borderVisible="true" sizeAuto="false" fontSize="14"/>
    <TEXT x="294" source="assets/comp/TEXTINPUT/label.png" widthInChars="4" y="82" textAlign="center" fontWeight="normal" borderColor="0xffffff" height="22" width="40" sizeAuto="false" color="65280" text="" deviceID="10008" param="rate" deviceName="1-2#螺杆机冷却泵控制箱" fontFamily="微软雅黑" contentBackgroundAlpha="0" borderVisible="true" contentBackgroundColor="3355443" paramID="63" mark="LQB" fontSize="12"/>
    <TEXT text="Hz" x="335" source="assets/comp/TEXTINPUT/label.png" color="0" widthInChars="4" contentBackgroundAlpha="0" deviceID="" param="" textAlign="center" fontWeight="normal" height="21" borderColor="0xffffff" borderVisible="false" y="83" width="21" sizeAuto="true" fontSize="14" fontFamily="微软雅黑"/>
    <TEXT x="393" source="assets/comp/TEXTINPUT/label.png" widthInChars="4" y="22" textAlign="center" fontWeight="normal" borderColor="0xffffff" height="21" width="87" contentBackgroundColor="16777215" color="0" text="1#/2#控制箱" deviceID="" param="" fontFamily="微软雅黑" contentBackgroundAlpha="0" borderVisible="false" sizeAuto="true" fontSize="14"/>
    <TEXT x="639" source="assets/comp/TEXTINPUT/label.png" widthInChars="4" y="24" textAlign="center" fontWeight="normal" borderColor="0xffffff" height="21" width="87" contentBackgroundColor="16777215" color="0" text="1#/2#控制箱" deviceID="" param="" fontFamily="微软雅黑" contentBackgroundAlpha="0" borderVisible="false" sizeAuto="true" fontSize="14"/>
    <FPG x="678" source="assets/comp/FPG/bg.png" deviceName="1-2#螺杆机冷冻泵控制箱" deviceID="10004" mark="LDB" y="47" width="297" height="180" scaleX="0.1" scaleY="0.4"/>
    <FPG x="425" source="assets/comp/FPG/bg.png" deviceName="1-2#螺杆机冷却泵控制箱" deviceID="10008" mark="LQB" y="48.8" width="297" height="180" scaleX="0.1" scaleY="0.4"/>
    <TEXT text="冷源群控" x="942" source="assets/comp/TEXTINPUT/label.png" color="0" widthInChars="4" contentBackgroundAlpha="0" deviceID="" param="" textAlign="center" fontWeight="normal" height="24" borderColor="0xffffff" borderVisible="false" y="7" width="66" sizeAuto="true" fontSize="16" fontFamily="微软雅黑"/>
    <DDFM x="81" source="assets/comp/DDFM/runing/0/1.png" deviceName="冷却塔水阀V19" deviceID="10034" mark="ZF" y="392" rotation="90" width="29" height="21" scaleX="0.8" scaleY="0.8"/>
    <DDFM x="19.80000000000001" source="assets/comp/DDFM/runing/0/1.png" deviceName="冷却塔水阀V20" deviceID="10035" mark="ZF" y="36.19999999999999" rotation="0" width="29" height="21" scaleX="0.8" scaleY="0.8"/>
    <DDFM x="181.60000000000002" source="assets/comp/DDFM/runing/0/1.png" deviceName="冷却塔水阀V16" deviceID="10031" mark="ZF" y="94.55000000000001" rotation="0" width="29" height="21" scaleX="0.75" scaleY="0.75"/>
    <DDFM x="180.64999999999998" source="assets/comp/DDFM/runing/0/1.png" deviceName="冷却塔水阀V17" deviceID="10032" mark="ZF" y="204.64999999999998" rotation="0" width="29" height="21" scaleX="0.8" scaleY="0.8"/>
    <DDFM x="184.89999999999998" source="assets/comp/DDFM/runing/0/1.png" deviceName="冷却塔水阀V18" deviceID="10033" mark="ZF" y="313.75" rotation="0" width="29" height="21" scaleX="0.8" scaleY="0.8"/>
    <DDFM x="20.69999999999999" source="assets/comp/DDFM/runing/0/1.png" deviceName="冷却塔水阀V21" deviceID="10036" mark="ZF" y="147.3" rotation="0" width="29" height="21" scaleX="0.8" scaleY="0.8"/>
    <DDFM x="19.900000000000006" source="assets/comp/DDFM/runing/0/1.png" deviceName="冷却塔水阀V22" deviceID="10037" mark="ZF" y="252.85000000000002" rotation="0" width="29" height="21" scaleX="0.8" scaleY="0.8"/>
    <DDFM x="18.600000000000023" source="assets/comp/DDFM/runing/0/1.png" deviceName="冷却塔水阀V23" deviceID="10038" mark="ZF" y="364.70000000000005" rotation="0" width="29" height="21" scaleX="0.8" scaleY="0.8"/>
    <DDFM x="670.05" source="assets/comp/DDFM/runing/0/1.png" deviceName="冷站水阀V1" deviceID="10039" mark="ZF" y="128.85" rotation="0" width="29" height="21" scaleX="0.8" scaleY="0.8"/>
    <DDFM x="441" source="assets/comp/DDFM/runing/0/1.png" deviceName="冷站水阀V2" deviceID="10040" mark="ZF" y="130" rotation="0" width="29" height="21" scaleX="0.8" scaleY="0.8"/>
    <DDFM x="670" source="assets/comp/DDFM/runing/0/1.png" deviceName="冷站水阀V7" deviceID="10045" mark="ZF" y="235" rotation="0" width="29" height="21" scaleX="0.8" scaleY="0.8"/>
    <DDFM x="445" source="assets/comp/DDFM/runing/0/1.png" deviceName="冷站水阀V8" deviceID="10046" mark="ZF" y="237" rotation="0" width="29" height="21" scaleX="0.8" scaleY="0.8"/>
    <DDFM x="669" source="assets/comp/DDFM/runing/0/1.png" deviceName="冷站水阀V5" deviceID="10043" mark="ZF" y="340" rotation="0" width="29" height="21" scaleX="0.8" scaleY="0.8"/>
    <DDFM x="444" source="assets/comp/DDFM/runing/0/1.png" deviceName="冷站水阀V6" deviceID="10044" mark="ZF" y="341" rotation="0" width="29" height="21" scaleX="0.8" scaleY="0.8"/>
    <DDFM x="669" source="assets/comp/DDFM/runing/0/1.png" deviceName="冷站水阀V3" deviceID="10041" mark="ZF" y="443" rotation="0" width="29" height="21" scaleX="0.8" scaleY="0.8"/>
    <DDFM x="445" source="assets/comp/DDFM/runing/0/1.png" deviceName="冷站水阀V4" deviceID="10042" mark="ZF" y="443" rotation="0" width="29" height="21" scaleX="0.8" scaleY="0.8"/>
    <DDFM x="445" source="assets/comp/DDFM/runing/0/1.png" deviceName="冷站水阀V9" deviceID="10047" mark="ZF" y="512" rotation="90" width="29" height="21" scaleX="0.8" scaleY="0.8"/>
    <DDFM x="370" source="assets/comp/DDFM/runing/0/1.png" deviceName="冷站水阀V10" deviceID="10048" mark="ZF" y="588" rotation="0" width="29" height="21" scaleX="0.8" scaleY="0.8"/>
    <DDFM x="754" source="assets/comp/DDFM/runing/0/1.png" deviceName="冷站水阀V11" deviceID="10049" mark="ZF" y="472" rotation="0" width="29" height="21" scaleX="0.8" scaleY="0.8"/>
    <DDFM x="1094.0000000000002" source="assets/comp/DDFM/runing/0/1.png" deviceName="冷站水阀V12" deviceID="10050" mark="ZF" y="153" rotation="90" width="29" height="21" scaleX="0.8" scaleY="0.8"/>
    <DDFM x="1096" source="assets/comp/DDFM/runing/0/1.png" deviceName="冷站水阀V13" deviceID="10051" mark="ZF" y="214" rotation="0" width="29" height="21" scaleX="0.8" scaleY="0.8"/>
    <DDFM x="1034" source="assets/comp/DDFM/runing/0/1.png" deviceName="冷站水阀V15" deviceID="10053" mark="ZF" y="320" rotation="0" width="29" height="21" scaleX="0.8" scaleY="0.8"/>
    <DDFM x="1025" source="assets/comp/DDFM/runing/0/1.png" deviceName="冷站水阀V14" deviceID="10052" mark="ZF" y="347" rotation="90" width="29" height="21" scaleX="0.8" scaleY="0.8"/>
    <TEXT x="1221" source="assets/comp/TEXTINPUT/label.png" widthInChars="4" y="196" textAlign="center" fontWeight="normal" borderColor="0xffffff" height="21" width="67" sizeAuto="true" color="0" text="次主力店2" deviceID="" param="" fontFamily="微软雅黑" contentBackgroundAlpha="0" borderVisible="false" rotation="-90" fontSize="14"/>
    <TEXT x="1280.95" source="assets/comp/TEXTINPUT/label.png" widthInChars="4" y="210" textAlign="center" fontWeight="normal" borderColor="0xffffff" height="21" width="81" sizeAuto="true" color="0" text="步行街外区2" deviceID="" param="" fontFamily="微软雅黑" contentBackgroundAlpha="0" borderVisible="false" rotation="-90" fontSize="14"/>
    <TEXT x="1300.95" source="assets/comp/TEXTINPUT/label.png" widthInChars="4" y="210" textAlign="center" fontWeight="normal" borderColor="0xffffff" height="21" width="81" sizeAuto="true" color="0" text="步行街外区3" deviceID="" param="" fontFamily="微软雅黑" contentBackgroundAlpha="0" borderVisible="false" rotation="-90" fontSize="14"/>
    <TEXT x="1319.95" source="assets/comp/TEXTINPUT/label.png" widthInChars="4" y="210" textAlign="center" fontWeight="normal" borderColor="0xffffff" height="21" width="81" sizeAuto="true" color="0" text="步行街外区4" deviceID="" param="" fontFamily="微软雅黑" contentBackgroundAlpha="0" borderVisible="false" rotation="-90" fontSize="14"/>
    <DDFM x="1139" source="assets/comp/DDFM/runing/0/1.png" deviceName="冷站水阀V24" deviceID="10054" mark="ZF" y="95" rotation="90" width="29" height="21" scaleX="0.8" scaleY="0.8"/>
    <DDFM x="1158.0000000000002" source="assets/comp/DDFM/runing/0/1.png" deviceName="冷站水阀V25" deviceID="10055" mark="ZF" y="95" rotation="90" width="29" height="21" scaleX="0.8" scaleY="0.8"/>
    <DDFM x="1179" source="assets/comp/DDFM/runing/0/1.png" deviceName="冷站水阀V26" deviceID="10056" mark="ZF" y="95" rotation="90" width="29" height="21" scaleX="0.8" scaleY="0.8"/>
    <DDFM x="1200.0000000000002" source="assets/comp/DDFM/runing/0/1.png" deviceName="冷站水阀V27" deviceID="10057" mark="ZF" y="95" rotation="90" width="29" height="21" scaleX="0.8" scaleY="0.8"/>
    <DDFM x="1219.0000000000002" source="assets/comp/DDFM/runing/0/1.png" deviceName="冷站水阀V28" deviceID="10058" mark="ZF" y="95" rotation="90" width="29" height="21" scaleX="0.8" scaleY="0.8"/>
    <DDFM x="1240" source="assets/comp/DDFM/runing/0/1.png" deviceName="冷站水阀V29" deviceID="10059" mark="ZF" y="95" rotation="90" width="29" height="21" scaleX="0.8" scaleY="0.8"/>
    <DDFM x="1259.0000000000002" source="assets/comp/DDFM/runing/0/1.png" deviceName="冷站水阀V30" deviceID="10060" mark="ZF" y="95" rotation="90" width="29" height="21" scaleX="0.8" scaleY="0.8"/>
    <DDFM x="1279" source="assets/comp/DDFM/runing/0/1.png" deviceName="冷站水阀V31" deviceID="10061" mark="ZF" y="95" rotation="90" width="29" height="21" scaleX="0.8" scaleY="0.8"/>
    <DDFM x="1298.0000000000002" source="assets/comp/DDFM/runing/0/1.png" deviceName="冷站水阀V32" deviceID="10062" mark="ZF" y="95" rotation="90" width="29" height="21" scaleX="0.8" scaleY="0.8"/>
    <DDFM x="1318" source="assets/comp/DDFM/runing/0/1.png" deviceName="冷站水阀V33" deviceID="10063" mark="ZF" y="95" rotation="90" width="29" height="21" scaleX="0.8" scaleY="0.8"/>
    <DDFM x="1339" source="assets/comp/DDFM/runing/0/1.png" deviceName="冷站水阀V34" deviceID="10064" mark="ZF" y="95" rotation="90" width="29" height="21" scaleX="0.8" scaleY="0.8"/>
    <TEXT x="1215" source="assets/comp/TEXTINPUT/label.png" widthInChars="4" y="353" textAlign="center" fontWeight="normal" borderColor="0xffffff" height="21" width="81" sizeAuto="true" color="0" text="步行街内区2" deviceID="" param="" fontFamily="微软雅黑" contentBackgroundAlpha="0" borderVisible="false" rotation="-90" fontSize="14"/>
    <TEXT x="1236" source="assets/comp/TEXTINPUT/label.png" widthInChars="4" y="353" textAlign="center" fontWeight="normal" borderColor="0xffffff" height="21" width="81" sizeAuto="true" color="0" text="步行街内区3" deviceID="" param="" fontFamily="微软雅黑" contentBackgroundAlpha="0" borderVisible="false" rotation="-90" fontSize="14"/>
    <DDFM x="1194" source="assets/comp/DDFM/runing/0/1.png" deviceName="冷站水阀V36" deviceID="10066" mark="ZF" y="242" rotation="90" width="29" height="21" scaleX="0.8" scaleY="0.8"/>
    <DDFM x="1214.0000000000002" source="assets/comp/DDFM/runing/0/1.png" deviceName="冷站水阀V37" deviceID="10067" mark="ZF" y="242" rotation="90" width="29" height="21" scaleX="0.8" scaleY="0.8"/>
    <DDFM x="1233" source="assets/comp/DDFM/runing/0/1.png" deviceName="冷站水阀V38" deviceID="10068" mark="ZF" y="241" rotation="90" width="29" height="21" scaleX="0.8" scaleY="0.8"/>
    <DDFM x="1254" source="assets/comp/DDFM/runing/0/1.png" deviceName="冷站水阀V39" deviceID="10069" mark="ZF" y="243" rotation="90" width="29" height="21" scaleX="0.8" scaleY="0.8"/>
    <DDFM x="1134" source="assets/comp/DDFM/runing/0/1.png" deviceName="冷站水阀V35" deviceID="10065" mark="ZF" y="215" rotation="0" width="29" height="21" scaleX="0.8" scaleY="0.8"/>
    <DDFM x="1281.0000000000002" source="assets/comp/DDFM/runing/0/1.png" deviceName="冷站水阀V40" deviceID="10070" mark="ZF" y="242" rotation="90" width="29" height="21" scaleX="0.8" scaleY="0.8"/>
    <TEXT x="1262.0500000000002" source="assets/comp/TEXTINPUT/label.png" widthInChars="4" y="348" textAlign="center" fontWeight="normal" borderColor="0xffffff" height="21" width="72" sizeAuto="true" color="0" text="接热水进水" deviceID="" param="" fontFamily="微软雅黑" contentBackgroundAlpha="0" borderVisible="false" rotation="-90" fontSize="14"/>
    <TEXT x="668" source="assets/comp/TEXTINPUT/label.png" widthInChars="4" y="200" textAlign="center" fontWeight="normal" borderColor="0xffffff" height="22" width="36" sizeAuto="false" color="65280" text="" deviceID="10001" param="csPressure" deviceName="1#冷冻水泵" fontFamily="微软雅黑" contentBackgroundAlpha="0" borderVisible="true" contentBackgroundColor="3355443" paramID="153" mark="LDB" fontSize="12"/>
    <TEXT text="bars" x="704" source="assets/comp/TEXTINPUT/label.png" color="0" widthInChars="4" contentBackgroundAlpha="0" deviceID="" param="" textAlign="center" fontWeight="normal" height="21" borderColor="0xffffff" borderVisible="false" y="201" width="32" sizeAuto="true" fontSize="14" fontFamily="微软雅黑"/>
    <TEXT x="669" source="assets/comp/TEXTINPUT/label.png" widthInChars="4" y="305" textAlign="center" fontWeight="normal" borderColor="0xffffff" height="22" width="36" sizeAuto="false" color="65280" text="" deviceID="10002" param="csPressure" deviceName="2#冷冻水泵" fontFamily="微软雅黑" contentBackgroundAlpha="0" borderVisible="true" contentBackgroundColor="3355443" paramID="153" mark="LDB" fontSize="12"/>
    <TEXT text="bars" x="706" source="assets/comp/TEXTINPUT/label.png" color="0" widthInChars="4" contentBackgroundAlpha="0" deviceID="" param="" textAlign="center" fontWeight="normal" height="21" borderColor="0xffffff" borderVisible="false" y="305" width="32" sizeAuto="true" fontSize="14" fontFamily="微软雅黑"/>
    <TEXT x="670" source="assets/comp/TEXTINPUT/label.png" widthInChars="4" y="406" textAlign="center" fontWeight="normal" borderColor="0xffffff" height="22" width="36" sizeAuto="false" color="65280" text="" deviceID="10003" param="csPressure" deviceName="3#冷冻水泵" fontFamily="微软雅黑" contentBackgroundAlpha="0" borderVisible="true" contentBackgroundColor="3355443" paramID="153" mark="LDB" fontSize="12"/>
    <TEXT text="bars" x="706" source="assets/comp/TEXTINPUT/label.png" color="0" widthInChars="4" contentBackgroundAlpha="0" deviceID="" param="" textAlign="center" fontWeight="normal" height="21" borderColor="0xffffff" borderVisible="false" y="406" width="32" sizeAuto="true" fontSize="14" fontFamily="微软雅黑"/>
    <TEXT x="667" source="assets/comp/TEXTINPUT/label.png" widthInChars="4" y="91" textAlign="center" fontWeight="normal" borderColor="0xffffff" height="22" width="36" sizeAuto="false" color="65280" text="" deviceID="10004" param="csPressure" deviceName="1-2#螺杆机冷冻泵控制箱" fontFamily="微软雅黑" contentBackgroundAlpha="0" borderVisible="true" contentBackgroundColor="3355443" paramID="153" mark="LDB" fontSize="12"/>
    <TEXT text="bars" x="703" source="assets/comp/TEXTINPUT/label.png" color="0" widthInChars="4" contentBackgroundAlpha="0" deviceID="" param="" textAlign="center" fontWeight="normal" height="21" borderColor="0xffffff" borderVisible="false" y="91" width="32" sizeAuto="true" fontSize="14" fontFamily="微软雅黑"/>
    <TEXT x="406" source="assets/comp/TEXTINPUT/label.png" widthInChars="4" y="96" textAlign="center" fontWeight="normal" borderColor="0xffffff" height="22" width="36" sizeAuto="false" color="65280" text="" deviceID="10008" param="csPressure" deviceName="1-2#螺杆机冷却泵控制箱" fontFamily="微软雅黑" contentBackgroundAlpha="0" borderVisible="true" contentBackgroundColor="3355443" paramID="153" mark="LQB" fontSize="12"/>
    <TEXT text="bars" x="440" source="assets/comp/TEXTINPUT/label.png" color="0" widthInChars="4" contentBackgroundAlpha="0" deviceID="" param="" textAlign="center" fontWeight="normal" height="21" borderColor="0xffffff" borderVisible="false" y="97" width="32" sizeAuto="true" fontSize="14" fontFamily="微软雅黑"/>
    <TEXT x="395" source="assets/comp/TEXTINPUT/label.png" widthInChars="4" y="200" textAlign="center" fontWeight="normal" borderColor="0xffffff" height="22" width="36" sizeAuto="false" color="65280" text="" deviceID="10005" param="csPressure" deviceName="1#冷却水泵" fontFamily="微软雅黑" contentBackgroundAlpha="0" borderVisible="true" contentBackgroundColor="3355443" paramID="153" mark="LQB" fontSize="12"/>
    <TEXT text="bars" x="433" source="assets/comp/TEXTINPUT/label.png" color="0" widthInChars="4" contentBackgroundAlpha="0" deviceID="" param="" textAlign="center" fontWeight="normal" height="21" borderColor="0xffffff" borderVisible="false" y="200" width="32" sizeAuto="true" fontSize="14" fontFamily="微软雅黑"/>
    <TEXT x="396" source="assets/comp/TEXTINPUT/label.png" widthInChars="4" y="304" textAlign="center" fontWeight="normal" borderColor="0xffffff" height="22" width="36" sizeAuto="false" color="65280" text="" deviceID="10006" param="csPressure" deviceName="2#冷却水泵" fontFamily="微软雅黑" contentBackgroundAlpha="0" borderVisible="true" contentBackgroundColor="3355443" paramID="153" mark="LQB" fontSize="12"/>
    <TEXT text="bars" x="435" source="assets/comp/TEXTINPUT/label.png" color="0" widthInChars="4" contentBackgroundAlpha="0" deviceID="" param="" textAlign="center" fontWeight="normal" height="21" borderColor="0xffffff" borderVisible="false" y="303" width="32" sizeAuto="true" fontSize="14" fontFamily="微软雅黑"/>
    <TEXT x="396" source="assets/comp/TEXTINPUT/label.png" widthInChars="4" y="408" textAlign="center" fontWeight="normal" borderColor="0xffffff" height="22" width="36" sizeAuto="false" color="65280" text="" deviceID="10007" param="csPressure" deviceName="3#冷却水泵" fontFamily="微软雅黑" contentBackgroundAlpha="0" borderVisible="true" contentBackgroundColor="3355443" paramID="153" mark="LQB" fontSize="12"/>
    <TEXT text="bars" x="435" source="assets/comp/TEXTINPUT/label.png" color="0" widthInChars="4" contentBackgroundAlpha="0" deviceID="" param="" textAlign="center" fontWeight="normal" height="21" borderColor="0xffffff" borderVisible="false" y="409" width="32" sizeAuto="true" fontSize="14" fontFamily="微软雅黑"/>
    <TEXT x="116" source="assets/comp/TEXTINPUT/label.png" widthInChars="4" y="463" textAlign="center" fontWeight="normal" borderColor="0xffffff" height="22" width="36" sizeAuto="false" color="65280" text="" deviceID="10015" param="csPressure" deviceName="冷却水管" fontFamily="微软雅黑" contentBackgroundAlpha="0" borderVisible="true" contentBackgroundColor="3355443" paramID="153" mark="GLZG" fontSize="12"/>
    <TEXT text="bars" x="153" source="assets/comp/TEXTINPUT/label.png" color="0" widthInChars="4" contentBackgroundAlpha="0" deviceID="" param="" textAlign="center" fontWeight="normal" height="21" borderColor="0xffffff" borderVisible="false" y="464" width="32" sizeAuto="true" fontSize="14" fontFamily="微软雅黑"/>
  </Components>
</Configration>