<?xml version="1.0" encoding="utf-8"?>
<Configration Width="1435" Height="715">
  <LIST>
    <Component>
      <ALARMTB/>
    </Component>
    <Image>
      <B1+NODE source="mapAssets/mapImages/B1+Node.png" group="map"/>
    </Image>
  </LIST>
  <Components>
    <B1+NODE x="0" y="0" height="714" source="mapAssets/mapImages/B1+Node.png" width="1434" group="map"/>
    <ALARMTB alarm="ALARMTB" source="assets/comp/ALARMTB/alarm/0/1.png" height="16" deviceName="BM_11#强电间B1J_1_1" y="230" x="572" width="16" group="commonComp" deviceID="3110010" param="onLine" paramID="592" mark="DDC"/>
    <ALARMTB alarm="ALARMTB" source="assets/comp/ALARMTB/alarm/0/1.png" height="16" deviceName="BM_11#强电间B1J_1_2" y="194" x="574" width="16" group="commonComp" deviceID="3110011" param="onLine" paramID="592" mark="DDC"/>
    <ALARMTB alarm="ALARMTB" source="assets/comp/ALARMTB/alarm/0/1.png" height="16" deviceName="BM_7#强电间B1J_2" y="242" x="749" width="16" group="commonComp" deviceID="3110012" param="onLine" paramID="592" mark="DDC"/>
    <ALARMTB alarm="ALARMTB" source="assets/comp/ALARMTB/alarm/0/1.png" height="16" deviceName="BM_7#强电间B1J_3" y="208" x="748" width="16" group="commonComp" deviceID="3110013" param="onLine" paramID="592" mark="DDC"/>
    <ALARMTB alarm="ALARMTB" source="assets/comp/ALARMTB/alarm/0/1.png" height="16" deviceName="BM_6#强电间B1J_4" y="193" x="878" width="16" group="commonComp" deviceID="3110014" param="onLine" paramID="592" mark="DDC"/>
    <ALARMTB alarm="ALARMTB" source="assets/comp/ALARMTB/alarm/0/1.png" height="16" deviceName="BM_4#强电间B1J_8" y="269" x="1072" width="16" group="commonComp" deviceID="3110015" param="onLine" paramID="592" mark="DDC"/>
    <ALARMTB alarm="ALARMTB" source="assets/comp/ALARMTB/alarm/0/1.png" height="16" deviceName="BM_8#强电间B1J_10" y="441" x="881" width="16" group="commonComp" deviceID="3110016" param="onLine" paramID="592" mark="DDC"/>
    <ALARMTB alarm="ALARMTB" source="assets/comp/ALARMTB/alarm/0/1.png" height="16" deviceName="BM_12#强电间B1J_11" y="374" x="617" width="16" group="commonComp" deviceID="3110017" param="onLine" paramID="592" mark="DDC"/>
    <ALARMTB alarm="ALARMTB" source="assets/comp/ALARMTB/alarm/0/1.png" height="16" deviceName="BM_11#强电间B1J_1_2Z" y="189" x="626" width="16" group="commonComp" deviceID="3110044" param="onLine" paramID="592" mark="DDC"/>
    <ALARMTB alarm="ALARMTB" source="assets/comp/ALARMTB/alarm/0/1.png" height="16" deviceName="BM_7#强电间B1J_2_3Z" y="276" x="748" width="16" group="commonComp" deviceID="3110048" param="onLine" paramID="592" mark="DDC"/>
    <ALARMTB alarm="ALARMTB" source="assets/comp/ALARMTB/alarm/0/1.png" height="16" deviceName="BM_6#强电间B1J_4Z" y="229" x="878" width="16" group="commonComp" deviceID="3110049" param="onLine" paramID="592" mark="DDC"/>
    <ALARMTB alarm="ALARMTB" source="assets/comp/ALARMTB/alarm/0/1.png" height="16" deviceName="BM_3#强电间B1J_6Z" y="165" x="1072" width="16" group="commonComp" deviceID="3110050" param="onLine" paramID="592" mark="DDC"/>
    <ALARMTB alarm="ALARMTB" source="assets/comp/ALARMTB/alarm/0/1.png" height="16" deviceName="BM_1#强电间B1J_7Z" y="269" x="1267" width="16" group="commonComp" deviceID="3110051" param="onLine" paramID="592" mark="DDC"/>
    <ALARMTB alarm="ALARMTB" source="assets/comp/ALARMTB/alarm/0/1.png" height="16" deviceName="BM_4#强电间B1J_8Z" y="292" x="1072" width="16" group="commonComp" deviceID="3110052" param="onLine" paramID="592" mark="DDC"/>
    <ALARMTB alarm="ALARMTB" source="assets/comp/ALARMTB/alarm/0/1.png" height="16" deviceName="BM_8#强电间B1J_10Z" y="477" x="903" width="16" group="commonComp" deviceID="3110055" param="onLine" paramID="592" mark="DDC"/>
    <ALARMTB alarm="ALARMTB" source="assets/comp/ALARMTB/alarm/0/1.png" height="16" deviceName="BM_12#强电间B1J_11Z" y="397" x="626" width="16" group="commonComp" deviceID="3110056" param="onLine" paramID="592" mark="DDC"/>
    <ALARMTB alarm="ALARMTB" source="assets/comp/ALARMTB/alarm/0/1.png" height="16" deviceName="BM_9#强电间BM_Z1" y="540" x="706" width="16" group="commonComp" deviceID="3110057" param="onLine" paramID="592" mark="DDC"/>
    <ALARMTB alarm="ALARMTB" source="assets/comp/ALARMTB/alarm/0/1.png" height="16" deviceName="BM_3#强电间B1J_6Z" y="193" x="1071" width="16" group="commonComp" deviceID="3110050" param="onLine" paramID="592" mark="DDC"/>
    <ALARMTB alarm="ALARMTB" source="assets/comp/ALARMTB/alarm/0/1.png" height="16" deviceName="BM_1#强电间B1J_7Z" y="250" x="1268" width="16" group="commonComp" deviceID="3110051" param="onLine" paramID="592" mark="DDC"/>
    <TEXT width="128" y="212" text="BM_11#强电间B1J_1_1" borderColor="0xffffff" source="assets/comp/TEXTINPUT/label.png" fontSize="12" fontWeight="normal" widthInChars="4" contentBackgroundAlpha="0" height="17" borderVisible="false" color="0x444444" param="" fontFamily="微软雅黑" x="505" textAlign="center" group="commonComp" deviceID="" sizeAuto="true"/>
    <TEXT width="128" y="169" text="BM_11#强电间B1J_1_2" borderColor="0xffffff" source="assets/comp/TEXTINPUT/label.png" fontSize="12" fontWeight="normal" widthInChars="4" contentBackgroundAlpha="0" height="17" borderVisible="false" color="0x444444" param="" fontFamily="微软雅黑" x="451" textAlign="center" group="commonComp" deviceID="" sizeAuto="true"/>
    <TEXT width="110" y="184" text="BM_7#强电间B1J_3" borderColor="0xffffff" source="assets/comp/TEXTINPUT/label.png" fontSize="12" fontWeight="normal" widthInChars="4" contentBackgroundAlpha="0" height="17" borderVisible="false" color="0x444444" param="" fontFamily="微软雅黑" x="691" textAlign="center" group="commonComp" deviceID="" sizeAuto="true"/>
    <TEXT width="110" y="223" text="BM_7#强电间B1J_2" borderColor="0xffffff" source="assets/comp/TEXTINPUT/label.png" fontSize="12" fontWeight="normal" widthInChars="4" contentBackgroundAlpha="0" height="17" borderVisible="false" color="0x444444" param="" fontFamily="微软雅黑" x="708" textAlign="center" group="commonComp" deviceID="" sizeAuto="true"/>
    <TEXT width="110" y="168" text="BM_6#强电间B1J_4" borderColor="0xffffff" source="assets/comp/TEXTINPUT/label.png" fontSize="12" fontWeight="normal" widthInChars="4" contentBackgroundAlpha="0" height="17" borderVisible="false" color="0x444444" param="" fontFamily="微软雅黑" x="831" textAlign="center" group="commonComp" deviceID="" sizeAuto="true"/>
    <TEXT width="110" y="246" text="BM_4#强电间B1J_8" borderColor="0xffffff" source="assets/comp/TEXTINPUT/label.png" fontSize="12" fontWeight="normal" widthInChars="4" contentBackgroundAlpha="0" height="17" borderVisible="false" color="0x444444" param="" fontFamily="微软雅黑" x="1032" textAlign="center" group="commonComp" deviceID="" sizeAuto="true"/>
    <TEXT width="117" y="139" text="BM_3#强电间B1J_6Z" borderColor="0xffffff" source="assets/comp/TEXTINPUT/label.png" fontSize="12" fontWeight="normal" widthInChars="4" contentBackgroundAlpha="0" height="17" borderVisible="false" color="0x444444" param="" fontFamily="微软雅黑" x="1030" textAlign="center" group="commonComp" deviceID="" sizeAuto="true"/>
    <TEXT width="122" y="350" text="BM_12#强电间B1J_11" borderColor="0xffffff" source="assets/comp/TEXTINPUT/label.png" fontSize="12" fontWeight="normal" widthInChars="4" contentBackgroundAlpha="0" height="17" borderVisible="false" color="0x444444" param="" fontFamily="微软雅黑" x="574" textAlign="center" group="commonComp" deviceID="" sizeAuto="true"/>
    <TEXT width="116" y="416" text="BM_8#强电间B1J_10" borderColor="0xffffff" source="assets/comp/TEXTINPUT/label.png" fontSize="12" fontWeight="normal" widthInChars="4" contentBackgroundAlpha="0" height="17" borderVisible="false" color="0x444444" param="" fontFamily="微软雅黑" x="830" textAlign="center" group="commonComp" deviceID="" sizeAuto="true"/>
    <TEXT width="117" y="211" text="BM_6#强电间B1J_4Z" borderColor="0xffffff" source="assets/comp/TEXTINPUT/label.png" fontSize="12" fontWeight="normal" widthInChars="4" contentBackgroundAlpha="0" height="17" borderVisible="false" color="0x444444" param="" fontFamily="微软雅黑" x="839" textAlign="center" group="commonComp" deviceID="" sizeAuto="true"/>
    <TEXT width="129" y="416" text="BM_12#强电间B1J_11Z" borderColor="0xffffff" source="assets/comp/TEXTINPUT/label.png" fontSize="12" fontWeight="normal" widthInChars="4" contentBackgroundAlpha="0" height="17" borderVisible="false" color="0x444444" param="" fontFamily="微软雅黑" x="571" textAlign="center" group="commonComp" deviceID="" sizeAuto="true"/>
    <TEXT width="117" y="290" text="BM_1#强电间B1J_7Z" borderColor="0xffffff" source="assets/comp/TEXTINPUT/label.png" fontSize="12" fontWeight="normal" widthInChars="4" contentBackgroundAlpha="0" height="17" borderVisible="false" color="0x444444" param="" fontFamily="微软雅黑" x="1223" textAlign="center" group="commonComp" deviceID="" sizeAuto="true"/>
    <TEXT width="110" y="210" text="BM_3#强电间B1J_6" borderColor="0xffffff" source="assets/comp/TEXTINPUT/label.png" fontSize="12" fontWeight="normal" widthInChars="4" contentBackgroundAlpha="0" height="17" borderVisible="false" color="0x444444" param="" fontFamily="微软雅黑" x="1030" textAlign="center" group="commonComp" deviceID="" sizeAuto="true"/>
    <TEXT width="110" y="226" text="BM_1#强电间B1J_7" borderColor="0xffffff" source="assets/comp/TEXTINPUT/label.png" fontSize="12" fontWeight="normal" widthInChars="4" contentBackgroundAlpha="0" height="17" borderVisible="false" color="0x444444" param="" fontFamily="微软雅黑" x="1230" textAlign="center" group="commonComp" deviceID="" sizeAuto="true"/>
    <TEXT width="116" y="514" text="BM_9#强电间BM_Z1" borderColor="0xffffff" source="assets/comp/TEXTINPUT/label.png" fontSize="12" fontWeight="normal" widthInChars="4" contentBackgroundAlpha="0" height="17" borderVisible="false" color="0x444444" param="" fontFamily="微软雅黑" x="659" textAlign="center" group="commonComp" deviceID="" sizeAuto="true"/>
    <TEXT width="123" y="505" text="BM_8#强电间B1J_10Z" borderColor="0xffffff" source="assets/comp/TEXTINPUT/label.png" fontSize="12" fontWeight="normal" widthInChars="4" contentBackgroundAlpha="0" height="17" borderVisible="false" color="0x444444" param="" fontFamily="微软雅黑" x="857" textAlign="center" group="commonComp" deviceID="" sizeAuto="true"/>
    <TEXT width="117" y="315" text="BM_4#强电间B1J_8Z" borderColor="0xffffff" source="assets/comp/TEXTINPUT/label.png" fontSize="12" fontWeight="normal" widthInChars="4" contentBackgroundAlpha="0" height="17" borderVisible="false" color="0x444444" param="" fontFamily="微软雅黑" x="1016" textAlign="center" group="commonComp" deviceID="" sizeAuto="true"/>
    <TEXT width="135" y="163" text="BM_11#强电间B1J_1_2Z" borderColor="0xffffff" source="assets/comp/TEXTINPUT/label.png" fontSize="12" fontWeight="normal" widthInChars="4" contentBackgroundAlpha="0" height="17" borderVisible="false" color="0x444444" param="" fontFamily="微软雅黑" x="595" textAlign="center" group="commonComp" deviceID="" sizeAuto="true"/>
    <TEXT width="129" y="256" text="BM_7#强电间B1J_2_3Z" borderColor="0xffffff" source="assets/comp/TEXTINPUT/label.png" fontSize="12" fontWeight="normal" widthInChars="4" contentBackgroundAlpha="0" height="17" borderVisible="false" color="0x444444" param="" fontFamily="微软雅黑" x="698" textAlign="center" group="commonComp" deviceID="" sizeAuto="true"/>
  </Components>
</Configration>