<?xml version="1.0" encoding="utf-8"?>
<Configration Width="1434" Height="714">
  <LIST>
    <Component>
      <ALARMTB/>
    </Component>
    <Image>
      <B1NODE source="mapAssets/mapImages/B1Node.png" group="map"/>
      <LCB1 source="assets/comp/LCB1.png"/>
    </Image>
  </LIST>
  <Components>
    <B1NODE height="714" y="0" width="1434" group="map" source="mapAssets/mapImages/B1Node.png" x="0"/>
    <ALARMTB param="onLine" deviceID="3110042" mark="DDC" alarm="ALARMTB" group="commonComp" paramID="592" width="16" x="850" height="16" y="194" source="assets/comp/ALARMTB/alarm/0/1.png" deviceName="B1_4#强电间B1F_Z1"/>
    <TEXT x="809" param="" deviceID="" text="B1_4#强电间B1F_Z1" sizeAuto="true" borderColor="0xffffff" group="commonComp" source="assets/comp/TEXTINPUT/label.png" textAlign="center" height="17" y="170" widthInChars="4" width="113" color="0x444444" fontWeight="normal" contentBackgroundAlpha="0" fontSize="12" fontFamily="微软雅黑" borderVisible="false"/>
    <LCB1 height="92" y="10" width="110" group="bg" source="assets/comp/LCB1.png" x="10"/>
  </Components>
</Configration>