<?xml version="1.0" encoding="utf-8"?>
<Configration Width="1434" Height="714">
  <LIST>
    <Component>
      <ALARMTB/>
    </Component>
    <Image>
      <F2NODE source="mapAssets/mapImages/F2Node.png" group="map"/>
      <LCF2 source="assets/comp/LCF2.png"/>
    </Image>
  </LIST>
  <Components>
    <F2NODE height="714" y="0" width="1434" group="map" source="mapAssets/mapImages/F2Node.png" x="0"/>
    <ALARMTB param="onLine" deviceID="3110074" mark="DDC" alarm="ALARMTB" group="commonComp" deviceName="2层6号强电间2F_6Z1" width="16" x="230" height="16" y="221" source="assets/comp/ALARMTB/alarm/0/1.png" paramID="592"/>
    <TEXT x="191" param="" deviceID="" text="2层6号强电间2F_6Z1" sizeAuto="true" borderColor="0xffffff" group="commonComp" source="assets/comp/TEXTINPUT/label.png" textAlign="center" height="17" y="197" widthInChars="4" width="117" color="0x444444" fontWeight="normal" contentBackgroundAlpha="0" fontSize="12" fontFamily="微软雅黑" borderVisible="false"/>
    <LCF2 height="92" y="10" width="110" group="bg" source="assets/comp/LCF2.png" x="10"/>
  </Components>
</Configration>