<?xml version="1.0" encoding="utf-8"?>
<Configration Width="1434" Height="714">
  <LIST>
    <Component>
      <ALARMTB/>
    </Component>
    <Image>
      <F1NODE source="mapAssets/mapImages/F1Node.png" group="map"/>
      <LCF1 source="assets/comp/LCF1.png"/>
    </Image>
  </LIST>
  <Components>
    <F1NODE height="714" y="0" width="1434" group="map" source="mapAssets/mapImages/F1Node.png" x="0"/>
    <ALARMTB param="onLine" deviceID="3110024" mark="DDC" alarm="ALARMTB" group="commonComp" paramID="592" width="16" x="319" height="16" y="176" source="assets/comp/ALARMTB/alarm/0/1.png" deviceName="1层1号弱电间1F_1_1"/>
    <TEXT x="256" param="" deviceID="" text="1层1号弱电间1F_1_1" sizeAuto="true" borderColor="0xffffff" group="commonComp" source="assets/comp/TEXTINPUT/label.png" textAlign="center" height="17" y="145" widthInChars="4" width="116" color="0x444444" fontWeight="normal" contentBackgroundAlpha="0" fontSize="12" fontFamily="微软雅黑" borderVisible="false"/>
    <LCF1 height="92" y="10" width="110" group="bg" source="assets/comp/LCF1.png" x="10"/>
  </Components>
</Configration>