<?xml version="1.0" encoding="utf-8"?>
<Configration Width="1434" Height="714">
  <LIST>
    <Component>
      <ALARMTB/>
    </Component>
    <Image>
      <F5NODE source="mapAssets/mapImages/F5Node.png" group="map"/>
      <LCF5 source="assets/comp/LCF5.png"/>
    </Image>
  </LIST>
  <Components>
    <F5NODE height="714" y="0" width="1434" group="map" source="mapAssets/mapImages/F5Node.png" x="0"/>
    <ALARMTB param="onLine" deviceID="3110093" mark="DDC" alarm="ALARMTB" group="commonComp" deviceName="屋面5F_4" width="16" x="635" height="16" y="525" source="assets/comp/ALARMTB/alarm/0/1.png" paramID="592"/>
    <TEXT x="605" param="" deviceID="" text="屋面5F_4" sizeAuto="true" borderColor="0xffffff" group="commonComp" source="assets/comp/TEXTINPUT/label.png" textAlign="center" height="17" y="501" widthInChars="4" width="53" color="0x444444" fontWeight="normal" contentBackgroundAlpha="0" fontSize="12" fontFamily="微软雅黑" borderVisible="false"/>
    <LCF5 height="92" y="10" width="110" group="bg" source="assets/comp/LCF5.png" x="10"/>
  </Components>
</Configration>