<?xml version="1.0" encoding="utf-8"?>
<Configration Width="1434" Height="714">
  <LIST>
    <Component>
      <ALARMTB/>
    </Component>
    <Image>
      <F3NODE source="mapAssets/mapImages/F3Node.png" group="map"/>
      <LCF3 source="assets/comp/LCF3.png"/>
    </Image>
  </LIST>
  <Components>
    <F3NODE height="714" y="0" width="1434" group="map" source="mapAssets/mapImages/F3Node.png" x="0"/>
    <ALARMTB param="onLine" deviceID="3110079" mark="DDC" alarm="ALARMTB" group="commonComp" deviceName="3层6号弱电间3F_9" width="16" x="222" height="16" y="314" source="assets/comp/ALARMTB/alarm/0/1.png" paramID="592"/>
    <TEXT x="191" param="" deviceID="" text="3层6号弱电间3F_9" sizeAuto="true" borderColor="0xffffff" group="commonComp" source="assets/comp/TEXTINPUT/label.png" textAlign="center" height="17" y="282" widthInChars="4" width="104" color="0x444444" fontWeight="normal" contentBackgroundAlpha="0" fontSize="12" fontFamily="微软雅黑" borderVisible="false"/>
    <LCF3 height="92" y="10" width="110" group="bg" source="assets/comp/LCF3.png" x="10"/>
  </Components>
</Configration>