<?xml version="1.0" encoding="utf-8"?>
<Configration Width="1842" Height="916">
  <LIST>
    <Component>
      <ALARMTB/>
    </Component>
    <Image/>
  </LIST>
  <Components>
    <ALARMTB param="onLine" deviceID="3110085" scaleX="1" alarm="ALARMTB" deviceName="冷冻机房B1_1_1" source="assets/comp/ALARMTB/alarm/0/1.png" x="100" height="16" y="100" group="commonComp" width="16" mark="DDC" paramID="592" scaleY="1"/>
    <ALARMTB param="onLine" deviceID="3110086" alarm="ALARMTB" deviceName="冷冻机房B1_1_2" source="assets/comp/ALARMTB/alarm/0/1.png" x="100" height="16" y="200" group="commonComp" width="16" mark="DDC" paramID="592"/>
    <ALARMTB param="onLine" deviceID="3110002" alarm="ALARMTB" deviceName="B1_1#强电间B1_5" source="assets/comp/ALARMTB/alarm/0/1.png" x="190" height="16" y="101" group="commonComp" width="16" mark="DDC" paramID="592"/>
    <TEXT x="183" param="" deviceID="" text="B1-5" sizeAuto="true" borderColor="0xffffff" group="commonComp" source="assets/comp/TEXTINPUT/label.png" textAlign="center" height="17" y="80" widthInChars="4" width="26" color="0x444444" fontWeight="normal" contentBackgroundAlpha="0" fontSize="12" fontFamily="微软雅黑" borderVisible="false"/>
    <ALARMTB param="onLine" deviceID="3110010" alarm="ALARMTB" deviceName="BM_11#强电间B1J_1_1" source="assets/comp/ALARMTB/alarm/0/1.png" x="280" height="16" y="100" group="commonComp" width="16" mark="DDC" paramID="592"/>
    <ALARMTB param="onLine" deviceID="3110018" alarm="ALARMTB" deviceName="1层3号强电间1F_3_1" source="assets/comp/ALARMTB/alarm/0/1.png" x="370" height="16" y="100" group="commonComp" width="16" mark="DDC" paramID="592"/>
    <ALARMTB param="onLine" deviceID="3110024" alarm="ALARMTB" deviceName="1层1号弱电间1F_1_1" source="assets/comp/ALARMTB/alarm/0/1.png" x="460" height="16" y="100" group="commonComp" width="16" mark="DDC" paramID="592"/>
    <ALARMTB param="onLine" deviceID="3110028" alarm="ALARMTB" deviceName="2层3号弱电间2F_6" source="assets/comp/ALARMTB/alarm/0/1.png" x="550" height="16" y="100" group="commonComp" width="16" mark="DDC" paramID="592"/>
    <ALARMTB param="onLine" deviceID="3110032" alarm="ALARMTB" deviceName="4层1号弱电间4F_1" source="assets/comp/ALARMTB/alarm/0/1.png" x="640" height="16" y="100" group="commonComp" width="16" mark="DDC" paramID="592"/>
    <ALARMTB param="onLine" deviceID="3110034" alarm="ALARMTB" deviceName="2层9号弱电间2F_9" source="assets/comp/ALARMTB/alarm/0/1.png" x="730" height="16" y="100" group="commonComp" width="16" mark="DDC" paramID="592"/>
    <ALARMTB param="onLine" deviceID="3110091" alarm="ALARMTB" deviceName="屋面5F_1(2)" source="assets/comp/ALARMTB/alarm/0/1.png" x="820" height="16" y="100" group="commonComp" width="16" mark="DDC" paramID="592"/>
    <ALARMTB param="onLine" deviceID="3110089" alarm="ALARMTB" deviceName="五层冷却塔5F_11" source="assets/comp/ALARMTB/alarm/0/1.png" x="910" height="16" y="100" group="commonComp" width="16" mark="DDC" paramID="592"/>
    <ALARMTB param="onLine" deviceID="3110039" alarm="ALARMTB" deviceName="B1_9#强电间B1F_3" source="assets/comp/ALARMTB/alarm/0/1.png" x="1000" height="16" y="100" group="commonComp" width="16" mark="DDC" paramID="592"/>
    <ALARMTB param="onLine" deviceID="3110011" alarm="ALARMTB" deviceName="BM_11#强电间B1J_1_2" source="assets/comp/ALARMTB/alarm/0/1.png" x="1090" height="16" y="100" group="commonComp" width="16" mark="DDC" paramID="592"/>
    <ALARMTB param="onLine" deviceID="3110016" alarm="ALARMTB" deviceName="BM_8#强电间B1J_10" source="assets/comp/ALARMTB/alarm/0/1.png" x="1270" height="16" y="100" group="commonComp" width="16" mark="DDC" paramID="592"/>
    <ALARMTB param="onLine" deviceID="3110060" alarm="ALARMTB" deviceName="排烟机房B1_10#B1J_5" source="assets/comp/ALARMTB/alarm/0/1.png" x="1360" height="16" y="100" group="commonComp" width="16" mark="DDC" paramID="592"/>
    <ALARMTB param="onLine" deviceID="3110063" alarm="ALARMTB" deviceName="4层4号强电间4F_4Z1" source="assets/comp/ALARMTB/alarm/0/1.png" x="1450" height="16" y="100" group="commonComp" width="16" mark="DDC" paramID="592"/>
    <ALARMTB param="onLine" deviceID="3110067" alarm="ALARMTB" deviceName="4层8号强电间4F_8Z1" source="assets/comp/ALARMTB/alarm/0/1.png" x="1540" height="16" y="100" group="commonComp" width="16" mark="DDC" paramID="592"/>
    <ALARMTB param="onLine" deviceID="3110070" alarm="ALARMTB" deviceName="1层9号弱电间1F_6" source="assets/comp/ALARMTB/alarm/0/1.png" x="1630" height="16" y="100" group="commonComp" width="16" mark="DDC" paramID="592"/>
    <ALARMTB param="onLine" deviceID="3110051" alarm="ALARMTB" deviceName="BM_1#强电间B1J_7Z" source="assets/comp/ALARMTB/alarm/0/1.png" x="1180" height="16" y="100" group="commonComp" width="16" mark="DDC" paramID="592"/>
    <ALARMTB param="onLine" deviceID="3110076" alarm="ALARMTB" deviceName="3层3号强电间3F_3" source="assets/comp/ALARMTB/alarm/0/1.png" x="1720" height="16" y="100" group="commonComp" width="16" mark="DDC" paramID="592"/>
    <ALARMTB param="onLine" deviceID="3110083" alarm="ALARMTB" deviceName="2层8号弱电间2F_10" source="assets/comp/ALARMTB/alarm/0/1.png" x="1810" height="16" y="100" group="commonComp" width="16" mark="DDC" paramID="592"/>
    <ALARMTB param="onLine" deviceID="3110087" alarm="ALARMTB" deviceName="冷冻机房B1_1_4" source="assets/comp/ALARMTB/alarm/0/1.png" x="100" height="16" y="300" group="commonComp" width="16" mark="DDC" paramID="592"/>
    <ALARMTB param="onLine" deviceID="3110088" alarm="ALARMTB" deviceName="冷冻机房B1_1_Z1" source="assets/comp/ALARMTB/alarm/0/1.png" x="100" height="16" y="400" group="commonComp" width="16" mark="DDC" paramID="592"/>
    <ALARMTB param="onLine" deviceID="3110008" alarm="ALARMTB" deviceName="B1_9#强电间B1_2" source="assets/comp/ALARMTB/alarm/0/1.png" x="190" height="16" y="200" group="commonComp" width="16" mark="DDC" paramID="592"/>
    <ALARMTB param="onLine" deviceID="3110009" alarm="ALARMTB" deviceName="B1_9#强电间B1_3" source="assets/comp/ALARMTB/alarm/0/1.png" x="190" height="16" y="300" group="commonComp" width="16" mark="DDC" paramID="592"/>
    <ALARMTB param="onLine" deviceID="3110001" alarm="ALARMTB" deviceName="B1_1#强电间B1_4" source="assets/comp/ALARMTB/alarm/0/1.png" x="190" height="16" y="400" group="commonComp" width="16" mark="DDC" paramID="592"/>
    <ALARMTB param="onLine" deviceID="3110003" alarm="ALARMTB" deviceName="B1_6#强电间B1_6" source="assets/comp/ALARMTB/alarm/0/1.png" x="190" height="16" y="500" group="commonComp" width="16" mark="DDC" paramID="592"/>
    <ALARMTB param="onLine" deviceID="3110004" alarm="ALARMTB" deviceName="B1_6#强电间B1_7" source="assets/comp/ALARMTB/alarm/0/1.png" x="190" height="16" y="600" group="commonComp" width="16" mark="DDC" paramID="592"/>
    <ALARMTB param="onLine" deviceID="3110005" alarm="ALARMTB" deviceName="水泵房B1_8" source="assets/comp/ALARMTB/alarm/0/1.png" x="190" height="16" y="700" group="commonComp" width="16" mark="DDC" paramID="592"/>
    <ALARMTB param="onLine" deviceID="3110006" alarm="ALARMTB" deviceName="B1_8#强电间B1_9" source="assets/comp/ALARMTB/alarm/0/1.png" x="190" height="16" y="800" group="commonComp" width="16" mark="DDC" paramID="592"/>
    <ALARMTB param="onLine" deviceID="3110007" alarm="ALARMTB" deviceName="排烟 机房B2_13#B1_10" source="assets/comp/ALARMTB/alarm/0/1.png" x="190" height="16" y="900" group="commonComp" width="16" mark="DDC" paramID="592"/>
    <ALARMTB param="onLine" deviceID="3110011" alarm="ALARMTB" deviceName="BM_11#强电间B1J_1_2" source="assets/comp/ALARMTB/alarm/0/1.png" x="280" height="16" y="200" group="commonComp" width="16" mark="DDC" paramID="592"/>
    <ALARMTB param="onLine" deviceID="3110012" alarm="ALARMTB" deviceName="BM_7#强电间B1J_2" source="assets/comp/ALARMTB/alarm/0/1.png" x="280" height="16" y="300" group="commonComp" width="16" mark="DDC" paramID="592"/>
    <ALARMTB param="onLine" deviceID="3110013" alarm="ALARMTB" deviceName="BM_7#强电间B1J_3" source="assets/comp/ALARMTB/alarm/0/1.png" x="280" height="16" y="400" group="commonComp" width="16" mark="DDC" paramID="592"/>
    <ALARMTB param="onLine" deviceID="3110014" alarm="ALARMTB" deviceName="BM_6#强电间B1J_4" source="assets/comp/ALARMTB/alarm/0/1.png" x="280" height="16" y="500" group="commonComp" width="16" mark="DDC" paramID="592"/>
    <ALARMTB param="onLine" deviceID="3110015" alarm="ALARMTB" deviceName="BM_4#强电间B1J_8" source="assets/comp/ALARMTB/alarm/0/1.png" x="280" height="16" y="600" group="commonComp" width="16" mark="DDC" paramID="592"/>
    <ALARMTB param="onLine" deviceID="3110016" alarm="ALARMTB" deviceName="BM_8#强电间B1J_10" source="assets/comp/ALARMTB/alarm/0/1.png" x="280" height="16" y="700" group="commonComp" width="16" mark="DDC" paramID="592"/>
    <ALARMTB param="onLine" deviceID="3110017" alarm="ALARMTB" deviceName="BM_12#强电间B1J_11" source="assets/comp/ALARMTB/alarm/0/1.png" x="280" height="16" y="800" group="commonComp" width="16" mark="DDC" paramID="592"/>
    <ALARMTB param="onLine" deviceID="3110019" alarm="ALARMTB" deviceName="1层3号强电间1F_3_2" source="assets/comp/ALARMTB/alarm/0/1.png" x="370" height="16" y="200" group="commonComp" width="16" mark="DDC" paramID="592"/>
    <ALARMTB param="onLine" deviceID="3110020" alarm="ALARMTB" deviceName="1层4号弱电间1F_4" source="assets/comp/ALARMTB/alarm/0/1.png" x="370" height="16" y="300" group="commonComp" width="16" mark="DDC" paramID="592"/>
    <ALARMTB param="onLine" deviceID="3110021" alarm="ALARMTB" deviceName="1层5号弱电间1F_5_1" source="assets/comp/ALARMTB/alarm/0/1.png" x="370" height="16" y="400" group="commonComp" width="16" mark="DDC" paramID="592"/>
    <ALARMTB param="onLine" deviceID="3110022" alarm="ALARMTB" deviceName="1层5号弱电间1F_5_2" source="assets/comp/ALARMTB/alarm/0/1.png" x="370" height="16" y="500" group="commonComp" width="16" mark="DDC" paramID="592"/>
    <ALARMTB param="onLine" deviceID="3110023" alarm="ALARMTB" deviceName="1层5号强电间1F_5Z1" source="assets/comp/ALARMTB/alarm/0/1.png" x="370" height="16" y="600" group="commonComp" width="16" mark="DDC" paramID="592"/>
    <ALARMTB param="onLine" deviceID="3110026" alarm="ALARMTB" deviceName="1层2号弱电间1F_2B" source="assets/comp/ALARMTB/alarm/0/1.png" x="460" height="16" y="300" group="commonComp" width="16" mark="DDC" paramID="592"/>
    <ALARMTB param="onLine" deviceID="3110025" alarm="ALARMTB" deviceName="1层1号弱电间1F_1_2" source="assets/comp/ALARMTB/alarm/0/1.png" x="460" height="16" y="200" group="commonComp" width="16" mark="DDC" paramID="592"/>
    <ALARMTB param="onLine" deviceID="3110027" alarm="ALARMTB" deviceName="2层1号弱电间2F_5" source="assets/comp/ALARMTB/alarm/0/1.png" x="550" height="16" y="200" group="commonComp" width="16" mark="DDC" paramID="592"/>
    <ALARMTB param="onLine" deviceID="3110029" alarm="ALARMTB" deviceName="金街2层7号弱电间2F_7" source="assets/comp/ALARMTB/alarm/0/1.png" x="550" height="16" y="300" group="commonComp" width="16" mark="DDC" paramID="592"/>
    <ALARMTB param="onLine" deviceID="3110030" alarm="ALARMTB" deviceName="2层5号弱电间2F_8" source="assets/comp/ALARMTB/alarm/0/1.png" x="550" height="16" y="400" group="commonComp" width="16" mark="DDC" paramID="592"/>
    <ALARMTB param="onLine" deviceID="3110031" alarm="ALARMTB" deviceName="3层1号弱电间3F_2_1" source="assets/comp/ALARMTB/alarm/0/1.png" x="640" height="16" y="200" group="commonComp" width="16" mark="DDC" paramID="592"/>
    <ALARMTB param="onLine" deviceID="3110033" alarm="ALARMTB" deviceName="4层2号弱电间4F_2" source="assets/comp/ALARMTB/alarm/0/1.png" x="640" height="16" y="300" group="commonComp" width="16" mark="DDC" paramID="592"/>
    <ALARMTB param="onLine" deviceID="3110035" alarm="ALARMTB" deviceName="3层9号弱电间3F_6" source="assets/comp/ALARMTB/alarm/0/1.png" x="730" height="16" y="200" group="commonComp" width="16" mark="DDC" paramID="592"/>
    <ALARMTB param="onLine" deviceID="3110037" alarm="ALARMTB" deviceName="4层9号弱电间4F_6" source="assets/comp/ALARMTB/alarm/0/1.png" x="730" height="16" y="300" group="commonComp" width="16" mark="DDC" paramID="592"/>
    <ALARMTB param="onLine" deviceID="3110038" alarm="ALARMTB" deviceName="4层8号弱电间4F_7" source="assets/comp/ALARMTB/alarm/0/1.png" x="730" height="16" y="400" group="commonComp" width="16" mark="DDC" paramID="592"/>
    <ALARMTB param="onLine" deviceID="3110036" alarm="ALARMTB" deviceName="3层8号弱电间3F_7" source="assets/comp/ALARMTB/alarm/0/1.png" x="730" height="16" y="500" group="commonComp" width="16" mark="DDC" paramID="592"/>
    <ALARMTB param="onLine" deviceID="3110092" alarm="ALARMTB" deviceName="屋面5F_3" source="assets/comp/ALARMTB/alarm/0/1.png" x="820" height="16" y="200" group="commonComp" width="16" mark="DDC" paramID="592"/>
    <ALARMTB param="onLine" deviceID="3110093" alarm="ALARMTB" deviceName="屋面5F_4" source="assets/comp/ALARMTB/alarm/0/1.png" x="820" height="16" y="300" group="commonComp" width="16" mark="DDC" paramID="592"/>
    <ALARMTB param="onLine" deviceID="3110094" alarm="ALARMTB" deviceName="屋面5F_5(6)" source="assets/comp/ALARMTB/alarm/0/1.png" x="820" height="16" y="400" group="commonComp" width="16" mark="DDC" paramID="592"/>
    <ALARMTB param="onLine" deviceID="3110095" alarm="ALARMTB" deviceName="屋面5F_7" source="assets/comp/ALARMTB/alarm/0/1.png" x="820" height="16" y="500" group="commonComp" width="16" mark="DDC" paramID="592"/>
    <ALARMTB param="onLine" deviceID="3110097" alarm="ALARMTB" deviceName="屋面5F_8" source="assets/comp/ALARMTB/alarm/0/1.png" x="820" height="16" y="600" group="commonComp" width="16" mark="DDC" paramID="592"/>
    <ALARMTB param="onLine" deviceID="3110096" alarm="ALARMTB" deviceName="屋面5F_9" source="assets/comp/ALARMTB/alarm/0/1.png" x="820" height="16" y="700" group="commonComp" width="16" mark="DDC" paramID="592"/>
    <ALARMTB param="onLine" deviceID="3110098" alarm="ALARMTB" deviceName="屋面5F_10" source="assets/comp/ALARMTB/alarm/0/1.png" x="820" height="16" y="800" group="commonComp" width="16" mark="DDC" paramID="592"/>
    <ALARMTB param="onLine" deviceID="3110090" alarm="ALARMTB" deviceName="五层冷却塔5F_Z1" source="assets/comp/ALARMTB/alarm/0/1.png" x="910" height="16" y="200" group="commonComp" width="16" mark="DDC" paramID="592"/>
    <ALARMTB param="onLine" deviceID="3110042" alarm="ALARMTB" deviceName="B1_4#强电间B1F_Z1" source="assets/comp/ALARMTB/alarm/0/1.png" x="1000" height="16" y="200" group="commonComp" width="16" mark="DDC" paramID="592"/>
    <ALARMTB param="onLine" deviceID="3110041" alarm="ALARMTB" deviceName="B1_6#强电间B1F_7" source="assets/comp/ALARMTB/alarm/0/1.png" x="1000" height="16" y="300" group="commonComp" width="16" mark="DDC" paramID="592"/>
    <ALARMTB param="onLine" deviceID="3110043" alarm="ALARMTB" deviceName="B1_8#强电间B1F_9Z1" source="assets/comp/ALARMTB/alarm/0/1.png" x="1000" height="16" y="400" group="commonComp" width="16" mark="DDC" paramID="592"/>
    <ALARMTB param="onLine" deviceID="3110040" alarm="ALARMTB" deviceName="B1_1#强电间B1F_4" source="assets/comp/ALARMTB/alarm/0/1.png" x="1000" height="16" y="500" group="commonComp" width="16" mark="DDC" paramID="592"/>
    <ALARMTB param="onLine" deviceID="3110045" alarm="ALARMTB" deviceName="1层2号弱电间1F_2A" source="assets/comp/ALARMTB/alarm/0/1.png" x="1090" height="16" y="200" group="commonComp" width="16" mark="DDC" paramID="592"/>
    <ALARMTB param="onLine" deviceID="3110046" alarm="ALARMTB" deviceName="2层2号强电间2F_2Z1" source="assets/comp/ALARMTB/alarm/0/1.png" x="1090" height="16" y="300" group="commonComp" width="16" mark="DDC" paramID="592"/>
    <ALARMTB param="onLine" deviceID="3110047" alarm="ALARMTB" deviceName="4层2号强电间4F_2Z1" source="assets/comp/ALARMTB/alarm/0/1.png" x="1090" height="16" y="400" group="commonComp" width="16" mark="DDC" paramID="592"/>
    <ALARMTB param="onLine" deviceID="3110061" alarm="ALARMTB" deviceName="BM_3#强电间B1J_6" source="assets/comp/ALARMTB/alarm/0/1.png" x="1180" height="16" y="200" group="commonComp" width="16" mark="DDC" paramID="592"/>
    <ALARMTB param="onLine" deviceID="3110015" alarm="ALARMTB" deviceName="BM_4#强电间B1J_8" source="assets/comp/ALARMTB/alarm/0/1.png" x="1180" height="16" y="300" group="commonComp" width="16" mark="DDC" paramID="592"/>
    <ALARMTB param="onLine" deviceID="3110014" alarm="ALARMTB" deviceName="BM_6#强电间B1J_4" source="assets/comp/ALARMTB/alarm/0/1.png" x="1180" height="16" y="400" group="commonComp" width="16" mark="DDC" paramID="592"/>
    <ALARMTB param="onLine" deviceID="3110012" alarm="ALARMTB" deviceName="BM_7#强电间B1J_2" source="assets/comp/ALARMTB/alarm/0/1.png" x="1181" height="16" y="500" group="commonComp" width="16" mark="DDC" paramID="592"/>
    <ALARMTB param="onLine" deviceID="3110053" alarm="ALARMTB" deviceName="1层3号弱电间1F_3Z1" source="assets/comp/ALARMTB/alarm/0/1.png" x="1180" height="16" y="600" group="commonComp" width="16" mark="DDC" paramID="592"/>
    <ALARMTB param="onLine" deviceID="3110017" alarm="ALARMTB" deviceName="BM_12#强电间B1J_11" source="assets/comp/ALARMTB/alarm/0/1.png" x="1270" height="16" y="200" group="commonComp" width="16" mark="DDC" paramID="592"/>
    <ALARMTB param="onLine" deviceID="3110057" alarm="ALARMTB" deviceName="BM_9#强电间BM_Z1" source="assets/comp/ALARMTB/alarm/0/1.png" x="1270" height="16" y="300" group="commonComp" width="16" mark="DDC" paramID="592"/>
    <ALARMTB param="onLine" deviceID="3110058" alarm="ALARMTB" deviceName="2楼9号强电间2F_9Z1" source="assets/comp/ALARMTB/alarm/0/1.png" x="1270" height="16" y="400" group="commonComp" width="16" mark="DDC" paramID="592"/>
    <ALARMTB param="onLine" deviceID="3110059" alarm="ALARMTB" deviceName="4楼9号强电间4F_9Z1" source="assets/comp/ALARMTB/alarm/0/1.png" x="1270" height="16" y="500" group="commonComp" width="16" mark="DDC" paramID="592"/>
    <ALARMTB param="onLine" deviceID="3110061" alarm="ALARMTB" deviceName="BM_3#强电间B1J_6" source="assets/comp/ALARMTB/alarm/0/1.png" x="1360" height="16" y="200" group="commonComp" width="16" mark="DDC" paramID="592"/>
    <ALARMTB param="onLine" deviceID="3110062" alarm="ALARMTB" deviceName="BM_1#强电间B1J_7" source="assets/comp/ALARMTB/alarm/0/1.png" x="1360" height="16" y="300" group="commonComp" width="16" mark="DDC" paramID="592"/>
    <ALARMTB param="onLine" deviceID="3110064" alarm="ALARMTB" deviceName="2层4号强电间2F_4Z1" source="assets/comp/ALARMTB/alarm/0/1.png" x="1450" height="16" y="200" group="commonComp" width="16" mark="DDC" paramID="592"/>
    <ALARMTB param="onLine" deviceID="3110065" alarm="ALARMTB" deviceName="3层5号强电间3F_5Z1" source="assets/comp/ALARMTB/alarm/0/1.png" x="1450" height="16" y="300" group="commonComp" width="16" mark="DDC" paramID="592"/>
    <ALARMTB param="onLine" deviceID="3110066" alarm="ALARMTB" deviceName="4层7号强电间4F_7Z1" source="assets/comp/ALARMTB/alarm/0/1.png" x="1540" height="16" y="200" group="commonComp" width="16" mark="DDC" paramID="592"/>
    <ALARMTB param="onLine" deviceID="3110068" alarm="ALARMTB" deviceName="2层7号强电间2F_7Z1" source="assets/comp/ALARMTB/alarm/0/1.png" x="1540" height="16" y="300" group="commonComp" width="16" mark="DDC" paramID="592"/>
    <ALARMTB param="onLine" deviceID="3110069" alarm="ALARMTB" deviceName="2层8号强电间2F_8Z1" source="assets/comp/ALARMTB/alarm/0/1.png" x="1540" height="16" y="400" group="commonComp" width="16" mark="DDC" paramID="592"/>
    <ALARMTB param="onLine" deviceID="3110072" alarm="ALARMTB" deviceName="1层7号弱电间1F_8" source="assets/comp/ALARMTB/alarm/0/1.png" x="1630" height="16" y="200" group="commonComp" width="16" mark="DDC" paramID="592"/>
    <ALARMTB param="onLine" deviceID="3110071" alarm="ALARMTB" deviceName="1层8号弱电间1F_7" source="assets/comp/ALARMTB/alarm/0/1.png" x="1630" height="16" y="300" group="commonComp" width="16" mark="DDC" paramID="592"/>
    <ALARMTB param="onLine" deviceID="3110073" alarm="ALARMTB" deviceName="1层6号弱电间1F_9" source="assets/comp/ALARMTB/alarm/0/1.png" x="1630" height="16" y="400" group="commonComp" width="16" mark="DDC" paramID="592"/>
    <ALARMTB param="onLine" deviceID="3110074" alarm="ALARMTB" deviceName="2层6号强电间2F_6Z1" source="assets/comp/ALARMTB/alarm/0/1.png" x="1630" height="16" y="500" group="commonComp" width="16" mark="DDC" paramID="592"/>
    <ALARMTB param="onLine" deviceID="3110075" alarm="ALARMTB" deviceName="4层6号强电间4F_6Z1" source="assets/comp/ALARMTB/alarm/0/1.png" x="1630" height="16" y="600" group="commonComp" width="16" mark="DDC" paramID="592"/>
    <ALARMTB param="onLine" deviceID="3110080" alarm="ALARMTB" deviceName="4层3号强电间4F_3Z1" source="assets/comp/ALARMTB/alarm/0/1.png" x="1720" height="16" y="200" group="commonComp" width="16" mark="DDC" paramID="592"/>
    <ALARMTB param="onLine" deviceID="3110077" alarm="ALARMTB" deviceName="3层4号弱电间3F_4" source="assets/comp/ALARMTB/alarm/0/1.png" x="1720" height="16" y="300" group="commonComp" width="16" mark="DDC" paramID="592"/>
    <ALARMTB param="onLine" deviceID="3110082" alarm="ALARMTB" deviceName="4层5号弱电间4F_5" source="assets/comp/ALARMTB/alarm/0/1.png" x="1720" height="16" y="400" group="commonComp" width="16" mark="DDC" paramID="592"/>
    <ALARMTB param="onLine" deviceID="3110081" alarm="ALARMTB" deviceName="4层4号弱电间4F_3" source="assets/comp/ALARMTB/alarm/0/1.png" x="1720" height="16" y="500" group="commonComp" width="16" mark="DDC" paramID="592"/>
    <ALARMTB param="onLine" deviceID="3110078" alarm="ALARMTB" deviceName="3层7号弱电间3F_8" source="assets/comp/ALARMTB/alarm/0/1.png" x="1810" height="16" y="200" group="commonComp" width="16" mark="DDC" paramID="592"/>
    <ALARMTB param="onLine" deviceID="3110084" alarm="ALARMTB" deviceName="4层6号弱电间4F_8" source="assets/comp/ALARMTB/alarm/0/1.png" x="1810" height="16" y="300" group="commonComp" width="16" mark="DDC" paramID="592"/>
    <ALARMTB param="onLine" deviceID="3110079" alarm="ALARMTB" deviceName="3层6号弱电间3F_9" source="assets/comp/ALARMTB/alarm/0/1.png" x="1810" height="16" y="400" group="commonComp" width="16" mark="DDC" paramID="592"/>
    <TEXT x="93" param="" deviceID="" text="B1-1-1" sizeAuto="true" borderColor="0xffffff" group="commonComp" source="assets/comp/TEXTINPUT/label.png" textAlign="center" height="17" y="80" widthInChars="4" width="36" color="0x444444" fontWeight="normal" contentBackgroundAlpha="0" fontSize="12" fontFamily="微软雅黑" borderVisible="false"/>
    <TEXT x="93" param="" deviceID="" text="B1-1-2" sizeAuto="true" borderColor="0xffffff" group="commonComp" source="assets/comp/TEXTINPUT/label.png" textAlign="center" height="17" y="180" widthInChars="4" width="36" color="0x444444" fontWeight="normal" contentBackgroundAlpha="0" fontSize="12" fontFamily="微软雅黑" borderVisible="false"/>
    <TEXT x="93" param="" deviceID="" text="B1-1-4" sizeAuto="true" borderColor="0xffffff" group="commonComp" source="assets/comp/TEXTINPUT/label.png" textAlign="center" height="17" y="280" widthInChars="4" width="36" color="0x444444" fontWeight="normal" contentBackgroundAlpha="0" fontSize="12" fontFamily="微软雅黑" borderVisible="false"/>
    <TEXT x="93" param="" deviceID="" text="B1-Z1" sizeAuto="true" borderColor="0xffffff" group="commonComp" source="assets/comp/TEXTINPUT/label.png" textAlign="center" height="17" y="380" widthInChars="4" width="33" color="0x444444" fontWeight="normal" contentBackgroundAlpha="0" fontSize="12" fontFamily="微软雅黑" borderVisible="false"/>
    <TEXT x="183" param="" deviceID="" text="B1-2" sizeAuto="true" borderColor="0xffffff" group="commonComp" source="assets/comp/TEXTINPUT/label.png" textAlign="center" height="17" y="180" widthInChars="4" width="26" color="0x444444" fontWeight="normal" contentBackgroundAlpha="0" fontSize="12" fontFamily="微软雅黑" borderVisible="false"/>
    <TEXT x="183" param="" deviceID="" text="B1-3" sizeAuto="true" borderColor="0xffffff" group="commonComp" source="assets/comp/TEXTINPUT/label.png" textAlign="center" height="17" y="280" widthInChars="4" width="26" color="0x444444" fontWeight="normal" contentBackgroundAlpha="0" fontSize="12" fontFamily="微软雅黑" borderVisible="false"/>
    <TEXT x="183" param="" deviceID="" text="B1-4" sizeAuto="true" borderColor="0xffffff" group="commonComp" source="assets/comp/TEXTINPUT/label.png" textAlign="center" height="17" y="380" widthInChars="4" width="26" color="0x444444" fontWeight="normal" contentBackgroundAlpha="0" fontSize="12" fontFamily="微软雅黑" borderVisible="false"/>
    <TEXT x="183" param="" deviceID="" text="B1-6" sizeAuto="true" borderColor="0xffffff" group="commonComp" source="assets/comp/TEXTINPUT/label.png" textAlign="center" height="17" y="480" widthInChars="4" width="26" color="0x444444" fontWeight="normal" contentBackgroundAlpha="0" fontSize="12" fontFamily="微软雅黑" borderVisible="false"/>
    <TEXT x="183" param="" deviceID="" text="B1-7" sizeAuto="true" borderColor="0xffffff" group="commonComp" source="assets/comp/TEXTINPUT/label.png" textAlign="center" height="17" y="580" widthInChars="4" width="26" color="0x444444" fontWeight="normal" contentBackgroundAlpha="0" fontSize="12" fontFamily="微软雅黑" borderVisible="false"/>
    <TEXT x="273" param="" deviceID="" text="B1J-8" sizeAuto="true" borderColor="0xffffff" group="commonComp" source="assets/comp/TEXTINPUT/label.png" textAlign="center" height="17" y="580" widthInChars="4" width="32" color="0x444444" fontWeight="normal" contentBackgroundAlpha="0" fontSize="12" fontFamily="微软雅黑" borderVisible="false"/>
    <TEXT x="363" param="" deviceID="" text="1F-5Z1" sizeAuto="true" borderColor="0xffffff" group="commonComp" source="assets/comp/TEXTINPUT/label.png" textAlign="center" height="17" y="580" widthInChars="4" width="38" color="0x444444" fontWeight="normal" contentBackgroundAlpha="0" fontSize="12" fontFamily="微软雅黑" borderVisible="false"/>
    <TEXT x="363" param="" deviceID="" text="1F-5.2" sizeAuto="true" borderColor="0xffffff" group="commonComp" source="assets/comp/TEXTINPUT/label.png" textAlign="center" height="17" y="480" widthInChars="4" width="34" color="0x444444" fontWeight="normal" contentBackgroundAlpha="0" fontSize="12" fontFamily="微软雅黑" borderVisible="false"/>
    <TEXT x="273" param="" deviceID="" text="B1J-4" sizeAuto="true" borderColor="0xffffff" group="commonComp" source="assets/comp/TEXTINPUT/label.png" textAlign="center" height="17" y="480" widthInChars="4" width="32" color="0x444444" fontWeight="normal" contentBackgroundAlpha="0" fontSize="12" fontFamily="微软雅黑" borderVisible="false"/>
    <TEXT x="273" param="" deviceID="" text="B1J-3" sizeAuto="true" borderColor="0xffffff" group="commonComp" source="assets/comp/TEXTINPUT/label.png" textAlign="center" height="17" y="380" widthInChars="4" width="32" color="0x444444" fontWeight="normal" contentBackgroundAlpha="0" fontSize="12" fontFamily="微软雅黑" borderVisible="false"/>
    <TEXT x="363" param="" deviceID="" text="1F-5.1" sizeAuto="true" borderColor="0xffffff" group="commonComp" source="assets/comp/TEXTINPUT/label.png" textAlign="center" height="17" y="380" widthInChars="4" width="34" color="0x444444" fontWeight="normal" contentBackgroundAlpha="0" fontSize="12" fontFamily="微软雅黑" borderVisible="false"/>
    <TEXT x="363" param="" deviceID="" text="1F-4" sizeAuto="true" borderColor="0xffffff" group="commonComp" source="assets/comp/TEXTINPUT/label.png" textAlign="center" height="17" y="280" widthInChars="4" width="25" color="0x444444" fontWeight="normal" contentBackgroundAlpha="0" fontSize="12" fontFamily="微软雅黑" borderVisible="false"/>
    <TEXT x="273" param="" deviceID="" text="B1J-2" sizeAuto="true" borderColor="0xffffff" group="commonComp" source="assets/comp/TEXTINPUT/label.png" textAlign="center" height="17" y="280" widthInChars="4" width="32" color="0x444444" fontWeight="normal" contentBackgroundAlpha="0" fontSize="12" fontFamily="微软雅黑" borderVisible="false"/>
    <TEXT x="273" param="" deviceID="" text="B1-1.2" sizeAuto="true" borderColor="0xffffff" group="commonComp" source="assets/comp/TEXTINPUT/label.png" textAlign="center" height="17" y="180" widthInChars="4" width="35" color="0x444444" fontWeight="normal" contentBackgroundAlpha="0" fontSize="12" fontFamily="微软雅黑" borderVisible="false"/>
    <TEXT x="273" param="" deviceID="" text="B1J-1.1" sizeAuto="true" borderColor="0xffffff" group="commonComp" source="assets/comp/TEXTINPUT/label.png" textAlign="center" height="17" y="80" widthInChars="4" width="41" color="0x444444" fontWeight="normal" contentBackgroundAlpha="0" fontSize="12" fontFamily="微软雅黑" borderVisible="false"/>
    <TEXT x="363" param="" deviceID="" text="1F-3.1" sizeAuto="true" borderColor="0xffffff" group="commonComp" source="assets/comp/TEXTINPUT/label.png" textAlign="center" height="17" y="80" widthInChars="4" width="34" color="0x444444" fontWeight="normal" contentBackgroundAlpha="0" fontSize="12" fontFamily="微软雅黑" borderVisible="false"/>
    <TEXT x="363" param="" deviceID="" text="1F-3.2" sizeAuto="true" borderColor="0xffffff" group="commonComp" source="assets/comp/TEXTINPUT/label.png" textAlign="center" height="17" y="180" widthInChars="4" width="34" color="0x444444" fontWeight="normal" contentBackgroundAlpha="0" fontSize="12" fontFamily="微软雅黑" borderVisible="false"/>
    <TEXT x="183" param="" deviceID="" text="B1-8" sizeAuto="true" borderColor="0xffffff" group="commonComp" source="assets/comp/TEXTINPUT/label.png" textAlign="center" height="17" y="680" widthInChars="4" width="26" color="0x444444" fontWeight="normal" contentBackgroundAlpha="0" fontSize="12" fontFamily="微软雅黑" borderVisible="false"/>
    <TEXT x="273" param="" deviceID="" text="B1J-10" sizeAuto="true" borderColor="0xffffff" group="commonComp" source="assets/comp/TEXTINPUT/label.png" textAlign="center" height="17" y="680" widthInChars="4" width="38" color="0x444444" fontWeight="normal" contentBackgroundAlpha="0" fontSize="12" fontFamily="微软雅黑" borderVisible="false"/>
    <TEXT x="273" param="" deviceID="" text="B1J-11" sizeAuto="true" borderColor="0xffffff" group="commonComp" source="assets/comp/TEXTINPUT/label.png" textAlign="center" height="17" y="780" widthInChars="4" width="38" color="0x444444" fontWeight="normal" contentBackgroundAlpha="0" fontSize="12" fontFamily="微软雅黑" borderVisible="false"/>
    <TEXT x="183" param="" deviceID="" text="B1-9" sizeAuto="true" borderColor="0xffffff" group="commonComp" source="assets/comp/TEXTINPUT/label.png" textAlign="center" height="17" y="780" widthInChars="4" width="26" color="0x444444" fontWeight="normal" contentBackgroundAlpha="0" fontSize="12" fontFamily="微软雅黑" borderVisible="false"/>
    <TEXT x="183" param="" deviceID="" text="B1-10" sizeAuto="true" borderColor="0xffffff" group="commonComp" source="assets/comp/TEXTINPUT/label.png" textAlign="center" height="17" y="880" widthInChars="4" width="32" color="0x444444" fontWeight="normal" contentBackgroundAlpha="0" fontSize="12" fontFamily="微软雅黑" borderVisible="false"/>
    <TEXT x="453" param="" deviceID="" text="1F-1.1" sizeAuto="true" borderColor="0xffffff" group="commonComp" source="assets/comp/TEXTINPUT/label.png" textAlign="center" height="17" y="80" widthInChars="4" width="34" color="0x444444" fontWeight="normal" contentBackgroundAlpha="0" fontSize="12" fontFamily="微软雅黑" borderVisible="false"/>
    <TEXT x="453" param="" deviceID="" text="1F-1.2" sizeAuto="true" borderColor="0xffffff" group="commonComp" source="assets/comp/TEXTINPUT/label.png" textAlign="center" height="17" y="180" widthInChars="4" width="34" color="0x444444" fontWeight="normal" contentBackgroundAlpha="0" fontSize="12" fontFamily="微软雅黑" borderVisible="false"/>
    <TEXT x="453" param="" deviceID="" text="1F-2B" sizeAuto="true" borderColor="0xffffff" group="commonComp" source="assets/comp/TEXTINPUT/label.png" textAlign="center" height="17" y="280" widthInChars="4" width="33" color="0x444444" fontWeight="normal" contentBackgroundAlpha="0" fontSize="12" fontFamily="微软雅黑" borderVisible="false"/>
    <TEXT x="543" param="" deviceID="" text="2F-6" sizeAuto="true" borderColor="0xffffff" group="commonComp" source="assets/comp/TEXTINPUT/label.png" textAlign="center" height="17" y="80" widthInChars="4" width="25" color="0x444444" fontWeight="normal" contentBackgroundAlpha="0" fontSize="12" fontFamily="微软雅黑" borderVisible="false"/>
    <TEXT x="543" param="" deviceID="" text="2F-5" sizeAuto="true" borderColor="0xffffff" group="commonComp" source="assets/comp/TEXTINPUT/label.png" textAlign="center" height="17" y="180" widthInChars="4" width="25" color="0x444444" fontWeight="normal" contentBackgroundAlpha="0" fontSize="12" fontFamily="微软雅黑" borderVisible="false"/>
    <TEXT x="543" param="" deviceID="" text="2F-7" sizeAuto="true" borderColor="0xffffff" group="commonComp" source="assets/comp/TEXTINPUT/label.png" textAlign="center" height="17" y="280" widthInChars="4" width="25" color="0x444444" fontWeight="normal" contentBackgroundAlpha="0" fontSize="12" fontFamily="微软雅黑" borderVisible="false"/>
    <TEXT x="543" param="" deviceID="" text="2F-8" sizeAuto="true" borderColor="0xffffff" group="commonComp" source="assets/comp/TEXTINPUT/label.png" textAlign="center" height="17" y="380" widthInChars="4" width="25" color="0x444444" fontWeight="normal" contentBackgroundAlpha="0" fontSize="12" fontFamily="微软雅黑" borderVisible="false"/>
    <TEXT x="633" param="" deviceID="" text="4F-1" sizeAuto="true" borderColor="0xffffff" group="commonComp" source="assets/comp/TEXTINPUT/label.png" textAlign="center" height="17" y="80" widthInChars="4" width="25" color="0x444444" fontWeight="normal" contentBackgroundAlpha="0" fontSize="12" fontFamily="微软雅黑" borderVisible="false"/>
    <TEXT x="633" param="" deviceID="" text="3F-2(1)" sizeAuto="true" borderColor="0xffffff" group="commonComp" source="assets/comp/TEXTINPUT/label.png" textAlign="center" height="17" y="180" widthInChars="4" width="39" color="0x444444" fontWeight="normal" contentBackgroundAlpha="0" fontSize="12" fontFamily="微软雅黑" borderVisible="false"/>
    <TEXT x="633" param="" deviceID="" text="4F-2" sizeAuto="true" borderColor="0xffffff" group="commonComp" source="assets/comp/TEXTINPUT/label.png" textAlign="center" height="17" y="280" widthInChars="4" width="25" color="0x444444" fontWeight="normal" contentBackgroundAlpha="0" fontSize="12" fontFamily="微软雅黑" borderVisible="false"/>
    <TEXT x="723" param="" deviceID="" text="2F-9" sizeAuto="true" borderColor="0xffffff" group="commonComp" source="assets/comp/TEXTINPUT/label.png" textAlign="center" height="17" y="80" widthInChars="4" width="25" color="0x444444" fontWeight="normal" contentBackgroundAlpha="0" fontSize="12" fontFamily="微软雅黑" borderVisible="false"/>
    <TEXT x="723" param="" deviceID="" text="3F-6" sizeAuto="true" borderColor="0xffffff" group="commonComp" source="assets/comp/TEXTINPUT/label.png" textAlign="center" height="17" y="180" widthInChars="4" width="25" color="0x444444" fontWeight="normal" contentBackgroundAlpha="0" fontSize="12" fontFamily="微软雅黑" borderVisible="false"/>
    <TEXT x="723" param="" deviceID="" text="4F-6" sizeAuto="true" borderColor="0xffffff" group="commonComp" source="assets/comp/TEXTINPUT/label.png" textAlign="center" height="17" y="280" widthInChars="4" width="25" color="0x444444" fontWeight="normal" contentBackgroundAlpha="0" fontSize="12" fontFamily="微软雅黑" borderVisible="false"/>
    <TEXT x="723" param="" deviceID="" text="4F-7" sizeAuto="true" borderColor="0xffffff" group="commonComp" source="assets/comp/TEXTINPUT/label.png" textAlign="center" height="17" y="380" widthInChars="4" width="25" color="0x444444" fontWeight="normal" contentBackgroundAlpha="0" fontSize="12" fontFamily="微软雅黑" borderVisible="false"/>
    <TEXT x="723" param="" deviceID="" text="3F-7" sizeAuto="true" borderColor="0xffffff" group="commonComp" source="assets/comp/TEXTINPUT/label.png" textAlign="center" height="17" y="480" widthInChars="4" width="25" color="0x444444" fontWeight="normal" contentBackgroundAlpha="0" fontSize="12" fontFamily="微软雅黑" borderVisible="false"/>
    <TEXT x="813" param="" deviceID="" text="5F-1(2)" sizeAuto="true" borderColor="0xffffff" group="commonComp" source="assets/comp/TEXTINPUT/label.png" textAlign="center" height="17" y="80" widthInChars="4" width="39" color="0x444444" fontWeight="normal" contentBackgroundAlpha="0" fontSize="12" fontFamily="微软雅黑" borderVisible="false"/>
    <TEXT x="813" param="" deviceID="" text="5F-3" sizeAuto="true" borderColor="0xffffff" group="commonComp" source="assets/comp/TEXTINPUT/label.png" textAlign="center" height="17" y="180" widthInChars="4" width="25" color="0x444444" fontWeight="normal" contentBackgroundAlpha="0" fontSize="12" fontFamily="微软雅黑" borderVisible="false"/>
    <TEXT x="813" param="" deviceID="" text="5F-4" sizeAuto="true" borderColor="0xffffff" group="commonComp" source="assets/comp/TEXTINPUT/label.png" textAlign="center" height="17" y="280" widthInChars="4" width="25" color="0x444444" fontWeight="normal" contentBackgroundAlpha="0" fontSize="12" fontFamily="微软雅黑" borderVisible="false"/>
    <TEXT x="813" param="" deviceID="" text="5F-5(6)" sizeAuto="true" borderColor="0xffffff" group="commonComp" source="assets/comp/TEXTINPUT/label.png" textAlign="center" height="17" y="380" widthInChars="4" width="39" color="0x444444" fontWeight="normal" contentBackgroundAlpha="0" fontSize="12" fontFamily="微软雅黑" borderVisible="false"/>
    <TEXT x="813" param="" deviceID="" text="5F-7" sizeAuto="true" borderColor="0xffffff" group="commonComp" source="assets/comp/TEXTINPUT/label.png" textAlign="center" height="17" y="480" widthInChars="4" width="25" color="0x444444" fontWeight="normal" contentBackgroundAlpha="0" fontSize="12" fontFamily="微软雅黑" borderVisible="false"/>
    <TEXT x="813" param="" deviceID="" text="5F-8" sizeAuto="true" borderColor="0xffffff" group="commonComp" source="assets/comp/TEXTINPUT/label.png" textAlign="center" height="17" y="580" widthInChars="4" width="25" color="0x444444" fontWeight="normal" contentBackgroundAlpha="0" fontSize="12" fontFamily="微软雅黑" borderVisible="false"/>
    <TEXT x="813" param="" deviceID="" text="5F-9" sizeAuto="true" borderColor="0xffffff" group="commonComp" source="assets/comp/TEXTINPUT/label.png" textAlign="center" height="17" y="680" widthInChars="4" width="25" color="0x444444" fontWeight="normal" contentBackgroundAlpha="0" fontSize="12" fontFamily="微软雅黑" borderVisible="false"/>
    <TEXT x="813" param="" deviceID="" text="5F-10" sizeAuto="true" borderColor="0xffffff" group="commonComp" source="assets/comp/TEXTINPUT/label.png" textAlign="center" height="17" y="780" widthInChars="4" width="31" color="0x444444" fontWeight="normal" contentBackgroundAlpha="0" fontSize="12" fontFamily="微软雅黑" borderVisible="false"/>
    <TEXT x="903" param="" deviceID="" text="5F-1-2" sizeAuto="true" borderColor="0xffffff" group="commonComp" source="assets/comp/TEXTINPUT/label.png" textAlign="center" height="17" y="80" widthInChars="4" width="35" color="0x444444" fontWeight="normal" contentBackgroundAlpha="0" fontSize="12" fontFamily="微软雅黑" borderVisible="false"/>
    <TEXT x="993" param="" deviceID="" text="B1F-3Z" sizeAuto="true" borderColor="0xffffff" group="commonComp" source="assets/comp/TEXTINPUT/label.png" textAlign="center" height="17" y="80" widthInChars="4" width="40" color="0x444444" fontWeight="normal" contentBackgroundAlpha="0" fontSize="12" fontFamily="微软雅黑" borderVisible="false"/>
    <TEXT x="993" param="" deviceID="" text="B1-Z1" sizeAuto="true" borderColor="0xffffff" group="commonComp" source="assets/comp/TEXTINPUT/label.png" textAlign="center" height="17" y="180" widthInChars="4" width="33" color="0x444444" fontWeight="normal" contentBackgroundAlpha="0" fontSize="12" fontFamily="微软雅黑" borderVisible="false"/>
    <TEXT x="993" param="" deviceID="" text="B1F-7Z" sizeAuto="true" borderColor="0xffffff" group="commonComp" source="assets/comp/TEXTINPUT/label.png" textAlign="center" height="17" y="280" widthInChars="4" width="40" color="0x444444" fontWeight="normal" contentBackgroundAlpha="0" fontSize="12" fontFamily="微软雅黑" borderVisible="false"/>
    <TEXT x="993" param="" deviceID="" text="B1F-9Z1" sizeAuto="true" borderColor="0xffffff" group="commonComp" source="assets/comp/TEXTINPUT/label.png" textAlign="center" height="17" y="380" widthInChars="4" width="46" color="0x444444" fontWeight="normal" contentBackgroundAlpha="0" fontSize="12" fontFamily="微软雅黑" borderVisible="false"/>
    <TEXT x="993" param="" deviceID="" text="B1F-4Z" sizeAuto="true" borderColor="0xffffff" group="commonComp" source="assets/comp/TEXTINPUT/label.png" textAlign="center" height="17" y="480" widthInChars="4" width="40" color="0x444444" fontWeight="normal" contentBackgroundAlpha="0" fontSize="12" fontFamily="微软雅黑" borderVisible="false"/>
    <TEXT x="1083" param="" deviceID="" text="B1J-1.2Z" sizeAuto="true" borderColor="0xffffff" group="commonComp" source="assets/comp/TEXTINPUT/label.png" textAlign="center" height="17" y="80" widthInChars="4" width="48" color="0x444444" fontWeight="normal" contentBackgroundAlpha="0" fontSize="12" fontFamily="微软雅黑" borderVisible="false"/>
    <TEXT x="1083" param="" deviceID="" text="1F-2A" sizeAuto="true" borderColor="0xffffff" group="commonComp" source="assets/comp/TEXTINPUT/label.png" textAlign="center" height="17" y="180" widthInChars="4" width="33" color="0x444444" fontWeight="normal" contentBackgroundAlpha="0" fontSize="12" fontFamily="微软雅黑" borderVisible="false"/>
    <TEXT x="1083" param="" deviceID="" text="2F-2Z1" sizeAuto="true" borderColor="0xffffff" group="commonComp" source="assets/comp/TEXTINPUT/label.png" textAlign="center" height="17" y="280" widthInChars="4" width="38" color="0x444444" fontWeight="normal" contentBackgroundAlpha="0" fontSize="12" fontFamily="微软雅黑" borderVisible="false"/>
    <TEXT x="1083" param="" deviceID="" text="4F-2Z1" sizeAuto="true" borderColor="0xffffff" group="commonComp" source="assets/comp/TEXTINPUT/label.png" textAlign="center" height="17" y="380" widthInChars="4" width="38" color="0x444444" fontWeight="normal" contentBackgroundAlpha="0" fontSize="12" fontFamily="微软雅黑" borderVisible="false"/>
    <TEXT x="1173" param="" deviceID="" text="B1J-7Z" sizeAuto="true" borderColor="0xffffff" group="commonComp" source="assets/comp/TEXTINPUT/label.png" textAlign="center" height="17" y="80" widthInChars="4" width="39" color="0x444444" fontWeight="normal" contentBackgroundAlpha="0" fontSize="12" fontFamily="微软雅黑" borderVisible="false"/>
    <TEXT x="1173" param="" deviceID="" text="B1J-6Z" sizeAuto="true" borderColor="0xffffff" group="commonComp" source="assets/comp/TEXTINPUT/label.png" textAlign="center" height="17" y="180" widthInChars="4" width="39" color="0x444444" fontWeight="normal" contentBackgroundAlpha="0" fontSize="12" fontFamily="微软雅黑" borderVisible="false"/>
    <TEXT x="1173" param="" deviceID="" text="B1J-8Z" sizeAuto="true" borderColor="0xffffff" group="commonComp" source="assets/comp/TEXTINPUT/label.png" textAlign="center" height="17" y="280" widthInChars="4" width="39" color="0x444444" fontWeight="normal" contentBackgroundAlpha="0" fontSize="12" fontFamily="微软雅黑" borderVisible="false"/>
    <TEXT x="1173" param="" deviceID="" text="B1J-4Z" sizeAuto="true" borderColor="0xffffff" group="commonComp" source="assets/comp/TEXTINPUT/label.png" textAlign="center" height="17" y="380" widthInChars="4" width="39" color="0x444444" fontWeight="normal" contentBackgroundAlpha="0" fontSize="12" fontFamily="微软雅黑" borderVisible="false"/>
    <TEXT x="1173" param="" deviceID="" text="B1J-2Z" sizeAuto="true" borderColor="0xffffff" group="commonComp" source="assets/comp/TEXTINPUT/label.png" textAlign="center" height="17" y="480" widthInChars="4" width="39" color="0x444444" fontWeight="normal" contentBackgroundAlpha="0" fontSize="12" fontFamily="微软雅黑" borderVisible="false"/>
    <TEXT x="1173" param="" deviceID="" text="1F-3Z1" sizeAuto="true" borderColor="0xffffff" group="commonComp" source="assets/comp/TEXTINPUT/label.png" textAlign="center" height="17" y="580" widthInChars="4" width="38" color="0x444444" fontWeight="normal" contentBackgroundAlpha="0" fontSize="12" fontFamily="微软雅黑" borderVisible="false"/>
    <TEXT x="100" param="" deviceID="" text="11" sizeAuto="true" borderColor="0xffffff" group="commonComp" source="assets/comp/TEXTINPUT/label.png" textAlign="center" height="17" y="50" widthInChars="4" width="14" color="0x444444" fontWeight="normal" contentBackgroundAlpha="0" fontSize="12" fontFamily="微软雅黑" borderVisible="false"/>
    <TEXT x="190" param="" deviceID="" text="12" sizeAuto="true" borderColor="0xffffff" group="commonComp" source="assets/comp/TEXTINPUT/label.png" textAlign="center" height="17" y="50" widthInChars="4" width="14" color="0x444444" fontWeight="normal" contentBackgroundAlpha="0" fontSize="12" fontFamily="微软雅黑" borderVisible="false"/>
    <TEXT x="280" param="" deviceID="" text="13" sizeAuto="true" borderColor="0xffffff" group="commonComp" source="assets/comp/TEXTINPUT/label.png" textAlign="center" height="17" y="50" widthInChars="4" width="14" color="0x444444" fontWeight="normal" contentBackgroundAlpha="0" fontSize="12" fontFamily="微软雅黑" borderVisible="false"/>
    <TEXT x="370" param="" deviceID="" text="14" sizeAuto="true" borderColor="0xffffff" group="commonComp" source="assets/comp/TEXTINPUT/label.png" textAlign="center" height="17" y="50" widthInChars="4" width="14" color="0x444444" fontWeight="normal" contentBackgroundAlpha="0" fontSize="12" fontFamily="微软雅黑" borderVisible="false"/>
    <TEXT x="460" param="" deviceID="" text="15" sizeAuto="true" borderColor="0xffffff" group="commonComp" source="assets/comp/TEXTINPUT/label.png" textAlign="center" height="17" y="50" widthInChars="4" width="14" color="0x444444" fontWeight="normal" contentBackgroundAlpha="0" fontSize="12" fontFamily="微软雅黑" borderVisible="false"/>
    <TEXT x="550" param="" deviceID="" text="16" sizeAuto="true" borderColor="0xffffff" group="commonComp" source="assets/comp/TEXTINPUT/label.png" textAlign="center" height="17" y="50" widthInChars="4" width="14" color="0x444444" fontWeight="normal" contentBackgroundAlpha="0" fontSize="12" fontFamily="微软雅黑" borderVisible="false"/>
    <TEXT x="640" param="" deviceID="" text="17" sizeAuto="true" borderColor="0xffffff" group="commonComp" source="assets/comp/TEXTINPUT/label.png" textAlign="center" height="17" y="50" widthInChars="4" width="14" color="0x444444" fontWeight="normal" contentBackgroundAlpha="0" fontSize="12" fontFamily="微软雅黑" borderVisible="false"/>
    <TEXT x="730" param="" deviceID="" text="18" sizeAuto="true" borderColor="0xffffff" group="commonComp" source="assets/comp/TEXTINPUT/label.png" textAlign="center" height="17" y="50" widthInChars="4" width="14" color="0x444444" fontWeight="normal" contentBackgroundAlpha="0" fontSize="12" fontFamily="微软雅黑" borderVisible="false"/>
    <TEXT x="820" param="" deviceID="" text="19" sizeAuto="true" borderColor="0xffffff" group="commonComp" source="assets/comp/TEXTINPUT/label.png" textAlign="center" height="17" y="50" widthInChars="4" width="14" color="0x444444" fontWeight="normal" contentBackgroundAlpha="0" fontSize="12" fontFamily="微软雅黑" borderVisible="false"/>
    <TEXT x="910" param="" deviceID="" text="20" sizeAuto="true" borderColor="0xffffff" group="commonComp" source="assets/comp/TEXTINPUT/label.png" textAlign="center" height="17" y="50" widthInChars="4" width="14" color="0x444444" fontWeight="normal" contentBackgroundAlpha="0" fontSize="12" fontFamily="微软雅黑" borderVisible="false"/>
    <TEXT x="1000" param="" deviceID="" text="21" sizeAuto="true" borderColor="0xffffff" group="commonComp" source="assets/comp/TEXTINPUT/label.png" textAlign="center" height="17" y="50" widthInChars="4" width="14" color="0x444444" fontWeight="normal" contentBackgroundAlpha="0" fontSize="12" fontFamily="微软雅黑" borderVisible="false"/>
    <TEXT x="1090" param="" deviceID="" text="22" sizeAuto="true" borderColor="0xffffff" group="commonComp" source="assets/comp/TEXTINPUT/label.png" textAlign="center" height="17" y="50" widthInChars="4" width="14" color="0x444444" fontWeight="normal" contentBackgroundAlpha="0" fontSize="12" fontFamily="微软雅黑" borderVisible="false"/>
    <TEXT x="1180" param="" deviceID="" text="23" sizeAuto="true" borderColor="0xffffff" group="commonComp" source="assets/comp/TEXTINPUT/label.png" textAlign="center" height="17" y="50" widthInChars="4" width="14" color="0x444444" fontWeight="normal" contentBackgroundAlpha="0" fontSize="12" fontFamily="微软雅黑" borderVisible="false"/>
    <TEXT x="1270" param="" deviceID="" text="24" sizeAuto="true" borderColor="0xffffff" group="commonComp" source="assets/comp/TEXTINPUT/label.png" textAlign="center" height="17" y="50" widthInChars="4" width="14" color="0x444444" fontWeight="normal" contentBackgroundAlpha="0" fontSize="12" fontFamily="微软雅黑" borderVisible="false"/>
    <TEXT x="1360" param="" deviceID="" text="25" sizeAuto="true" borderColor="0xffffff" group="commonComp" source="assets/comp/TEXTINPUT/label.png" textAlign="center" height="17" y="50" widthInChars="4" width="14" color="0x444444" fontWeight="normal" contentBackgroundAlpha="0" fontSize="12" fontFamily="微软雅黑" borderVisible="false"/>
    <TEXT x="903" param="" deviceID="" text="5F-Z1" sizeAuto="true" borderColor="0xffffff" group="commonComp" source="assets/comp/TEXTINPUT/label.png" textAlign="center" height="17" y="180" widthInChars="4" width="32" color="0x444444" fontWeight="normal" contentBackgroundAlpha="0" fontSize="12" fontFamily="微软雅黑" borderVisible="false"/>
    <ALARMTB param="onLine" deviceID="3110054" alarm="ALARMTB" deviceName="2层3号强电间2F_3Z1" source="assets/comp/ALARMTB/alarm/0/1.png" x="1180" height="16" y="700" group="commonComp" width="16" mark="DDC" paramID="592"/>
    <TEXT x="1173" param="" deviceID="" text="2F-3Z1" sizeAuto="true" borderColor="0xffffff" group="commonComp" source="assets/comp/TEXTINPUT/label.png" textAlign="center" height="17" y="680" widthInChars="4" width="38" color="0x444444" fontWeight="normal" contentBackgroundAlpha="0" fontSize="12" fontFamily="微软雅黑" borderVisible="false"/>
    <TEXT x="1263" param="" deviceID="" text="B1J-10Z" sizeAuto="true" borderColor="0xffffff" group="commonComp" source="assets/comp/TEXTINPUT/label.png" textAlign="center" height="17" y="80" widthInChars="4" width="45" color="0x444444" fontWeight="normal" contentBackgroundAlpha="0" fontSize="12" fontFamily="微软雅黑" borderVisible="false"/>
    <TEXT x="1263" param="" deviceID="" text="B1J-11Z" sizeAuto="true" borderColor="0xffffff" group="commonComp" source="assets/comp/TEXTINPUT/label.png" textAlign="center" height="17" y="180" widthInChars="4" width="45" color="0x444444" fontWeight="normal" contentBackgroundAlpha="0" fontSize="12" fontFamily="微软雅黑" borderVisible="false"/>
    <TEXT x="1263" param="" deviceID="" text="BM-Z1" sizeAuto="true" borderColor="0xffffff" group="commonComp" source="assets/comp/TEXTINPUT/label.png" textAlign="center" height="17" y="280" widthInChars="4" width="38" color="0x444444" fontWeight="normal" contentBackgroundAlpha="0" fontSize="12" fontFamily="微软雅黑" borderVisible="false"/>
    <TEXT x="1263" param="" deviceID="" text="2F-9Z1" sizeAuto="true" borderColor="0xffffff" group="commonComp" source="assets/comp/TEXTINPUT/label.png" textAlign="center" height="17" y="380" widthInChars="4" width="38" color="0x444444" fontWeight="normal" contentBackgroundAlpha="0" fontSize="12" fontFamily="微软雅黑" borderVisible="false"/>
    <TEXT x="1263" param="" deviceID="" text="4F-9Z1" sizeAuto="true" borderColor="0xffffff" group="commonComp" source="assets/comp/TEXTINPUT/label.png" textAlign="center" height="17" y="480" widthInChars="4" width="38" color="0x444444" fontWeight="normal" contentBackgroundAlpha="0" fontSize="12" fontFamily="微软雅黑" borderVisible="false"/>
    <TEXT x="1353" param="" deviceID="" text="B1J-5" sizeAuto="true" borderColor="0xffffff" group="commonComp" source="assets/comp/TEXTINPUT/label.png" textAlign="center" height="17" y="80" widthInChars="4" width="32" color="0x444444" fontWeight="normal" contentBackgroundAlpha="0" fontSize="12" fontFamily="微软雅黑" borderVisible="false"/>
    <TEXT x="1353" param="" deviceID="" text="B1J-6" sizeAuto="true" borderColor="0xffffff" group="commonComp" source="assets/comp/TEXTINPUT/label.png" textAlign="center" height="17" y="180" widthInChars="4" width="32" color="0x444444" fontWeight="normal" contentBackgroundAlpha="0" fontSize="12" fontFamily="微软雅黑" borderVisible="false"/>
    <TEXT x="1353" param="" deviceID="" text="B1J-7" sizeAuto="true" borderColor="0xffffff" group="commonComp" source="assets/comp/TEXTINPUT/label.png" textAlign="center" height="17" y="280" widthInChars="4" width="32" color="0x444444" fontWeight="normal" contentBackgroundAlpha="0" fontSize="12" fontFamily="微软雅黑" borderVisible="false"/>
    <TEXT x="1450" param="" deviceID="" text="26" sizeAuto="true" borderColor="0xffffff" group="commonComp" source="assets/comp/TEXTINPUT/label.png" textAlign="center" height="17" y="50" widthInChars="4" width="14" color="0x444444" fontWeight="normal" contentBackgroundAlpha="0" fontSize="12" fontFamily="微软雅黑" borderVisible="false"/>
    <TEXT x="1540" param="" deviceID="" text="27" sizeAuto="true" borderColor="0xffffff" group="commonComp" source="assets/comp/TEXTINPUT/label.png" textAlign="center" height="17" y="50" widthInChars="4" width="14" color="0x444444" fontWeight="normal" contentBackgroundAlpha="0" fontSize="12" fontFamily="微软雅黑" borderVisible="false"/>
    <TEXT x="1630" param="" deviceID="" text="28" sizeAuto="true" borderColor="0xffffff" group="commonComp" source="assets/comp/TEXTINPUT/label.png" textAlign="center" height="17" y="50" widthInChars="4" width="14" color="0x444444" fontWeight="normal" contentBackgroundAlpha="0" fontSize="12" fontFamily="微软雅黑" borderVisible="false"/>
    <TEXT x="1720" param="" deviceID="" text="29" sizeAuto="true" borderColor="0xffffff" group="commonComp" source="assets/comp/TEXTINPUT/label.png" textAlign="center" height="17" y="50" widthInChars="4" width="14" color="0x444444" fontWeight="normal" contentBackgroundAlpha="0" fontSize="12" fontFamily="微软雅黑" borderVisible="false"/>
    <TEXT x="1810" param="" deviceID="" text="31" sizeAuto="true" borderColor="0xffffff" group="commonComp" source="assets/comp/TEXTINPUT/label.png" textAlign="center" height="17" y="50" widthInChars="4" width="14" color="0x444444" fontWeight="normal" contentBackgroundAlpha="0" fontSize="12" fontFamily="微软雅黑" borderVisible="false"/>
    <TEXT x="1443" param="" deviceID="" text="4F-4Z1" sizeAuto="true" borderColor="0xffffff" group="commonComp" source="assets/comp/TEXTINPUT/label.png" textAlign="center" height="17" y="80" widthInChars="4" width="38" color="0x444444" fontWeight="normal" contentBackgroundAlpha="0" fontSize="12" fontFamily="微软雅黑" borderVisible="false"/>
    <TEXT x="1443" param="" deviceID="" text="2F-4Z1" sizeAuto="true" borderColor="0xffffff" group="commonComp" source="assets/comp/TEXTINPUT/label.png" textAlign="center" height="17" y="180" widthInChars="4" width="38" color="0x444444" fontWeight="normal" contentBackgroundAlpha="0" fontSize="12" fontFamily="微软雅黑" borderVisible="false"/>
    <TEXT x="1443" param="" deviceID="" text="3F-5Z1" sizeAuto="true" borderColor="0xffffff" group="commonComp" source="assets/comp/TEXTINPUT/label.png" textAlign="center" height="17" y="280" widthInChars="4" width="38" color="0x444444" fontWeight="normal" contentBackgroundAlpha="0" fontSize="12" fontFamily="微软雅黑" borderVisible="false"/>
    <TEXT x="1533" param="" deviceID="" text="4F-8Z1" sizeAuto="true" borderColor="0xffffff" group="commonComp" source="assets/comp/TEXTINPUT/label.png" textAlign="center" height="17" y="80" widthInChars="4" width="38" color="0x444444" fontWeight="normal" contentBackgroundAlpha="0" fontSize="12" fontFamily="微软雅黑" borderVisible="false"/>
    <TEXT x="1533" param="" deviceID="" text="4F-7Z1" sizeAuto="true" borderColor="0xffffff" group="commonComp" source="assets/comp/TEXTINPUT/label.png" textAlign="center" height="17" y="180" widthInChars="4" width="38" color="0x444444" fontWeight="normal" contentBackgroundAlpha="0" fontSize="12" fontFamily="微软雅黑" borderVisible="false"/>
    <TEXT x="1533" param="" deviceID="" text="2F-7Z1" sizeAuto="true" borderColor="0xffffff" group="commonComp" source="assets/comp/TEXTINPUT/label.png" textAlign="center" height="17" y="280" widthInChars="4" width="38" color="0x444444" fontWeight="normal" contentBackgroundAlpha="0" fontSize="12" fontFamily="微软雅黑" borderVisible="false"/>
    <TEXT x="1533" param="" deviceID="" text="2F-8Z1" sizeAuto="true" borderColor="0xffffff" group="commonComp" source="assets/comp/TEXTINPUT/label.png" textAlign="center" height="17" y="380" widthInChars="4" width="38" color="0x444444" fontWeight="normal" contentBackgroundAlpha="0" fontSize="12" fontFamily="微软雅黑" borderVisible="false"/>
    <TEXT x="1623" param="" deviceID="" text="1F-6" sizeAuto="true" borderColor="0xffffff" group="commonComp" source="assets/comp/TEXTINPUT/label.png" textAlign="center" height="17" y="80" widthInChars="4" width="25" color="0x444444" fontWeight="normal" contentBackgroundAlpha="0" fontSize="12" fontFamily="微软雅黑" borderVisible="false"/>
    <TEXT x="1623" param="" deviceID="" text="1F-8" sizeAuto="true" borderColor="0xffffff" group="commonComp" source="assets/comp/TEXTINPUT/label.png" textAlign="center" height="17" y="180" widthInChars="4" width="25" color="0x444444" fontWeight="normal" contentBackgroundAlpha="0" fontSize="12" fontFamily="微软雅黑" borderVisible="false"/>
    <TEXT x="1623" param="" deviceID="" text="1F-7" sizeAuto="true" borderColor="0xffffff" group="commonComp" source="assets/comp/TEXTINPUT/label.png" textAlign="center" height="17" y="280" widthInChars="4" width="25" color="0x444444" fontWeight="normal" contentBackgroundAlpha="0" fontSize="12" fontFamily="微软雅黑" borderVisible="false"/>
    <TEXT x="1623" param="" deviceID="" text="1F-9" sizeAuto="true" borderColor="0xffffff" group="commonComp" source="assets/comp/TEXTINPUT/label.png" textAlign="center" height="17" y="380" widthInChars="4" width="25" color="0x444444" fontWeight="normal" contentBackgroundAlpha="0" fontSize="12" fontFamily="微软雅黑" borderVisible="false"/>
    <TEXT x="1623" param="" deviceID="" text="2F-6Z1" sizeAuto="true" borderColor="0xffffff" group="commonComp" source="assets/comp/TEXTINPUT/label.png" textAlign="center" height="17" y="480" widthInChars="4" width="38" color="0x444444" fontWeight="normal" contentBackgroundAlpha="0" fontSize="12" fontFamily="微软雅黑" borderVisible="false"/>
    <TEXT x="1623" param="" deviceID="" text="4F-6Z1" sizeAuto="true" borderColor="0xffffff" group="commonComp" source="assets/comp/TEXTINPUT/label.png" textAlign="center" height="17" y="580" widthInChars="4" width="38" color="0x444444" fontWeight="normal" contentBackgroundAlpha="0" fontSize="12" fontFamily="微软雅黑" borderVisible="false"/>
    <TEXT x="1713" param="" deviceID="" text="3F-3" sizeAuto="true" borderColor="0xffffff" group="commonComp" source="assets/comp/TEXTINPUT/label.png" textAlign="center" height="17" y="80" widthInChars="4" width="25" color="0x444444" fontWeight="normal" contentBackgroundAlpha="0" fontSize="12" fontFamily="微软雅黑" borderVisible="false"/>
    <TEXT x="1713" param="" deviceID="" text="4F-3Z1" sizeAuto="true" borderColor="0xffffff" group="commonComp" source="assets/comp/TEXTINPUT/label.png" textAlign="center" height="17" y="180" widthInChars="4" width="38" color="0x444444" fontWeight="normal" contentBackgroundAlpha="0" fontSize="12" fontFamily="微软雅黑" borderVisible="false"/>
    <TEXT x="1713" param="" deviceID="" text="3F-4(5)" sizeAuto="true" borderColor="0xffffff" group="commonComp" source="assets/comp/TEXTINPUT/label.png" textAlign="center" height="17" y="280" widthInChars="4" width="39" color="0x444444" fontWeight="normal" contentBackgroundAlpha="0" fontSize="12" fontFamily="微软雅黑" borderVisible="false"/>
    <TEXT x="1713" param="" deviceID="" text="4F-5" sizeAuto="true" borderColor="0xffffff" group="commonComp" source="assets/comp/TEXTINPUT/label.png" textAlign="center" height="17" y="380" widthInChars="4" width="25" color="0x444444" fontWeight="normal" contentBackgroundAlpha="0" fontSize="12" fontFamily="微软雅黑" borderVisible="false"/>
    <TEXT x="1713" param="" deviceID="" text="4F-3(4)" sizeAuto="true" borderColor="0xffffff" group="commonComp" source="assets/comp/TEXTINPUT/label.png" textAlign="center" height="17" y="480" widthInChars="4" width="39" color="0x444444" fontWeight="normal" contentBackgroundAlpha="0" fontSize="12" fontFamily="微软雅黑" borderVisible="false"/>
    <TEXT x="1803" param="" deviceID="" text="2F-10" sizeAuto="true" borderColor="0xffffff" group="commonComp" source="assets/comp/TEXTINPUT/label.png" textAlign="center" height="17" y="80" widthInChars="4" width="31" color="0x444444" fontWeight="normal" contentBackgroundAlpha="0" fontSize="12" fontFamily="微软雅黑" borderVisible="false"/>
    <TEXT x="1803" param="" deviceID="" text="3F-8" sizeAuto="true" borderColor="0xffffff" group="commonComp" source="assets/comp/TEXTINPUT/label.png" textAlign="center" height="17" y="180" widthInChars="4" width="25" color="0x444444" fontWeight="normal" contentBackgroundAlpha="0" fontSize="12" fontFamily="微软雅黑" borderVisible="false"/>
    <TEXT x="1803" param="" deviceID="" text="4F-8(9)" sizeAuto="true" borderColor="0xffffff" group="commonComp" source="assets/comp/TEXTINPUT/label.png" textAlign="center" height="17" y="280" widthInChars="4" width="39" color="0x444444" fontWeight="normal" contentBackgroundAlpha="0" fontSize="12" fontFamily="微软雅黑" borderVisible="false"/>
    <TEXT x="1803" param="" deviceID="" text="3F-9" sizeAuto="true" borderColor="0xffffff" group="commonComp" source="assets/comp/TEXTINPUT/label.png" textAlign="center" height="17" y="380" widthInChars="4" width="25" color="0x444444" fontWeight="normal" contentBackgroundAlpha="0" fontSize="12" fontFamily="微软雅黑" borderVisible="false"/>
  </Components>
</Configration>