<?xml version="1.0" encoding="utf-8"?>
<Configration Width="1135" Height="894">
  <LIST>
    <Component>
      <LIFTD/>
      <UP/>
      <DOWN/>
      <BQSX/>
      <ALARM/>
    </Component>
    <Image/>
  </LIST>
  <Components>
    <LIFTD deviceID="840005" source="assets/comp/LIFTD/bg.png" deviceName="影城1#电梯" scaleY="1.3" x="36" y="100" scaleX="1.3" width="128" group="deviceComp" height="128" mark="LIFTD"/>
    <UP deviceID="840005" source="assets/comp/UP/bg.png" deviceName="影城1#电梯" x="63" y="120" width="43" group="deviceComp" height="42" mark="LIFTD"/>
    <DOWN deviceID="840005" source="assets/comp/DOWN/bg.png" deviceName="影城1#电梯" x="132" y="120" width="43" group="deviceComp" height="42" mark="LIFTD"/>
    <LIFTD deviceID="840006" source="assets/comp/LIFTD/bg.png" deviceName="影城2#电梯" scaleY="1.3" x="336" y="100" scaleX="1.3" width="128" group="deviceComp" height="128" mark="LIFTD"/>
    <LIFTD deviceID="840007" source="assets/comp/LIFTD/bg.png" deviceName="影城3#电梯" scaleY="1.3" x="636" y="100" scaleX="1.3" width="128" group="deviceComp" height="128" mark="LIFTD"/>
    <LIFTD deviceID="840009" source="assets/comp/LIFTD/bg.png" deviceName="影城5#电梯" scaleY="1.3" x="36" y="400" scaleX="1.3" width="128" group="deviceComp" height="128" mark="LIFTD"/>
    <LIFTD deviceID="840010" source="assets/comp/LIFTD/bg.png" deviceName="影城6#电梯" scaleY="1.3" x="336" y="400" scaleX="1.3" width="128" group="deviceComp" height="128" mark="LIFTD"/>
    <LIFTD deviceID="840012" source="assets/comp/LIFTD/bg.png" deviceName="酒店8#电梯" scaleY="1.3" x="936" y="400" scaleX="1.3" width="128" group="deviceComp" height="128" mark="LIFTD"/>
    <LIFTD deviceID="840008" source="assets/comp/LIFTD/bg.png" deviceName="影城4#电梯" scaleY="1.3" x="936" y="100" scaleX="1.3" width="128" group="deviceComp" height="128" mark="LIFTD"/>
    <LIFTD deviceID="840011" source="assets/comp/LIFTD/bg.png" deviceName="酒店7#电梯" scaleY="1.3" x="636" y="400" scaleX="1.3" width="128" group="deviceComp" height="128" mark="LIFTD"/>
    <LIFTD deviceID="840001" source="assets/comp/LIFTD/bg.png" deviceName="金街19#电梯" scaleY="1.3" x="36" y="700" scaleX="1.3" width="128" group="deviceComp" height="128" mark="LIFTD"/>
    <LIFTD deviceID="840002" source="assets/comp/LIFTD/bg.png" deviceName="金街20#电梯" scaleY="1.3" x="336" y="700" scaleX="1.3" width="128" group="deviceComp" height="128" mark="LIFTD"/>
    <LIFTD deviceID="840003" source="assets/comp/LIFTD/bg.png" deviceName="金街21#电梯" scaleY="1.3" x="636" y="700" scaleX="1.3" width="128" group="deviceComp" height="128" mark="LIFTD"/>
    <LIFTD deviceID="840004" source="assets/comp/LIFTD/bg.png" deviceName="金街22#电梯" scaleY="1.3" x="936" y="700" scaleX="1.3" width="128" group="deviceComp" height="128" mark="LIFTD"/>
    <UP deviceID="840006" source="assets/comp/UP/bg.png" deviceName="影城2#电梯" x="363" y="120" width="43" group="deviceComp" height="42" mark="LIFTD"/>
    <UP deviceID="840007" source="assets/comp/UP/bg.png" deviceName="影城3#电梯" x="663" y="120" width="43" group="deviceComp" height="42" mark="LIFTD"/>
    <UP deviceID="840008" source="assets/comp/UP/bg.png" deviceName="影城4#电梯" x="963" y="116" width="43" group="deviceComp" height="42" mark="LIFTD"/>
    <UP deviceID="840012" source="assets/comp/UP/bg.png" deviceName="酒店8#电梯" x="963" y="420" width="43" group="deviceComp" height="42" mark="LIFTD"/>
    <UP deviceID="840011" source="assets/comp/UP/bg.png" deviceName="酒店7#电梯" x="663" y="420" width="43" group="deviceComp" height="42" mark="LIFTD"/>
    <UP deviceID="840010" source="assets/comp/UP/bg.png" deviceName="影城6#电梯" x="363" y="420" width="43" group="deviceComp" height="42" mark="LIFTD"/>
    <UP deviceID="840009" source="assets/comp/UP/bg.png" deviceName="影城5#电梯" x="63" y="420" width="43" group="deviceComp" height="42" mark="LIFTD"/>
    <UP deviceID="840001" source="assets/comp/UP/bg.png" deviceName="金街19#电梯" x="63" y="720" width="43" group="deviceComp" height="42" mark="LIFTD"/>
    <UP deviceID="840002" source="assets/comp/UP/bg.png" deviceName="金街20#电梯" x="363" y="720" width="43" group="deviceComp" height="42" mark="LIFTD"/>
    <UP deviceID="840003" source="assets/comp/UP/bg.png" deviceName="金街21#电梯" x="663" y="720" width="43" group="deviceComp" height="42" mark="LIFTD"/>
    <UP deviceID="840004" source="assets/comp/UP/bg.png" deviceName="金街22#电梯" x="963" y="720" width="43" group="deviceComp" height="42" mark="LIFTD"/>
    <DOWN deviceID="840006" source="assets/comp/DOWN/bg.png" deviceName="影城2#电梯" x="432" y="120" width="43" group="deviceComp" height="42" mark="LIFTD"/>
    <DOWN deviceID="840007" source="assets/comp/DOWN/bg.png" deviceName="影城3#电梯" x="732" y="120" width="43" group="deviceComp" height="42" mark="LIFTD"/>
    <DOWN deviceID="840008" source="assets/comp/DOWN/bg.png" deviceName="影城4#电梯" x="1032" y="120" width="43" group="deviceComp" height="42" mark="LIFTD"/>
    <DOWN deviceID="840009" source="assets/comp/DOWN/bg.png" deviceName="影城5#电梯" x="133" y="420" width="43" group="deviceComp" height="42" mark="LIFTD"/>
    <DOWN deviceID="840010" source="assets/comp/DOWN/bg.png" deviceName="影城6#电梯" x="432" y="420" width="43" group="deviceComp" height="42" mark="LIFTD"/>
    <DOWN deviceID="840011" source="assets/comp/DOWN/bg.png" deviceName="酒店7#电梯" x="732" y="420" width="43" group="deviceComp" height="42" mark="LIFTD"/>
    <DOWN deviceID="840012" source="assets/comp/DOWN/bg.png" deviceName="酒店8#电梯" x="1032" y="420" width="43" group="deviceComp" height="42" mark="LIFTD"/>
    <DOWN deviceID="840004" source="assets/comp/DOWN/bg.png" deviceName="金街22#电梯" x="1032" y="720" width="43" group="deviceComp" height="42" mark="LIFTD"/>
    <DOWN deviceID="840003" source="assets/comp/DOWN/bg.png" deviceName="金街21#电梯" x="732" y="720" width="43" group="deviceComp" height="42" mark="LIFTD"/>
    <DOWN deviceID="840002" source="assets/comp/DOWN/bg.png" deviceName="金街20#电梯" x="432" y="720" width="43" group="deviceComp" height="42" mark="LIFTD"/>
    <DOWN deviceID="840001" source="assets/comp/DOWN/bg.png" deviceName="金街19#电梯" x="132" y="720" width="43" group="deviceComp" height="42" mark="LIFTD"/>
    <TEXT width="139" y="50" text="影城1号直梯" borderColor="0xffffff" source="assets/comp/TEXTINPUT/label.png" fontSize="24" fontWeight="normal" widthInChars="4" contentBackgroundAlpha="0" height="28" borderVisible="false" color="0x444444" param="" fontFamily="微软雅黑" x="46" textAlign="center" group="commonComp" deviceID="" sizeAuto="true"/>
    <TEXT width="139" y="50" text="影城2号直梯" borderColor="0xffffff" source="assets/comp/TEXTINPUT/label.png" fontSize="24" fontWeight="normal" widthInChars="4" contentBackgroundAlpha="0" height="28" borderVisible="false" color="0x444444" param="" fontFamily="微软雅黑" x="346" textAlign="center" group="commonComp" deviceID="" sizeAuto="true"/>
    <TEXT width="139" y="50" text="影城3号直梯" borderColor="0xffffff" source="assets/comp/TEXTINPUT/label.png" fontSize="24" fontWeight="normal" widthInChars="4" contentBackgroundAlpha="0" height="28" borderVisible="false" color="0x444444" param="" fontFamily="微软雅黑" x="646" textAlign="center" group="commonComp" deviceID="" sizeAuto="true"/>
    <TEXT width="139" y="50" text="影城4号直梯" borderColor="0xffffff" source="assets/comp/TEXTINPUT/label.png" fontSize="24" fontWeight="normal" widthInChars="4" contentBackgroundAlpha="0" height="28" borderVisible="false" color="0x444444" param="" fontFamily="微软雅黑" x="946" textAlign="center" group="commonComp" deviceID="" sizeAuto="true"/>
    <TEXT width="139" y="350" text="影城5号直梯" borderColor="0xffffff" source="assets/comp/TEXTINPUT/label.png" fontSize="24" fontWeight="normal" widthInChars="4" contentBackgroundAlpha="0" height="28" borderVisible="false" color="0x444444" param="" fontFamily="微软雅黑" x="46" textAlign="center" group="commonComp" deviceID="" sizeAuto="true"/>
    <TEXT width="139" y="350" text="酒店7号直梯" borderColor="0xffffff" source="assets/comp/TEXTINPUT/label.png" fontSize="24" fontWeight="normal" widthInChars="4" contentBackgroundAlpha="0" height="28" borderVisible="false" color="0x444444" param="" fontFamily="微软雅黑" x="646" textAlign="center" group="commonComp" deviceID="" sizeAuto="true"/>
    <TEXT width="139" y="350" text="影城6号直梯" borderColor="0xffffff" source="assets/comp/TEXTINPUT/label.png" fontSize="24" fontWeight="normal" widthInChars="4" contentBackgroundAlpha="0" height="28" borderVisible="false" color="0x444444" param="" fontFamily="微软雅黑" x="346" textAlign="center" group="commonComp" deviceID="" sizeAuto="true"/>
    <TEXT width="139" y="350" text="酒店8号直梯" borderColor="0xffffff" source="assets/comp/TEXTINPUT/label.png" fontSize="24" fontWeight="normal" widthInChars="4" contentBackgroundAlpha="0" height="28" borderVisible="false" color="0x444444" param="" fontFamily="微软雅黑" x="946" textAlign="center" group="commonComp" deviceID="" sizeAuto="true"/>
    <TEXT width="151" y="650" text="金街19号直梯" borderColor="0xffffff" source="assets/comp/TEXTINPUT/label.png" fontSize="24" fontWeight="normal" widthInChars="4" contentBackgroundAlpha="0" height="28" borderVisible="false" color="0x444444" param="" fontFamily="微软雅黑" x="46" textAlign="center" group="commonComp" deviceID="" sizeAuto="true"/>
    <TEXT width="151" y="650" text="金街20号直梯" borderColor="0xffffff" source="assets/comp/TEXTINPUT/label.png" fontSize="24" fontWeight="normal" widthInChars="4" contentBackgroundAlpha="0" height="28" borderVisible="false" color="0x444444" param="" fontFamily="微软雅黑" x="346" textAlign="center" group="commonComp" deviceID="" sizeAuto="true"/>
    <TEXT width="151" y="650" text="金街21号直梯" borderColor="0xffffff" source="assets/comp/TEXTINPUT/label.png" fontSize="24" fontWeight="normal" widthInChars="4" contentBackgroundAlpha="0" height="28" borderVisible="false" color="0x444444" param="" fontFamily="微软雅黑" x="646" textAlign="center" group="commonComp" deviceID="" sizeAuto="true"/>
    <TEXT width="151" y="650" text="金街22号直梯" borderColor="0xffffff" source="assets/comp/TEXTINPUT/label.png" fontSize="24" fontWeight="normal" widthInChars="4" contentBackgroundAlpha="0" height="28" borderVisible="false" color="0x444444" param="" fontFamily="微软雅黑" x="946" textAlign="center" group="commonComp" deviceID="" sizeAuto="true"/>
    <LABEL group="commonComp" y="160" textAlign="right" fontSize="12" paramID="3" deviceName="影城1#电梯" fontFamily="digifaw" deviceID="840005" mark="LIFTD" text="1F" borderColor="999999" source="assets/comp/TEXTINPUT/text.png" fontWeight="normal" widthInChars="2" contentBackgroundAlpha="1" rotation="0" x="203" contentBackgroundColor="000000" param="floor" borderVisible="true" color="3407616" sizeAuto="false"/>
    <LABEL group="commonComp" y="160" textAlign="right" fontSize="12" paramID="3" deviceName="影城2#电梯" fontFamily="digifaw" deviceID="840006" mark="LIFTD" text="1F" borderColor="999999" source="assets/comp/TEXTINPUT/text.png" fontWeight="normal" widthInChars="2" contentBackgroundAlpha="1" rotation="0" x="503" contentBackgroundColor="000000" param="floor" borderVisible="true" color="3407616" sizeAuto="false"/>
    <LABEL group="commonComp" y="160" textAlign="right" fontSize="12" paramID="3" deviceName="影城3#电梯" fontFamily="digifaw" deviceID="840007" mark="LIFTD" text="1F" borderColor="999999" source="assets/comp/TEXTINPUT/text.png" fontWeight="normal" widthInChars="2" contentBackgroundAlpha="1" rotation="0" x="802" contentBackgroundColor="000000" param="floor" borderVisible="true" color="3407616" sizeAuto="false"/>
    <LABEL group="commonComp" y="160" textAlign="right" fontSize="12" paramID="3" deviceName="影城4#电梯" fontFamily="digifaw" deviceID="840008" mark="LIFTD" text="1F" borderColor="999999" source="assets/comp/TEXTINPUT/text.png" fontWeight="normal" widthInChars="2" contentBackgroundAlpha="1" rotation="0" x="1101" contentBackgroundColor="000000" param="floor" borderVisible="true" color="3407616" sizeAuto="false"/>
    <LABEL group="commonComp" y="455" textAlign="right" fontSize="12" paramID="3" deviceName="酒店8#电梯" fontFamily="digifaw" deviceID="840012" mark="LIFTD" text="1F" borderColor="999999" source="assets/comp/TEXTINPUT/text.png" fontWeight="normal" widthInChars="2" contentBackgroundAlpha="1" rotation="0" x="1103" contentBackgroundColor="000000" param="floor" borderVisible="true" color="3407616" sizeAuto="false"/>
    <LABEL group="commonComp" y="455" textAlign="right" fontSize="12" paramID="3" deviceName="酒店7#电梯" fontFamily="digifaw" deviceID="840011" mark="LIFTD" text="1F" borderColor="999999" source="assets/comp/TEXTINPUT/text.png" fontWeight="normal" widthInChars="2" contentBackgroundAlpha="1" rotation="0" x="803" contentBackgroundColor="000000" param="floor" borderVisible="true" color="3407616" sizeAuto="false"/>
    <LABEL group="commonComp" y="455" textAlign="right" fontSize="12" paramID="3" deviceName="影城6#电梯" fontFamily="digifaw" deviceID="840010" mark="LIFTD" text="1F" borderColor="999999" source="assets/comp/TEXTINPUT/text.png" fontWeight="normal" widthInChars="2" contentBackgroundAlpha="1" rotation="0" x="503" contentBackgroundColor="000000" param="floor" borderVisible="true" color="3407616" sizeAuto="false"/>
    <LABEL group="commonComp" y="455" textAlign="right" fontSize="12" paramID="3" deviceName="影城5#电梯" fontFamily="digifaw" deviceID="840009" mark="LIFTD" text="1F" borderColor="999999" source="assets/comp/TEXTINPUT/text.png" fontWeight="normal" widthInChars="2" contentBackgroundAlpha="1" rotation="0" x="202" contentBackgroundColor="000000" param="floor" borderVisible="true" color="3407616" sizeAuto="false"/>
    <LABEL group="commonComp" y="754" textAlign="right" fontSize="12" paramID="3" deviceName="金街19#电梯" fontFamily="digifaw" deviceID="840001" mark="LIFTD" text="1F" borderColor="999999" source="assets/comp/TEXTINPUT/text.png" fontWeight="normal" widthInChars="2" contentBackgroundAlpha="1" rotation="0" x="203" contentBackgroundColor="000000" param="floor" borderVisible="true" color="3407616" sizeAuto="false"/>
    <LABEL group="commonComp" y="754" textAlign="right" fontSize="12" paramID="3" deviceName="金街20#电梯" fontFamily="digifaw" deviceID="840002" mark="LIFTD" text="1F" borderColor="999999" source="assets/comp/TEXTINPUT/text.png" fontWeight="normal" widthInChars="2" contentBackgroundAlpha="1" rotation="0" x="501" contentBackgroundColor="000000" param="floor" borderVisible="true" color="3407616" sizeAuto="false"/>
    <LABEL group="commonComp" y="754" textAlign="right" fontSize="12" paramID="3" deviceName="金街21#电梯" fontFamily="digifaw" deviceID="840003" mark="LIFTD" text="1F" borderColor="999999" source="assets/comp/TEXTINPUT/text.png" fontWeight="normal" widthInChars="2" contentBackgroundAlpha="1" rotation="0" x="803" contentBackgroundColor="000000" param="floor" borderVisible="true" color="3407616" sizeAuto="false"/>
    <LABEL group="commonComp" y="754" textAlign="right" fontSize="12" paramID="3" deviceName="金街22#电梯" fontFamily="digifaw" deviceID="840004" mark="LIFTD" text="1F" borderColor="999999" source="assets/comp/TEXTINPUT/text.png" fontWeight="normal" widthInChars="2" contentBackgroundAlpha="1" rotation="0" x="1101" contentBackgroundColor="000000" param="floor" borderVisible="true" color="3407616" sizeAuto="false"/>
    <BQSX deviceID="10020" y="101" source="assets/comp/BQSX/alarm/0/1.png" x="203" scaleY="0.4" deviceName="C021_1号客梯" scaleX="0.4" width="80" group="commonComp" height="80" mark="TSX"/>
    <BQSX deviceID="10021" y="102" source="assets/comp/BQSX/alarm/0/1.png" x="504" scaleY="0.4" deviceName="C022_2号客梯" scaleX="0.4" width="80" group="commonComp" height="80" mark="TSX"/>
    <BQSX deviceID="10022" y="102" source="assets/comp/BQSX/alarm/0/1.png" x="803" scaleY="0.4" deviceName="C023_3号客梯" scaleX="0.4" width="80" group="commonComp" height="80" mark="TSX"/>
    <BQSX deviceID="10023" y="100" source="assets/comp/BQSX/alarm/0/1.png" x="1103" scaleY="0.4" deviceName="C024_4号客梯" scaleX="0.4" width="80" group="commonComp" height="80" mark="TSX"/>
    <BQSX deviceID="10024" y="403" source="assets/comp/BQSX/alarm/0/1.png" x="203" scaleY="0.4" deviceName="C025_5号客梯" scaleX="0.4" width="80" group="commonComp" height="80" mark="TSX"/>
    <BQSX deviceID="10025" y="400" source="assets/comp/BQSX/alarm/0/1.png" x="502" scaleY="0.4" deviceName="C026_6号客梯" scaleX="0.4" width="80" group="commonComp" height="80" mark="TSX"/>
    <BQSX deviceID="10034" y="700" source="assets/comp/BQSX/alarm/0/1.png" x="200" scaleY="0.4" deviceName="C035_19号金2货梯" scaleX="0.4" width="80" group="commonComp" height="80" mark="TSX"/>
    <BQSX deviceID="10035" y="704" source="assets/comp/BQSX/alarm/0/1.png" x="502" scaleY="0.4" deviceName="C036_20号金2货梯" scaleX="0.4" width="80" group="commonComp" height="80" mark="TSX"/>
    <BQSX deviceID="10036" y="700" source="assets/comp/BQSX/alarm/0/1.png" x="802" scaleY="0.4" deviceName="C037_21号金4货梯" scaleX="0.4" width="80" group="commonComp" height="80" mark="TSX"/>
    <BQSX deviceID="10037" y="697" source="assets/comp/BQSX/alarm/0/1.png" x="1101" scaleY="0.4" deviceName="C038_22号金4货梯" scaleX="0.4" width="80" group="commonComp" height="80" mark="TSX"/>
    <ALARM deviceID="840005" deviceName="影城1#电梯" source="assets/comp/ALARM/alarm/0/1.png" paramID="2" alarm="ALARM" y="268" x="90" width="58" group="commonComp" height="25" param="alarm" mark="LIFTD"/>
    <ALARM deviceID="840006" deviceName="影城2#电梯" source="assets/comp/ALARM/alarm/0/1.png" paramID="2" alarm="ALARM" y="267" x="391" width="58" group="commonComp" height="25" param="alarm" mark="LIFTD"/>
    <ALARM deviceID="840007" deviceName="影城3#电梯" source="assets/comp/ALARM/alarm/0/1.png" paramID="2" alarm="ALARM" y="268" x="694" width="58" group="commonComp" height="25" param="alarm" mark="LIFTD"/>
    <ALARM deviceID="840008" deviceName="影城4#电梯" source="assets/comp/ALARM/alarm/0/1.png" paramID="2" alarm="ALARM" y="268" x="994" width="58" group="commonComp" height="25" param="alarm" mark="LIFTD"/>
    <ALARM deviceID="840009" deviceName="影城5#电梯" source="assets/comp/ALARM/alarm/0/1.png" paramID="2" alarm="ALARM" y="569" x="88" width="58" group="commonComp" height="25" param="alarm" mark="LIFTD"/>
    <ALARM deviceID="840010" deviceName="影城6#电梯" source="assets/comp/ALARM/alarm/0/1.png" paramID="2" alarm="ALARM" y="568" x="392" width="58" group="commonComp" height="25" param="alarm" mark="LIFTD"/>
    <ALARM deviceID="840011" deviceName="酒店7#电梯" source="assets/comp/ALARM/alarm/0/1.png" paramID="2" alarm="ALARM" y="568" x="691" width="58" group="commonComp" height="25" param="alarm" mark="LIFTD"/>
    <ALARM deviceID="840012" deviceName="酒店8#电梯" source="assets/comp/ALARM/alarm/0/1.png" paramID="2" alarm="ALARM" y="568" x="995" width="58" group="commonComp" height="25" param="alarm" mark="LIFTD"/>
    <ALARM deviceID="840001" deviceName="金街19#电梯" source="assets/comp/ALARM/alarm/0/1.png" paramID="2" alarm="ALARM" y="868" x="84" width="58" group="commonComp" height="25" param="alarm" mark="LIFTD"/>
    <ALARM deviceID="840002" deviceName="金街20#电梯" source="assets/comp/ALARM/alarm/0/1.png" paramID="2" alarm="ALARM" y="869" x="391" width="58" group="commonComp" height="25" param="alarm" mark="LIFTD"/>
    <ALARM deviceID="840003" deviceName="金街21#电梯" source="assets/comp/ALARM/alarm/0/1.png" paramID="2" alarm="ALARM" y="868" x="693" width="58" group="commonComp" height="25" param="alarm" mark="LIFTD"/>
    <ALARM deviceID="840004" deviceName="金街22#电梯" source="assets/comp/ALARM/alarm/0/1.png" paramID="2" alarm="ALARM" y="868" x="996" width="58" group="commonComp" height="25" param="alarm" mark="LIFTD"/>
  </Components>
</Configration>