<?xml version="1.0" encoding="utf-8"?>
<Configration Width="1434" Height="714">
  <LIST>
    <Component>
      <LIFTD2/>
    </Component>
    <Image>
      <F1NODE source="mapAssets/mapImages/F1Node.png" group="map"/>
      <TULI source="assets/comp/TULI/TULI.png"/>
      <DTN source="assets/comp/TULI/DTN.png"/>
      <DTA source="assets/comp/TULI/DTA.png"/>
      <DTR source="assets/comp/TULI/DTR.png"/>
      <LCF1 source="assets/comp/LCF1.png"/>
    </Image>
  </LIST>
  <Components>
    <F1NODE scaleY="1" group="map" width="1434" x="0" height="714" y="0" source="mapAssets/mapImages/F1Node.png"/>
    <TULI scaleY="1.2" group="tuli" width="225" x="968" height="124" y="465" source="assets/comp/TULI/TULI.png"/>
    <TEXT param="" deviceID="" text="金街19号直梯" sizeAuto="true" borderColor="0xffffff" group="commonComp" width="79" source="assets/comp/TEXTINPUT/label.png" textAlign="center" height="17" y="245" widthInChars="4" x="690" color="16737792" fontWeight="normal" contentBackgroundAlpha="0" fontSize="12" fontFamily="微软雅黑" borderVisible="false"/>
    <TEXT param="" deviceID="" text="金街20号直梯" sizeAuto="true" borderColor="0xffffff" group="commonComp" width="79" source="assets/comp/TEXTINPUT/label.png" textAlign="center" height="17" y="245" widthInChars="4" x="610" color="16737792" fontWeight="normal" contentBackgroundAlpha="0" fontSize="12" fontFamily="微软雅黑" borderVisible="false"/>
    <TEXT param="" deviceID="" text="电梯正常" sizeAuto="true" borderColor="0xffffff" group="commonComp" width="78" source="assets/comp/TEXTINPUT/label.png" textAlign="center" height="22" y="504" widthInChars="4" x="1003" color="0x444444" fontWeight="normal" contentBackgroundAlpha="0" fontSize="18" fontFamily="微软雅黑" borderVisible="false"/>
    <TEXT param="" deviceID="" text="电梯故障" sizeAuto="true" borderColor="0xffffff" group="commonComp" width="78" source="assets/comp/TEXTINPUT/label.png" textAlign="center" height="22" y="538" widthInChars="4" x="1003" color="0x444444" fontWeight="normal" contentBackgroundAlpha="0" fontSize="18" fontFamily="微软雅黑" borderVisible="false"/>
    <DTN scaleY="0.2" group="tuli" width="128" x="1115" height="128" y="503" source="assets/comp/TULI/DTN.png" scaleX="0.2"/>
    <DTA scaleY="0.2" group="tuli" width="128" x="1115" height="128" y="538" source="assets/comp/TULI/DTA.png" scaleX="0.2"/>
    <LIFTD2 deviceID="840002" mark="LIFTD" group="deviceComp" width="36" x="655" height="52" y="190" source="assets/comp/LIFTD2/bg.png" deviceName="金街20#电梯"/>
    <LIFTD2 deviceID="840001" mark="LIFTD" group="deviceComp" width="36" x="692" height="52" y="190" source="assets/comp/LIFTD2/bg.png" deviceName="金街19#电梯"/>
    <DTR scaleY="0.5" group="tuli" width="36" x="1115" height="52" y="571" source="assets/comp/TULI/DTR.png" scaleX="0.7"/>
    <TEXT param="" deviceID="" text="电梯运行" sizeAuto="true" borderColor="0xffffff" group="commonComp" width="78" source="assets/comp/TEXTINPUT/label.png" textAlign="center" height="22" y="572" widthInChars="4" x="1003" color="0x444444" fontWeight="normal" contentBackgroundAlpha="0" fontSize="18" fontFamily="微软雅黑" borderVisible="false"/>
    <LCF1 scaleY="1" group="bg" width="110" x="10" height="92" y="10" source="assets/comp/LCF1.png" scaleX="1"/>
  </Components>
</Configration>