<?xml version="1.0" encoding="utf-8"?>
<Configration Width="1680" Height="715">
  <LIST>
    <Component>
      <NEWZMA1/>
      <NEWZMA2/>
      <NEWZMB/>
      <NEWZMC/>
      <SSCTRL/>
    </Component>
    <Image>
      <B1+NODE source="mapAssets/mapImages/B1+Node.png" group="map"/>
    </Image>
  </LIST>
  <Components>
    <B1+NODE y="0" width="1434" source="mapAssets/mapImages/B1+Node.png" height="714" x="0" group="map"/>
    <TEXT y="150" color="0x444444" width="180" sizeAuto="true" height="25" x="1500" widthInChars="4" contentBackgroundAlpha="0" textAlign="center" borderVisible="false" param="" source="assets/comp/TEXTINPUT/label.png" text="地下夹层车道灯1组" fontSize="20" fontWeight="normal" group="commonComp" deviceID="" fontFamily="微软雅黑" borderColor="0xffffff"/>
    <NEWZMA1 scaleX="0.5" width="80" mark="TCCA1" height="80" x="1450" deviceName="地下夹层车道灯1组" y="145" source="assets/comp/NEWZMA1/bg.png" isControl="true" group="commonComp" deviceID="3290002" scaleY="0.5"/>
    <NEWZMA2 scaleX="0.5" width="80" mark="TCCA2" height="80" x="1450" deviceName="地下夹层车道灯2组" y="245" source="assets/comp/NEWZMA2/bg.png" isControl="true" group="commonComp" deviceID="3300002" scaleY="0.5"/>
    <TEXT y="250" color="0x444444" width="180" sizeAuto="true" height="25" x="1500" widthInChars="4" contentBackgroundAlpha="0" textAlign="center" borderVisible="false" param="" source="assets/comp/TEXTINPUT/label.png" text="地下夹层车道灯2组" fontSize="20" fontWeight="normal" group="commonComp" deviceID="" fontFamily="微软雅黑" borderColor="0xffffff"/>
    <NEWZMA1 scaleX="0.3" width="80" mark="TCCZMHL" height="80" x="1241" deviceName="地下夹层B1AL-G01车道灯1" y="208" source="assets/comp/NEWZMA1/bg.png" isControl="true" group="commonComp" deviceID="3570039" scaleY="0.3"/>
    <NEWZMA2 scaleX="0.3" width="80" mark="TCCZMHL" height="80" x="1240" deviceName="地下夹层B1AL-G01车道灯2" y="259" source="assets/comp/NEWZMA2/bg.png" isControl="true" group="commonComp" deviceID="3570040" scaleY="0.3"/>
    <NEWZMB scaleX="0.5" width="80" mark="TCCB" height="80" x="1450" deviceName="地下夹层车位灯1组" y="345" source="assets/comp/NEWZMB/bg.png" isControl="true" group="commonComp" deviceID="3310002" scaleY="0.5"/>
    <NEWZMC scaleX="0.5" width="80" mark="TCCC" height="80" x="1450" deviceName="地下夹层车位灯2组" y="445" source="assets/comp/NEWZMC/bg.png" isControl="true" group="commonComp" deviceID="3320002" scaleY="0.5"/>
    <TEXT y="350" color="0x444444" width="180" sizeAuto="true" height="25" x="1500" widthInChars="4" contentBackgroundAlpha="0" textAlign="center" borderVisible="false" param="" source="assets/comp/TEXTINPUT/label.png" text="地下夹层车位灯1组" fontSize="20" fontWeight="normal" group="commonComp" deviceID="" fontFamily="微软雅黑" borderColor="0xffffff"/>
    <TEXT y="450" color="0x444444" width="180" sizeAuto="true" height="25" x="1500" widthInChars="4" contentBackgroundAlpha="0" textAlign="center" borderVisible="false" param="" source="assets/comp/TEXTINPUT/label.png" text="地下夹层车位灯2组" fontSize="20" fontWeight="normal" group="commonComp" deviceID="" fontFamily="微软雅黑" borderColor="0xffffff"/>
    <NEWZMB scaleX="0.3" width="80" mark="TCCZMHL" height="80" x="1277" deviceName="地下夹层B1AL-G01车位灯1" y="209" source="assets/comp/NEWZMB/bg.png" isControl="true" group="commonComp" deviceID="3570037" scaleY="0.3"/>
    <NEWZMC scaleX="0.3" width="80" mark="TCCZMHL" height="80" x="1275" deviceName="地下夹层B1AL-G01车位灯2" y="260" source="assets/comp/NEWZMC/bg.png" isControl="true" group="commonComp" deviceID="3570038" scaleY="0.3"/>
    <NEWZMA1 scaleX="0.3" width="80" mark="TCCZMHL" height="80" x="1241" deviceName="地下夹层B1AL-G02车道灯1" y="142" source="assets/comp/NEWZMA1/bg.png" isControl="true" group="commonComp" deviceID="3570043" scaleY="0.3"/>
    <NEWZMA2 scaleX="0.3" width="80" mark="TCCZMHL" height="80" x="1212" deviceName="地下夹层B1AL-G02车道灯2" y="124" source="assets/comp/NEWZMA2/bg.png" isControl="true" group="commonComp" deviceID="3570044" scaleY="0.3"/>
    <NEWZMA1 scaleX="0.3" width="80" mark="TCCZMHL" height="80" x="1048" deviceName="地下夹层B1AL-G03车道灯1" y="173" source="assets/comp/NEWZMA1/bg.png" isControl="true" group="commonComp" deviceID="3570047" scaleY="0.3"/>
    <NEWZMA2 scaleX="0.3" width="80" mark="TCCZMHL" height="80" x="1114" deviceName="地下夹层B1AL-G03车道灯2" y="175" source="assets/comp/NEWZMA2/bg.png" isControl="true" group="commonComp" deviceID="3570048" scaleY="0.3"/>
    <NEWZMB scaleX="0.3" width="80" mark="TCCZMHL" height="80" x="1080" deviceName="地下夹层B1AL-G03车位灯1" y="144" source="assets/comp/NEWZMB/bg.png" isControl="true" group="commonComp" deviceID="3570045" scaleY="0.3"/>
    <NEWZMC scaleX="0.3" width="80" mark="TCCZMHL" height="80" x="1079" deviceName="地下夹层B1AL-G03车位灯2" y="200" source="assets/comp/NEWZMC/bg.png" isControl="true" group="commonComp" deviceID="3570046" scaleY="0.3"/>
    <NEWZMA2 scaleX="0.3" width="80" mark="TCCZMHL" height="80" x="1122" deviceName="地下夹层B1AL-G04车道灯2" y="299" source="assets/comp/NEWZMA2/bg.png" isControl="true" group="commonComp" deviceID="3570052" scaleY="0.3"/>
    <NEWZMA1 scaleX="0.3" width="80" mark="TCCZMHL" height="80" x="1052" deviceName="地下夹层B1AL-G04车道灯1" y="308" source="assets/comp/NEWZMA1/bg.png" isControl="true" group="commonComp" deviceID="3570051" scaleY="0.3"/>
    <NEWZMB scaleX="0.3" width="80" mark="TCCZMHL" height="80" x="1080" deviceName="地下夹层B1AL-G04车位灯1" y="260" source="assets/comp/NEWZMB/bg.png" isControl="true" group="commonComp" deviceID="3570049" scaleY="0.3"/>
    <NEWZMC scaleX="0.3" width="80" mark="TCCZMHL" height="80" x="1093" deviceName="地下夹层B1AL-G04车位灯2" y="317" source="assets/comp/NEWZMC/bg.png" isControl="true" group="commonComp" deviceID="3570050" scaleY="0.3"/>
    <NEWZMB scaleX="0.3" width="80" mark="TCCZMHL" height="80" x="887" deviceName="地下夹层B1ALr8'电车位灯1" y="303" source="assets/comp/NEWZMB/bg.png" isControl="true" group="commonComp" deviceID="3570069" scaleY="0.3"/>
    <NEWZMA1 scaleX="0.3" width="80" mark="TCCZMHL" height="80" x="917" deviceName="地下夹层B1ALr8'电车道灯1" y="280" source="assets/comp/NEWZMA1/bg.png" isControl="true" group="commonComp" deviceID="3570071" scaleY="0.3"/>
    <NEWZMA2 scaleX="0.3" width="80" mark="TCCZMHL" height="80" x="920" deviceName="地下夹层B1ALr8'电车道灯2" y="320" source="assets/comp/NEWZMA2/bg.png" isControl="true" group="commonComp" deviceID="3570072" scaleY="0.3"/>
    <NEWZMC scaleX="0.3" width="80" mark="TCCZMHL" height="80" x="896" deviceName="地下夹层B1ALr8'电车位灯2" y="345" source="assets/comp/NEWZMC/bg.png" isControl="true" group="commonComp" deviceID="3570070" scaleY="0.3"/>
    <NEWZMA1 scaleX="0.3" width="80" mark="TCCZMHL" height="80" x="916" deviceName="地下夹层B1AL-G06车道灯1" y="144" source="assets/comp/NEWZMA1/bg.png" isControl="true" group="commonComp" deviceID="3570055" scaleY="0.3"/>
    <NEWZMA2 scaleX="0.3" width="80" mark="TCCZMHL" height="80" x="918" deviceName="地下夹层B1AL-G06车道灯2" y="203" source="assets/comp/NEWZMA2/bg.png" isControl="true" group="commonComp" deviceID="3570056" scaleY="0.3"/>
    <NEWZMB scaleX="0.3" width="80" mark="TCCZMHL" height="80" x="951" deviceName="地下夹层B1AL-G06车位灯1" y="171" source="assets/comp/NEWZMB/bg.png" isControl="true" group="commonComp" deviceID="3570053" scaleY="0.3"/>
    <NEWZMC scaleX="0.3" width="80" mark="TCCZMHL" height="80" x="883" deviceName="地下夹层B1AL-G06车位灯2" y="172" source="assets/comp/NEWZMC/bg.png" isControl="true" group="commonComp" deviceID="3570054" scaleY="0.3"/>
    <TEXT y="233" color="255" width="35" sizeAuto="true" height="21" x="1251" widthInChars="4" contentBackgroundAlpha="0" textAlign="center" borderVisible="false" param="" source="assets/comp/TEXTINPUT/label.png" text="1#井" fontSize="16" fontWeight="normal" group="commonComp" deviceID="" fontFamily="微软雅黑" borderColor="0xffffff"/>
    <TEXT y="113" color="255" width="35" sizeAuto="true" height="21" x="1240" widthInChars="4" contentBackgroundAlpha="0" textAlign="center" borderVisible="false" param="" source="assets/comp/TEXTINPUT/label.png" text="2#井" fontSize="16" fontWeight="normal" group="commonComp" deviceID="" fontFamily="微软雅黑" borderColor="0xffffff"/>
    <TEXT y="291" color="255" width="35" sizeAuto="true" height="21" x="1077" widthInChars="4" contentBackgroundAlpha="0" textAlign="center" borderVisible="false" param="" source="assets/comp/TEXTINPUT/label.png" text="4#井" fontSize="16" fontWeight="normal" group="commonComp" deviceID="" fontFamily="微软雅黑" borderColor="0xffffff"/>
    <TEXT y="173" color="255" width="35" sizeAuto="true" height="21" x="1076" widthInChars="4" contentBackgroundAlpha="0" textAlign="center" borderVisible="false" param="" source="assets/comp/TEXTINPUT/label.png" text="3#井" fontSize="16" fontWeight="normal" group="commonComp" deviceID="" fontFamily="微软雅黑" borderColor="0xffffff"/>
    <TEXT y="300" color="255" width="35" sizeAuto="true" height="21" x="936" widthInChars="4" contentBackgroundAlpha="0" textAlign="center" borderVisible="false" param="" source="assets/comp/TEXTINPUT/label.png" text="5#井" fontSize="16" fontWeight="normal" group="commonComp" deviceID="" fontFamily="微软雅黑" borderColor="0xffffff"/>
    <TEXT y="174" color="255" width="35" sizeAuto="true" height="21" x="913" widthInChars="4" contentBackgroundAlpha="0" textAlign="center" borderVisible="false" param="" source="assets/comp/TEXTINPUT/label.png" text="6#井" fontSize="16" fontWeight="normal" group="commonComp" deviceID="" fontFamily="微软雅黑" borderColor="0xffffff"/>
    <NEWZMA1 scaleX="0.3" width="80" mark="TCCZMHL" height="80" x="788" deviceName="地下夹层B1ALr10'车道灯1" y="228" source="assets/comp/NEWZMA1/bg.png" isControl="true" group="commonComp" deviceID="3570075" scaleY="0.3"/>
    <NEWZMA2 scaleX="0.3" width="80" mark="TCCZMHL" height="80" x="720" deviceName="地下夹层B1ALr10'车道灯2" y="229" source="assets/comp/NEWZMA2/bg.png" isControl="true" group="commonComp" deviceID="3570076" scaleY="0.3"/>
    <NEWZMC scaleX="0.3" width="80" mark="TCCZMHL" height="80" x="753" deviceName="地下夹层B1ALr10'车位灯2" y="197" source="assets/comp/NEWZMC/bg.png" isControl="true" group="commonComp" deviceID="3570074" scaleY="0.3"/>
    <NEWZMB scaleX="0.3" width="80" mark="TCCZMHL" height="80" x="752" deviceName="地下夹层B1ALr10'车位灯1" y="260" source="assets/comp/NEWZMB/bg.png" isControl="true" group="commonComp" deviceID="3570073" scaleY="0.3"/>
    <TEXT y="229" color="255" width="35" sizeAuto="true" height="21" x="748" widthInChars="4" contentBackgroundAlpha="0" textAlign="center" borderVisible="false" param="" source="assets/comp/TEXTINPUT/label.png" text="7#井" fontSize="16" fontWeight="normal" group="commonComp" deviceID="" fontFamily="微软雅黑" borderColor="0xffffff"/>
    <NEWZMA1 scaleX="0.3" width="80" mark="TCCZMHL" height="80" x="914" deviceName="地下夹层B1AL-G08车道灯1" y="442" source="assets/comp/NEWZMA1/bg.png" isControl="true" group="commonComp" deviceID="3570059" scaleY="0.3"/>
    <NEWZMA2 scaleX="0.3" width="80" mark="TCCZMHL" height="80" x="830" deviceName="地下夹层B1AL-G08车道灯2" y="473" source="assets/comp/NEWZMA2/bg.png" isControl="true" group="commonComp" deviceID="3570060" scaleY="0.3"/>
    <NEWZMC scaleX="0.3" width="80" mark="TCCZMHL" height="80" x="858" deviceName="地下夹层B1AL-G08车位灯2" y="427" source="assets/comp/NEWZMC/bg.png" isControl="true" group="commonComp" deviceID="3570058" scaleY="0.3"/>
    <NEWZMB scaleX="0.3" width="80" mark="TCCZMHL" height="80" x="881" deviceName="地下夹层B1AL-G08车位灯1" y="483" source="assets/comp/NEWZMB/bg.png" isControl="true" group="commonComp" deviceID="3570057" scaleY="0.3"/>
    <TEXT y="457" color="255" width="35" sizeAuto="true" height="21" x="864" widthInChars="4" contentBackgroundAlpha="0" textAlign="center" borderVisible="false" param="" source="assets/comp/TEXTINPUT/label.png" text="8#井" fontSize="16" fontWeight="normal" group="commonComp" deviceID="" fontFamily="微软雅黑" borderColor="0xffffff"/>
    <NEWZMA2 scaleX="0.3" width="80" mark="TCCZMHL" height="80" x="692" deviceName="地下夹层B1AL9电箱车车道灯2" y="525" source="assets/comp/NEWZMA2/bg.png" isControl="true" group="commonComp" deviceID="3570068" scaleY="0.3"/>
    <NEWZMA1 scaleX="0.3" width="80" mark="TCCZMHL" height="80" x="766" deviceName="地下夹层B1AL9电箱车车道灯1" y="503" source="assets/comp/NEWZMA1/bg.png" isControl="true" group="commonComp" deviceID="3570067" scaleY="0.3"/>
    <NEWZMC scaleX="0.3" width="80" mark="TCCZMHL" height="80" x="713" deviceName="地下夹层B1AL9电箱车车位灯2" y="493" source="assets/comp/NEWZMC/bg.png" isControl="true" group="commonComp" deviceID="3570066" scaleY="0.3"/>
    <NEWZMB scaleX="0.3" width="80" mark="TCCZMHL" height="80" x="731" deviceName="地下夹层B1AL9电箱车车位灯1" y="537" source="assets/comp/NEWZMB/bg.png" isControl="true" group="commonComp" deviceID="3570065" scaleY="0.3"/>
    <TEXT y="515" color="255" width="35" sizeAuto="true" height="21" x="719" widthInChars="4" contentBackgroundAlpha="0" textAlign="center" borderVisible="false" param="" source="assets/comp/TEXTINPUT/label.png" text="9#井" fontSize="16" fontWeight="normal" group="commonComp" deviceID="" fontFamily="微软雅黑" borderColor="0xffffff"/>
    <NEWZMC scaleX="0.3" width="80" mark="TCCZMHL" height="80" x="593" deviceName="地下夹层B1AL-G06车位灯2" y="168" source="assets/comp/NEWZMC/bg.png" isControl="true" group="commonComp" deviceID="3570054" scaleY="0.3"/>
    <NEWZMB scaleX="0.3" width="80" mark="TCCZMHL" height="80" x="591" deviceName="地下夹层B1AL-G06车位灯1" y="238" source="assets/comp/NEWZMB/bg.png" isControl="true" group="commonComp" deviceID="3570053" scaleY="0.3"/>
    <TEXT y="204" color="255" width="43" sizeAuto="true" height="21" x="604" widthInChars="4" contentBackgroundAlpha="0" textAlign="center" borderVisible="false" param="" source="assets/comp/TEXTINPUT/label.png" text="11#井" fontSize="16" fontWeight="normal" group="commonComp" deviceID="" fontFamily="微软雅黑" borderColor="0xffffff"/>
    <NEWZMC scaleX="0.3" width="80" mark="TCCZMHL" height="80" x="694" deviceName="地下夹层B1AL-10'车位灯2" y="426" source="assets/comp/NEWZMC/bg.png" isControl="true" group="commonComp" deviceID="3570078" scaleY="0.3"/>
    <NEWZMB scaleX="0.3" width="80" mark="TCCZMHL" height="80" x="575" deviceName="地下夹层B1AL-10'车位灯1" y="420" source="assets/comp/NEWZMB/bg.png" isControl="true" group="commonComp" deviceID="3570077" scaleY="0.3"/>
    <NEWZMA2 scaleX="0.3" width="80" mark="TCCZMHL" height="80" x="628" deviceName="地下夹层B1AL-10'车道灯2" y="391" source="assets/comp/NEWZMA2/bg.png" isControl="true" group="commonComp" deviceID="3570080" scaleY="0.3"/>
    <TEXT y="423" color="255" width="43" sizeAuto="true" height="21" x="618" widthInChars="4" contentBackgroundAlpha="0" textAlign="center" borderVisible="false" param="" source="assets/comp/TEXTINPUT/label.png" text="12#井" fontSize="16" fontWeight="normal" group="commonComp" deviceID="" fontFamily="微软雅黑" borderColor="0xffffff"/>
    <NEWZMA1 scaleX="0.3" width="80" mark="TCCZMHL" height="80" x="637" deviceName="地下夹层B1AL-10'车道灯1" y="459" source="assets/comp/NEWZMA1/bg.png" isControl="true" group="commonComp" deviceID="3570079" scaleY="0.3"/>
    <NEWZMA1 scaleX="0.3" width="80" mark="TCCZMHL" height="80" x="654" deviceName="地下夹层B1AL-G11车道灯1" y="207" source="assets/comp/NEWZMA1/bg.png" isControl="true" group="commonComp" deviceID="3570063" scaleY="0.3"/>
    <NEWZMA2 scaleX="0.3" width="80" mark="TCCZMHL" height="80" x="568" deviceName="地下夹层B1AL-G11车道灯2" y="202" source="assets/comp/NEWZMA2/bg.png" isControl="true" group="commonComp" deviceID="3570064" scaleY="0.3"/>
    <NEWZMB scaleX="0.3" width="80" mark="TCCZMHL" height="80" x="1185" deviceName="地下夹层B1AL-G02车位灯1" y="116" source="assets/comp/NEWZMB/bg.png" isControl="true" group="commonComp" deviceID="3570041" scaleY="0.3"/>
    <NEWZMC scaleX="0.3" width="80" mark="TCCZMHL" height="80" x="1276" deviceName="地下夹层B1AL-G02车位灯2" y="140" source="assets/comp/NEWZMC/bg.png" isControl="true" group="commonComp" deviceID="3570042" scaleY="0.3"/>
    <SSCTRL y="150" width="100" height="30" x="1330" deviceName="地下夹层车道灯1组" source="assets/comp/SSCTRL/control/0/1.png" group="commonComp" deviceID="3290002" mark="TCCA1" paramID="97" param="control"/>
    <SSCTRL y="250" width="100" height="30" x="1330" deviceName="地下夹层车道灯2组" source="assets/comp/SSCTRL/control/0/1.png" group="commonComp" deviceID="3300002" mark="TCCA2" paramID="97" param="control"/>
    <SSCTRL y="350" width="100" height="30" x="1330" deviceName="地下夹层车位灯1组" source="assets/comp/SSCTRL/control/0/1.png" group="commonComp" deviceID="3310002" mark="TCCB" paramID="97" param="control"/>
    <SSCTRL y="450" width="100" height="30" x="1330" deviceName="地下夹层车位灯2组" source="assets/comp/SSCTRL/control/0/1.png" group="commonComp" deviceID="3320002" mark="TCCC" paramID="97" param="control"/>
  </Components>
</Configration>