<?xml version="1.0" encoding="utf-8"?>
<Configration Width="1434" Height="714">
  <LIST>
    <Component/>
    <Image>
      <PARKB2Q source="mapAssets/mapImages/PARKB2/PARKB2.png" group="map"/>
    </Image>
  </LIST>
  <Components>
    <PARKB2Q height="714" x="0" y="0" width="1434"/>
    <TEXT contentBackgroundAlpha="0" textAlign="center" borderVisible="false" y="45" x="1239" color="0" param="" width="97" height="22" fontFamily="微软雅黑" sizeAuto="true" fontWeight="normal" widthInChars="4" fontSize="18" deviceID="" borderColor="0xffffff" text="万达总车位"/>
    <LABEL contentBackgroundAlpha="0" x="1345" textAlign="center" borderVisible="true" y="45" mark="CWYD" fontSize="16" width="60" paramID="125" fontFamily="digifaw" param="totalCars" fontWeight="normal" widthInChars="4" color="3407616" sizeAuto="false" rotation="0" contentBackgroundColor="000000" text="792" deviceID="1894" borderColor="999999" deviceName="总车位"/>
    <TEXT contentBackgroundAlpha="0" textAlign="center" borderVisible="false" y="85" x="1250" color="0" param="" width="78" height="22" fontFamily="微软雅黑" sizeAuto="true" fontWeight="normal" widthInChars="4" fontSize="18" deviceID="" borderColor="0xffffff" text="空余车位"/>
    <LABEL contentBackgroundAlpha="0" x="1345" textAlign="center" borderVisible="true" y="80" mark="CWYD" fontSize="16" width="60" paramID="126" fontFamily="digifaw" param="freeCars" fontWeight="normal" widthInChars="4" color="255" sizeAuto="false" rotation="0" contentBackgroundColor="000000" text="480" deviceID="1894" borderColor="999999" deviceName="总车位"/>
    <TEXT contentBackgroundAlpha="0" textAlign="center" borderVisible="false" y="120" x="1250" color="0" param="" width="78" height="22" fontFamily="微软雅黑" sizeAuto="true" fontWeight="normal" widthInChars="4" fontSize="18" deviceID="" borderColor="0xffffff" text="故障车位"/>
    <LABEL contentBackgroundAlpha="0" x="1345" textAlign="center" borderVisible="true" y="115" mark="CWYD" fontSize="16" width="60" paramID="127" fontFamily="digifaw" param="faultCars" fontWeight="normal" widthInChars="4" color="16737792" sizeAuto="false" rotation="0" contentBackgroundColor="000000" text="13" deviceID="1894" borderColor="999999" deviceName="总车位"/>
    <LABEL contentBackgroundAlpha="0" x="1005" textAlign="center" borderVisible="true" y="180" mark="CWYD" fontSize="16" width="60" paramID="125" fontFamily="digifaw" param="totalCars" fontWeight="normal" widthInChars="4" color="3407616" sizeAuto="false" rotation="0" contentBackgroundColor="000000" text="190" deviceID="1899" borderColor="999999" deviceName="G区车位"/>
    <LABEL contentBackgroundAlpha="0" x="1005" textAlign="center" borderVisible="true" y="220" mark="CWYD" fontSize="16" width="60" paramID="126" fontFamily="digifaw" param="freeCars" fontWeight="normal" widthInChars="4" color="255" sizeAuto="false" rotation="0" contentBackgroundColor="000000" text="120" deviceID="1899" borderColor="999999" deviceName="G区车位"/>
    <LABEL contentBackgroundAlpha="0" x="1005" textAlign="center" borderVisible="true" y="260" mark="CWYD" fontSize="16" width="60" paramID="127" fontFamily="digifaw" param="faultCars" fontWeight="normal" widthInChars="4" color="16737792" sizeAuto="false" rotation="0" contentBackgroundColor="000000" text="0" deviceID="1899" borderColor="999999" deviceName="G区车位"/>
    <LABEL contentBackgroundAlpha="0" x="480" textAlign="center" borderVisible="true" y="170" mark="CWYD" fontSize="16" width="60" paramID="125" fontFamily="digifaw" param="totalCars" fontWeight="normal" widthInChars="4" color="3407616" sizeAuto="false" rotation="0" contentBackgroundColor="000000" text="230" deviceID="1900" borderColor="999999" deviceName="H区车位"/>
    <LABEL contentBackgroundAlpha="0" x="480" textAlign="center" borderVisible="true" y="210" mark="CWYD" fontSize="16" width="60" paramID="126" fontFamily="digifaw" param="freeCars" fontWeight="normal" widthInChars="4" color="255" sizeAuto="false" rotation="0" contentBackgroundColor="000000" text="150" deviceID="1900" borderColor="999999" deviceName="H区车位"/>
    <LABEL contentBackgroundAlpha="0" x="480" textAlign="center" borderVisible="true" y="250" mark="CWYD" fontSize="16" width="60" paramID="127" fontFamily="digifaw" param="faultCars" fontWeight="normal" widthInChars="4" color="16737792" sizeAuto="false" rotation="0" contentBackgroundColor="000000" text="0" deviceID="1900" borderColor="999999" deviceName="H区车位"/>
    <LABEL contentBackgroundAlpha="0" x="590" textAlign="center" borderVisible="true" y="510" mark="CWYD" fontSize="16" width="60" paramID="125" fontFamily="digifaw" param="totalCars" fontWeight="normal" widthInChars="4" color="3407616" sizeAuto="false" rotation="0" contentBackgroundColor="000000" text="200" deviceID="1901" borderColor="999999" deviceName="K区车位"/>
    <LABEL contentBackgroundAlpha="0" x="590" textAlign="center" borderVisible="true" y="550" mark="CWYD" fontSize="16" width="60" paramID="126" fontFamily="digifaw" param="freeCars" fontWeight="normal" widthInChars="4" color="255" sizeAuto="false" rotation="0" contentBackgroundColor="000000" text="130" deviceID="1901" borderColor="999999" deviceName="K区车位"/>
    <LABEL contentBackgroundAlpha="0" x="590" textAlign="center" borderVisible="true" y="590" mark="CWYD" fontSize="16" width="60" paramID="127" fontFamily="digifaw" param="faultCars" fontWeight="normal" widthInChars="4" color="16737792" sizeAuto="false" rotation="0" contentBackgroundColor="000000" text="0" deviceID="1901" borderColor="999999" deviceName="K区车位"/>
    <TEXT contentBackgroundAlpha="0" textAlign="center" borderVisible="false" y="192" x="1250" color="0" param="" width="81" height="22" fontFamily="微软雅黑" sizeAuto="true" fontWeight="normal" widthInChars="4" fontSize="18" deviceID="" borderColor="0xffffff" text="B2  车  位"/>
    <LABEL contentBackgroundAlpha="0" x="1345" textAlign="center" borderVisible="true" y="190" mark="CWYD" fontSize="16" width="60" paramID="125" fontFamily="digifaw" param="totalCars" fontWeight="normal" widthInChars="4" color="3407616" sizeAuto="false" rotation="0" contentBackgroundColor="000000" text="620" deviceID="1898" borderColor="999999" deviceName="B2车位"/>
    <LABEL contentBackgroundAlpha="0" x="1345" textAlign="center" borderVisible="true" y="225" mark="CWYD" fontSize="16" width="60" paramID="126" fontFamily="digifaw" param="freeCars" fontWeight="normal" widthInChars="4" color="255" sizeAuto="false" rotation="0" contentBackgroundColor="000000" text="400" deviceID="1898" borderColor="999999" deviceName="B2车位"/>
    <TEXT contentBackgroundAlpha="0" textAlign="center" borderVisible="false" y="225" x="1255" color="0" param="" width="78" height="22" fontFamily="微软雅黑" sizeAuto="true" fontWeight="normal" widthInChars="4" fontSize="18" deviceID="" borderColor="0xffffff" text="空余车位"/>
    <TEXT contentBackgroundAlpha="0" textAlign="center" borderVisible="false" y="265" x="1255" color="0" param="" width="78" height="22" fontFamily="微软雅黑" sizeAuto="true" fontWeight="normal" widthInChars="4" fontSize="18" deviceID="" borderColor="0xffffff" text="故障车位"/>
    <LABEL contentBackgroundAlpha="0" x="1345" textAlign="center" borderVisible="true" y="260" mark="CWYD" fontSize="16" width="60" paramID="127" fontFamily="digifaw" param="faultCars" fontWeight="normal" widthInChars="4" color="16737792" sizeAuto="false" rotation="0" contentBackgroundColor="000000" text="0" deviceID="1898" borderColor="999999" deviceName="B2车位"/>
  </Components>
</Configration>