<?xml version="1.0" encoding="utf-8"?>
<Configration Width="2000" Height="700">
  <LIST>
    <Component>
      <EA/>
    </Component>
    <Image>
      <GZDT source="assets/comp/gzdt.png"/>
    </Image>
  </LIST>
  <Components>
    <GZDT scaleY="1" scaleX="1" x="0" y="0" width="2000" height="700" source="assets/comp/gzdt.png"/>
    <EA deviceName="1F-DK1吊装空调" deviceID="246" mark="DPAU" y="0" x="1" width="1009" height="393" source="assets/comp/EA/alarm/0/1.png"/>
  </Components>
</Configration>