<?xml version="1.0" encoding="utf-8"?><Configration Width="1104" Height="587">
  <LIST>
    <Component>
      <KTTB/>
    </Component>
    <Image>
      <F1NODE source="assets/comp/F1Node.png"/>
    </Image>
  </LIST>
  <Components>
    <F1NODE rotation="0" scale="0.55" x="4" y="1"/>
    <KTTB scale="0.4" deviceID="246" rotation="0" x="103" y="57"/>
    <KTTB scale="0.4" deviceID="21942" rotation="0" x="125" y="168"/>
    <KTTB scale="0.4" deviceID="21943" rotation="0" x="124" y="200"/>
    <KTTB scale="0.4" deviceID="21950" rotation="0" x="118" y="319"/>
    <TEXT textAlign="right" scale="1" fontWeight="bold" fontSize="12" fontFamily="Arial" deviceID="" text="DK-1" rotation="0" param="" widthInChars="2" color="16777215" x="70" y="61"/>
    <KTTB scale="0.4" deviceID="21934" rotation="0" x="137" y="71"/>
    <TEXT textAlign="right" scale="1" fontWeight="bold" fontSize="12" fontFamily="Arial" deviceID="" text="DK-2" rotation="0" param="" widthInChars="2" color="16777215" x="171" y="78"/>
    <KTTB scale="0.4" deviceID="21935" rotation="0" x="102" y="87"/>
    <TEXT textAlign="right" scale="1" fontWeight="bold" fontSize="12" fontFamily="Arial" deviceID="" text="DK-3" rotation="0" param="" widthInChars="2" color="16777215" x="71" y="93"/>
    <KTTB scale="0.4" deviceID="21936" rotation="0" x="135" y="105"/>
    <TEXT textAlign="right" scale="1" fontWeight="bold" fontSize="12" fontFamily="Arial" deviceID="" text="DK-4" rotation="0" param="" widthInChars="2" color="16777215" x="171" y="107"/>
    <KTTB scale="0.4" deviceID="21937" rotation="0" x="108" y="140"/>
    <TEXT textAlign="right" scale="1" fontWeight="bold" fontSize="12" fontFamily="Arial" deviceID="" text="DK-5" rotation="0" param="" widthInChars="2" color="16777215" x="76" y="146"/>
    <KTTB scale="0.4" deviceID="21938" rotation="0" x="155" y="131"/>
    <TEXT textAlign="right" scale="1" fontWeight="bold" fontSize="12" fontFamily="Arial" deviceID="" text="DK-6" rotation="0" param="" widthInChars="2" color="16777215" x="189" y="137"/>
    <KTTB scale="0.4" deviceID="21939" rotation="0" x="219" y="101"/>
    <TEXT textAlign="right" scale="1" fontWeight="bold" fontSize="12" fontFamily="Arial" deviceID="" text="DK-7" rotation="0" param="" widthInChars="2" color="16777215" x="252" y="94"/>
    <KTTB scale="0.4" deviceID="21940" rotation="0" x="242" y="130"/>
    <TEXT textAlign="right" scale="1" fontWeight="bold" fontSize="12" fontFamily="Arial" deviceID="" text="DK-8" rotation="0" param="" widthInChars="2" color="16777215" x="272" y="118"/>
    <KTTB scale="0.4" deviceID="21941" rotation="0" x="288" y="141"/>
    <TEXT textAlign="right" scale="1" fontWeight="bold" fontSize="12" fontFamily="Arial" deviceID="" text="DK-9" rotation="0" param="" widthInChars="2" color="16777215" x="322" y="151"/>
    <TEXT textAlign="right" scale="1" fontWeight="bold" fontSize="12" fontFamily="Arial" deviceID="" text="DK-10" rotation="0" param="" widthInChars="3" color="16777215" x="80" y="178"/>
    <TEXT textAlign="right" scale="1" fontWeight="bold" fontSize="12" fontFamily="Arial" deviceID="" text="DK-11" rotation="0" param="" widthInChars="3" color="16777215" x="83" y="208"/>
    <TEXT textAlign="right" scale="1" fontWeight="bold" fontSize="12" fontFamily="Arial" deviceID="" text="DK-18" rotation="0" param="" widthInChars="3" color="16777215" x="73" y="327"/>
    <KTTB scale="0.4" deviceID="21949" rotation="0" x="98" y="354"/>
    <TEXT textAlign="right" scale="1" fontWeight="bold" fontSize="12" fontFamily="Arial" deviceID="" text="DK-17" rotation="0" param="" widthInChars="3" color="16777215" x="55" y="360"/>
    <KTTB scale="0.4" deviceID="21948" rotation="0" x="89" y="386"/>
    <TEXT textAlign="right" scale="1" fontWeight="bold" fontSize="12" fontFamily="Arial" deviceID="" text="DK-16" rotation="0" param="" widthInChars="3" color="16777215" x="49" y="396"/>
    <KTTB scale="0.4" deviceID="21947" rotation="0" x="98" y="417"/>
    <TEXT textAlign="right" scale="1" fontWeight="bold" fontSize="12" fontFamily="Arial" deviceID="" text="DK-15" rotation="0" param="" widthInChars="3" color="16777215" x="55" y="430"/>
    <KTTB scale="0.4" deviceID="21946" rotation="0" x="130" y="447"/>
    <TEXT textAlign="right" scale="1" fontWeight="bold" fontSize="12" fontFamily="Arial" deviceID="" text="DK-14" rotation="0" param="" widthInChars="3" color="16777215" x="134" y="426"/>
    <KTTB scale="0.4" deviceID="21945" rotation="0" x="91" y="465"/>
    <KTTB scale="0.4" deviceID="21944" rotation="0" x="115" y="483"/>
    <TEXT textAlign="right" scale="1" fontWeight="bold" fontSize="12" fontFamily="Arial" deviceID="" text="DK-13" rotation="0" param="" widthInChars="3" color="16777215" x="51" y="464"/>
    <TEXT textAlign="right" scale="1" fontWeight="bold" fontSize="12" fontFamily="Arial" deviceID="" text="DK-12" rotation="0" param="" widthInChars="3" color="16777215" x="73" y="506"/>
    <KTTB scale="0.4" deviceID="21957" rotation="0" x="161" y="455"/>
    <TEXT textAlign="right" scale="1" fontWeight="bold" fontSize="12" fontFamily="Arial" deviceID="" text="DK-25" rotation="0" param="" widthInChars="3" color="16777215" x="152" y="486"/>
    <KTTB scale="0.4" deviceID="21956" rotation="0" x="213" y="446"/>
    <LABEL textAlign="right" scale="1" fontWeight="normal" fontSize="12" fontFamily="digifaw" deviceID="" text="123" rotation="0" param="" widthInChars="3" color="65280" x="200" y="479"/>
    <TEXT textAlign="right" scale="1" fontWeight="bold" fontSize="12" fontFamily="Arial" deviceID="" text="DK-24" rotation="0" param="" widthInChars="3" color="16777215" x="246" y="461"/>
    <KTTB scale="0.4" deviceID="21955" rotation="0" x="241" y="412"/>
    <TEXT textAlign="right" scale="1" fontWeight="bold" fontSize="12" fontFamily="Arial" deviceID="" text="DK-23" rotation="0" param="" widthInChars="3" color="16777215" x="202" y="413"/>
    <KTTB scale="0.4" deviceID="21958" rotation="0" x="310" y="402"/>
    <TEXT textAlign="right" scale="1" fontWeight="bold" fontSize="12" fontFamily="Arial" deviceID="" text="DK-26" rotation="0" param="" widthInChars="3" color="16777215" x="305" y="382"/>
    <KTTB scale="0.4" deviceID="21959" rotation="0" x="324" y="432"/>
    <TEXT textAlign="right" scale="1" fontWeight="bold" fontSize="12" fontFamily="Arial" deviceID="" text="DK-27" rotation="0" param="" widthInChars="3" color="16777215" x="314" y="467"/>
    <KTTB scale="0.4" deviceID="21954" rotation="0" x="219" y="379"/>
    <TEXT textAlign="right" scale="1" fontWeight="bold" fontSize="12" fontFamily="Arial" deviceID="" text="DK-22" rotation="0" param="" widthInChars="3" color="16777215" x="179" y="390"/>
    <KTTB scale="0.4" deviceID="21953" rotation="0" x="243" y="338"/>
    <TEXT textAlign="right" scale="1" fontWeight="bold" fontSize="12" fontFamily="Arial" deviceID="" text="DK-21" rotation="0" param="" widthInChars="3" color="16777215" x="252" y="318"/>
    <KTTB scale="0.4" deviceID="21952" rotation="0" x="198" y="350"/>
    <TEXT textAlign="right" scale="1" fontWeight="bold" fontSize="12" fontFamily="Arial" deviceID="" text="DK-20" rotation="0" param="" widthInChars="3" color="16777215" x="158" y="366"/>
    <KTTB scale="0.4" deviceID="21951" rotation="0" x="165" y="334"/>
    <TEXT textAlign="right" scale="1" fontWeight="bold" fontSize="12" fontFamily="Arial" deviceID="" text="DK-19" rotation="0" param="" widthInChars="3" color="16777215" x="167" y="314"/>
    <LABEL textAlign="right" scale="1" fontWeight="normal" fontSize="12" fontFamily="digifaw" deviceID="" text="W1-1Al1-1#" rotation="0" param="" widthInChars="8" color="65280" x="9" y="19"/>
    <KTTB scale="0.4" deviceID="21960" rotation="0" x="367" y="436"/>
    <TEXT textAlign="right" scale="1" fontWeight="bold" fontSize="12" fontFamily="Arial" deviceID="" text="DK-28" rotation="0" param="" widthInChars="3" color="16777215" x="364" y="465"/>
    <LABEL textAlign="right" scale="1" fontWeight="normal" fontSize="12" fontFamily="digifaw" deviceID="" text="1234" rotation="0" param="" widthInChars="3" color="65280" x="483" y="431"/>
    <KTTB scale="0.4" deviceID="21961" rotation="0" x="608" y="422"/>
    <TEXT textAlign="right" scale="1" fontWeight="bold" fontSize="12" fontFamily="Arial" deviceID="" text="DK-29" rotation="0" param="" widthInChars="3" color="16777215" x="606" y="457"/>
    <KTTB scale="0.4" deviceID="" rotation="0" x="693" y="422"/>
    <TEXT textAlign="right" scale="1" fontWeight="bold" fontSize="12" fontFamily="Arial" deviceID="" text="DK-30" rotation="0" param="" widthInChars="3" color="16777215" x="691" y="456"/>
    <KTTB scale="0.4" deviceID="21962" rotation="0" x="694" y="422"/>
    <KTTB scale="0.4" deviceID="21963" rotation="0" x="750" y="392"/>
    <TEXT textAlign="right" scale="1" fontWeight="bold" fontSize="12" fontFamily="Arial" deviceID="" text="DK-31" rotation="0" param="" widthInChars="3" color="16777215" x="745" y="375"/>
    <KTTB scale="0.4" deviceID="21964" rotation="0" x="796" y="426"/>
    <TEXT textAlign="right" scale="1" fontWeight="bold" fontSize="12" fontFamily="Arial" deviceID="" text="DK-32" rotation="0" param="" widthInChars="3" color="16777215" x="793" y="458"/>
    <KTTB scale="0.4" deviceID="21974" rotation="0" x="882" y="427"/>
    <TEXT textAlign="right" scale="1" fontWeight="bold" fontSize="12" fontFamily="Arial" deviceID="" text="DK-42" rotation="0" param="" widthInChars="3" color="16777215" x="876" y="455"/>
    <LABEL textAlign="right" scale="1" fontWeight="normal" fontSize="12" fontFamily="digifaw" deviceID="" text="123" rotation="0" param="" widthInChars="3" color="65280" x="920" y="446"/>
    <KTTB scale="0.4" deviceID="21973" rotation="0" x="965" y="426"/>
    <TEXT textAlign="right" scale="1" fontWeight="bold" fontSize="12" fontFamily="Arial" deviceID="" text="DK-41" rotation="0" param="" widthInChars="3" color="16777215" x="927" y="414"/>
    <KTTB scale="0.4" deviceID="21970" rotation="0" x="992" y="395"/>
    <TEXT textAlign="right" scale="1" fontWeight="bold" fontSize="12" fontFamily="Arial" deviceID="" text="DK-38" rotation="0" param="" widthInChars="3" color="16777215" x="950" y="400"/>
    <KTTB scale="0.4" deviceID="21971" rotation="0" x="1023" y="405"/>
    <TEXT textAlign="right" scale="1" fontWeight="bold" fontSize="12" fontFamily="Arial" deviceID="" text="DK-39" rotation="0" param="" widthInChars="3" color="16777215" x="1014" y="438"/>
    <KTTB scale="0.4" deviceID="21972" rotation="0" x="1060" y="401"/>
    <TEXT textAlign="right" scale="1" fontWeight="bold" fontSize="12" fontFamily="Arial" deviceID="" text="DK-40" rotation="0" param="" widthInChars="3" color="16777215" x="1057" y="438"/>
    <KTTB scale="0.4" deviceID="21969" rotation="0" x="978" y="367"/>
    <TEXT textAlign="right" scale="1" fontWeight="bold" fontSize="12" fontFamily="Arial" deviceID="" text="DK-37" rotation="0" param="" widthInChars="3" color="16777215" x="1009" y="370"/>
    <KTTB scale="0.4" deviceID="21968" rotation="0" x="976" y="336"/>
    <TEXT textAlign="right" scale="1" fontWeight="bold" fontSize="12" fontFamily="Arial" deviceID="" text="DK-36" rotation="0" param="" widthInChars="3" color="16777215" x="1008" y="344"/>
    <KTTB scale="0.4" deviceID="21967" rotation="0" x="943" y="329"/>
    <TEXT textAlign="right" scale="1" fontWeight="bold" fontSize="12" fontFamily="Arial" deviceID="" text="DK-35" rotation="0" param="" widthInChars="3" color="16777215" x="910" y="313"/>
    <KTTB scale="0.4" deviceID="21966" rotation="0" x="897" y="348"/>
    <TEXT textAlign="right" scale="1" fontWeight="bold" fontSize="12" fontFamily="Arial" deviceID="" text="DK-34" rotation="0" param="" widthInChars="3" color="16777215" x="855" y="345"/>
    <KTTB scale="0.4" deviceID="21965" rotation="0" x="884" y="382"/>
    <TEXT textAlign="right" scale="1" fontWeight="bold" fontSize="12" fontFamily="Arial" deviceID="" text="DK-33" rotation="0" param="" widthInChars="3" color="16777215" x="838" y="394"/>
    <KTTB scale="0.4" deviceID="21983" rotation="0" x="911" y="202"/>
    <TEXT textAlign="right" scale="1" fontWeight="bold" fontSize="12" fontFamily="Arial" deviceID="" text="DK-51" rotation="0" param="" widthInChars="3" color="16777215" x="871" y="212"/>
    <KTTB scale="0.4" deviceID="21982" rotation="0" x="951" y="190"/>
    <TEXT textAlign="right" scale="1" fontWeight="bold" fontSize="12" fontFamily="Arial" deviceID="" text="DK-50" rotation="0" param="" widthInChars="3" color="16777215" x="949" y="219"/>
    <LABEL textAlign="right" scale="1" fontWeight="normal" fontSize="12" fontFamily="digifaw" deviceID="" text="123" rotation="0" param="" widthInChars="3" color="65280" x="992" y="144"/>
    <KTTB scale="0.4" deviceID="21981" rotation="0" x="953" y="139"/>
    <TEXT textAlign="right" scale="1" fontWeight="bold" fontSize="12" fontFamily="Arial" deviceID="" text="DK-49" rotation="0" param="" widthInChars="3" color="16777215" x="918" y="166"/>
    <KTTB scale="0.4" deviceID="21980" rotation="0" x="988" y="109"/>
    <TEXT textAlign="right" scale="1" fontWeight="bold" fontSize="12" fontFamily="Arial" deviceID="" text="DK-48" rotation="0" param="" widthInChars="3" color="16777215" x="1021" y="117"/>
    <KTTB scale="0.4" deviceID="21979" rotation="0" x="964" y="89"/>
    <TEXT textAlign="right" scale="1" fontWeight="bold" fontSize="12" fontFamily="Arial" deviceID="" text="DK-47" rotation="0" param="" widthInChars="3" color="16777215" x="998" y="91"/>
    <KTTB scale="0.4" deviceID="21978" rotation="0" x="929" y="122"/>
    <TEXT textAlign="right" scale="1" fontWeight="bold" fontSize="12" fontFamily="Arial" deviceID="" text="DK-46" rotation="0" param="" widthInChars="3" color="16777215" x="887" y="140"/>
    <KTTB scale="0.4" deviceID="21977" rotation="0" x="904" y="101"/>
    <TEXT textAlign="right" scale="1" fontWeight="bold" fontSize="12" fontFamily="Arial" deviceID="" text="DK-45" rotation="0" param="" widthInChars="3" color="16777215" x="862" y="110"/>
    <KTTB scale="0.4" deviceID="21975" rotation="0" x="955" y="47"/>
    <KTTB scale="0.4" deviceID="21976" rotation="0" x="990" y="48"/>
    <TEXT textAlign="right" scale="1" fontWeight="bold" fontSize="12" fontFamily="Arial" deviceID="" text="DK-44" rotation="0" param="" widthInChars="3" color="16777215" x="1025" y="55"/>
    <TEXT textAlign="right" scale="1" fontWeight="bold" fontSize="12" fontFamily="Arial" deviceID="" text="DK-43" rotation="0" param="" widthInChars="3" color="16777215" x="909" y="57"/>
    <LABEL textAlign="right" scale="1" fontWeight="normal" fontSize="12" fontFamily="digifaw" deviceID="" text="123" rotation="0" param="" widthInChars="3" color="65280" x="764" y="225"/>
    <KTTB scale="0.55" deviceID="" rotation="0" x="116" y="12"/>
    <KTTB scale="0.55" deviceID="" rotation="0" x="163" y="12"/>
    <LABEL textAlign="right" scale="1" fontWeight="normal" fontSize="12" fontFamily="digifaw" deviceID="" text="W1-1Al1-2#" rotation="0" param="" widthInChars="8" color="65280" x="210" y="24"/>
    <LABEL textAlign="right" scale="1" fontWeight="normal" fontSize="12" fontFamily="digifaw" deviceID="" text="1234" rotation="0" param="" widthInChars="3" color="65280" x="177" y="164"/>
    <LABEL textAlign="right" scale="1" fontWeight="normal" fontSize="12" fontFamily="digifaw" deviceID="" text="W1-1Al2-1#" rotation="0" param="" widthInChars="8" color="65280" x="12" y="539"/>
    <KTTB scale="0.55" deviceID="" rotation="0" x="123" y="528"/>
    <KTTB scale="0.55" deviceID="" rotation="0" x="168" y="528"/>
    <LABEL textAlign="right" scale="1" fontWeight="normal" fontSize="12" fontFamily="digifaw" deviceID="" text="W1-1Al2-2#" rotation="0" param="" widthInChars="8" color="65280" x="217" y="543"/>
    <KTTB scale="0.55" deviceID="" rotation="0" x="690" y="496"/>
    <LABEL textAlign="right" scale="1" fontWeight="normal" fontSize="12" fontFamily="digifaw" deviceID="" text="W1-1Al3-1#" rotation="0" param="" widthInChars="8" color="65280" x="579" y="510"/>
    <KTTB scale="0.55" deviceID="" rotation="0" x="737" y="496"/>
    <LABEL textAlign="right" scale="1" fontWeight="normal" fontSize="12" fontFamily="digifaw" deviceID="" text="W1-1Al3-2#" rotation="0" param="" widthInChars="8" color="65280" x="787" y="510"/>
    <KTTB scale="0.55" deviceID="" rotation="0" x="857" y="9"/>
    <LABEL textAlign="right" scale="1" fontWeight="normal" fontSize="12" fontFamily="digifaw" deviceID="" text="W2-1Al1-2#" rotation="0" param="" widthInChars="8" color="65280" x="745" y="23"/>
    <KTTB scale="0.55" deviceID="" rotation="0" x="910" y="495"/>
    <LABEL textAlign="right" scale="1" fontWeight="normal" fontSize="12" fontFamily="digifaw" deviceID="" text="W1-1Al3-3#" rotation="0" param="" widthInChars="8" color="65280" x="961" y="508"/>
    <KTTB scale="0.55" deviceID="" rotation="0" x="902" y="9"/>
    <LABEL textAlign="right" scale="1" fontWeight="normal" fontSize="12" fontFamily="digifaw" deviceID="" text="W2-1Al1-2#" rotation="0" param="" widthInChars="8" color="65280" x="949" y="20"/>
  </Components>
</Configration>