<?xml version="1.0" encoding="utf-8"?><Configration>
  <LIST>
    <Component>
      <KTTB/>
    </Component>
    <Image>
      <F3NODE source="assets/comp/F3Node.png"/>
    </Image>
  </LIST>
  <Components>
    <F3NODE scale="0.55" resource="Configration.ApplicationSkin2._ApplicationSkin_Group1.contentGroup.HGroup5.VGroup9._Configration_Scroller1.ScrollerSkin193.Group42.initGroup.Image1072" rotation="0" x="-1" y="-31"/>
    <KTTB deviceID="" scale="0.4" resource="Configration.ApplicationSkin2._ApplicationSkin_Group1.contentGroup.HGroup5.VGroup9._Configration_Scroller1.ScrollerSkin193.Group42.initGroup.Image1074" rotation="0" x="93" y="96"/>
    <TEXT textAlign="right" deviceID="" text="DK-1" fontWeight="bold" fontSize="12" fontFamily="Arial" param="" scale="1" resource="Configration.ApplicationSkin2._ApplicationSkin_Group1.contentGroup.HGroup5.VGroup9._Configration_Scroller1.ScrollerSkin193.Group42.initGroup.TextInput1076" rotation="0" color="16777215" widthInChars="2" x="95" y="75"/>
    <KTTB deviceID="" scale="0.4" resource="Configration.ApplicationSkin2._ApplicationSkin_Group1.contentGroup.HGroup5.VGroup9._Configration_Scroller1.ScrollerSkin193.Group42.initGroup.Image1079" rotation="0" x="133" y="98"/>
    <KTTB deviceID="" scale="0.4" resource="Configration.ApplicationSkin2._ApplicationSkin_Group1.contentGroup.HGroup5.VGroup9._Configration_Scroller1.ScrollerSkin193.Group42.initGroup.Image1081" rotation="0" x="170" y="98"/>
    <KTTB deviceID="" scale="0.4" resource="Configration.ApplicationSkin2._ApplicationSkin_Group1.contentGroup.HGroup5.VGroup9._Configration_Scroller1.ScrollerSkin193.Group42.initGroup.Image1083" rotation="0" x="206" y="99"/>
    <TEXT textAlign="right" deviceID="" text="DK-2" fontWeight="bold" fontSize="12" fontFamily="Arial" param="" scale="1" resource="Configration.ApplicationSkin2._ApplicationSkin_Group1.contentGroup.HGroup5.VGroup9._Configration_Scroller1.ScrollerSkin193.Group42.initGroup.TextInput1085" rotation="0" color="16777215" widthInChars="2" x="132" y="75"/>
    <TEXT textAlign="right" deviceID="" text="DK-3" fontWeight="bold" fontSize="12" fontFamily="Arial" param="" scale="1" resource="Configration.ApplicationSkin2._ApplicationSkin_Group1.contentGroup.HGroup5.VGroup9._Configration_Scroller1.ScrollerSkin193.Group42.initGroup.TextInput1088" rotation="0" color="16777215" widthInChars="2" x="171" y="76"/>
    <TEXT textAlign="right" deviceID="" text="DK-4" fontWeight="bold" fontSize="12" fontFamily="Arial" param="" scale="1" resource="Configration.ApplicationSkin2._ApplicationSkin_Group1.contentGroup.HGroup5.VGroup9._Configration_Scroller1.ScrollerSkin193.Group42.initGroup.TextInput1091" rotation="0" color="16777215" widthInChars="2" x="206" y="76"/>
    <KTTB deviceID="" scale="0.4" resource="Configration.ApplicationSkin2._ApplicationSkin_Group1.contentGroup.HGroup5.VGroup9._Configration_Scroller1.ScrollerSkin193.Group42.initGroup.Image1094" rotation="0" x="95" y="150"/>
    <KTTB deviceID="" scale="0.4" resource="Configration.ApplicationSkin2._ApplicationSkin_Group1.contentGroup.HGroup5.VGroup9._Configration_Scroller1.ScrollerSkin193.Group42.initGroup.Image1096" rotation="0" x="132" y="151"/>
    <TEXT textAlign="right" deviceID="" text="DK-5" fontWeight="bold" fontSize="12" fontFamily="Arial" param="" scale="1" resource="Configration.ApplicationSkin2._ApplicationSkin_Group1.contentGroup.HGroup5.VGroup9._Configration_Scroller1.ScrollerSkin193.Group42.initGroup.TextInput1098" rotation="0" color="16777215" widthInChars="2" x="63" y="156"/>
    <TEXT textAlign="right" deviceID="" text="DK-6" fontWeight="bold" fontSize="12" fontFamily="Arial" param="" scale="1" resource="Configration.ApplicationSkin2._ApplicationSkin_Group1.contentGroup.HGroup5.VGroup9._Configration_Scroller1.ScrollerSkin193.Group42.initGroup.TextInput1101" rotation="0" color="16777215" widthInChars="2" x="169" y="158"/>
    <KTTB deviceID="" scale="0.4" resource="Configration.ApplicationSkin2._ApplicationSkin_Group1.contentGroup.HGroup5.VGroup9._Configration_Scroller1.ScrollerSkin193.Group42.initGroup.Image1104" rotation="0" x="94" y="238"/>
    <KTTB deviceID="" scale="0.4" resource="Configration.ApplicationSkin2._ApplicationSkin_Group1.contentGroup.HGroup5.VGroup9._Configration_Scroller1.ScrollerSkin193.Group42.initGroup.Image1106" rotation="0" x="131" y="240"/>
    <TEXT textAlign="right" deviceID="" text="DK-7" fontWeight="bold" fontSize="12" fontFamily="Arial" param="" scale="1" resource="Configration.ApplicationSkin2._ApplicationSkin_Group1.contentGroup.HGroup5.VGroup9._Configration_Scroller1.ScrollerSkin193.Group42.initGroup.TextInput1108" rotation="0" color="16777215" widthInChars="2" x="63" y="243"/>
    <TEXT textAlign="right" deviceID="" text="DK-8" fontWeight="bold" fontSize="12" fontFamily="Arial" param="" scale="1" resource="Configration.ApplicationSkin2._ApplicationSkin_Group1.contentGroup.HGroup5.VGroup9._Configration_Scroller1.ScrollerSkin193.Group42.initGroup.TextInput1111" rotation="0" color="16777215" widthInChars="2" x="164" y="246"/>
    <KTTB deviceID="" scale="0.4" resource="Configration.ApplicationSkin2._ApplicationSkin_Group1.contentGroup.HGroup5.VGroup9._Configration_Scroller1.ScrollerSkin193.Group42.initGroup.Image1114" rotation="0" x="119" y="299"/>
    <TEXT textAlign="right" deviceID="" text="DK-12" fontWeight="bold" fontSize="12" fontFamily="Arial" param="" scale="1" resource="Configration.ApplicationSkin2._ApplicationSkin_Group1.contentGroup.HGroup5.VGroup9._Configration_Scroller1.ScrollerSkin193.Group42.initGroup.TextInput1116" rotation="0" color="16777215" widthInChars="3" x="115" y="279"/>
    <KTTB deviceID="" scale="0.4" resource="Configration.ApplicationSkin2._ApplicationSkin_Group1.contentGroup.HGroup5.VGroup9._Configration_Scroller1.ScrollerSkin193.Group42.initGroup.Image1119" rotation="0" x="183" y="312"/>
    <TEXT textAlign="right" deviceID="" text="DK-13" fontWeight="bold" fontSize="12" fontFamily="Arial" param="" scale="1" resource="Configration.ApplicationSkin2._ApplicationSkin_Group1.contentGroup.HGroup5.VGroup9._Configration_Scroller1.ScrollerSkin193.Group42.initGroup.TextInput1121" rotation="0" color="16777215" widthInChars="3" x="178" y="290"/>
    <KTTB deviceID="" scale="0.4" resource="Configration.ApplicationSkin2._ApplicationSkin_Group1.contentGroup.HGroup5.VGroup9._Configration_Scroller1.ScrollerSkin193.Group42.initGroup.Image1124" rotation="0" x="89" y="334"/>
    <KTTB deviceID="" scale="0.4" resource="Configration.ApplicationSkin2._ApplicationSkin_Group1.contentGroup.HGroup5.VGroup9._Configration_Scroller1.ScrollerSkin193.Group42.initGroup.Image1126" rotation="0" x="116" y="402"/>
    <KTTB deviceID="" scale="0.4" resource="Configration.ApplicationSkin2._ApplicationSkin_Group1.contentGroup.HGroup5.VGroup9._Configration_Scroller1.ScrollerSkin193.Group42.initGroup.Image1128" rotation="0" x="181" y="418"/>
    <LABEL textAlign="right" deviceID="" text="1234" fontWeight="normal" fontSize="12" fontFamily="digifaw" param="" scale="1" resource="Configration.ApplicationSkin2._ApplicationSkin_Group1.contentGroup.HGroup5.VGroup9._Configration_Scroller1.ScrollerSkin193.Group42.initGroup.TextInput1130" rotation="0" color="65280" widthInChars="3" x="220" y="430"/>
    <TEXT textAlign="right" deviceID="" text="DK-11" fontWeight="bold" fontSize="12" fontFamily="Arial" param="" scale="1" resource="Configration.ApplicationSkin2._ApplicationSkin_Group1.contentGroup.HGroup5.VGroup9._Configration_Scroller1.ScrollerSkin193.Group42.initGroup.TextInput1133" rotation="0" color="16777215" widthInChars="3" x="47" y="337"/>
    <TEXT textAlign="right" deviceID="" text="DK-10" fontWeight="bold" fontSize="12" fontFamily="Arial" param="" scale="1" resource="Configration.ApplicationSkin2._ApplicationSkin_Group1.contentGroup.HGroup5.VGroup9._Configration_Scroller1.ScrollerSkin193.Group42.initGroup.TextInput1136" rotation="0" color="16777215" widthInChars="3" x="70" y="411"/>
    <TEXT textAlign="right" deviceID="" text="DK-9" fontWeight="bold" fontSize="12" fontFamily="Arial" param="" scale="1" resource="Configration.ApplicationSkin2._ApplicationSkin_Group1.contentGroup.HGroup5.VGroup9._Configration_Scroller1.ScrollerSkin193.Group42.initGroup.TextInput1139" rotation="0" color="16777215" widthInChars="2" x="147" y="436"/>
    <KTTB deviceID="" scale="0.4" resource="Configration.ApplicationSkin2._ApplicationSkin_Group1.contentGroup.HGroup5.VGroup9._Configration_Scroller1.ScrollerSkin193.Group42.initGroup.Image1142" rotation="0" x="229" y="378"/>
    <TEXT textAlign="right" deviceID="" text="DK-14" fontWeight="bold" fontSize="12" fontFamily="Arial" param="" scale="1" resource="Configration.ApplicationSkin2._ApplicationSkin_Group1.contentGroup.HGroup5.VGroup9._Configration_Scroller1.ScrollerSkin193.Group42.initGroup.TextInput1144" rotation="0" color="16777215" widthInChars="3" x="228" y="356"/>
    <KTTB deviceID="" scale="0.4" resource="Configration.ApplicationSkin2._ApplicationSkin_Group1.contentGroup.HGroup5.VGroup9._Configration_Scroller1.ScrollerSkin193.Group42.initGroup.Image1147" rotation="0" x="292" y="370"/>
    <KTTB deviceID="" scale="0.4" resource="Configration.ApplicationSkin2._ApplicationSkin_Group1.contentGroup.HGroup5.VGroup9._Configration_Scroller1.ScrollerSkin193.Group42.initGroup.Image1149" rotation="0" x="292" y="405"/>
    <TEXT textAlign="right" deviceID="" text="DK-15" fontWeight="bold" fontSize="12" fontFamily="Arial" param="" scale="1" resource="Configration.ApplicationSkin2._ApplicationSkin_Group1.contentGroup.HGroup5.VGroup9._Configration_Scroller1.ScrollerSkin193.Group42.initGroup.TextInput1151" rotation="0" color="16777215" widthInChars="3" x="288" y="348"/>
    <TEXT textAlign="right" deviceID="" text="DK-16" fontWeight="bold" fontSize="12" fontFamily="Arial" param="" scale="1" resource="Configration.ApplicationSkin2._ApplicationSkin_Group1.contentGroup.HGroup5.VGroup9._Configration_Scroller1.ScrollerSkin193.Group42.initGroup.TextInput1154" rotation="0" color="16777215" widthInChars="3" x="289" y="437"/>
    <KTTB deviceID="" scale="0.4" resource="Configration.ApplicationSkin2._ApplicationSkin_Group1.contentGroup.HGroup5.VGroup9._Configration_Scroller1.ScrollerSkin193.Group42.initGroup.Image1157" rotation="0" x="380" y="404"/>
    <KTTB deviceID="" scale="0.4" resource="Configration.ApplicationSkin2._ApplicationSkin_Group1.contentGroup.HGroup5.VGroup9._Configration_Scroller1.ScrollerSkin193.Group42.initGroup.Image1159" rotation="0" x="380" y="372"/>
    <TEXT textAlign="right" deviceID="" text="DK-17" fontWeight="bold" fontSize="12" fontFamily="Arial" param="" scale="1" resource="Configration.ApplicationSkin2._ApplicationSkin_Group1.contentGroup.HGroup5.VGroup9._Configration_Scroller1.ScrollerSkin193.Group42.initGroup.TextInput1161" rotation="0" color="16777215" widthInChars="3" x="375" y="352"/>
    <TEXT textAlign="right" deviceID="" text="DK-18" fontWeight="bold" fontSize="12" fontFamily="Arial" param="" scale="1" resource="Configration.ApplicationSkin2._ApplicationSkin_Group1.contentGroup.HGroup5.VGroup9._Configration_Scroller1.ScrollerSkin193.Group42.initGroup.TextInput1164" rotation="0" color="16777215" widthInChars="3" x="379" y="440"/>
    <KTTB deviceID="" scale="0.4" resource="Configration.ApplicationSkin2._ApplicationSkin_Group1.contentGroup.HGroup5.VGroup9._Configration_Scroller1.ScrollerSkin193.Group42.initGroup.Image1167" rotation="0" x="495" y="372"/>
    <KTTB deviceID="" scale="0.4" resource="Configration.ApplicationSkin2._ApplicationSkin_Group1.contentGroup.HGroup5.VGroup9._Configration_Scroller1.ScrollerSkin193.Group42.initGroup.Image1169" rotation="0" x="496" y="405"/>
    <TEXT textAlign="right" deviceID="" text="DK-19" fontWeight="bold" fontSize="12" fontFamily="Arial" param="" scale="1" resource="Configration.ApplicationSkin2._ApplicationSkin_Group1.contentGroup.HGroup5.VGroup9._Configration_Scroller1.ScrollerSkin193.Group42.initGroup.TextInput1171" rotation="0" color="16777215" widthInChars="3" x="492" y="351"/>
    <TEXT textAlign="right" deviceID="" text="DK-20" fontWeight="bold" fontSize="12" fontFamily="Arial" param="" scale="1" resource="Configration.ApplicationSkin2._ApplicationSkin_Group1.contentGroup.HGroup5.VGroup9._Configration_Scroller1.ScrollerSkin193.Group42.initGroup.TextInput1174" rotation="0" color="16777215" widthInChars="3" x="491" y="439"/>
    <LABEL textAlign="right" deviceID="" text="1234" fontWeight="normal" fontSize="12" fontFamily="digifaw" param="" scale="1" resource="Configration.ApplicationSkin2._ApplicationSkin_Group1.contentGroup.HGroup5.VGroup9._Configration_Scroller1.ScrollerSkin193.Group42.initGroup.TextInput1177" rotation="0" color="65280" widthInChars="3" x="416" y="411"/>
    <KTTB deviceID="" scale="0.4" resource="Configration.ApplicationSkin2._ApplicationSkin_Group1.contentGroup.HGroup5.VGroup9._Configration_Scroller1.ScrollerSkin193.Group42.initGroup.Image1180" rotation="0" x="583" y="370"/>
    <KTTB deviceID="" scale="0.4" resource="Configration.ApplicationSkin2._ApplicationSkin_Group1.contentGroup.HGroup5.VGroup9._Configration_Scroller1.ScrollerSkin193.Group42.initGroup.Image1182" rotation="0" x="584" y="403"/>
    <TEXT textAlign="right" deviceID="" text="DK-21" fontWeight="bold" fontSize="12" fontFamily="Arial" param="" scale="1" resource="Configration.ApplicationSkin2._ApplicationSkin_Group1.contentGroup.HGroup5.VGroup9._Configration_Scroller1.ScrollerSkin193.Group42.initGroup.TextInput1184" rotation="0" color="16777215" widthInChars="3" x="579" y="349"/>
    <TEXT textAlign="right" deviceID="" text="DK-22" fontWeight="bold" fontSize="12" fontFamily="Arial" param="" scale="1" resource="Configration.ApplicationSkin2._ApplicationSkin_Group1.contentGroup.HGroup5.VGroup9._Configration_Scroller1.ScrollerSkin193.Group42.initGroup.TextInput1187" rotation="0" color="16777215" widthInChars="3" x="583" y="438"/>
    <KTTB deviceID="" scale="0.4" resource="Configration.ApplicationSkin2._ApplicationSkin_Group1.contentGroup.HGroup5.VGroup9._Configration_Scroller1.ScrollerSkin193.Group42.initGroup.Image1190" rotation="0" x="702" y="370"/>
    <KTTB deviceID="" scale="0.4" resource="Configration.ApplicationSkin2._ApplicationSkin_Group1.contentGroup.HGroup5.VGroup9._Configration_Scroller1.ScrollerSkin193.Group42.initGroup.Image1192" rotation="0" x="704" y="403"/>
    <TEXT textAlign="right" deviceID="" text="DK-23" fontWeight="bold" fontSize="12" fontFamily="Arial" param="" scale="1" resource="Configration.ApplicationSkin2._ApplicationSkin_Group1.contentGroup.HGroup5.VGroup9._Configration_Scroller1.ScrollerSkin193.Group42.initGroup.TextInput1194" rotation="0" color="16777215" widthInChars="3" x="698" y="349"/>
    <TEXT textAlign="right" deviceID="" text="DK-24" fontWeight="bold" fontSize="12" fontFamily="Arial" param="" scale="1" resource="Configration.ApplicationSkin2._ApplicationSkin_Group1.contentGroup.HGroup5.VGroup9._Configration_Scroller1.ScrollerSkin193.Group42.initGroup.TextInput1197" rotation="0" color="16777215" widthInChars="3" x="703" y="435"/>
    <KTTB deviceID="" scale="0.4" resource="Configration.ApplicationSkin2._ApplicationSkin_Group1.contentGroup.HGroup5.VGroup9._Configration_Scroller1.ScrollerSkin193.Group42.initGroup.Image1200" rotation="0" x="810" y="371"/>
    <KTTB deviceID="" scale="0.4" resource="Configration.ApplicationSkin2._ApplicationSkin_Group1.contentGroup.HGroup5.VGroup9._Configration_Scroller1.ScrollerSkin193.Group42.initGroup.Image1202" rotation="0" x="812" y="403"/>
    <TEXT textAlign="right" deviceID="" text="DK-25" fontWeight="bold" fontSize="12" fontFamily="Arial" param="" scale="1" resource="Configration.ApplicationSkin2._ApplicationSkin_Group1.contentGroup.HGroup5.VGroup9._Configration_Scroller1.ScrollerSkin193.Group42.initGroup.TextInput1204" rotation="0" color="16777215" widthInChars="3" x="805" y="350"/>
    <TEXT textAlign="right" deviceID="" text="DK-26" fontWeight="bold" fontSize="12" fontFamily="Arial" param="" scale="1" resource="Configration.ApplicationSkin2._ApplicationSkin_Group1.contentGroup.HGroup5.VGroup9._Configration_Scroller1.ScrollerSkin193.Group42.initGroup.TextInput1207" rotation="0" color="16777215" widthInChars="3" x="810" y="433"/>
    <KTTB deviceID="" scale="0.4" resource="Configration.ApplicationSkin2._ApplicationSkin_Group1.contentGroup.HGroup5.VGroup9._Configration_Scroller1.ScrollerSkin193.Group42.initGroup.Image1210" rotation="0" x="877" y="353"/>
    <TEXT textAlign="right" deviceID="" text="DK-27" fontWeight="bold" fontSize="12" fontFamily="Arial" param="" scale="1" resource="Configration.ApplicationSkin2._ApplicationSkin_Group1.contentGroup.HGroup5.VGroup9._Configration_Scroller1.ScrollerSkin193.Group42.initGroup.TextInput1212" rotation="0" color="16777215" widthInChars="3" x="856" y="336"/>
    <KTTB deviceID="" scale="0.4" resource="Configration.ApplicationSkin2._ApplicationSkin_Group1.contentGroup.HGroup5.VGroup9._Configration_Scroller1.ScrollerSkin193.Group42.initGroup.Image1215" rotation="0" x="903" y="405"/>
    <TEXT textAlign="right" deviceID="" text="DK-30" fontWeight="bold" fontSize="12" fontFamily="Arial" param="" scale="1" resource="Configration.ApplicationSkin2._ApplicationSkin_Group1.contentGroup.HGroup5.VGroup9._Configration_Scroller1.ScrollerSkin193.Group42.initGroup.TextInput1217" rotation="0" color="16777215" widthInChars="3" x="902" y="440"/>
    <LABEL textAlign="right" deviceID="" text="1234" fontWeight="normal" fontSize="12" fontFamily="digifaw" param="" scale="1" resource="Configration.ApplicationSkin2._ApplicationSkin_Group1.contentGroup.HGroup5.VGroup9._Configration_Scroller1.ScrollerSkin193.Group42.initGroup.TextInput1220" rotation="0" color="65280" widthInChars="3" x="857" y="409"/>
    <KTTB deviceID="" scale="0.4" resource="Configration.ApplicationSkin2._ApplicationSkin_Group1.contentGroup.HGroup5.VGroup9._Configration_Scroller1.ScrollerSkin193.Group42.initGroup.Image1223" rotation="0" x="923" y="308"/>
    <TEXT textAlign="right" deviceID="" text="DK-28" fontWeight="bold" fontSize="12" fontFamily="Arial" param="" scale="1" resource="Configration.ApplicationSkin2._ApplicationSkin_Group1.contentGroup.HGroup5.VGroup9._Configration_Scroller1.ScrollerSkin193.Group42.initGroup.TextInput1225" rotation="0" color="16777215" widthInChars="3" x="886" y="306"/>
    <KTTB deviceID="" scale="0.4" resource="Configration.ApplicationSkin2._ApplicationSkin_Group1.contentGroup.HGroup5.VGroup9._Configration_Scroller1.ScrollerSkin193.Group42.initGroup.Image1228" rotation="0" x="975" y="368"/>
    <TEXT textAlign="right" deviceID="" text="DK-29" fontWeight="bold" fontSize="12" fontFamily="Arial" param="" scale="1" resource="Configration.ApplicationSkin2._ApplicationSkin_Group1.contentGroup.HGroup5.VGroup9._Configration_Scroller1.ScrollerSkin193.Group42.initGroup.TextInput1230" rotation="0" color="16777215" widthInChars="3" x="1010" y="377"/>
    <KTTB deviceID="" scale="0.4" resource="Configration.ApplicationSkin2._ApplicationSkin_Group1.contentGroup.HGroup5.VGroup9._Configration_Scroller1.ScrollerSkin193.Group42.initGroup.Image1233" rotation="0" x="941" y="250"/>
    <KTTB deviceID="" scale="0.4" resource="Configration.ApplicationSkin2._ApplicationSkin_Group1.contentGroup.HGroup5.VGroup9._Configration_Scroller1.ScrollerSkin193.Group42.initGroup.Image1235" rotation="0" x="978" y="251"/>
    <TEXT textAlign="right" deviceID="" text="DK-38" fontWeight="bold" fontSize="12" fontFamily="Arial" param="" scale="1" resource="Configration.ApplicationSkin2._ApplicationSkin_Group1.contentGroup.HGroup5.VGroup9._Configration_Scroller1.ScrollerSkin193.Group42.initGroup.TextInput1237" rotation="0" color="16777215" widthInChars="3" x="900" y="255"/>
    <TEXT textAlign="right" deviceID="" text="DK-39" fontWeight="bold" fontSize="12" fontFamily="Arial" param="" scale="1" resource="Configration.ApplicationSkin2._ApplicationSkin_Group1.contentGroup.HGroup5.VGroup9._Configration_Scroller1.ScrollerSkin193.Group42.initGroup.TextInput1240" rotation="0" color="16777215" widthInChars="3" x="1011" y="256"/>
    <KTTB deviceID="" scale="0.4" resource="Configration.ApplicationSkin2._ApplicationSkin_Group1.contentGroup.HGroup5.VGroup9._Configration_Scroller1.ScrollerSkin193.Group42.initGroup.Image1243" rotation="0" x="929" y="148"/>
    <KTTB deviceID="" scale="0.4" resource="Configration.ApplicationSkin2._ApplicationSkin_Group1.contentGroup.HGroup5.VGroup9._Configration_Scroller1.ScrollerSkin193.Group42.initGroup.Image1245" rotation="0" x="977" y="147"/>
    <TEXT textAlign="right" deviceID="" text="DK-36" fontWeight="bold" fontSize="12" fontFamily="Arial" param="" scale="1" resource="Configration.ApplicationSkin2._ApplicationSkin_Group1.contentGroup.HGroup5.VGroup9._Configration_Scroller1.ScrollerSkin193.Group42.initGroup.TextInput1247" rotation="0" color="16777215" widthInChars="3" x="890" y="155"/>
    <TEXT textAlign="right" deviceID="" text="DK-37" fontWeight="bold" fontSize="12" fontFamily="Arial" param="" scale="1" resource="Configration.ApplicationSkin2._ApplicationSkin_Group1.contentGroup.HGroup5.VGroup9._Configration_Scroller1.ScrollerSkin193.Group42.initGroup.TextInput1250" rotation="0" color="16777215" widthInChars="3" x="1014" y="156"/>
    <KTTB deviceID="" scale="0.4" resource="Configration.ApplicationSkin2._ApplicationSkin_Group1.contentGroup.HGroup5.VGroup9._Configration_Scroller1.ScrollerSkin193.Group42.initGroup.Image1253" rotation="0" x="976" y="100"/>
    <TEXT textAlign="right" deviceID="" text="DK-35" fontWeight="bold" fontSize="12" fontFamily="Arial" param="" scale="1" resource="Configration.ApplicationSkin2._ApplicationSkin_Group1.contentGroup.HGroup5.VGroup9._Configration_Scroller1.ScrollerSkin193.Group42.initGroup.TextInput1255" rotation="0" color="16777215" widthInChars="3" x="1009" y="106"/>
    <KTTB deviceID="" scale="0.4" resource="Configration.ApplicationSkin2._ApplicationSkin_Group1.contentGroup.HGroup5.VGroup9._Configration_Scroller1.ScrollerSkin193.Group42.initGroup.Image1258" rotation="0" x="928" y="101"/>
    <TEXT textAlign="right" deviceID="" text="DK-34" fontWeight="bold" fontSize="12" fontFamily="Arial" param="" scale="1" resource="Configration.ApplicationSkin2._ApplicationSkin_Group1.contentGroup.HGroup5.VGroup9._Configration_Scroller1.ScrollerSkin193.Group42.initGroup.TextInput1260" rotation="0" color="16777215" widthInChars="3" x="923" y="78"/>
    <KTTB deviceID="" scale="0.4" resource="Configration.ApplicationSkin2._ApplicationSkin_Group1.contentGroup.HGroup5.VGroup9._Configration_Scroller1.ScrollerSkin193.Group42.initGroup.Image1263" rotation="0" x="885" y="99"/>
    <TEXT textAlign="right" deviceID="" text="DK-33" fontWeight="bold" fontSize="12" fontFamily="Arial" param="" scale="1" resource="Configration.ApplicationSkin2._ApplicationSkin_Group1.contentGroup.HGroup5.VGroup9._Configration_Scroller1.ScrollerSkin193.Group42.initGroup.TextInput1265" rotation="0" color="16777215" widthInChars="3" x="882" y="79"/>
    <KTTB deviceID="" scale="0.4" resource="Configration.ApplicationSkin2._ApplicationSkin_Group1.contentGroup.HGroup5.VGroup9._Configration_Scroller1.ScrollerSkin193.Group42.initGroup.Image1268" rotation="0" x="845" y="98"/>
    <KTTB deviceID="" scale="0.4" resource="Configration.ApplicationSkin2._ApplicationSkin_Group1.contentGroup.HGroup5.VGroup9._Configration_Scroller1.ScrollerSkin193.Group42.initGroup.Image1270" rotation="0" x="799" y="100"/>
    <TEXT textAlign="right" deviceID="" text="DK-32" fontWeight="bold" fontSize="12" fontFamily="Arial" param="" scale="1" resource="Configration.ApplicationSkin2._ApplicationSkin_Group1.contentGroup.HGroup5.VGroup9._Configration_Scroller1.ScrollerSkin193.Group42.initGroup.TextInput1272" rotation="0" color="16777215" widthInChars="3" x="840" y="80"/>
    <TEXT textAlign="right" deviceID="" text="DK-31" fontWeight="bold" fontSize="12" fontFamily="Arial" param="" scale="1" resource="Configration.ApplicationSkin2._ApplicationSkin_Group1.contentGroup.HGroup5.VGroup9._Configration_Scroller1.ScrollerSkin193.Group42.initGroup.TextInput1275" rotation="0" color="16777215" widthInChars="3" x="792" y="81"/>
    <LABEL textAlign="right" deviceID="" text="1234" fontWeight="normal" fontSize="12" fontFamily="digifaw" param="" scale="1" resource="Configration.ApplicationSkin2._ApplicationSkin_Group1.contentGroup.HGroup5.VGroup9._Configration_Scroller1.ScrollerSkin193.Group42.initGroup.TextInput1278" rotation="0" color="65280" widthInChars="3" x="1005" y="81"/>
    <LABEL textAlign="right" deviceID="" text="1234" fontWeight="normal" fontSize="12" fontFamily="digifaw" param="" scale="1" resource="Configration.ApplicationSkin2._ApplicationSkin_Group1.contentGroup.HGroup5.VGroup9._Configration_Scroller1.ScrollerSkin193.Group42.initGroup.TextInput1281" rotation="0" color="65280" widthInChars="3" x="161" y="131"/>
    <KTTB deviceID="" resource="Configration.ApplicationSkin2._ApplicationSkin_Group1.contentGroup.HGroup5.VGroup9._Configration_Scroller1.ScrollerSkin193.Group42.initGroup.Image1298" scale="0.55" x="116" y="20" rotation="0"/>
    <LABEL textAlign="right" deviceID="" text="W1-3AL1-1#" fontWeight="normal" fontSize="12" fontFamily="digifaw" param="" resource="Configration.ApplicationSkin2._ApplicationSkin_Group1.contentGroup.HGroup5.VGroup9._Configration_Scroller1.ScrollerSkin193.Group42.initGroup.TextInput1306" color="65280" widthInChars="8" scale="1" x="163" y="33" rotation="0"/>
    <KTTB deviceID="" resource="Configration.ApplicationSkin2._ApplicationSkin_Group1.contentGroup.HGroup5.VGroup9._Configration_Scroller1.ScrollerSkin193.Group42.initGroup.Image1298" scale="0.55" x="226" y="144" rotation="0"/>
    <LABEL textAlign="right" deviceID="" widthInChars="8" color="65280" fontWeight="normal" fontSize="12" fontFamily="digifaw" param="" text="W1-3AL1-2#" resource="Configration.ApplicationSkin2._ApplicationSkin_Group1.contentGroup.HGroup5.VGroup9._Configration_Scroller1.ScrollerSkin193.Group42.initGroup.TextInput1306" scale="1" x="273" y="157" rotation="0"/>
    <KTTB deviceID="" resource="Configration.ApplicationSkin2._ApplicationSkin_Group1.contentGroup.HGroup5.VGroup9._Configration_Scroller1.ScrollerSkin193.Group42.initGroup.Image1298" scale="0.55" x="228" y="232" rotation="0"/>
    <LABEL textAlign="right" deviceID="" text="W1-3AL1-3#" fontWeight="normal" fontSize="12" fontFamily="digifaw" param="" color="65280" resource="Configration.ApplicationSkin2._ApplicationSkin_Group1.contentGroup.HGroup5.VGroup9._Configration_Scroller1.ScrollerSkin193.Group42.initGroup.TextInput1306" widthInChars="8" scale="1" x="276" y="244" rotation="0"/>
    <KTTB deviceID="" resource="Configration.ApplicationSkin2._ApplicationSkin_Group1.contentGroup.HGroup5.VGroup9._Configration_Scroller1.ScrollerSkin193.Group42.initGroup.Image1298" scale="0.55" x="391" y="283" rotation="0"/>
    <LABEL textAlign="right" deviceID="" widthInChars="6" resource="Configration.ApplicationSkin2._ApplicationSkin_Group1.contentGroup.HGroup5.VGroup9._Configration_Scroller1.ScrollerSkin193.Group42.initGroup.TextInput1306" fontWeight="normal" fontSize="12" fontFamily="digifaw" param="" text="W2-3AL2" color="65280" scale="1" x="441" y="292" rotation="0"/>
    <KTTB deviceID="" resource="Configration.ApplicationSkin2._ApplicationSkin_Group1.contentGroup.HGroup5.VGroup9._Configration_Scroller1.ScrollerSkin193.Group42.initGroup.Image1298" scale="0.55" x="814" y="294" rotation="0"/>
    <LABEL textAlign="right" deviceID="" widthInChars="7" color="65280" fontWeight="normal" fontSize="12" fontFamily="digifaw" param="" text="W1-3AL-1#" resource="Configration.ApplicationSkin2._ApplicationSkin_Group1.contentGroup.HGroup5.VGroup9._Configration_Scroller1.ScrollerSkin193.Group42.initGroup.TextInput1306" scale="1" x="717" y="307" rotation="0"/>
    <KTTB deviceID="" resource="Configration.ApplicationSkin2._ApplicationSkin_Group1.contentGroup.HGroup5.VGroup9._Configration_Scroller1.ScrollerSkin193.Group42.initGroup.Image1298" scale="0.55" x="813" y="252" rotation="0"/>
    <LABEL textAlign="right" deviceID="" text="W1-3AL-2#" fontWeight="normal" fontSize="12" fontFamily="digifaw" param="" color="65280" resource="Configration.ApplicationSkin2._ApplicationSkin_Group1.contentGroup.HGroup5.VGroup9._Configration_Scroller1.ScrollerSkin193.Group42.initGroup.TextInput1306" widthInChars="7" scale="1" x="717" y="266" rotation="0"/>
    <KTTB deviceID="" resource="Configration.ApplicationSkin2._ApplicationSkin_Group1.contentGroup.HGroup5.VGroup9._Configration_Scroller1.ScrollerSkin193.Group42.initGroup.Image1298" scale="0.55" x="780" y="24" rotation="0"/>
    <LABEL textAlign="right" deviceID="" text="W2-3AL1-1#" fontWeight="normal" fontSize="12" fontFamily="digifaw" param="" color="65280" resource="Configration.ApplicationSkin2._ApplicationSkin_Group1.contentGroup.HGroup5.VGroup9._Configration_Scroller1.ScrollerSkin193.Group42.initGroup.TextInput1306" widthInChars="8" scale="1" x="667" y="39" rotation="0"/>
    <KTTB deviceID="" resource="Configration.ApplicationSkin2._ApplicationSkin_Group1.contentGroup.HGroup5.VGroup9._Configration_Scroller1.ScrollerSkin193.Group42.initGroup.Image1298" scale="0.55" x="825" y="23" rotation="0"/>
    <LABEL textAlign="right" deviceID="" widthInChars="8" resource="Configration.ApplicationSkin2._ApplicationSkin_Group1.contentGroup.HGroup5.VGroup9._Configration_Scroller1.ScrollerSkin193.Group42.initGroup.TextInput1306" fontWeight="normal" fontSize="12" fontFamily="digifaw" param="" text="W2-3AL1-2#" color="65280" scale="1" x="873" y="37" rotation="0"/>
  </Components>
</Configration>