<?xml version="1.0" encoding="utf-8"?>
<Configration Width="1434" Height="714">
  <LIST>
    <Component>
      <KTDZKT/>
    </Component>
    <Image>
      <F1NODE source="mapAssets/mapImages/F1Node.png" group="map"/>
      <LCF1 source="assets/comp/LCF1.png"/>
      <TULI source="assets/comp/TULI/TULI.png"/>
      <KTDZKTA source="assets/comp/TULI/KTDZKTA.png"/>
      <KTDZKTR source="assets/comp/TULI/KTDZKTR.png"/>
      <KTDZKTN source="assets/comp/TULI/KTDZKTN.png"/>
    </Image>
  </LIST>
  <Components>
    <F1NODE height="714" y="0" width="1434" group="map" source="mapAssets/mapImages/F1Node.png" x="0"/>
    <KTDZKT scaleY="0.4" deviceID="1120001" mark="DPAU" group="deviceComp" width="80" x="290.5" height="80" y="221.15" source="assets/comp/KTDZKT/bg.png" deviceName="1层1_1#吊顶空调" scaleX="0.4"/>
    <TEXT x="202.95" param="" deviceID="" text="1层1_1#吊顶空调" sizeAuto="true" borderColor="0xffffff" group="commonComp" source="assets/comp/TEXTINPUT/label.png" textAlign="center" height="17" y="205" widthInChars="4" width="97" color="255" fontWeight="normal" contentBackgroundAlpha="0" fontSize="12" fontFamily="微软雅黑" borderVisible="false"/>
    <LCF1 height="92" y="10" width="110" group="bg" source="assets/comp/LCF1.png" x="10"/>
    <TULI height="124" y="432" width="225" group="tuli" source="assets/comp/TULI/TULI.png" x="1048"/>
    <KTDZKTA scaleY="0.4" group="tuli" width="80" x="1195" height="80" y="520" source="assets/comp/TULI/KTDZKTA.png" scaleX="0.4"/>
    <KTDZKTR scaleY="0.4" group="tuli" width="80" x="1195" height="80" y="488" source="assets/comp/TULI/KTDZKTR.png" scaleX="0.4"/>
    <KTDZKTN scaleY="0.4" group="tuli" width="80" x="1194" height="80" y="456" source="assets/comp/TULI/KTDZKTN.png" scaleX="0.4"/>
    <TEXT x="1102" param="" deviceID="" text="停止" sizeAuto="true" borderColor="0xffffff" group="commonComp" source="assets/comp/TEXTINPUT/label.png" textAlign="center" height="17" y="460" widthInChars="4" width="28" color="255" fontWeight="normal" contentBackgroundAlpha="0" fontSize="12" fontFamily="微软雅黑" borderVisible="false"/>
    <TEXT x="1102" param="" deviceID="" text="运行" sizeAuto="true" borderColor="0xffffff" group="commonComp" source="assets/comp/TEXTINPUT/label.png" textAlign="center" height="17" y="492" widthInChars="4" width="28" color="255" fontWeight="normal" contentBackgroundAlpha="0" fontSize="12" fontFamily="微软雅黑" borderVisible="false"/>
    <TEXT x="1102" param="" deviceID="" text="报警" sizeAuto="true" borderColor="0xffffff" group="commonComp" source="assets/comp/TEXTINPUT/label.png" textAlign="center" height="17" y="523" widthInChars="4" width="28" color="255" fontWeight="normal" contentBackgroundAlpha="0" fontSize="12" fontFamily="微软雅黑" borderVisible="false"/>
  </Components>
</Configration>