<?xml version="1.0" encoding="utf-8"?><Configration>
  <LIST>
    <Component>
      <KTTB/>
    </Component>
    <Image>
      <F3NODE source="assets/comp/F3Node.png"/>
    </Image>
  </LIST>
  <Components>
    <F3NODE resource="Configration.ApplicationSkin2._ApplicationSkin_Group1.contentGroup.HGroup5.VGroup9._Configration_Scroller1.ScrollerSkin193.Group42.initGroup.Image2629" scale="0.55" rotation="0" x="-1" y="-31"/>
    <KTTB deviceID="" scale="0.4" resource="Configration.ApplicationSkin2._ApplicationSkin_Group1.contentGroup.HGroup5.VGroup9._Configration_Scroller1.ScrollerSkin193.Group42.initGroup.Image2631" rotation="0" x="93" y="96"/>
    <TEXT deviceID="" textAlign="right" fontWeight="bold" fontSize="12" param="" fontFamily="Arial" resource="Configration.ApplicationSkin2._ApplicationSkin_Group1.contentGroup.HGroup5.VGroup9._Configration_Scroller1.ScrollerSkin193.Group42.initGroup.TextInput2633" scale="1" text="DK-1" rotation="0" widthInChars="2" color="16777215" x="95" y="75"/>
    <KTTB deviceID="" scale="0.4" resource="Configration.ApplicationSkin2._ApplicationSkin_Group1.contentGroup.HGroup5.VGroup9._Configration_Scroller1.ScrollerSkin193.Group42.initGroup.Image2636" rotation="0" x="133" y="98"/>
    <KTTB deviceID="" scale="0.4" resource="Configration.ApplicationSkin2._ApplicationSkin_Group1.contentGroup.HGroup5.VGroup9._Configration_Scroller1.ScrollerSkin193.Group42.initGroup.Image2638" rotation="0" x="170" y="98"/>
    <KTTB deviceID="" scale="0.4" resource="Configration.ApplicationSkin2._ApplicationSkin_Group1.contentGroup.HGroup5.VGroup9._Configration_Scroller1.ScrollerSkin193.Group42.initGroup.Image2640" rotation="0" x="206" y="99"/>
    <TEXT deviceID="" textAlign="right" fontWeight="bold" fontSize="12" param="" fontFamily="Arial" resource="Configration.ApplicationSkin2._ApplicationSkin_Group1.contentGroup.HGroup5.VGroup9._Configration_Scroller1.ScrollerSkin193.Group42.initGroup.TextInput2642" scale="1" text="DK-2" rotation="0" widthInChars="2" color="16777215" x="132" y="75"/>
    <TEXT deviceID="" textAlign="right" fontWeight="bold" fontSize="12" param="" fontFamily="Arial" resource="Configration.ApplicationSkin2._ApplicationSkin_Group1.contentGroup.HGroup5.VGroup9._Configration_Scroller1.ScrollerSkin193.Group42.initGroup.TextInput2645" scale="1" text="DK-3" rotation="0" widthInChars="2" color="16777215" x="171" y="76"/>
    <TEXT deviceID="" textAlign="right" fontWeight="bold" fontSize="12" param="" fontFamily="Arial" resource="Configration.ApplicationSkin2._ApplicationSkin_Group1.contentGroup.HGroup5.VGroup9._Configration_Scroller1.ScrollerSkin193.Group42.initGroup.TextInput2648" scale="1" text="DK-4" rotation="0" widthInChars="2" color="16777215" x="206" y="76"/>
    <KTTB deviceID="" scale="0.4" resource="Configration.ApplicationSkin2._ApplicationSkin_Group1.contentGroup.HGroup5.VGroup9._Configration_Scroller1.ScrollerSkin193.Group42.initGroup.Image2651" rotation="0" x="95" y="150"/>
    <KTTB deviceID="" scale="0.4" resource="Configration.ApplicationSkin2._ApplicationSkin_Group1.contentGroup.HGroup5.VGroup9._Configration_Scroller1.ScrollerSkin193.Group42.initGroup.Image2653" rotation="0" x="132" y="151"/>
    <TEXT deviceID="" textAlign="right" fontWeight="bold" fontSize="12" param="" fontFamily="Arial" resource="Configration.ApplicationSkin2._ApplicationSkin_Group1.contentGroup.HGroup5.VGroup9._Configration_Scroller1.ScrollerSkin193.Group42.initGroup.TextInput2655" scale="1" text="DK-5" rotation="0" widthInChars="2" color="16777215" x="63" y="156"/>
    <TEXT deviceID="" textAlign="right" fontWeight="bold" fontSize="12" param="" fontFamily="Arial" resource="Configration.ApplicationSkin2._ApplicationSkin_Group1.contentGroup.HGroup5.VGroup9._Configration_Scroller1.ScrollerSkin193.Group42.initGroup.TextInput2658" scale="1" text="DK-6" rotation="0" widthInChars="2" color="16777215" x="169" y="158"/>
    <KTTB deviceID="" scale="0.4" resource="Configration.ApplicationSkin2._ApplicationSkin_Group1.contentGroup.HGroup5.VGroup9._Configration_Scroller1.ScrollerSkin193.Group42.initGroup.Image2661" rotation="0" x="94" y="238"/>
    <KTTB deviceID="" scale="0.4" resource="Configration.ApplicationSkin2._ApplicationSkin_Group1.contentGroup.HGroup5.VGroup9._Configration_Scroller1.ScrollerSkin193.Group42.initGroup.Image2663" rotation="0" x="131" y="240"/>
    <TEXT deviceID="" textAlign="right" fontWeight="bold" fontSize="12" param="" fontFamily="Arial" resource="Configration.ApplicationSkin2._ApplicationSkin_Group1.contentGroup.HGroup5.VGroup9._Configration_Scroller1.ScrollerSkin193.Group42.initGroup.TextInput2665" scale="1" text="DK-7" rotation="0" widthInChars="2" color="16777215" x="63" y="243"/>
    <TEXT deviceID="" textAlign="right" fontWeight="bold" fontSize="12" param="" fontFamily="Arial" resource="Configration.ApplicationSkin2._ApplicationSkin_Group1.contentGroup.HGroup5.VGroup9._Configration_Scroller1.ScrollerSkin193.Group42.initGroup.TextInput2668" scale="1" text="DK-8" rotation="0" widthInChars="2" color="16777215" x="164" y="246"/>
    <KTTB deviceID="" scale="0.4" resource="Configration.ApplicationSkin2._ApplicationSkin_Group1.contentGroup.HGroup5.VGroup9._Configration_Scroller1.ScrollerSkin193.Group42.initGroup.Image2671" rotation="0" x="119" y="299"/>
    <TEXT deviceID="" textAlign="right" fontWeight="bold" fontSize="12" param="" fontFamily="Arial" resource="Configration.ApplicationSkin2._ApplicationSkin_Group1.contentGroup.HGroup5.VGroup9._Configration_Scroller1.ScrollerSkin193.Group42.initGroup.TextInput2673" scale="1" text="DK-12" rotation="0" widthInChars="3" color="16777215" x="115" y="279"/>
    <KTTB deviceID="" scale="0.4" resource="Configration.ApplicationSkin2._ApplicationSkin_Group1.contentGroup.HGroup5.VGroup9._Configration_Scroller1.ScrollerSkin193.Group42.initGroup.Image2676" rotation="0" x="183" y="312"/>
    <TEXT deviceID="" textAlign="right" fontWeight="bold" fontSize="12" param="" fontFamily="Arial" resource="Configration.ApplicationSkin2._ApplicationSkin_Group1.contentGroup.HGroup5.VGroup9._Configration_Scroller1.ScrollerSkin193.Group42.initGroup.TextInput2678" scale="1" text="DK-13" rotation="0" widthInChars="3" color="16777215" x="178" y="290"/>
    <KTTB deviceID="" scale="0.4" resource="Configration.ApplicationSkin2._ApplicationSkin_Group1.contentGroup.HGroup5.VGroup9._Configration_Scroller1.ScrollerSkin193.Group42.initGroup.Image2681" rotation="0" x="89" y="334"/>
    <KTTB deviceID="" scale="0.4" resource="Configration.ApplicationSkin2._ApplicationSkin_Group1.contentGroup.HGroup5.VGroup9._Configration_Scroller1.ScrollerSkin193.Group42.initGroup.Image2683" rotation="0" x="116" y="402"/>
    <KTTB deviceID="" scale="0.4" resource="Configration.ApplicationSkin2._ApplicationSkin_Group1.contentGroup.HGroup5.VGroup9._Configration_Scroller1.ScrollerSkin193.Group42.initGroup.Image2685" rotation="0" x="181" y="418"/>
    <LABEL deviceID="" textAlign="right" fontWeight="normal" fontSize="12" param="" fontFamily="digifaw" resource="Configration.ApplicationSkin2._ApplicationSkin_Group1.contentGroup.HGroup5.VGroup9._Configration_Scroller1.ScrollerSkin193.Group42.initGroup.TextInput2687" scale="1" text="1234" rotation="0" widthInChars="3" color="65280" x="220" y="430"/>
    <TEXT deviceID="" textAlign="right" fontWeight="bold" fontSize="12" param="" fontFamily="Arial" resource="Configration.ApplicationSkin2._ApplicationSkin_Group1.contentGroup.HGroup5.VGroup9._Configration_Scroller1.ScrollerSkin193.Group42.initGroup.TextInput2690" scale="1" text="DK-11" rotation="0" widthInChars="3" color="16777215" x="47" y="337"/>
    <TEXT deviceID="" textAlign="right" fontWeight="bold" fontSize="12" param="" fontFamily="Arial" resource="Configration.ApplicationSkin2._ApplicationSkin_Group1.contentGroup.HGroup5.VGroup9._Configration_Scroller1.ScrollerSkin193.Group42.initGroup.TextInput2693" scale="1" text="DK-10" rotation="0" widthInChars="3" color="16777215" x="70" y="411"/>
    <TEXT deviceID="" textAlign="right" fontWeight="bold" fontSize="12" param="" fontFamily="Arial" resource="Configration.ApplicationSkin2._ApplicationSkin_Group1.contentGroup.HGroup5.VGroup9._Configration_Scroller1.ScrollerSkin193.Group42.initGroup.TextInput2696" scale="1" text="DK-9" rotation="0" widthInChars="2" color="16777215" x="147" y="436"/>
    <KTTB deviceID="" scale="0.4" resource="Configration.ApplicationSkin2._ApplicationSkin_Group1.contentGroup.HGroup5.VGroup9._Configration_Scroller1.ScrollerSkin193.Group42.initGroup.Image2699" rotation="0" x="229" y="378"/>
    <TEXT deviceID="" textAlign="right" fontWeight="bold" fontSize="12" param="" fontFamily="Arial" resource="Configration.ApplicationSkin2._ApplicationSkin_Group1.contentGroup.HGroup5.VGroup9._Configration_Scroller1.ScrollerSkin193.Group42.initGroup.TextInput2701" scale="1" text="DK-14" rotation="0" widthInChars="3" color="16777215" x="228" y="356"/>
    <KTTB deviceID="" scale="0.4" resource="Configration.ApplicationSkin2._ApplicationSkin_Group1.contentGroup.HGroup5.VGroup9._Configration_Scroller1.ScrollerSkin193.Group42.initGroup.Image2704" rotation="0" x="292" y="370"/>
    <KTTB deviceID="" scale="0.4" resource="Configration.ApplicationSkin2._ApplicationSkin_Group1.contentGroup.HGroup5.VGroup9._Configration_Scroller1.ScrollerSkin193.Group42.initGroup.Image2706" rotation="0" x="292" y="405"/>
    <TEXT deviceID="" textAlign="right" fontWeight="bold" fontSize="12" param="" fontFamily="Arial" resource="Configration.ApplicationSkin2._ApplicationSkin_Group1.contentGroup.HGroup5.VGroup9._Configration_Scroller1.ScrollerSkin193.Group42.initGroup.TextInput2708" scale="1" text="DK-15" rotation="0" widthInChars="3" color="16777215" x="288" y="348"/>
    <TEXT deviceID="" textAlign="right" fontWeight="bold" fontSize="12" param="" fontFamily="Arial" resource="Configration.ApplicationSkin2._ApplicationSkin_Group1.contentGroup.HGroup5.VGroup9._Configration_Scroller1.ScrollerSkin193.Group42.initGroup.TextInput2711" scale="1" text="DK-16" rotation="0" widthInChars="3" color="16777215" x="289" y="437"/>
    <KTTB deviceID="" scale="0.4" resource="Configration.ApplicationSkin2._ApplicationSkin_Group1.contentGroup.HGroup5.VGroup9._Configration_Scroller1.ScrollerSkin193.Group42.initGroup.Image2714" rotation="0" x="380" y="404"/>
    <KTTB deviceID="" scale="0.4" resource="Configration.ApplicationSkin2._ApplicationSkin_Group1.contentGroup.HGroup5.VGroup9._Configration_Scroller1.ScrollerSkin193.Group42.initGroup.Image2716" rotation="0" x="380" y="372"/>
    <TEXT deviceID="" textAlign="right" fontWeight="bold" fontSize="12" param="" fontFamily="Arial" resource="Configration.ApplicationSkin2._ApplicationSkin_Group1.contentGroup.HGroup5.VGroup9._Configration_Scroller1.ScrollerSkin193.Group42.initGroup.TextInput2718" scale="1" text="DK-17" rotation="0" widthInChars="3" color="16777215" x="375" y="352"/>
    <TEXT deviceID="" textAlign="right" fontWeight="bold" fontSize="12" param="" fontFamily="Arial" resource="Configration.ApplicationSkin2._ApplicationSkin_Group1.contentGroup.HGroup5.VGroup9._Configration_Scroller1.ScrollerSkin193.Group42.initGroup.TextInput2721" scale="1" text="DK-18" rotation="0" widthInChars="3" color="16777215" x="379" y="440"/>
    <KTTB deviceID="" scale="0.4" resource="Configration.ApplicationSkin2._ApplicationSkin_Group1.contentGroup.HGroup5.VGroup9._Configration_Scroller1.ScrollerSkin193.Group42.initGroup.Image2724" rotation="0" x="495" y="372"/>
    <KTTB deviceID="" scale="0.4" resource="Configration.ApplicationSkin2._ApplicationSkin_Group1.contentGroup.HGroup5.VGroup9._Configration_Scroller1.ScrollerSkin193.Group42.initGroup.Image2726" rotation="0" x="496" y="405"/>
    <TEXT deviceID="" textAlign="right" fontWeight="bold" fontSize="12" param="" fontFamily="Arial" resource="Configration.ApplicationSkin2._ApplicationSkin_Group1.contentGroup.HGroup5.VGroup9._Configration_Scroller1.ScrollerSkin193.Group42.initGroup.TextInput2728" scale="1" text="DK-19" rotation="0" widthInChars="3" color="16777215" x="492" y="351"/>
    <TEXT deviceID="" textAlign="right" fontWeight="bold" fontSize="12" param="" fontFamily="Arial" resource="Configration.ApplicationSkin2._ApplicationSkin_Group1.contentGroup.HGroup5.VGroup9._Configration_Scroller1.ScrollerSkin193.Group42.initGroup.TextInput2731" scale="1" text="DK-20" rotation="0" widthInChars="3" color="16777215" x="491" y="439"/>
    <LABEL deviceID="" textAlign="right" fontWeight="normal" fontSize="12" param="" fontFamily="digifaw" resource="Configration.ApplicationSkin2._ApplicationSkin_Group1.contentGroup.HGroup5.VGroup9._Configration_Scroller1.ScrollerSkin193.Group42.initGroup.TextInput2734" scale="1" text="1234" rotation="0" widthInChars="3" color="65280" x="416" y="411"/>
    <KTTB deviceID="" scale="0.4" resource="Configration.ApplicationSkin2._ApplicationSkin_Group1.contentGroup.HGroup5.VGroup9._Configration_Scroller1.ScrollerSkin193.Group42.initGroup.Image2737" rotation="0" x="583" y="370"/>
    <KTTB deviceID="" scale="0.4" resource="Configration.ApplicationSkin2._ApplicationSkin_Group1.contentGroup.HGroup5.VGroup9._Configration_Scroller1.ScrollerSkin193.Group42.initGroup.Image2739" rotation="0" x="584" y="403"/>
    <TEXT deviceID="" textAlign="right" fontWeight="bold" fontSize="12" param="" fontFamily="Arial" resource="Configration.ApplicationSkin2._ApplicationSkin_Group1.contentGroup.HGroup5.VGroup9._Configration_Scroller1.ScrollerSkin193.Group42.initGroup.TextInput2741" scale="1" text="DK-21" rotation="0" widthInChars="3" color="16777215" x="579" y="349"/>
    <TEXT deviceID="" textAlign="right" fontWeight="bold" fontSize="12" param="" fontFamily="Arial" resource="Configration.ApplicationSkin2._ApplicationSkin_Group1.contentGroup.HGroup5.VGroup9._Configration_Scroller1.ScrollerSkin193.Group42.initGroup.TextInput2744" scale="1" text="DK-22" rotation="0" widthInChars="3" color="16777215" x="583" y="438"/>
    <KTTB deviceID="" scale="0.4" resource="Configration.ApplicationSkin2._ApplicationSkin_Group1.contentGroup.HGroup5.VGroup9._Configration_Scroller1.ScrollerSkin193.Group42.initGroup.Image2747" rotation="0" x="702" y="370"/>
    <KTTB deviceID="" scale="0.4" resource="Configration.ApplicationSkin2._ApplicationSkin_Group1.contentGroup.HGroup5.VGroup9._Configration_Scroller1.ScrollerSkin193.Group42.initGroup.Image2749" rotation="0" x="704" y="403"/>
    <TEXT deviceID="" textAlign="right" fontWeight="bold" fontSize="12" param="" fontFamily="Arial" resource="Configration.ApplicationSkin2._ApplicationSkin_Group1.contentGroup.HGroup5.VGroup9._Configration_Scroller1.ScrollerSkin193.Group42.initGroup.TextInput2751" scale="1" text="DK-23" rotation="0" widthInChars="3" color="16777215" x="698" y="349"/>
    <TEXT deviceID="" textAlign="right" fontWeight="bold" fontSize="12" param="" fontFamily="Arial" resource="Configration.ApplicationSkin2._ApplicationSkin_Group1.contentGroup.HGroup5.VGroup9._Configration_Scroller1.ScrollerSkin193.Group42.initGroup.TextInput2754" scale="1" text="DK-24" rotation="0" widthInChars="3" color="16777215" x="703" y="435"/>
    <KTTB deviceID="" scale="0.4" resource="Configration.ApplicationSkin2._ApplicationSkin_Group1.contentGroup.HGroup5.VGroup9._Configration_Scroller1.ScrollerSkin193.Group42.initGroup.Image2757" rotation="0" x="810" y="371"/>
    <KTTB deviceID="" scale="0.4" resource="Configration.ApplicationSkin2._ApplicationSkin_Group1.contentGroup.HGroup5.VGroup9._Configration_Scroller1.ScrollerSkin193.Group42.initGroup.Image2759" rotation="0" x="812" y="403"/>
    <TEXT deviceID="" textAlign="right" fontWeight="bold" fontSize="12" param="" fontFamily="Arial" resource="Configration.ApplicationSkin2._ApplicationSkin_Group1.contentGroup.HGroup5.VGroup9._Configration_Scroller1.ScrollerSkin193.Group42.initGroup.TextInput2761" scale="1" text="DK-25" rotation="0" widthInChars="3" color="16777215" x="805" y="350"/>
    <TEXT deviceID="" textAlign="right" fontWeight="bold" fontSize="12" param="" fontFamily="Arial" resource="Configration.ApplicationSkin2._ApplicationSkin_Group1.contentGroup.HGroup5.VGroup9._Configration_Scroller1.ScrollerSkin193.Group42.initGroup.TextInput2764" scale="1" text="DK-26" rotation="0" widthInChars="3" color="16777215" x="810" y="433"/>
    <KTTB deviceID="" scale="0.4" resource="Configration.ApplicationSkin2._ApplicationSkin_Group1.contentGroup.HGroup5.VGroup9._Configration_Scroller1.ScrollerSkin193.Group42.initGroup.Image2767" rotation="0" x="877" y="353"/>
    <TEXT deviceID="" textAlign="right" fontWeight="bold" fontSize="12" param="" fontFamily="Arial" resource="Configration.ApplicationSkin2._ApplicationSkin_Group1.contentGroup.HGroup5.VGroup9._Configration_Scroller1.ScrollerSkin193.Group42.initGroup.TextInput2769" scale="1" text="DK-27" rotation="0" widthInChars="3" color="16777215" x="856" y="336"/>
    <KTTB deviceID="" scale="0.4" resource="Configration.ApplicationSkin2._ApplicationSkin_Group1.contentGroup.HGroup5.VGroup9._Configration_Scroller1.ScrollerSkin193.Group42.initGroup.Image2772" rotation="0" x="903" y="405"/>
    <TEXT deviceID="" textAlign="right" fontWeight="bold" fontSize="12" param="" fontFamily="Arial" resource="Configration.ApplicationSkin2._ApplicationSkin_Group1.contentGroup.HGroup5.VGroup9._Configration_Scroller1.ScrollerSkin193.Group42.initGroup.TextInput2774" scale="1" text="DK-30" rotation="0" widthInChars="3" color="16777215" x="902" y="440"/>
    <LABEL deviceID="" textAlign="right" fontWeight="normal" fontSize="12" param="" fontFamily="digifaw" resource="Configration.ApplicationSkin2._ApplicationSkin_Group1.contentGroup.HGroup5.VGroup9._Configration_Scroller1.ScrollerSkin193.Group42.initGroup.TextInput2777" scale="1" text="1234" rotation="0" widthInChars="3" color="65280" x="857" y="409"/>
    <KTTB deviceID="" scale="0.4" resource="Configration.ApplicationSkin2._ApplicationSkin_Group1.contentGroup.HGroup5.VGroup9._Configration_Scroller1.ScrollerSkin193.Group42.initGroup.Image2780" rotation="0" x="923" y="308"/>
    <TEXT deviceID="" textAlign="right" fontWeight="bold" fontSize="12" param="" fontFamily="Arial" resource="Configration.ApplicationSkin2._ApplicationSkin_Group1.contentGroup.HGroup5.VGroup9._Configration_Scroller1.ScrollerSkin193.Group42.initGroup.TextInput2782" scale="1" text="DK-28" rotation="0" widthInChars="3" color="16777215" x="886" y="306"/>
    <KTTB deviceID="" scale="0.4" resource="Configration.ApplicationSkin2._ApplicationSkin_Group1.contentGroup.HGroup5.VGroup9._Configration_Scroller1.ScrollerSkin193.Group42.initGroup.Image2785" rotation="0" x="975" y="368"/>
    <TEXT deviceID="" textAlign="right" fontWeight="bold" fontSize="12" param="" fontFamily="Arial" resource="Configration.ApplicationSkin2._ApplicationSkin_Group1.contentGroup.HGroup5.VGroup9._Configration_Scroller1.ScrollerSkin193.Group42.initGroup.TextInput2787" scale="1" text="DK-29" rotation="0" widthInChars="3" color="16777215" x="1010" y="377"/>
    <KTTB deviceID="" scale="0.4" resource="Configration.ApplicationSkin2._ApplicationSkin_Group1.contentGroup.HGroup5.VGroup9._Configration_Scroller1.ScrollerSkin193.Group42.initGroup.Image2790" rotation="0" x="941" y="250"/>
    <KTTB deviceID="" scale="0.4" resource="Configration.ApplicationSkin2._ApplicationSkin_Group1.contentGroup.HGroup5.VGroup9._Configration_Scroller1.ScrollerSkin193.Group42.initGroup.Image2792" rotation="0" x="978" y="251"/>
    <TEXT deviceID="" textAlign="right" fontWeight="bold" fontSize="12" param="" fontFamily="Arial" resource="Configration.ApplicationSkin2._ApplicationSkin_Group1.contentGroup.HGroup5.VGroup9._Configration_Scroller1.ScrollerSkin193.Group42.initGroup.TextInput2794" scale="1" text="DK-38" rotation="0" widthInChars="3" color="16777215" x="900" y="255"/>
    <TEXT deviceID="" textAlign="right" fontWeight="bold" fontSize="12" param="" fontFamily="Arial" resource="Configration.ApplicationSkin2._ApplicationSkin_Group1.contentGroup.HGroup5.VGroup9._Configration_Scroller1.ScrollerSkin193.Group42.initGroup.TextInput2797" scale="1" text="DK-39" rotation="0" widthInChars="3" color="16777215" x="1011" y="256"/>
    <KTTB deviceID="" scale="0.4" resource="Configration.ApplicationSkin2._ApplicationSkin_Group1.contentGroup.HGroup5.VGroup9._Configration_Scroller1.ScrollerSkin193.Group42.initGroup.Image2800" rotation="0" x="929" y="148"/>
    <KTTB deviceID="" scale="0.4" resource="Configration.ApplicationSkin2._ApplicationSkin_Group1.contentGroup.HGroup5.VGroup9._Configration_Scroller1.ScrollerSkin193.Group42.initGroup.Image2802" rotation="0" x="977" y="147"/>
    <TEXT deviceID="" textAlign="right" fontWeight="bold" fontSize="12" param="" fontFamily="Arial" resource="Configration.ApplicationSkin2._ApplicationSkin_Group1.contentGroup.HGroup5.VGroup9._Configration_Scroller1.ScrollerSkin193.Group42.initGroup.TextInput2804" scale="1" text="DK-36" rotation="0" widthInChars="3" color="16777215" x="890" y="155"/>
    <TEXT deviceID="" textAlign="right" fontWeight="bold" fontSize="12" param="" fontFamily="Arial" resource="Configration.ApplicationSkin2._ApplicationSkin_Group1.contentGroup.HGroup5.VGroup9._Configration_Scroller1.ScrollerSkin193.Group42.initGroup.TextInput2807" scale="1" text="DK-37" rotation="0" widthInChars="3" color="16777215" x="1014" y="156"/>
    <KTTB deviceID="" scale="0.4" resource="Configration.ApplicationSkin2._ApplicationSkin_Group1.contentGroup.HGroup5.VGroup9._Configration_Scroller1.ScrollerSkin193.Group42.initGroup.Image2810" rotation="0" x="976" y="100"/>
    <TEXT deviceID="" textAlign="right" fontWeight="bold" fontSize="12" param="" fontFamily="Arial" resource="Configration.ApplicationSkin2._ApplicationSkin_Group1.contentGroup.HGroup5.VGroup9._Configration_Scroller1.ScrollerSkin193.Group42.initGroup.TextInput2812" scale="1" text="DK-35" rotation="0" widthInChars="3" color="16777215" x="1009" y="106"/>
    <KTTB deviceID="" scale="0.4" resource="Configration.ApplicationSkin2._ApplicationSkin_Group1.contentGroup.HGroup5.VGroup9._Configration_Scroller1.ScrollerSkin193.Group42.initGroup.Image2815" rotation="0" x="928" y="101"/>
    <TEXT deviceID="" textAlign="right" fontWeight="bold" fontSize="12" param="" fontFamily="Arial" resource="Configration.ApplicationSkin2._ApplicationSkin_Group1.contentGroup.HGroup5.VGroup9._Configration_Scroller1.ScrollerSkin193.Group42.initGroup.TextInput2817" scale="1" text="DK-34" rotation="0" widthInChars="3" color="16777215" x="923" y="78"/>
    <KTTB deviceID="" scale="0.4" resource="Configration.ApplicationSkin2._ApplicationSkin_Group1.contentGroup.HGroup5.VGroup9._Configration_Scroller1.ScrollerSkin193.Group42.initGroup.Image2820" rotation="0" x="885" y="99"/>
    <TEXT deviceID="" textAlign="right" fontWeight="bold" fontSize="12" param="" fontFamily="Arial" resource="Configration.ApplicationSkin2._ApplicationSkin_Group1.contentGroup.HGroup5.VGroup9._Configration_Scroller1.ScrollerSkin193.Group42.initGroup.TextInput2822" scale="1" text="DK-33" rotation="0" widthInChars="3" color="16777215" x="882" y="79"/>
    <KTTB deviceID="" scale="0.4" resource="Configration.ApplicationSkin2._ApplicationSkin_Group1.contentGroup.HGroup5.VGroup9._Configration_Scroller1.ScrollerSkin193.Group42.initGroup.Image2825" rotation="0" x="845" y="98"/>
    <KTTB deviceID="" scale="0.4" resource="Configration.ApplicationSkin2._ApplicationSkin_Group1.contentGroup.HGroup5.VGroup9._Configration_Scroller1.ScrollerSkin193.Group42.initGroup.Image2827" rotation="0" x="799" y="100"/>
    <TEXT deviceID="" textAlign="right" fontWeight="bold" fontSize="12" param="" fontFamily="Arial" resource="Configration.ApplicationSkin2._ApplicationSkin_Group1.contentGroup.HGroup5.VGroup9._Configration_Scroller1.ScrollerSkin193.Group42.initGroup.TextInput2829" scale="1" text="DK-32" rotation="0" widthInChars="3" color="16777215" x="840" y="80"/>
    <TEXT deviceID="" textAlign="right" fontWeight="bold" fontSize="12" param="" fontFamily="Arial" resource="Configration.ApplicationSkin2._ApplicationSkin_Group1.contentGroup.HGroup5.VGroup9._Configration_Scroller1.ScrollerSkin193.Group42.initGroup.TextInput2832" scale="1" text="DK-31" rotation="0" widthInChars="3" color="16777215" x="792" y="81"/>
    <LABEL deviceID="" textAlign="right" fontWeight="normal" fontSize="12" param="" fontFamily="digifaw" resource="Configration.ApplicationSkin2._ApplicationSkin_Group1.contentGroup.HGroup5.VGroup9._Configration_Scroller1.ScrollerSkin193.Group42.initGroup.TextInput2835" scale="1" text="1234" rotation="0" widthInChars="3" color="65280" x="1005" y="81"/>
    <KTTB deviceID="" scale="0.55" resource="Configration.ApplicationSkin2._ApplicationSkin_Group1.contentGroup.HGroup5.VGroup9._Configration_Scroller1.ScrollerSkin193.Group42.initGroup.Image2838" rotation="0" x="251" y="18"/>
    <LABEL deviceID="" textAlign="right" fontWeight="normal" fontSize="12" param="" fontFamily="digifaw" resource="Configration.ApplicationSkin2._ApplicationSkin_Group1.contentGroup.HGroup5.VGroup9._Configration_Scroller1.ScrollerSkin193.Group42.initGroup.TextInput2849" text="W1-2AL1-1#" widthInChars="8" color="65280" scale="1" x="299" y="30" rotation="0"/>
    <KTTB deviceID="" scale="0.55" resource="Configration.ApplicationSkin2._ApplicationSkin_Group1.contentGroup.HGroup5.VGroup9._Configration_Scroller1.ScrollerSkin193.Group42.initGroup.Image2838" rotation="0" x="251" y="65"/>
    <LABEL deviceID="" textAlign="right" fontWeight="normal" fontSize="12" param="" fontFamily="digifaw" resource="Configration.ApplicationSkin2._ApplicationSkin_Group1.contentGroup.HGroup5.VGroup9._Configration_Scroller1.ScrollerSkin193.Group42.initGroup.TextInput2849" text="W1-2AL1-2#" widthInChars="8" color="65280" scale="1" x="299" y="78" rotation="0"/>
    <KTTB deviceID="" scale="0.55" resource="Configration.ApplicationSkin2._ApplicationSkin_Group1.contentGroup.HGroup5.VGroup9._Configration_Scroller1.ScrollerSkin193.Group42.initGroup.Image2838" rotation="0" x="250" y="113"/>
    <LABEL deviceID="" textAlign="right" fontWeight="normal" fontSize="12" param="" fontFamily="digifaw" resource="Configration.ApplicationSkin2._ApplicationSkin_Group1.contentGroup.HGroup5.VGroup9._Configration_Scroller1.ScrollerSkin193.Group42.initGroup.TextInput2849" text="W1-2AL1-2#" widthInChars="8" color="65280" scale="1" x="298" y="123" rotation="0"/>
    <KTTB deviceID="" scale="0.55" resource="Configration.ApplicationSkin2._ApplicationSkin_Group1.contentGroup.HGroup5.VGroup9._Configration_Scroller1.ScrollerSkin193.Group42.initGroup.Image2838" rotation="0" x="378" y="278"/>
    <LABEL deviceID="" textAlign="right" fontWeight="normal" fontSize="12" param="" fontFamily="digifaw" resource="Configration.ApplicationSkin2._ApplicationSkin_Group1.contentGroup.HGroup5.VGroup9._Configration_Scroller1.ScrollerSkin193.Group42.initGroup.TextInput2849" text="W1-2AL2-2" widthInChars="7" color="65280" scale="1" x="428" y="289" rotation="0"/>
    <KTTB deviceID="" scale="0.55" resource="Configration.ApplicationSkin2._ApplicationSkin_Group1.contentGroup.HGroup5.VGroup9._Configration_Scroller1.ScrollerSkin193.Group42.initGroup.Image2838" rotation="0" x="694" y="229"/>
    <LABEL deviceID="" textAlign="right" fontWeight="normal" fontSize="12" param="" fontFamily="digifaw" resource="Configration.ApplicationSkin2._ApplicationSkin_Group1.contentGroup.HGroup5.VGroup9._Configration_Scroller1.ScrollerSkin193.Group42.initGroup.TextInput2849" text="W1-2AL3-2#" widthInChars="8" color="65280" scale="1" x="586" y="240" rotation="0"/>
    <KTTB deviceID="" scale="0.55" resource="Configration.ApplicationSkin2._ApplicationSkin_Group1.contentGroup.HGroup5.VGroup9._Configration_Scroller1.ScrollerSkin193.Group42.initGroup.Image2838" rotation="0" x="696" y="281"/>
    <LABEL deviceID="" textAlign="right" fontWeight="normal" fontSize="12" param="" fontFamily="digifaw" resource="Configration.ApplicationSkin2._ApplicationSkin_Group1.contentGroup.HGroup5.VGroup9._Configration_Scroller1.ScrollerSkin193.Group42.initGroup.TextInput2849" text="W1-2AL3-1#" widthInChars="8" color="65280" scale="1" x="587" y="288" rotation="0"/>
    <KTTB deviceID="" scale="0.55" resource="Configration.ApplicationSkin2._ApplicationSkin_Group1.contentGroup.HGroup5.VGroup9._Configration_Scroller1.ScrollerSkin193.Group42.initGroup.Image2838" rotation="0" x="794" y="18"/>
    <LABEL deviceID="" textAlign="right" fontWeight="normal" fontSize="12" param="" fontFamily="digifaw" resource="Configration.ApplicationSkin2._ApplicationSkin_Group1.contentGroup.HGroup5.VGroup9._Configration_Scroller1.ScrollerSkin193.Group42.initGroup.TextInput2849" text="W2-2AL1-1#" widthInChars="8" color="65280" scale="1" x="681" y="31" rotation="0"/>
    <KTTB deviceID="" scale="0.55" resource="Configration.ApplicationSkin2._ApplicationSkin_Group1.contentGroup.HGroup5.VGroup9._Configration_Scroller1.ScrollerSkin193.Group42.initGroup.Image2838" rotation="0" x="839" y="17"/>
    <LABEL deviceID="" textAlign="right" fontWeight="normal" fontSize="12" param="" fontFamily="digifaw" resource="Configration.ApplicationSkin2._ApplicationSkin_Group1.contentGroup.HGroup5.VGroup9._Configration_Scroller1.ScrollerSkin193.Group42.initGroup.TextInput2849" text="W2-2AL1-2#" widthInChars="8" color="65280" scale="1" x="888" y="28" rotation="0"/>
  </Components>
</Configration>