<?xml version="1.0" encoding="utf-8"?>
<Configration Width="1435" Height="715">
  <LIST>
    <Component>
      <KEEPWATCH/>
    </Component>
    <Image>
      <B1NODE source="mapAssets/mapImages/B1Node.png" group="map"/>
      <XGLINE source="assets/comp/xgline.png"/>
    </Image>
  </LIST>
  <Components>
    <B1NODE scaleY="1" x="0" scaleX="1" rotation="0" y="0" fontSize="13"/>
    <KEEPWATCH deviceID="" scaleY="0.25" x="209" scaleX="0.25" rotation="0" y="576" width="80" height="80"/>
    <TEXT fontFamily="微软雅黑" scaleY="1" x="205" y="597" color="255" sizeAuto="true" scaleX="1" borderColor="0xffffff" contentBackgroundColor="16777215" fontSize="16" text="1号" deviceID="" fontWeight="normal" widthInChars="4" rotation="0" contentBackgroundAlpha="0" textAlign="center" borderVisible="false" param="" width="28" height="24"/>
    <KEEPWATCH deviceID="" scaleY="0.25" x="251" scaleX="0.25" rotation="0" y="373" width="80" height="80"/>
    <TEXT fontFamily="微软雅黑" scaleY="1" x="219" y="379" color="255" sizeAuto="true" scaleX="1" borderColor="0xffffff" contentBackgroundColor="16777215" fontSize="16" text="3号" deviceID="" fontWeight="normal" widthInChars="4" rotation="0" contentBackgroundAlpha="0" textAlign="center" borderVisible="false" param="" width="28" height="24"/>
    <KEEPWATCH deviceID="" scaleY="0.25" x="249" scaleX="0.25" rotation="0" y="156" width="80" height="80"/>
    <TEXT fontFamily="微软雅黑" scaleY="1" x="219" y="150" color="255" sizeAuto="true" scaleX="1" borderColor="0xffffff" contentBackgroundColor="16777215" fontSize="16" text="4号" deviceID="" fontWeight="normal" widthInChars="4" rotation="0" contentBackgroundAlpha="0" textAlign="center" borderVisible="false" param="" width="28" height="24"/>
    <KEEPWATCH deviceID="" scaleY="0.25" x="393" scaleX="0.25" rotation="0" y="78" width="80" height="80"/>
    <TEXT fontFamily="微软雅黑" scaleY="1" x="389" y="98" color="255" sizeAuto="true" scaleX="1" borderColor="0xffffff" contentBackgroundColor="16777215" fontSize="16" text="5号" deviceID="" fontWeight="normal" widthInChars="4" rotation="0" contentBackgroundAlpha="0" textAlign="center" borderVisible="false" param="" width="28" height="24"/>
    <KEEPWATCH deviceID="" scaleY="0.25" x="898" scaleX="0.25" rotation="0" y="75" width="80" height="80"/>
    <TEXT fontFamily="微软雅黑" scaleY="1" x="923" y="75" color="255" sizeAuto="true" scaleX="1" borderColor="0xffffff" contentBackgroundColor="16777215" fontSize="16" text="7号" deviceID="" fontWeight="normal" widthInChars="4" rotation="0" contentBackgroundAlpha="0" textAlign="center" borderVisible="false" param="" width="28" height="24"/>
    <KEEPWATCH deviceID="" scaleY="0.25" x="806" scaleX="0.25" rotation="0" y="158" width="80" height="80"/>
    <TEXT fontFamily="微软雅黑" scaleY="1" x="832" y="159" color="255" sizeAuto="true" scaleX="1" borderColor="0xffffff" contentBackgroundColor="16777215" fontSize="16" text="8号" deviceID="" fontWeight="normal" widthInChars="4" rotation="0" contentBackgroundAlpha="0" textAlign="center" borderVisible="false" param="" width="28" height="24"/>
    <KEEPWATCH deviceID="" scaleY="0.25" x="498" scaleX="0.25" rotation="0" y="155" width="80" height="80"/>
    <TEXT fontFamily="微软雅黑" scaleY="1" x="503" y="176" color="255" sizeAuto="true" scaleX="1" borderColor="0xffffff" contentBackgroundColor="16777215" fontSize="16" text="9号" deviceID="" fontWeight="normal" widthInChars="4" rotation="0" contentBackgroundAlpha="0" textAlign="center" borderVisible="false" param="" width="28" height="24"/>
    <KEEPWATCH deviceID="" scaleY="0.25" x="422" scaleX="0.25" rotation="0" y="235" width="80" height="80"/>
    <TEXT fontFamily="微软雅黑" scaleY="1" x="385" y="233" color="255" sizeAuto="true" scaleX="1" borderColor="0xffffff" contentBackgroundColor="16777215" fontSize="16" text="10号" deviceID="" fontWeight="normal" widthInChars="4" rotation="0" contentBackgroundAlpha="0" textAlign="center" borderVisible="false" param="" width="38" height="24"/>
    <KEEPWATCH deviceID="" scaleY="0.25" x="606" scaleX="0.25" rotation="0" y="251" width="80" height="80"/>
    <TEXT fontFamily="微软雅黑" scaleY="1" x="599" y="270" color="255" sizeAuto="true" scaleX="1" borderColor="0xffffff" contentBackgroundColor="16777215" fontSize="16" text="12号" deviceID="" fontWeight="normal" widthInChars="4" rotation="0" contentBackgroundAlpha="0" textAlign="center" borderVisible="false" param="" width="38" height="24"/>
    <KEEPWATCH deviceID="" scaleY="0.25" x="912" scaleX="0.25" rotation="0" y="242" width="80" height="80"/>
    <TEXT fontFamily="微软雅黑" scaleY="1" x="909" y="260" color="255" sizeAuto="true" scaleX="1" borderColor="0xffffff" contentBackgroundColor="16777215" fontSize="16" text="15号" deviceID="" fontWeight="normal" widthInChars="4" rotation="0" contentBackgroundAlpha="0" textAlign="center" borderVisible="false" param="" width="38" height="24"/>
    <KEEPWATCH deviceID="" scaleY="0.25" x="1080" scaleX="0.25" rotation="0" y="157" width="80" height="80"/>
    <TEXT fontFamily="微软雅黑" scaleY="1" x="1043" y="154" color="255" sizeAuto="true" scaleX="1" borderColor="0xffffff" contentBackgroundColor="16777215" fontSize="16" text="16号" deviceID="" fontWeight="normal" widthInChars="4" rotation="0" contentBackgroundAlpha="0" textAlign="center" borderVisible="false" param="" width="38" height="24"/>
    <XGLINE x="247.00000000000006" y="370" rotation="270" width="193" height="22"/>
    <XGLINE scaleY="1" x="260.35" y="152.35" rotation="330" width="145" height="22"/>
    <XGLINE width="255" x="416" y="70" height="22"/>
    <XGLINE width="224" x="672" y="70" height="22"/>
    <XGLINE x="916.3" y="102.25" rotation="145" width="109" height="22"/>
    <XGLINE x="802" scaleX="1" rotation="180" y="176" width="279" height="22"/>
    <XGLINE x="506.04999999999995" y="178.24999999999997" rotation="130" width="89" height="22"/>
    <XGLINE x="442.4000000000001" y="244.8" rotation="20" width="74" height="22"/>
    <XGLINE scaleY="1" x="506.75" y="274.00000000000006" rotation="-15" width="98" height="22"/>
    <XGLINE x="927.25" y="234.75" rotation="340" width="180" height="22"/>
    <KEEPWATCH deviceID="" scaleY="0.25" x="1132" scaleX="0.25" rotation="0" y="180" width="80" height="80"/>
    <KEEPWATCH deviceID="" scaleY="0.25" x="1123" scaleX="0.25" rotation="0" y="229" width="80" height="80"/>
    <KEEPWATCH deviceID="" scaleY="0.25" x="1070" scaleX="0.25" rotation="0" y="198" width="80" height="80"/>
    <KEEPWATCH deviceID="" scaleY="0.25" x="1073" scaleX="0.25" rotation="0" y="231" width="80" height="80"/>
    <TEXT fontFamily="微软雅黑" scaleY="1" x="1154" y="178" color="65535" sizeAuto="true" scaleX="1" borderColor="0xffffff" contentBackgroundColor="3355443" fontSize="16" text="1号" deviceID="" fontWeight="normal" widthInChars="4" rotation="0" contentBackgroundAlpha="0" textAlign="center" borderVisible="false" param="" width="28" height="24"/>
    <TEXT fontFamily="微软雅黑" scaleY="1" x="1056" y="253" color="65535" sizeAuto="true" scaleX="1" borderColor="0xffffff" contentBackgroundColor="3355443" fontSize="16" text="3号" deviceID="" fontWeight="normal" widthInChars="4" rotation="0" contentBackgroundAlpha="0" textAlign="center" borderVisible="false" param="" width="28" height="24"/>
    <TEXT fontFamily="微软雅黑" scaleY="1" x="1133" y="249" color="65535" sizeAuto="true" scaleX="1" borderColor="0xffffff" contentBackgroundColor="3355443" fontSize="16" text="4号" deviceID="" fontWeight="normal" widthInChars="4" rotation="0" contentBackgroundAlpha="0" textAlign="center" borderVisible="false" param="" width="28" height="24"/>
    <TEXT fontFamily="微软雅黑" scaleY="1" x="1042" y="209" color="65535" sizeAuto="true" scaleX="1" borderColor="0xffffff" contentBackgroundColor="3355443" fontSize="16" text="2号" deviceID="" fontWeight="normal" widthInChars="4" rotation="0" contentBackgroundAlpha="0" textAlign="center" borderVisible="false" param="" width="28" height="24"/>
    <XGLINE width="30" x="1092" y="228" height="22"/>
    <XGLINE x="1092" y="214.05" rotation="90" width="20" height="22"/>
    <XGLINE x="1136.3500000000004" y="199.09999999999997" rotation="160" width="47" height="22"/>
    <TEXT fontFamily="微软雅黑" scaleY="1" x="211" y="349" color="65535" sizeAuto="true" scaleX="1" borderColor="0xffffff" contentBackgroundColor="3355443" fontSize="16" text="12号" deviceID="" fontWeight="normal" widthInChars="4" rotation="0" contentBackgroundAlpha="0" textAlign="center" borderVisible="false" param="" width="38" height="24"/>
    <KEEPWATCH deviceID="" scaleY="0.25" x="212" scaleX="0.25" rotation="0" y="330" width="80" height="80"/>
    <KEEPWATCH deviceID="" scaleY="0.25" x="213" scaleX="0.25" rotation="0" y="266" width="80" height="80"/>
    <KEEPWATCH deviceID="" scaleY="0.25" x="177" scaleX="0.25" rotation="0" y="276" width="80" height="80"/>
    <KEEPWATCH deviceID="" scaleY="0.25" x="176" scaleX="0.25" rotation="0" y="338" width="80" height="80"/>
    <TEXT fontFamily="微软雅黑" scaleY="1" x="211" y="240" color="65535" sizeAuto="true" scaleX="1" borderColor="0xffffff" contentBackgroundColor="3355443" fontSize="16" text="9号" deviceID="" fontWeight="normal" widthInChars="4" rotation="0" contentBackgroundAlpha="0" textAlign="center" borderVisible="false" param="" width="28" height="24"/>
    <TEXT fontFamily="微软雅黑" scaleY="1" x="166" y="250" color="65535" sizeAuto="true" scaleX="1" borderColor="0xffffff" contentBackgroundColor="3355443" fontSize="16" text="10号" deviceID="" fontWeight="normal" widthInChars="4" rotation="0" contentBackgroundAlpha="0" textAlign="center" borderVisible="false" param="" width="38" height="24"/>
    <TEXT fontFamily="微软雅黑" scaleY="1" x="162" y="359" color="65535" sizeAuto="true" scaleX="1" borderColor="0xffffff" contentBackgroundColor="3355443" fontSize="16" text="11号" deviceID="" fontWeight="normal" widthInChars="4" rotation="0" contentBackgroundAlpha="0" textAlign="center" borderVisible="false" param="" width="38" height="24"/>
    <KEEPWATCH deviceID="" scaleY="0.25" x="538" scaleX="0.25" rotation="0" y="210" width="80" height="80"/>
    <KEEPWATCH deviceID="" scaleY="0.25" x="537" scaleX="0.25" rotation="0" y="240" width="80" height="80"/>
    <KEEPWATCH deviceID="" scaleY="0.25" x="599" scaleX="0.25" rotation="0" y="205" width="80" height="80"/>
    <KEEPWATCH deviceID="" scaleY="0.25" x="598" scaleX="0.25" rotation="0" y="230" width="80" height="80"/>
    <TEXT fontFamily="微软雅黑" scaleY="1" x="508" y="206" color="65535" sizeAuto="true" scaleX="1" borderColor="0xffffff" contentBackgroundColor="3355443" fontSize="16" text="7号" deviceID="" fontWeight="normal" widthInChars="4" rotation="0" contentBackgroundAlpha="0" textAlign="center" borderVisible="false" param="" width="28" height="24"/>
    <TEXT fontFamily="微软雅黑" scaleY="1" x="610" y="182" color="65535" sizeAuto="true" scaleX="1" borderColor="0xffffff" contentBackgroundColor="3355443" fontSize="16" text="6号" deviceID="" fontWeight="normal" widthInChars="4" rotation="0" contentBackgroundAlpha="0" textAlign="center" borderVisible="false" param="" width="28" height="24"/>
    <TEXT fontFamily="微软雅黑" scaleY="1" x="620" y="225" color="65535" sizeAuto="true" scaleX="1" borderColor="0xffffff" contentBackgroundColor="3355443" fontSize="16" text="5号" deviceID="" fontWeight="normal" widthInChars="4" rotation="0" contentBackgroundAlpha="0" textAlign="center" borderVisible="false" param="" width="28" height="24"/>
    <TEXT fontFamily="微软雅黑" scaleY="1" x="509" y="237" color="65535" sizeAuto="true" scaleX="1" borderColor="0xffffff" contentBackgroundColor="3355443" fontSize="16" text="8号" deviceID="" fontWeight="normal" widthInChars="4" rotation="0" contentBackgroundAlpha="0" textAlign="center" borderVisible="false" param="" width="28" height="24"/>
    <XGLINE x="559" y="224.05" rotation="90" width="20" height="22"/>
    <XGLINE width="30" x="188" y="330" height="22"/>
    <XGLINE x="222.2" y="286.3" rotation="160" width="26" height="22"/>
    <XGLINE x="197" y="296.04999999999995" rotation="90" width="40" height="22"/>
    <XGLINE x="598.05" y="233" rotation="270" width="12" height="22"/>
    <XGLINE x="602" scaleX="1" rotation="180" y="225" width="45" height="22"/>
    <XGLINE x="214.00000000000006" y="576" rotation="-80" width="193" height="22"/>
    <XGLINE width="280" x="628" y="249" height="22"/>
  </Components>
</Configration>