<?xml version="1.0" encoding="utf-8"?><Configration Width="979.6711409395973" Height="534">
  <LIST>
    <Component/>
    <Image>
      <F1NODE source="assets/comp/F1Node.png"/>
      <DZXG source="assets/comp/dzxg.png"/>
      <DZXGNO source="assets/comp/dzxgno.png"/>
    </Image>
  </LIST>
  <Components>
    <F1NODE rotation="0" scale="0.45" x="29" y="16"/>
    <DZXG rotation="0" scale="0.5" x="152" y="75"/>
    <DZXG rotation="0" scale="0.5" x="158" y="147"/>
    <DZXG rotation="0" scale="0.5" x="166" y="218"/>
    <DZXG rotation="0" scale="0.5" x="222" y="278"/>
    <DZXG rotation="0" scale="0.5" x="324" y="300"/>
    <DZXG rotation="0" scale="0.5" x="411" y="307"/>
    <DZXG rotation="0" scale="0.5" x="520" y="300"/>
    <DZXG rotation="0" scale="0.5" x="722" y="242"/>
    <DZXG rotation="0" scale="0.5" x="754" y="178"/>
    <DZXG rotation="0" scale="0.5" x="785" y="104"/>
    <DZXGNO rotation="0" scale="0.5" x="373" y="368"/>
    <DZXGNO rotation="0" scale="0.5" x="655" y="329"/>
    <DZXG rotation="0" scale="0.5" x="85" y="445"/>
    <DZXGNO rotation="0" scale="0.5" x="205" y="445"/>
    <TEXT deviceID="" fontFamily="Arial" scale="1" fontSize="20" param="" color="16777215" rotation="0" textAlign="right" fontWeight="bold" widthInChars="3" text="已巡更" x="119" y="445"/>
    <TEXT deviceID="" fontFamily="Arial" scale="1" fontSize="20" param="" color="16777215" rotation="0" textAlign="right" fontWeight="bold" widthInChars="3" text="未巡更" x="238" y="446"/>
  </Components>
</Configration>