<?xml version="1.0" encoding="utf-8"?>
<Configration Width="1434" Height="714">
  <LIST>
    <Component>
      <KEEPWATCH/>
    </Component>
    <Image>
      <F1NODE source="mapAssets/mapImages/F1Node.png" group="map"/>
      <XGLINE source="assets/comp/xgline.png"/>
    </Image>
  </LIST>
  <Components>
    <F1NODE scaleY="1" x="0" scaleX="1" rotation="0" y="0"/>
    <KEEPWATCH deviceID="" scaleY="0.25" x="1036" scaleX="0.25" rotation="0" y="628" width="80" height="80"/>
    <TEXT fontFamily="微软雅黑" scaleY="1" x="1020" y="649" color="255" sizeAuto="true" scaleX="1" borderColor="0xffffff" contentBackgroundColor="16777215" fontSize="16" text="室外1号" deviceID="" fontWeight="normal" widthInChars="4" rotation="0" contentBackgroundAlpha="0" textAlign="center" borderVisible="false" param="" width="60" height="24"/>
    <KEEPWATCH deviceID="" scaleY="0.25" x="267" scaleX="0.25" rotation="0" y="591" width="80" height="80"/>
    <TEXT fontFamily="微软雅黑" scaleY="1" x="237" y="587" color="65433" sizeAuto="true" scaleX="1" borderColor="0xffffff" contentBackgroundColor="0" fontSize="16" text="1号" deviceID="" fontWeight="normal" widthInChars="4" rotation="0" contentBackgroundAlpha="0" textAlign="center" borderVisible="false" param="" width="28" height="24"/>
    <KEEPWATCH deviceID="" scaleY="0.25" x="589" scaleX="0.25" rotation="0" y="643" width="80" height="80"/>
    <TEXT fontFamily="微软雅黑" scaleY="1" x="570" y="665" color="255" sizeAuto="true" scaleX="1" borderColor="0xffffff" contentBackgroundColor="16777215" fontSize="16" text="室外3号" deviceID="" fontWeight="normal" widthInChars="4" rotation="0" contentBackgroundAlpha="0" textAlign="center" borderVisible="false" param="" width="60" height="24"/>
    <KEEPWATCH deviceID="" scaleY="0.25" x="140" scaleX="0.25" rotation="0" y="602" width="80" height="80"/>
    <TEXT fontFamily="微软雅黑" scaleY="1" x="124" y="622" color="255" sizeAuto="true" scaleX="1" borderColor="0xffffff" contentBackgroundColor="16777215" fontSize="16" text="室外5号" deviceID="" fontWeight="normal" widthInChars="4" rotation="0" contentBackgroundAlpha="0" textAlign="center" borderVisible="false" param="" width="60" height="24"/>
    <KEEPWATCH deviceID="" scaleY="0.25" x="242" scaleX="0.25" rotation="0" y="436" width="80" height="80"/>
    <TEXT fontFamily="微软雅黑" scaleY="1" x="211" y="434" color="65433" sizeAuto="true" scaleX="1" borderColor="0xffffff" contentBackgroundColor="0" fontSize="16" text="2号" deviceID="" fontWeight="normal" widthInChars="4" rotation="0" contentBackgroundAlpha="0" textAlign="center" borderVisible="false" param="" width="28" height="24"/>
    <KEEPWATCH deviceID="" scaleY="0.25" x="254" scaleX="0.25" rotation="0" y="223" width="80" height="80"/>
    <TEXT fontFamily="微软雅黑" scaleY="1" x="226" y="215" color="65433" sizeAuto="true" scaleX="1" borderColor="0xffffff" contentBackgroundColor="0" fontSize="16" text="3号" deviceID="" fontWeight="normal" widthInChars="4" rotation="0" contentBackgroundAlpha="0" textAlign="center" borderVisible="false" param="" width="28" height="24"/>
    <KEEPWATCH deviceID="" scaleY="0.25" x="146" scaleX="0.25" rotation="0" y="168" width="80" height="80"/>
    <TEXT fontFamily="微软雅黑" scaleY="1" x="81.85000000000002" y="172" color="255" sizeAuto="true" scaleX="1" borderColor="0xffffff" contentBackgroundColor="16777215" fontSize="16" text="室外7号" deviceID="" fontWeight="normal" widthInChars="4" rotation="0" contentBackgroundAlpha="0" textAlign="center" borderVisible="false" param="" width="60" height="24"/>
    <KEEPWATCH deviceID="" scaleY="0.25" x="456" scaleX="0.25" rotation="0" y="217" width="80" height="80"/>
    <TEXT fontFamily="微软雅黑" scaleY="1" x="431" y="236" color="65433" sizeAuto="true" scaleX="1" borderColor="0xffffff" contentBackgroundColor="0" fontSize="16" text="4号" deviceID="" fontWeight="normal" widthInChars="4" rotation="0" contentBackgroundAlpha="0" textAlign="center" borderVisible="false" param="" width="28" height="24"/>
    <KEEPWATCH deviceID="" scaleY="0.25" x="527" scaleX="0.25" rotation="0" y="320" width="80" height="80"/>
    <TEXT fontFamily="微软雅黑" scaleY="1" x="525" y="342" color="65433" sizeAuto="true" scaleX="1" borderColor="0xffffff" contentBackgroundColor="0" fontSize="16" text="5号" deviceID="" fontWeight="normal" widthInChars="4" rotation="0" contentBackgroundAlpha="0" textAlign="center" borderVisible="false" param="" width="28" height="24"/>
    <KEEPWATCH deviceID="" scaleY="0.25" x="599" scaleX="0.25" rotation="0" y="77" width="80" height="80"/>
    <TEXT fontFamily="微软雅黑" scaleY="1" x="582" y="50" color="255" sizeAuto="true" scaleX="1" borderColor="0xffffff" contentBackgroundColor="16777215" fontSize="16" text="室外9号" deviceID="" fontWeight="normal" widthInChars="4" rotation="0" contentBackgroundAlpha="0" textAlign="center" borderVisible="false" param="" width="60" height="24"/>
    <KEEPWATCH deviceID="" scaleY="0.25" x="640" scaleX="0.25" rotation="0" y="219" width="80" height="80"/>
    <TEXT fontFamily="微软雅黑" scaleY="1" x="611" y="204" color="65433" sizeAuto="true" scaleX="1" borderColor="0xffffff" contentBackgroundColor="0" fontSize="16" text="6号" deviceID="" fontWeight="normal" widthInChars="4" rotation="0" contentBackgroundAlpha="0" textAlign="center" borderVisible="false" param="" width="28" height="24"/>
    <KEEPWATCH deviceID="" scaleY="0.25" x="833" scaleX="0.25" rotation="0" y="56" width="80" height="80"/>
    <TEXT fontFamily="微软雅黑" scaleY="1" x="813" y="35" color="255" sizeAuto="true" scaleX="1" borderColor="0xffffff" contentBackgroundColor="16777215" fontSize="16" text="室外10号" deviceID="" fontWeight="normal" widthInChars="4" rotation="0" contentBackgroundAlpha="0" textAlign="center" borderVisible="false" param="" width="70" height="24"/>
    <KEEPWATCH deviceID="" scaleY="0.25" x="783" scaleX="0.25" rotation="0" y="343" width="80" height="80"/>
    <TEXT fontFamily="微软雅黑" scaleY="1" x="781" y="363" color="65433" sizeAuto="true" scaleX="1" borderColor="0xffffff" contentBackgroundColor="0" fontSize="16" text="7号" deviceID="" fontWeight="normal" widthInChars="4" rotation="0" contentBackgroundAlpha="0" textAlign="center" borderVisible="false" param="" width="28" height="24"/>
    <KEEPWATCH deviceID="" scaleY="0.25" x="865" scaleX="0.25" rotation="0" y="206" width="80" height="80"/>
    <TEXT fontFamily="微软雅黑" scaleY="1" x="825.6500000000001" y="205.75" color="65433" sizeAuto="true" scaleX="1" borderColor="0xffffff" contentBackgroundColor="0" fontSize="16" text="8号" deviceID="" fontWeight="normal" widthInChars="4" rotation="0" contentBackgroundAlpha="0" textAlign="center" borderVisible="false" param="" width="28" height="24"/>
    <KEEPWATCH deviceID="" scaleY="0.25" x="1188" scaleX="0.25" rotation="0" y="178" width="80" height="80"/>
    <TEXT fontFamily="微软雅黑" scaleY="1" x="1215" y="178" color="255" sizeAuto="true" scaleX="1" borderColor="0xffffff" contentBackgroundColor="16777215" fontSize="16" text="室外11号" deviceID="" fontWeight="normal" widthInChars="4" rotation="0" contentBackgroundAlpha="0" textAlign="center" borderVisible="false" param="" width="70" height="24"/>
    <KEEPWATCH deviceID="" scaleY="0.25" x="1077" scaleX="0.25" rotation="0" y="237" width="80" height="80"/>
    <KEEPWATCH deviceID="" scaleY="0.25" x="1288" scaleX="0.25" rotation="0" y="594" width="80" height="80"/>
    <TEXT fontFamily="微软雅黑" scaleY="1" x="1313" y="584" color="255" sizeAuto="true" scaleX="1" borderColor="0xffffff" contentBackgroundColor="16777215" fontSize="16" text="室外13号" deviceID="" fontWeight="normal" widthInChars="4" rotation="0" contentBackgroundAlpha="0" textAlign="center" borderVisible="false" param="" width="70" height="24"/>
    <KEEPWATCH deviceID="" scaleY="0.25" x="1138" scaleX="0.25" rotation="0" y="455" width="80" height="80"/>
    <TEXT fontFamily="微软雅黑" scaleY="1" x="1074" y="212" color="65433" sizeAuto="true" scaleX="1" borderColor="0xffffff" contentBackgroundColor="0" fontSize="16" text="9号" deviceID="" fontWeight="normal" widthInChars="4" rotation="0" contentBackgroundAlpha="0" textAlign="center" borderVisible="false" param="" width="28" height="24"/>
    <TEXT fontFamily="微软雅黑" scaleY="1" x="1135" y="476" color="65433" sizeAuto="true" scaleX="1" borderColor="0xffffff" contentBackgroundColor="0" fontSize="16" text="10号" deviceID="" fontWeight="normal" widthInChars="4" rotation="0" contentBackgroundAlpha="0" textAlign="center" borderVisible="false" param="" width="38" height="24"/>
    <XGLINE x="1038" y="646.05" rotation="170" width="125" height="22"/>
    <XGLINE scaleY="1" x="911" y="666" rotation="180" width="300" height="22"/>
    <XGLINE x="589.4999999999999" y="662.0500000000001" rotation="190" width="190" height="22"/>
    <XGLINE x="402" y="631" rotation="182" width="242" height="22"/>
    <XGLINE x="135.05" y="600" rotation="270" width="155" height="22"/>
    <XGLINE x="138" y="440" rotation="270" width="249" height="22"/>
    <XGLINE x="154.25" y="160.95" rotation="315" width="160" height="22"/>
    <XGLINE x="279.09999999999997" y="52.75" rotation="4" width="325" height="22"/>
    <XGLINE x="619.3499999999999" y="74.4" rotation="355" width="212" height="22"/>
    <XGLINE x="854" y="60" rotation="20" width="360" height="22"/>
    <XGLINE x="1205.05" y="191.3" rotation="75" width="265" height="22"/>
    <XGLINE x="1270.5" y="450.15" rotation="75" width="145" height="22"/>
    <XGLINE x="267.05" y="590.6500000000001" rotation="260" width="137" height="22"/>
    <XGLINE x="244" y="433.6" rotation="270" width="191" height="22"/>
    <XGLINE width="182" x="273" y="217" height="22"/>
    <XGLINE x="485.4" y="225.39999999999998" rotation="60" width="105" height="22"/>
    <XGLINE x="539.05" y="312.75000000000006" rotation="320" width="127" height="22"/>
    <XGLINE x="672.25" y="229.09999999999997" rotation="45" width="166" height="22"/>
    <XGLINE x="792.7499999999999" y="335.65" rotation="300" width="135" height="22"/>
    <XGLINE x="887.0999999999999" y="205.55" rotation="10" width="193" height="22"/>
    <XGLINE x="1099.9499999999998" y="255.05" rotation="75" width="200" height="22"/>
  </Components>
</Configration>