<?xml version="1.0" encoding="utf-8"?>
<Configration Width="1435" Height="716">
  <LIST>
    <Component>
      <KEEPWATCH/>
    </Component>
    <Image>
      <B2NODE source="mapAssets/mapImages/B2Node.png" group="map"/>
      <XGLINE source="assets/comp/xgline.png"/>
    </Image>
  </LIST>
  <Components>
    <B2NODE scaleY="1" x="0" scaleX="1" rotation="0" y="1" width="1434"/>
    <TEXT fontFamily="微软雅黑" scaleY="1" x="209" y="102" color="255" sizeAuto="true" scaleX="1" borderColor="0xffffff" contentBackgroundColor="16777215" fontSize="16" text="1号" deviceID="" fontWeight="normal" widthInChars="4" rotation="0" contentBackgroundAlpha="0" textAlign="center" borderVisible="false" param="" width="28" height="24"/>
    <KEEPWATCH deviceID="" scaleY="0.25" x="218" scaleX="0.25" rotation="0" y="86" width="80" height="80"/>
    <KEEPWATCH deviceID="" scaleY="0.25" x="586" scaleX="0.25" rotation="0" y="86" width="80" height="80"/>
    <TEXT fontFamily="微软雅黑" scaleY="1" x="582" y="109" color="255" sizeAuto="true" scaleX="1" borderColor="0xffffff" contentBackgroundColor="16777215" fontSize="16" text="2号" deviceID="" fontWeight="normal" widthInChars="4" rotation="0" contentBackgroundAlpha="0" textAlign="center" borderVisible="false" param="" width="28" height="24"/>
    <KEEPWATCH deviceID="" scaleY="0.25" x="961" scaleX="0.25" rotation="0" y="78" width="80" height="80"/>
    <TEXT fontFamily="微软雅黑" scaleY="1" x="953" y="105" color="255" sizeAuto="true" scaleX="1" borderColor="0xffffff" contentBackgroundColor="16777215" fontSize="16" text="3号" deviceID="" fontWeight="normal" widthInChars="4" rotation="0" contentBackgroundAlpha="0" textAlign="center" borderVisible="false" param="" width="28" height="24"/>
    <TEXT fontFamily="微软雅黑" scaleY="1" x="1021" y="271" color="255" sizeAuto="true" scaleX="1" borderColor="0xffffff" contentBackgroundColor="16777215" fontSize="16" text="5号" deviceID="" fontWeight="normal" widthInChars="4" rotation="0" contentBackgroundAlpha="0" textAlign="center" borderVisible="false" param="" width="28" height="24"/>
    <KEEPWATCH deviceID="" scaleY="0.25" x="1021" scaleX="0.25" rotation="0" y="248" width="80" height="80"/>
    <KEEPWATCH deviceID="" scaleY="0.25" x="528" scaleX="0.25" rotation="0" y="156" width="80" height="80"/>
    <TEXT fontFamily="微软雅黑" scaleY="1" x="526" y="180" color="255" sizeAuto="true" scaleX="1" borderColor="0xffffff" contentBackgroundColor="16777215" fontSize="16" text="7号" deviceID="" fontWeight="normal" widthInChars="4" rotation="0" contentBackgroundAlpha="0" textAlign="center" borderVisible="false" param="" width="28" height="24"/>
    <KEEPWATCH deviceID="" scaleY="0.25" x="220" scaleX="0.25" rotation="0" y="263" width="80" height="80"/>
    <TEXT fontFamily="微软雅黑" scaleY="1" x="223.35000000000002" y="284.45" color="255" sizeAuto="true" scaleX="1" borderColor="0xffffff" contentBackgroundColor="16777215" fontSize="16" text="9号" deviceID="" fontWeight="normal" widthInChars="4" rotation="0" contentBackgroundAlpha="0" textAlign="center" borderVisible="false" param="" width="28" height="24"/>
    <KEEPWATCH deviceID="" scaleY="0.25" x="804" scaleX="0.25" rotation="0" y="313" width="80" height="80"/>
    <TEXT fontFamily="微软雅黑" scaleY="1" x="799" y="293" color="255" sizeAuto="true" scaleX="1" borderColor="0xffffff" fontSize="16" text="11号" deviceID="" fontWeight="normal" widthInChars="4" rotation="0" contentBackgroundAlpha="0" textAlign="center" borderVisible="false" param="" width="38" height="24"/>
    <KEEPWATCH deviceID="" scaleY="0.25" x="1153" scaleX="0.25" rotation="0" y="288" width="80" height="80"/>
    <TEXT fontFamily="微软雅黑" scaleY="1" x="1145" y="262" color="255" sizeAuto="true" scaleX="1" borderColor="0xffffff" contentBackgroundColor="16777215" fontSize="16" text="12号" deviceID="" fontWeight="normal" widthInChars="4" rotation="0" contentBackgroundAlpha="0" textAlign="center" borderVisible="false" param="" width="38" height="24"/>
    <KEEPWATCH deviceID="" scaleY="0.25" x="1131" scaleX="0.25" rotation="0" y="393" width="80" height="80"/>
    <TEXT fontFamily="微软雅黑" scaleY="1" x="1127" y="416" color="255" sizeAuto="true" scaleX="1" borderColor="0xffffff" contentBackgroundColor="16777215" fontSize="16" text="13号" deviceID="" fontWeight="normal" widthInChars="4" rotation="0" contentBackgroundAlpha="0" textAlign="center" borderVisible="false" param="" width="38" height="24"/>
    <KEEPWATCH deviceID="" scaleY="0.25" x="586" scaleX="0.25" rotation="0" y="435" width="80" height="80"/>
    <TEXT fontFamily="微软雅黑" scaleY="1" x="577" y="410" color="255" sizeAuto="true" scaleX="1" borderColor="0xffffff" contentBackgroundColor="16777215" fontSize="16" text="15号" deviceID="" fontWeight="normal" widthInChars="4" rotation="0" contentBackgroundAlpha="0" textAlign="center" borderVisible="false" param="" width="38" height="24"/>
    <KEEPWATCH deviceID="" scaleY="0.25" x="289" scaleX="0.25" rotation="0" y="391" width="80" height="80"/>
    <TEXT fontFamily="微软雅黑" scaleY="1" x="276" y="362" color="255" sizeAuto="true" scaleX="1" borderColor="0xffffff" contentBackgroundColor="16777215" fontSize="16" text="16号" deviceID="" fontWeight="normal" widthInChars="4" rotation="0" contentBackgroundAlpha="0" textAlign="center" borderVisible="false" param="" width="38" height="24"/>
    <KEEPWATCH deviceID="" scaleY="0.25" x="387" scaleX="0.25" rotation="0" y="598" width="80" height="80"/>
    <TEXT fontFamily="微软雅黑" scaleY="1" x="335" y="597" color="255" sizeAuto="true" scaleX="1" borderColor="0xffffff" contentBackgroundColor="16777215" fontSize="16" text="18号" deviceID="" fontWeight="normal" widthInChars="4" rotation="0" contentBackgroundAlpha="0" textAlign="center" borderVisible="false" param="" width="38" height="24"/>
    <KEEPWATCH deviceID="" scaleY="0.25" x="873" scaleX="0.25" rotation="0" y="587" width="80" height="80"/>
    <TEXT fontFamily="微软雅黑" scaleY="1" x="871" y="604" color="255" sizeAuto="true" scaleX="1" borderColor="0xffffff" contentBackgroundColor="16777215" fontSize="16" text="20号" deviceID="" fontWeight="normal" widthInChars="4" rotation="0" contentBackgroundAlpha="0" textAlign="center" borderVisible="false" param="" width="38" height="24"/>
    <KEEPWATCH deviceID="" scaleY="0.25" x="1150" scaleX="0.25" rotation="0" y="527" width="80" height="80"/>
    <TEXT fontFamily="微软雅黑" scaleY="1" x="1147" y="544" color="255" sizeAuto="true" scaleX="1" borderColor="0xffffff" contentBackgroundColor="16777215" fontSize="16" text="21号" deviceID="" fontWeight="normal" widthInChars="4" rotation="0" contentBackgroundAlpha="0" textAlign="center" borderVisible="false" param="" width="38" height="24"/>
    <XGLINE width="341" x="240" y="84" height="22"/>
    <XGLINE width="348" x="609" y="81" height="22"/>
    <XGLINE x="986.7" y="94.64999999999998" rotation="45" width="80" height="22"/>
    <XGLINE x="1046" y="167.05" rotation="90" width="80" height="22"/>
    <XGLINE x="1018.6999999999999" y="256.44999999999993" rotation="200" width="197" height="22"/>
    <XGLINE x="814" y="175" rotation="180" width="260" height="22"/>
    <XGLINE x="525.35" y="184.70000000000002" rotation="170" width="217" height="22"/>
    <XGLINE x="316" y="224.7" rotation="150" width="88" height="22"/>
    <XGLINE scaleY="1" x="243.10000000000002" scaleX="1.8" rotation="2" y="270" width="170" height="22"/>
    <XGLINE x="545.9000000000001" y="284.05" rotation="4" width="255" height="22"/>
    <XGLINE x="832" y="313" rotation="355" width="315" height="22"/>
    <XGLINE x="1168.5500000000002" y="313.1" rotation="98" width="80" height="22"/>
    <XGLINE x="1133.5" y="421.04999999999995" rotation="170" width="260" height="22"/>
    <XGLINE x="870" y="468.04999999999995" rotation="183" width="260" height="22"/>
    <XGLINE x="573.55" y="445" rotation="185" width="260" height="22"/>
    <XGLINE width="237" x="416" y="593" height="22"/>
    <XGLINE width="209" x="666" y="592" height="22"/>
    <XGLINE x="892.1" y="576.6000000000001" rotation="350" width="261" height="22"/>
    <XGLINE x="308.04999999999995" y="416.54999999999995" rotation="60" width="200" height="22"/>
  </Components>
</Configration>