<?xml version="1.0" encoding="utf-8"?>
<Configration >
  <LIST>
    <Component>
      <EAF/>
      <HANDAUTO/>
    </Component>
    <Image>
      <DFG source="assets/comp/dfg.png"/>
    </Image>
  </LIST>
  <Components>
    <DFG rotation="0" x="181" scaleX="0.6" y="235.09999999999997" scaleY="0.6"/>
    <EAF x="332.95000000000005" deviceID="76" rotation="0" width="101" scaleX="0.6" y="249.64999999999998" height="129" scaleY="0.6" isPop="false" popType="list"/>
    <TEXT deviceID="" param="" contentBackgroundAlpha="0" rotation="0" borderVisible="false" scaleX="1" borderColor="0xffffff" textAlign="right" color="0" fontSize="20" fontWeight="normal" fontFamily="微软雅黑" text="排风" x="539" width="54" y="267" height="34" sizeAuto="false" scaleY="1" widthInChars="2"/>
    <TEXT deviceID="" param="" contentBackgroundAlpha="0" rotation="0" borderVisible="false" scaleX="1" borderColor="0xffffff" textAlign="right" color="0" fontSize="20" fontWeight="normal" fontFamily="微软雅黑" text="回风" x="161" width="54" y="268" height="34" sizeAuto="false" scaleY="1" widthInChars="2"/>
    <HANDAUTO deviceID="76" param="handAuto" rotation="0" width="58" scaleX="1" y="294" height="25" scaleY="1" alarm="HANDAUTO" x="401"/>
    <TEXT contentBackgroundColor="0" deviceID="76" param="deviceName" contentBackgroundAlpha="0" rotation="0" borderVisible="false" scaleX="1" borderColor="0xffffff" textAlign="center" color="65280" fontSize="24" fontWeight="normal" fontFamily="微软雅黑" text="12" x="257" width="250" y="140" height="31" sizeAuto="false" scaleY="1" widthInChars="20"/>
  </Components>
</Configration>