<?xml version="1.0" encoding="utf-8"?>
<Configration Width="1749" Height="729">
  <LIST>
    <Component>
      <KTTB/>
    </Component>
    <Image>
      <B2NODE source="mapAssets/mapImages/B2Node.png" group="map"/>
      <LCB2 source="assets/comp/LCB2.png"/>
      <TULI source="assets/comp/TULI/TULI.png"/>
      <KTYX source="assets/comp/kt_yx.png"/>
      <KTBJ source="assets/comp/kt_bj.png"/>
      <KTTZ source="assets/comp/kttz.png"/>
      <ZNZTL source="assets/comp/ZNZTL.png"/>
    </Image>
  </LIST>
  <Components>
    <B2NODE height="714" y="0" width="1434" x="0" source="mapAssets/mapImages/B2Node.png"/>
    <TEXT width="99" x="402" height="21" y="128" color="255" widthInChars="4" textAlign="center" contentBackgroundColor="16777215" source="assets/comp/TEXTINPUT/label.png" fontFamily="微软雅黑" param="" borderColor="0xffffff" fontWeight="normal" text="EAF-B2-01-3" sizeAuto="false" fontSize="16" contentBackgroundAlpha="0" deviceID="" borderVisible="false"/>
    <KTTB width="80" x="387.85" height="80" scaleX="0.35" scaleY="0.35" deviceID="11509" deviceName="EAF-B2-01-3排风机" source="assets/comp/KTTB/bg.png" y="149" mark="EAF"/>
    <KTTB width="80" x="356" height="80" scaleX="0.35" scaleY="0.35" deviceID="11511" deviceName="EAF-B2-01-4排风机" source="assets/comp/KTTB/bg.png" y="163" mark="EAF"/>
    <TEXT width="99" x="327" height="21" y="191" color="255" widthInChars="4" textAlign="center" contentBackgroundColor="16777215" source="assets/comp/TEXTINPUT/label.png" fontFamily="微软雅黑" param="" borderColor="0xffffff" fontWeight="normal" text="EAF-B2-01-4" sizeAuto="false" fontSize="16" contentBackgroundAlpha="0" deviceID="" borderVisible="false"/>
    <KTTB width="80" x="324" height="80" scaleX="0.35" scaleY="0.35" deviceID="11512" deviceName="EAF-B2-01-5排风机" source="assets/comp/KTTB/bg.png" y="150" mark="EAF"/>
    <TEXT width="99" x="287" height="21" y="128" color="255" widthInChars="4" textAlign="center" contentBackgroundColor="16777215" source="assets/comp/TEXTINPUT/label.png" fontFamily="微软雅黑" param="" borderColor="0xffffff" fontWeight="normal" text="EAF-B2-01-5" sizeAuto="false" fontSize="16" contentBackgroundAlpha="0" deviceID="" borderVisible="false"/>
    <KTTB width="80" x="212" height="80" scaleX="0.35" scaleY="0.35" deviceID="11513" deviceName="EAF-B2-01-6排风机" source="assets/comp/KTTB/bg.png" y="143" mark="EAF"/>
    <TEXT width="99" x="168" height="21" y="120" color="255" widthInChars="4" textAlign="center" contentBackgroundColor="16777215" source="assets/comp/TEXTINPUT/label.png" fontFamily="微软雅黑" param="" borderColor="0xffffff" fontWeight="normal" text="EAF-B2-01-6" sizeAuto="false" fontSize="16" contentBackgroundAlpha="0" deviceID="" borderVisible="false"/>
    <KTTB width="80" x="247" height="80" scaleX="0.35" scaleY="0.35" deviceID="11514" deviceName="EAF-B2-01-7排风机" source="assets/comp/KTTB/bg.png" y="148" mark="EAF"/>
    <TEXT width="99" x="213" height="21" y="175" color="255" widthInChars="4" textAlign="center" contentBackgroundColor="16777215" source="assets/comp/TEXTINPUT/label.png" fontFamily="微软雅黑" param="" borderColor="0xffffff" fontWeight="normal" text="EAF-B2-01-7" sizeAuto="false" fontSize="16" contentBackgroundAlpha="0" deviceID="" borderVisible="false"/>
    <KTTB width="80" x="582.9" height="80" scaleX="0.35" scaleY="0.35" deviceID="11515" deviceName="EAF-B2-02-1排风机" source="assets/comp/KTTB/bg.png" y="67.85000000000002" mark="EAF"/>
    <TEXT width="99" x="543" height="21" y="45" color="255" widthInChars="4" textAlign="center" contentBackgroundColor="16777215" source="assets/comp/TEXTINPUT/label.png" fontFamily="微软雅黑" param="" borderColor="0xffffff" fontWeight="normal" text="EAF-B2-02-1" sizeAuto="false" fontSize="16" contentBackgroundAlpha="0" deviceID="" borderVisible="false"/>
    <KTTB width="80" x="611" height="80" scaleX="0.35" scaleY="0.35" deviceID="11516" deviceName="EAF-B2-02-2排风机" source="assets/comp/KTTB/bg.png" y="69" mark="EAF"/>
    <TEXT width="99" x="580" height="21" y="97" color="255" widthInChars="4" textAlign="center" contentBackgroundColor="16777215" source="assets/comp/TEXTINPUT/label.png" fontFamily="微软雅黑" param="" borderColor="0xffffff" fontWeight="normal" text="EAF-B2-02-2" sizeAuto="false" fontSize="16" contentBackgroundAlpha="0" deviceID="" borderVisible="false"/>
    <KTTB width="80" x="472" height="80" scaleX="0.35" scaleY="0.35" deviceID="11517" deviceName="EAF-B2-02-3排风机" source="assets/comp/KTTB/bg.png" y="226.89999999999998" mark="EAF"/>
    <TEXT width="99" x="437" height="21" y="206" color="255" widthInChars="4" textAlign="center" contentBackgroundColor="16777215" source="assets/comp/TEXTINPUT/label.png" fontFamily="微软雅黑" param="" borderColor="0xffffff" fontWeight="normal" text="EAF-B2-02-3" sizeAuto="false" fontSize="16" contentBackgroundAlpha="0" deviceID="" borderVisible="false"/>
    <KTTB width="80" x="417.04999999999995" height="80" scaleX="0.35" scaleY="0.35" deviceID="11518" deviceName="EAF-B2-02-5排风机" source="assets/comp/KTTB/bg.png" y="69" mark="EAF"/>
    <TEXT width="99" x="364" height="21" y="44" color="255" widthInChars="4" textAlign="center" contentBackgroundColor="16777215" source="assets/comp/TEXTINPUT/label.png" fontFamily="微软雅黑" param="" borderColor="0xffffff" fontWeight="normal" text="EAF-B2-02-5" sizeAuto="false" fontSize="16" contentBackgroundAlpha="0" deviceID="" borderVisible="false"/>
    <KTTB width="80" x="444" height="80" scaleX="0.35" scaleY="0.35" deviceID="11519" deviceName="EAF-B2-02-6排风机" source="assets/comp/KTTB/bg.png" y="70" mark="EAF"/>
    <TEXT width="99" x="434" height="21" y="97" color="255" widthInChars="4" textAlign="center" contentBackgroundColor="16777215" source="assets/comp/TEXTINPUT/label.png" fontFamily="微软雅黑" param="" borderColor="0xffffff" fontWeight="normal" text="EAF-B2-02-6" sizeAuto="false" fontSize="16" contentBackgroundAlpha="0" deviceID="" borderVisible="false"/>
    <KTTB width="80" x="736" height="80" scaleX="0.35" scaleY="0.35" deviceID="11520" deviceName="EAF-B2-03-1排风机" source="assets/comp/KTTB/bg.png" y="55" mark="EAF"/>
    <TEXT width="99" x="680" height="21" y="36" color="255" widthInChars="4" textAlign="center" contentBackgroundColor="16777215" source="assets/comp/TEXTINPUT/label.png" fontFamily="微软雅黑" param="" borderColor="0xffffff" fontWeight="normal" text="EAF-B2-03-1" sizeAuto="false" fontSize="16" contentBackgroundAlpha="0" deviceID="" borderVisible="false"/>
    <TEXT width="99" x="720" height="21" y="110" color="255" widthInChars="4" textAlign="center" contentBackgroundColor="16777215" source="assets/comp/TEXTINPUT/label.png" fontFamily="微软雅黑" param="" borderColor="0xffffff" fontWeight="normal" text="EAF-B2-03-2" sizeAuto="false" fontSize="16" contentBackgroundAlpha="0" deviceID="" borderVisible="false"/>
    <KTTB width="80" x="737" height="80" scaleX="0.35" scaleY="0.35" deviceID="11521" deviceName="EAF-B2-03-2排风机" source="assets/comp/KTTB/bg.png" y="82" mark="EAF"/>
    <KTTB width="80" x="775.9000000000001" height="80" scaleX="0.35" scaleY="0.35" deviceID="11522" deviceName="EAF-B2-03-4排风机" source="assets/comp/KTTB/bg.png" y="319" mark="EAF"/>
    <TEXT width="99" x="721" height="21" y="297" color="255" widthInChars="4" textAlign="center" contentBackgroundColor="16777215" source="assets/comp/TEXTINPUT/label.png" fontFamily="微软雅黑" param="" borderColor="0xffffff" fontWeight="normal" text="EAF-B2-03-4" sizeAuto="false" fontSize="16" contentBackgroundAlpha="0" deviceID="" borderVisible="false"/>
    <KTTB width="80" x="848.55" height="80" scaleX="0.35" scaleY="0.35" deviceID="11523" deviceName="EAF-B2-03-5排风机" source="assets/comp/KTTB/bg.png" y="236" mark="EAF"/>
    <TEXT width="99" x="811" height="21" y="262" color="255" widthInChars="4" textAlign="center" contentBackgroundColor="16777215" source="assets/comp/TEXTINPUT/label.png" fontFamily="微软雅黑" param="" borderColor="0xffffff" fontWeight="normal" text="EAF-B2-03-5" sizeAuto="false" fontSize="16" contentBackgroundAlpha="0" deviceID="" borderVisible="false"/>
    <KTTB width="80" x="848" height="80" scaleX="0.35" scaleY="0.35" deviceID="11524" deviceName="EAF-B2-03-6排风机" source="assets/comp/KTTB/bg.png" y="205" mark="EAF"/>
    <TEXT width="99" x="804" height="21" y="183" color="255" widthInChars="4" textAlign="center" contentBackgroundColor="16777215" source="assets/comp/TEXTINPUT/label.png" fontFamily="微软雅黑" param="" borderColor="0xffffff" fontWeight="normal" text="EAF-B2-03-6" sizeAuto="false" fontSize="16" contentBackgroundAlpha="0" deviceID="" borderVisible="false"/>
    <KTTB width="80" x="909" height="80" scaleX="0.35" scaleY="0.35" deviceID="11525" deviceName="EAF-B2-04-1排风机" source="assets/comp/KTTB/bg.png" y="55.900000000000006" mark="EAF"/>
    <TEXT width="99" x="855" height="21" y="35" color="255" widthInChars="4" textAlign="center" contentBackgroundColor="16777215" source="assets/comp/TEXTINPUT/label.png" fontFamily="微软雅黑" param="" borderColor="0xffffff" fontWeight="normal" text="EAF-B2-04-1" sizeAuto="false" fontSize="16" contentBackgroundAlpha="0" deviceID="" borderVisible="false"/>
    <KTTB width="80" x="901" height="80" scaleX="0.35" scaleY="0.35" deviceID="11526" deviceName="EAF-B2-04-2排风机" source="assets/comp/KTTB/bg.png" y="83" mark="EAF"/>
    <TEXT width="99" x="875" height="21" y="110" color="255" widthInChars="4" textAlign="center" contentBackgroundColor="16777215" source="assets/comp/TEXTINPUT/label.png" fontFamily="微软雅黑" param="" borderColor="0xffffff" fontWeight="normal" text="EAF-B2-04-2" sizeAuto="false" fontSize="16" contentBackgroundAlpha="0" deviceID="" borderVisible="false"/>
    <KTTB width="80" x="973" height="80" scaleX="0.35" scaleY="0.35" deviceID="11527" deviceName="EAF-B2-04-3排风机" source="assets/comp/KTTB/bg.png" y="61" mark="EAF"/>
    <TEXT width="99" x="966" height="21" y="38" color="255" widthInChars="4" textAlign="center" contentBackgroundColor="16777215" source="assets/comp/TEXTINPUT/label.png" fontFamily="微软雅黑" param="" borderColor="0xffffff" fontWeight="normal" text="EAF-B2-04-3" sizeAuto="false" fontSize="16" contentBackgroundAlpha="0" deviceID="" borderVisible="false"/>
    <KTTB width="80" x="1150" height="80" scaleX="0.35" scaleY="0.35" deviceID="11528" deviceName="EAF-B2-04-4排风机" source="assets/comp/KTTB/bg.png" y="228" mark="EAF"/>
    <TEXT width="99" x="1141" height="21" y="206" color="255" widthInChars="4" textAlign="center" contentBackgroundColor="16777215" source="assets/comp/TEXTINPUT/label.png" fontFamily="微软雅黑" param="" borderColor="0xffffff" fontWeight="normal" text="EAF-B2-04-4" sizeAuto="false" fontSize="16" contentBackgroundAlpha="0" deviceID="" borderVisible="false"/>
    <KTTB width="80" x="1124" height="80" scaleX="0.35" scaleY="0.35" deviceID="11529" deviceName="EAF-B2-04-5排风机" source="assets/comp/KTTB/bg.png" y="236" mark="EAF"/>
    <TEXT width="99" x="1093" height="21" y="265" color="255" widthInChars="4" textAlign="center" contentBackgroundColor="16777215" source="assets/comp/TEXTINPUT/label.png" fontFamily="微软雅黑" param="" borderColor="0xffffff" fontWeight="normal" text="EAF-B2-04-5" sizeAuto="false" fontSize="16" contentBackgroundAlpha="0" deviceID="" borderVisible="false"/>
    <KTTB width="80" x="1094" height="80" scaleX="0.35" scaleY="0.35" deviceID="11530" deviceName="EAF-B2-04-6排风机" source="assets/comp/KTTB/bg.png" y="228.95" mark="EAF"/>
    <TEXT width="99" x="1027" height="21" y="208" color="255" widthInChars="4" textAlign="center" contentBackgroundColor="16777215" source="assets/comp/TEXTINPUT/label.png" fontFamily="微软雅黑" param="" borderColor="0xffffff" fontWeight="normal" text="EAF-B2-04-6" sizeAuto="false" fontSize="16" contentBackgroundAlpha="0" deviceID="" borderVisible="false"/>
    <KTTB width="80" x="956.95" height="80" scaleX="0.35" scaleY="0.35" deviceID="11531" deviceName="EAF-B2-04-7排风机" source="assets/comp/KTTB/bg.png" y="323.9" mark="EAF"/>
    <TEXT width="99" x="919" height="21" y="303" color="255" widthInChars="4" textAlign="center" contentBackgroundColor="16777215" source="assets/comp/TEXTINPUT/label.png" fontFamily="微软雅黑" param="" borderColor="0xffffff" fontWeight="normal" text="EAF-B2-04-7" sizeAuto="false" fontSize="16" contentBackgroundAlpha="0" deviceID="" borderVisible="false"/>
    <KTTB width="80" x="991" height="80" scaleX="0.35" scaleY="0.35" deviceID="11532" deviceName="EAF-B2-04-8排风机" source="assets/comp/KTTB/bg.png" y="134" mark="EAF"/>
    <TEXT width="99" x="932" height="21" y="163" color="255" widthInChars="4" textAlign="center" contentBackgroundColor="16777215" source="assets/comp/TEXTINPUT/label.png" fontFamily="微软雅黑" param="" borderColor="0xffffff" fontWeight="normal" text="EAF-B2-04-8" sizeAuto="false" fontSize="16" contentBackgroundAlpha="0" deviceID="" borderVisible="false"/>
    <KTTB width="80" x="525" height="80" scaleX="0.35" scaleY="0.35" deviceID="11533" deviceName="EAF-B2-07-2排风机" source="assets/comp/KTTB/bg.png" y="539" mark="EAF"/>
    <TEXT width="99" x="493" height="21" y="518" color="255" widthInChars="4" textAlign="center" contentBackgroundColor="16777215" source="assets/comp/TEXTINPUT/label.png" fontFamily="微软雅黑" param="" borderColor="0xffffff" fontWeight="normal" text="EAF-B2-07-2" sizeAuto="false" fontSize="16" contentBackgroundAlpha="0" deviceID="" borderVisible="false"/>
    <KTTB width="80" x="573" height="80" scaleX="0.35" scaleY="0.35" deviceID="11534" deviceName="EAF-B2-07-3排风机" source="assets/comp/KTTB/bg.png" y="317.8999999999999" mark="EAF"/>
    <TEXT width="99" x="540" height="21" y="297" color="255" widthInChars="4" textAlign="center" contentBackgroundColor="16777215" source="assets/comp/TEXTINPUT/label.png" fontFamily="微软雅黑" param="" borderColor="0xffffff" fontWeight="normal" text="EAF-B2-07-3" sizeAuto="false" fontSize="16" contentBackgroundAlpha="0" deviceID="" borderVisible="false"/>
    <KTTB width="80" x="866" height="80" scaleX="0.35" scaleY="0.35" deviceID="11535" deviceName="EAF-B2-09-2排风机" source="assets/comp/KTTB/bg.png" y="611.9" mark="EAF"/>
    <TEXT width="99" x="814" height="21" y="591" color="255" widthInChars="4" textAlign="center" contentBackgroundColor="16777215" source="assets/comp/TEXTINPUT/label.png" fontFamily="微软雅黑" param="" borderColor="0xffffff" fontWeight="normal" text="EAF-B2-09-2" sizeAuto="false" fontSize="16" contentBackgroundAlpha="0" deviceID="" borderVisible="false"/>
    <TEXT width="99" x="221" height="21" y="422" color="255" widthInChars="4" textAlign="center" contentBackgroundColor="16777215" source="assets/comp/TEXTINPUT/label.png" fontFamily="微软雅黑" param="" borderColor="0xffffff" fontWeight="normal" text="EAF-B2-06-1" sizeAuto="false" fontSize="16" contentBackgroundAlpha="0" deviceID="" borderVisible="false"/>
    <TEXT width="99" x="218" height="21" y="471" color="255" widthInChars="4" textAlign="center" contentBackgroundColor="16777215" source="assets/comp/TEXTINPUT/label.png" fontFamily="微软雅黑" param="" borderColor="0xffffff" fontWeight="normal" text="EAF-B2-06-3" sizeAuto="false" fontSize="16" contentBackgroundAlpha="0" deviceID="" borderVisible="false"/>
    <TEXT width="99" x="192" height="21" y="522" color="255" widthInChars="4" textAlign="center" contentBackgroundColor="16777215" source="assets/comp/TEXTINPUT/label.png" fontFamily="微软雅黑" param="" borderColor="0xffffff" fontWeight="normal" text="EAF-B2-06-2" sizeAuto="false" fontSize="16" contentBackgroundAlpha="0" deviceID="" borderVisible="false"/>
    <KTTB width="80" x="1206.85" height="80" scaleX="0.35" scaleY="0.35" deviceID="11537" deviceName="EAF-B2-11-3排风机" source="assets/comp/KTTB/bg.png" y="508" mark="EAF"/>
    <TEXT width="99" x="1170" height="21" y="486" color="255" widthInChars="4" textAlign="center" contentBackgroundColor="16777215" source="assets/comp/TEXTINPUT/label.png" fontFamily="微软雅黑" param="" borderColor="0xffffff" fontWeight="normal" text="EAF-B2-11-4" sizeAuto="false" fontSize="16" contentBackgroundAlpha="0" deviceID="" borderVisible="false"/>
    <KTTB width="80" x="1023.75" height="80" scaleX="0.35" scaleY="0.35" deviceID="11538" deviceName="EAF-B2-11-5排风机" source="assets/comp/KTTB/bg.png" y="454" mark="EAF"/>
    <TEXT width="99" x="951" height="21" y="478" color="255" widthInChars="4" textAlign="center" contentBackgroundColor="16777215" source="assets/comp/TEXTINPUT/label.png" fontFamily="微软雅黑" param="" borderColor="0xffffff" fontWeight="normal" text="EAF-B2-11-5" sizeAuto="false" fontSize="16" contentBackgroundAlpha="0" deviceID="" borderVisible="false"/>
    <KTTB width="80" x="1051" height="80" scaleX="0.35" scaleY="0.35" deviceID="11539" deviceName="EAF-B2-11-6排风机" source="assets/comp/KTTB/bg.png" y="446" mark="EAF"/>
    <TEXT width="99" x="986" height="21" y="428" color="255" widthInChars="4" textAlign="center" contentBackgroundColor="16777215" source="assets/comp/TEXTINPUT/label.png" fontFamily="微软雅黑" param="" borderColor="0xffffff" fontWeight="normal" text="EAF-B2-11-6" sizeAuto="false" fontSize="16" contentBackgroundAlpha="0" deviceID="" borderVisible="false"/>
    <KTTB width="80" x="1078" height="80" scaleX="0.35" scaleY="0.35" deviceID="11540" deviceName="EAF-B2-11-7排风机" source="assets/comp/KTTB/bg.png" y="455" mark="EAF"/>
    <TEXT width="99" x="1054" height="21" y="479" color="255" widthInChars="4" textAlign="center" contentBackgroundColor="16777215" source="assets/comp/TEXTINPUT/label.png" fontFamily="微软雅黑" param="" borderColor="0xffffff" fontWeight="normal" text="EAF-B2-11-7" sizeAuto="false" fontSize="16" contentBackgroundAlpha="0" deviceID="" borderVisible="false"/>
    <KTTB width="80" x="1106.9" height="80" scaleX="0.35" scaleY="0.35" deviceID="11541" deviceName="EAF-B2-11-8排风机" source="assets/comp/KTTB/bg.png" y="447" mark="EAF"/>
    <TEXT width="99" x="1098" height="21" y="429" color="255" widthInChars="4" textAlign="center" contentBackgroundColor="16777215" source="assets/comp/TEXTINPUT/label.png" fontFamily="微软雅黑" param="" borderColor="0xffffff" fontWeight="normal" text="EAF-B2-11-8" sizeAuto="false" fontSize="16" contentBackgroundAlpha="0" deviceID="" borderVisible="false"/>
    <TEXT width="99" x="1012" height="21" y="101" color="255" widthInChars="4" textAlign="center" contentBackgroundColor="16777215" source="assets/comp/TEXTINPUT/label.png" fontFamily="微软雅黑" param="" borderColor="0xffffff" fontWeight="normal" text="EAF-B2-15-2" sizeAuto="false" fontSize="16" contentBackgroundAlpha="0" deviceID="" borderVisible="false"/>
    <TEXT width="99" x="1021" height="21" y="592" color="255" widthInChars="4" textAlign="center" contentBackgroundColor="16777215" source="assets/comp/TEXTINPUT/label.png" fontFamily="微软雅黑" param="" borderColor="0xffffff" fontWeight="normal" text="EAF-B2-12-1" sizeAuto="false" fontSize="16" contentBackgroundAlpha="0" deviceID="" borderVisible="false"/>
    <TEXT width="99" x="980" height="21" y="632" color="255" widthInChars="4" textAlign="center" contentBackgroundColor="16777215" source="assets/comp/TEXTINPUT/label.png" fontFamily="微软雅黑" param="" borderColor="0xffffff" fontWeight="normal" text="EAF-B2-12-5" sizeAuto="false" fontSize="16" contentBackgroundAlpha="0" deviceID="" borderVisible="false"/>
    <TEXT width="99" x="876" height="21" y="646" color="255" widthInChars="4" textAlign="center" contentBackgroundColor="16777215" source="assets/comp/TEXTINPUT/label.png" fontFamily="微软雅黑" param="" borderColor="0xffffff" fontWeight="normal" text="EAF-B2-12-4" sizeAuto="false" fontSize="16" contentBackgroundAlpha="0" deviceID="" borderVisible="false"/>
    <KTTB width="80" x="1015.95" height="80" scaleX="0.35" scaleY="0.35" deviceID="11571" deviceName="EAF-B2-11-3" source="assets/comp/KTTB/bg.png" y="545.8" mark="EAF"/>
    <TEXT width="99" x="982" height="21" y="523" color="255" widthInChars="4" textAlign="center" contentBackgroundColor="16777215" source="assets/comp/TEXTINPUT/label.png" fontFamily="微软雅黑" param="" borderColor="0xffffff" fontWeight="normal" text="EAF-B2-11-3" sizeAuto="false" fontSize="16" contentBackgroundAlpha="0" deviceID="" borderVisible="false"/>
    <KTTB width="80" x="988" height="80" scaleX="0.35" scaleY="0.35" deviceID="11572" deviceName="EAF-B2-12-1" source="assets/comp/KTTB/bg.png" y="582" mark="EAF"/>
    <KTTB width="80" x="893.95" height="80" scaleX="0.35" scaleY="0.35" deviceID="11573" deviceName="EAF-B2-12-4" source="assets/comp/KTTB/bg.png" y="621" mark="EAF"/>
    <KTTB width="80" x="952" height="80" scaleX="0.35" scaleY="0.35" deviceID="11574" deviceName="EAF-B2-12-5" source="assets/comp/KTTB/bg.png" y="612.95" mark="EAF"/>
    <KTTB width="80" x="655.95" height="80" scaleX="0.35" scaleY="0.35" deviceID="11575" deviceName="EAF-B2-14-2" source="assets/comp/KTTB/bg.png" y="203.85" mark="EAF"/>
    <TEXT width="99" x="620" height="21" y="180" color="255" widthInChars="4" textAlign="center" contentBackgroundColor="16777215" source="assets/comp/TEXTINPUT/label.png" fontFamily="微软雅黑" param="" borderColor="0xffffff" fontWeight="normal" text="EAF-B2-14-2" sizeAuto="false" fontSize="16" contentBackgroundAlpha="0" deviceID="" borderVisible="false"/>
    <KTTB width="80" x="244" height="80" scaleX="0.35" scaleY="0.35" deviceID="11588" deviceName="EAF-B2-13-1排风机" source="assets/comp/KTTB/bg.png" y="206" mark="EAF"/>
    <TEXT width="99" x="211" height="21" y="233" color="255" widthInChars="4" textAlign="center" contentBackgroundColor="16777215" source="assets/comp/TEXTINPUT/label.png" fontFamily="微软雅黑" param="" borderColor="0xffffff" fontWeight="normal" text="EAF-B2-13-1" sizeAuto="false" fontSize="16" contentBackgroundAlpha="0" deviceID="" borderVisible="false"/>
    <KTTB width="80" x="259" height="80" scaleX="0.35" scaleY="0.35" deviceID="11589" deviceName="EAF-B2-06-1排风机" source="assets/comp/KTTB/bg.png" y="442" mark="EAF"/>
    <KTTB width="80" x="244" height="80" scaleX="0.35" scaleY="0.35" deviceID="11590" deviceName="EAF-B2-06-2排风机" source="assets/comp/KTTB/bg.png" y="544" mark="EAF"/>
    <KTTB width="80" x="247" height="80" scaleX="0.35" scaleY="0.35" deviceID="11591" deviceName="EAF-B2-06-3排风机" source="assets/comp/KTTB/bg.png" y="490" mark="EAF"/>
    <KTTB width="80" x="828" height="80" scaleX="0.35" scaleY="0.35" deviceID="11592" deviceName="EAF-B2-03-7排风机" source="assets/comp/KTTB/bg.png" y="321.95" mark="EAF"/>
    <TEXT width="99" x="813" height="21" y="350" color="255" widthInChars="4" textAlign="center" contentBackgroundColor="16777215" source="assets/comp/TEXTINPUT/label.png" fontFamily="微软雅黑" param="" borderColor="0xffffff" fontWeight="normal" text="EAF-B2-03-7" sizeAuto="false" fontSize="16" contentBackgroundAlpha="0" deviceID="" borderVisible="false"/>
    <KTTB width="80" x="1114" height="80" scaleX="0.35" scaleY="0.35" deviceID="11593" deviceName="EAF-B2-15-1排风机" source="assets/comp/KTTB/bg.png" y="65" mark="EAF"/>
    <TEXT width="99" x="1129" height="21" y="90" color="255" widthInChars="4" textAlign="center" contentBackgroundColor="16777215" source="assets/comp/TEXTINPUT/label.png" fontFamily="微软雅黑" param="" borderColor="0xffffff" fontWeight="normal" text="EAF-B2-15-1" sizeAuto="false" fontSize="16" contentBackgroundAlpha="0" deviceID="" borderVisible="false"/>
    <KTTB width="80" x="1047" height="80" scaleX="0.35" scaleY="0.35" deviceID="11594" deviceName="EAF-B2-15-2排风机" source="assets/comp/KTTB/bg.png" y="122" mark="EAF"/>
    <KTTB width="80" x="1083" height="80" scaleX="0.35" scaleY="0.35" deviceID="11595" deviceName="EAF-B2-15-4排风机" source="assets/comp/KTTB/bg.png" y="55" mark="EAF"/>
    <TEXT width="99" x="1086" height="21" y="34" color="255" widthInChars="4" textAlign="center" contentBackgroundColor="16777215" source="assets/comp/TEXTINPUT/label.png" fontFamily="微软雅黑" param="" borderColor="0xffffff" fontWeight="normal" text="EAF-B2-15-4" sizeAuto="false" fontSize="16" contentBackgroundAlpha="0" deviceID="" borderVisible="false"/>
    <KTTB width="80" x="1116" height="80" scaleX="0.35" scaleY="0.35" deviceID="11536" deviceName="EAF-B2-11-2排风机" source="assets/comp/KTTB/bg.png" y="499" mark="EAF"/>
    <TEXT width="99" x="1097" height="21" y="526" color="255" widthInChars="4" textAlign="center" contentBackgroundColor="16777215" source="assets/comp/TEXTINPUT/label.png" fontFamily="微软雅黑" param="" borderColor="0xffffff" fontWeight="normal" text="EAF-B2-11-2" sizeAuto="false" fontSize="16" contentBackgroundAlpha="0" deviceID="" borderVisible="false"/>
    <KTTB width="80" x="270" height="80" scaleX="0.35" scaleY="0.35" deviceID="600004" deviceName="EAF-B2-01-2排风机" source="assets/comp/KTTB/bg.png" y="93" mark="EAF"/>
    <TEXT width="99" x="302" height="21" y="96" color="255" widthInChars="4" textAlign="center" contentBackgroundColor="16777215" source="assets/comp/TEXTINPUT/label.png" fontFamily="微软雅黑" param="" borderColor="0xffffff" fontWeight="normal" text="EAF-B2-01-2" sizeAuto="false" fontSize="16" contentBackgroundAlpha="0" deviceID="" borderVisible="false"/>
    <LCB2 x="50" height="92" y="30" scaleY="0.8" width="110" scaleX="0.8" source="assets/comp/LCB2.png"/>
    <TULI x="1410.85" height="150" y="503.4" scaleY="1.5" scaleX="1.5" source="assets/comp/TULI/TULI.png" rotation="0"/>
    <TEXT width="170" x="1546.65" height="25" y="559.8" color="0" scaleX="1" widthInChars="2" textAlign="center" borderColor="0xffffff" source="assets/comp/TEXTINPUT/label.png" fontFamily="微软雅黑" param="" fontWeight="normal" text="新风机组（开启）" sizeAuto="true" fontSize="20" scaleY="1" contentBackgroundAlpha="0" deviceID="" borderVisible="false" rotation="0"/>
    <KTYX x="1466" height="80" y="552.7" scaleY="0.7" width="80" scaleX="0.7" source="assets/comp/kt_yx.png"/>
    <KTBJ x="1464.35" height="80" y="655.5" scaleY="0.7" width="80" scaleX="0.7" source="assets/comp/kt_bj.png"/>
    <KTTZ x="1464.75" height="80" y="605.4" scaleY="0.7" width="80" scaleX="0.7" source="assets/comp/kttz.png"/>
    <TEXT width="170" x="1548" height="25" y="614" color="0" scaleX="1" widthInChars="2" textAlign="center" borderColor="0xffffff" source="assets/comp/TEXTINPUT/label.png" fontFamily="微软雅黑" param="" fontWeight="normal" text="新风机组（关闭）" sizeAuto="true" fontSize="20" scaleY="1" contentBackgroundAlpha="0" deviceID="" borderVisible="false" rotation="0"/>
    <TEXT width="170" x="1546" height="25" y="667" color="0" scaleX="1" widthInChars="2" textAlign="center" borderColor="0xffffff" source="assets/comp/TEXTINPUT/label.png" fontFamily="微软雅黑" param="" fontWeight="normal" text="新风机组（报警）" sizeAuto="true" fontSize="20" scaleY="1" contentBackgroundAlpha="0" deviceID="" borderVisible="false" rotation="0"/>
    <ZNZTL x="1186.05" height="184" y="40" scaleY="0.5" width="184" scaleX="0.5" source="assets/comp/ZNZTL.png"/>
  </Components>
</Configration>