<?xml version="1.0" encoding="utf-8"?>
<Configration Width="1434" Height="714">
  <LIST>
    <Component>
      <ALARMTB/>
    </Component>
    <Image>
      <F1NODE source="mapAssets/mapImages/F1Node.png" group="map"/>
      <LCF1 source="assets/comp/LCF1.png"/>
      <ZNZTL source="assets/comp/ZNZTL.png"/>
    </Image>
  </LIST>
  <Components>
    <F1NODE source="mapAssets/mapImages/F1Node.png" y="0" x="0" width="1434" height="714"/>
    <LCF1 source="assets/comp/LCF1.png" x="50" y="30" scaleY="0.8" width="110" height="92" scaleX="0.8"/>
    <ZNZTL source="assets/comp/ZNZTL.png" y="69" x="1200" width="80" height="80"/>
    <ALARMTB source="assets/comp/ALARMTB/alarm/0/1.png" scaleX="1.5" alarm="ALARMTB" param="" y="178.45" x="792.6500000000001" scaleY="1.5" width="16" height="16" deviceID=""/>
    <ALARMTB source="assets/comp/ALARMTB/alarm/0/1.png" scaleX="1.5" alarm="ALARMTB" param="" y="236" x="479.15" scaleY="1.5" width="16" height="16" deviceID=""/>
    <ALARMTB source="assets/comp/ALARMTB/alarm/0/1.png" scaleX="1.5" alarm="ALARMTB" param="" y="393.65" x="569.95" scaleY="1.5" width="16" height="16" deviceID=""/>
    <ALARMTB source="assets/comp/ALARMTB/alarm/0/1.png" scaleX="1.5" alarm="ALARMTB" param="" y="449" x="101" scaleY="1.5" width="16" height="16" deviceID=""/>
    <ALARMTB source="assets/comp/ALARMTB/alarm/0/1.png" scaleX="1.5" alarm="ALARMTB" param="" y="536" x="220" scaleY="1.5" width="16" height="16" deviceID=""/>
    <ALARMTB source="assets/comp/ALARMTB/alarm/0/1.png" scaleX="1.5" alarm="ALARMTB" param="" y="530.4" x="420.25" scaleY="1.5" width="16" height="16" deviceID=""/>
    <ALARMTB source="assets/comp/ALARMTB/alarm/0/1.png" scaleX="1.5" alarm="ALARMTB" param="" y="325.85" x="825.4999999999999" scaleY="1.5" width="16" height="16" deviceID=""/>
    <ALARMTB source="assets/comp/ALARMTB/alarm/0/1.png" scaleX="1.5" alarm="ALARMTB" param="" y="318.85" x="1081.85" scaleY="1.5" width="16" height="16" deviceID=""/>
  </Components>
</Configration>