<?xml version="1.0" encoding="utf-8"?>
<Configration Width="1434" Height="714">
  <LIST>
    <Component>
      <RUNING/>
      <ALARM/>
      <LIFTF2/>
    </Component>
    <Image>
      <F1NODE source="mapAssets/mapImages/F1Node.png" group="map"/>
      <TULI source="assets/comp/TULI/TULI.png"/>
      <FTN source="assets/comp/TULI/FTN.png"/>
      <FTA source="assets/comp/TULI/FTA.png"/>
      <FTR source="assets/comp/TULI/FTR.png"/>
      <LCF1 source="assets/comp/LCF1.png"/>
    </Image>
  </LIST>
  <Components>
    <F1NODE y="0" width="1434" x="0" group="map" source="mapAssets/mapImages/F1Node.png" height="714"/>
    <TEXT group="commonComp" fontFamily="微软雅黑" y="180" x="225" fontWeight="normal" color="0x444444" param="" fontSize="20" borderColor="0xffffff" widthInChars="4" contentBackgroundAlpha="0" textAlign="center" width="107" borderVisible="false" text="四号门扶梯" deviceID="" source="assets/comp/TEXTINPUT/label.png" height="25" sizeAuto="true"/>
    <RUNING group="commonComp" deviceName="一层至二层FT-1F2F-11" y="229" x="177" mark="LIFTF" width="58" deviceID="850005" source="assets/comp/RUNING/runing/0/1.png" height="25"/>
    <ALARM group="commonComp" paramID="2" mark="LIFTF" alarm="ALARM" x="177" y="254" deviceName="一层至二层FT-1F2F-11" param="alarm" width="58" deviceID="850005" source="assets/comp/ALARM/alarm/0/1.png" height="25"/>
    <LIFTF2 group="deviceComp" deviceName="一层至二层FT-1F2F-11" x="139" y="227" mark="LIFTF" width="36" deviceID="850005" source="assets/comp/LIFTF2/bg.png" height="52"/>
    <TULI x="1063" group="tuli" y="481" scaleY="1.2" width="225" source="assets/comp/TULI/TULI.png" height="124"/>
    <FTN x="1221" group="tuli" y="514.05" scaleX="0.7" scaleY="0.6" width="36" source="assets/comp/TULI/FTN.png" height="52"/>
    <FTA x="1221" group="tuli" y="547.8499999999999" scaleX="0.7" scaleY="0.6" width="36" source="assets/comp/TULI/FTA.png" height="52"/>
    <FTR x="1221" group="tuli" y="581.3" scaleX="0.7" scaleY="0.6" width="36" source="assets/comp/TULI/FTR.png" height="52"/>
    <TEXT group="commonComp" fontFamily="微软雅黑" y="520" x="1092" fontWeight="normal" color="0x444444" param="" fontSize="14" borderColor="0xffffff" widthInChars="4" contentBackgroundAlpha="0" textAlign="center" width="62" borderVisible="false" text="扶梯正常" deviceID="" source="assets/comp/TEXTINPUT/label.png" height="19" sizeAuto="true"/>
    <TEXT group="commonComp" fontFamily="微软雅黑" y="555" x="1092" fontWeight="normal" color="0x444444" param="" fontSize="14" borderColor="0xffffff" widthInChars="4" contentBackgroundAlpha="0" textAlign="center" width="62" borderVisible="false" text="扶梯报警" deviceID="" source="assets/comp/TEXTINPUT/label.png" height="19" sizeAuto="true"/>
    <TEXT group="commonComp" fontFamily="微软雅黑" y="590" x="1092" fontWeight="normal" color="0x444444" param="" fontSize="14" borderColor="0xffffff" widthInChars="4" contentBackgroundAlpha="0" textAlign="center" width="62" borderVisible="false" text="扶梯运行" deviceID="" source="assets/comp/TEXTINPUT/label.png" height="19" sizeAuto="true"/>
    <LCF1 x="10" group="bg" y="10" scaleX="1" scaleY="1" width="110" source="assets/comp/LCF1.png" height="92"/>
    <LIFTF2 group="deviceComp" deviceName="一层至二层FT-1F2F-11" x="102" y="226" mark="LIFTF" width="36" deviceID="850005" source="assets/comp/LIFTF2/bg.png" height="52"/>
    <RUNING group="commonComp" deviceName="一层至二层FT-1F2F-11" y="227" x="43" mark="LIFTF" width="58" deviceID="850005" source="assets/comp/RUNING/runing/0/1.png" height="25"/>
    <ALARM group="commonComp" paramID="2" mark="LIFTF" alarm="ALARM" x="43" y="253" deviceName="一层至二层FT-1F2F-11" param="alarm" width="58" deviceID="850005" source="assets/comp/ALARM/alarm/0/1.png" height="25"/>
    <LIFTF2 group="deviceComp" deviceName="一层至二层FT-1F2F-11" x="105" y="419" mark="LIFTF" width="36" deviceID="850005" source="assets/comp/LIFTF2/bg.png" height="52"/>
    <LIFTF2 group="deviceComp" deviceName="一层至二层FT-1F2F-11" x="69" y="419" mark="LIFTF" width="36" deviceID="850005" source="assets/comp/LIFTF2/bg.png" height="52"/>
    <RUNING group="commonComp" deviceName="一层至二层FT-1F2F-11" y="417" x="11" mark="LIFTF" width="58" deviceID="850005" source="assets/comp/RUNING/runing/0/1.png" height="25"/>
    <ALARM group="commonComp" paramID="2" mark="LIFTF" alarm="ALARM" x="12" y="442" deviceName="一层至二层FT-1F2F-11" param="alarm" width="58" deviceID="850005" source="assets/comp/ALARM/alarm/0/1.png" height="25"/>
    <RUNING group="commonComp" deviceName="一层至二层FT-1F2F-11" y="420" x="143" mark="LIFTF" width="58" deviceID="850005" source="assets/comp/RUNING/runing/0/1.png" height="25"/>
    <ALARM group="commonComp" paramID="2" mark="LIFTF" alarm="ALARM" x="142" y="445" deviceName="一层至二层FT-1F2F-11" param="alarm" width="58" deviceID="850005" source="assets/comp/ALARM/alarm/0/1.png" height="25"/>
    <LIFTF2 group="deviceComp" deviceName="一层至二层FT-1F2F-11" x="329" y="206" mark="LIFTF" width="36" deviceID="850005" source="assets/comp/LIFTF2/bg.png" height="52"/>
    <LIFTF2 group="deviceComp" deviceName="一层至二层FT-1F2F-11" x="365" y="207" mark="LIFTF" width="36" deviceID="850005" source="assets/comp/LIFTF2/bg.png" height="52"/>
    <RUNING group="commonComp" deviceName="一层至二层FT-1F2F-11" y="207" x="269" mark="LIFTF" width="58" deviceID="850005" source="assets/comp/RUNING/runing/0/1.png" height="25"/>
    <ALARM group="commonComp" paramID="2" mark="LIFTF" alarm="ALARM" x="271" y="232" deviceName="一层至二层FT-1F2F-11" param="alarm" width="58" deviceID="850005" source="assets/comp/ALARM/alarm/0/1.png" height="25"/>
    <RUNING group="commonComp" deviceName="一层至二层FT-1F2F-11" y="207" x="402" mark="LIFTF" width="58" deviceID="850005" source="assets/comp/RUNING/runing/0/1.png" height="25"/>
    <ALARM group="commonComp" paramID="2" mark="LIFTF" alarm="ALARM" x="402" y="234" deviceName="一层至二层FT-1F2F-11" param="alarm" width="58" deviceID="850005" source="assets/comp/ALARM/alarm/0/1.png" height="25"/>
    <LIFTF2 group="deviceComp" deviceName="一层至二层FT-1F2F-11" x="615" y="211" mark="LIFTF" width="36" deviceID="850005" source="assets/comp/LIFTF2/bg.png" height="52"/>
    <LIFTF2 group="deviceComp" deviceName="一层至二层FT-1F2F-11" x="649" y="211" mark="LIFTF" width="36" deviceID="850005" source="assets/comp/LIFTF2/bg.png" height="52"/>
    <RUNING group="commonComp" deviceName="一层至二层FT-1F2F-11" y="209" x="557" mark="LIFTF" width="58" deviceID="850005" source="assets/comp/RUNING/runing/0/1.png" height="25"/>
    <ALARM group="commonComp" paramID="2" mark="LIFTF" alarm="ALARM" x="557" y="233" deviceName="一层至二层FT-1F2F-11" param="alarm" width="58" deviceID="850005" source="assets/comp/ALARM/alarm/0/1.png" height="25"/>
    <RUNING group="commonComp" deviceName="一层至二层FT-1F2F-11" y="213" x="685" mark="LIFTF" width="58" deviceID="850005" source="assets/comp/RUNING/runing/0/1.png" height="25"/>
    <ALARM group="commonComp" paramID="2" mark="LIFTF" alarm="ALARM" x="685" y="237" deviceName="一层至二层FT-1F2F-11" param="alarm" width="58" deviceID="850005" source="assets/comp/ALARM/alarm/0/1.png" height="25"/>
    <LIFTF2 group="deviceComp" deviceName="一层至二层FT-1F2F-11" x="874" y="227" mark="LIFTF" width="36" deviceID="850005" source="assets/comp/LIFTF2/bg.png" height="52"/>
    <LIFTF2 group="deviceComp" deviceName="一层至二层FT-1F2F-11" x="910" y="227" mark="LIFTF" width="36" deviceID="850005" source="assets/comp/LIFTF2/bg.png" height="52"/>
    <RUNING group="commonComp" deviceName="一层至二层FT-1F2F-11" y="229" x="817" mark="LIFTF" width="58" deviceID="850005" source="assets/comp/RUNING/runing/0/1.png" height="25"/>
    <ALARM group="commonComp" paramID="2" mark="LIFTF" alarm="ALARM" x="817" y="253" deviceName="一层至二层FT-1F2F-11" param="alarm" width="58" deviceID="850005" source="assets/comp/ALARM/alarm/0/1.png" height="25"/>
    <RUNING group="commonComp" deviceName="一层至二层FT-1F2F-11" y="228" x="947" mark="LIFTF" width="58" deviceID="850005" source="assets/comp/RUNING/runing/0/1.png" height="25"/>
    <ALARM group="commonComp" paramID="2" mark="LIFTF" alarm="ALARM" x="946" y="252" deviceName="一层至二层FT-1F2F-11" param="alarm" width="58" deviceID="850005" source="assets/comp/ALARM/alarm/0/1.png" height="25"/>
    <LIFTF2 group="deviceComp" deviceName="一层至二层FT-1F2F-11" x="1240" y="235" mark="LIFTF" width="36" deviceID="850005" source="assets/comp/LIFTF2/bg.png" height="52"/>
    <LIFTF2 group="deviceComp" deviceName="一层至二层FT-1F2F-11" x="1202" y="233" mark="LIFTF" width="36" deviceID="850005" source="assets/comp/LIFTF2/bg.png" height="52"/>
    <RUNING group="commonComp" deviceName="一层至二层FT-1F2F-11" y="233" x="1144" mark="LIFTF" width="58" deviceID="850005" source="assets/comp/RUNING/runing/0/1.png" height="25"/>
    <ALARM group="commonComp" paramID="2" mark="LIFTF" alarm="ALARM" x="1144" y="258" deviceName="一层至二层FT-1F2F-11" param="alarm" width="58" deviceID="850005" source="assets/comp/ALARM/alarm/0/1.png" height="25"/>
    <RUNING group="commonComp" deviceName="一层至二层FT-1F2F-11" y="236" x="1277" mark="LIFTF" width="58" deviceID="850005" source="assets/comp/RUNING/runing/0/1.png" height="25"/>
    <ALARM group="commonComp" paramID="2" mark="LIFTF" alarm="ALARM" x="1279" y="260" deviceName="一层至二层FT-1F2F-11" param="alarm" width="58" deviceID="850005" source="assets/comp/ALARM/alarm/0/1.png" height="25"/>
  </Components>
</Configration>