<?xml version="1.0" encoding="utf-8"?><Configration>
  <LIST>
    <Component/>
    <Image>
      <FNODE source="assets/comp/floorNode.png"/>
      <KTYX source="assets/comp/kt_yx.png"/>
    </Image>
  </LIST>
  <Components>
    <FNODE rotation="0" scale="0.28" x="33" y="0"/>
    <KTYX rotation="0" scale="0.35" x="862" y="205"/>
    <LABEL fontFamily="Arial" deviceID="" fontSize="12" fontWeight="bold" color="65280" rotation="0" textAlign="right" text="23℃" widthInChars="3" param="" scale="1" x="161" y="116"/>
    <LABEL fontFamily="Arial" deviceID="" fontSize="12" fontWeight="bold" color="65280" rotation="0" textAlign="right" text="23℃" widthInChars="3" param="" scale="1" x="106" y="274"/>
    <LABEL fontFamily="Arial" deviceID="" fontSize="12" fontWeight="bold" color="65280" rotation="0" textAlign="right" text="23℃" widthInChars="3" param="" scale="1" x="129" y="221"/>
    <LABEL fontFamily="Arial" deviceID="" fontSize="12" fontWeight="bold" color="65280" rotation="0" textAlign="right" text="23℃" widthInChars="3" param="" scale="1" x="129" y="324"/>
    <LABEL fontFamily="Arial" deviceID="" fontSize="12" fontWeight="bold" color="65280" rotation="0" textAlign="right" text="23℃" widthInChars="3" param="" scale="1" x="258" y="210"/>
    <LABEL fontFamily="Arial" deviceID="" fontSize="12" fontWeight="bold" color="65280" rotation="0" textAlign="right" text="23℃" widthInChars="3" param="" scale="1" x="234" y="327"/>
    <LABEL fontFamily="Arial" deviceID="" fontSize="12" fontWeight="bold" color="65280" rotation="0" textAlign="right" text="23℃" widthInChars="3" param="" scale="1" x="316" y="274"/>
    <LABEL fontFamily="Arial" deviceID="" fontSize="12" fontWeight="bold" color="65280" rotation="0" textAlign="right" text="23℃" widthInChars="3" param="" scale="1" x="322" y="334"/>
    <LABEL fontFamily="Arial" deviceID="" fontSize="12" fontWeight="bold" color="65280" rotation="0" textAlign="right" text="23℃" widthInChars="3" param="" scale="1" x="459" y="273"/>
    <LABEL fontFamily="Arial" deviceID="" fontSize="12" fontWeight="bold" color="65280" rotation="0" textAlign="right" text="23℃" widthInChars="3" param="" scale="1" x="468" y="340"/>
    <LABEL fontFamily="Arial" deviceID="" fontSize="12" fontWeight="bold" color="65280" rotation="0" textAlign="right" text="23℃" widthInChars="3" param="" scale="1" x="555" y="280"/>
    <LABEL fontFamily="Arial" deviceID="" fontSize="12" fontWeight="bold" color="65280" rotation="0" textAlign="right" text="23℃" widthInChars="3" param="" scale="1" x="677" y="249"/>
    <LABEL fontFamily="Arial" deviceID="" fontSize="12" fontWeight="bold" color="65280" rotation="0" textAlign="right" text="23℃" widthInChars="3" param="" scale="1" x="662" y="397"/>
    <LABEL fontFamily="Arial" deviceID="" fontSize="12" fontWeight="bold" color="65280" rotation="0" textAlign="right" text="23℃" widthInChars="3" param="" scale="1" x="795" y="324"/>
    <LABEL fontFamily="Arial" deviceID="" fontSize="12" fontWeight="bold" color="65280" rotation="0" textAlign="right" text="23℃" widthInChars="3" param="" scale="1" x="728" y="395"/>
    <LABEL fontFamily="Arial" deviceID="" fontSize="12" fontWeight="bold" color="65280" rotation="0" textAlign="right" text="23℃" widthInChars="3" param="" scale="1" x="730" y="192"/>
    <LABEL fontFamily="Arial" deviceID="" fontSize="12" fontWeight="bold" color="65280" rotation="0" textAlign="right" text="23℃" widthInChars="3" param="" scale="1" x="767" y="109"/>
    <LABEL fontFamily="Arial" deviceID="" fontSize="12" fontWeight="bold" color="65280" rotation="0" textAlign="right" text="30%RH" widthInChars="5" param="" scale="1" x="126" y="178"/>
    <LABEL fontFamily="Arial" deviceID="" fontSize="12" fontWeight="bold" color="65280" rotation="0" textAlign="right" text="900ppm" widthInChars="5" param="" scale="1" x="127" y="152"/>
    <LABEL fontFamily="Arial" deviceID="" fontSize="12" fontWeight="bold" color="65280" rotation="0" textAlign="right" text="30%RH" widthInChars="5" param="" scale="1" x="160" y="352"/>
    <LABEL fontFamily="Arial" deviceID="" fontSize="12" fontWeight="bold" color="65280" rotation="0" textAlign="right" text="900ppm" widthInChars="5" param="" scale="1" x="278" y="241"/>
    <LABEL fontFamily="Arial" deviceID="" fontSize="12" fontWeight="bold" color="65280" rotation="0" textAlign="right" text="900ppm" widthInChars="5" param="" scale="1" x="384" y="318"/>
    <LABEL fontFamily="Arial" deviceID="" fontSize="12" fontWeight="bold" color="65280" rotation="0" textAlign="right" text="30%RH" widthInChars="5" param="" scale="1" x="383" y="344"/>
    <LABEL fontFamily="Arial" deviceID="" fontSize="12" fontWeight="bold" color="65280" rotation="0" textAlign="right" text="30%RH" widthInChars="5" param="" scale="1" x="538" y="368"/>
    <LABEL fontFamily="Arial" deviceID="" fontSize="12" fontWeight="bold" color="65280" rotation="0" textAlign="right" text="900ppm" widthInChars="5" param="" scale="1" x="538" y="343"/>
    <LABEL fontFamily="Arial" deviceID="" fontSize="12" fontWeight="bold" color="65280" rotation="0" textAlign="right" text="900ppm" widthInChars="5" param="" scale="1" x="629" y="278"/>
    <LABEL fontFamily="Arial" deviceID="" fontSize="12" fontWeight="bold" color="65280" rotation="0" textAlign="right" text="30%RH" widthInChars="5" param="" scale="1" x="816" y="264"/>
    <LABEL fontFamily="Arial" deviceID="" fontSize="12" fontWeight="bold" color="65280" rotation="0" textAlign="right" text="30%RH" widthInChars="5" param="" scale="1" x="743" y="297"/>
    <LABEL fontFamily="Arial" deviceID="" fontSize="12" fontWeight="bold" color="65280" rotation="0" textAlign="right" text="900ppm" widthInChars="5" param="" scale="1" x="816" y="241"/>
  </Components>
</Configration>