<?xml version="1.0" encoding="utf-8"?>
<Configration Width="1434" Height="714">
  <LIST>
    <Component>
      <MJ/>
    </Component>
    <Image>
      <F1NODE source="mapAssets/mapImages/F1Node.png" group="map"/>
      <TULI source="assets/comp/TULI/TULI.png"/>
      <LCF1 source="assets/comp/LCF1.png"/>
      <MJN source="assets/comp/TULI/MJN.png"/>
      <MJA source="assets/comp/TULI/MJA.png"/>
      <MJOPEN source="assets/comp/MJOPEN.png"/>
    </Image>
  </LIST>
  <Components>
    <F1NODE deviceName="1F8#楼梯1" source="mapAssets/mapImages/F1Node.png" scaleX="1" deviceID="1390045" x="0" y="0" width="1434" group="map" height="714"/>
    <TULI x="1201" y="582" height="124" source="assets/comp/TULI/TULI.png" width="225" group="tuli"/>
    <LCF1 x="10" y="10" height="92" source="assets/comp/LCF1.png" width="110" group="bg"/>
    <MJN source="assets/comp/TULI/MJN.png" scaleX="0.5" scaleY="0.5" x="1231" y="640" width="80" group="tuli" height="80"/>
    <MJA source="assets/comp/TULI/MJA.png" scaleX="0.5" scaleY="0.5" x="1351" y="640" width="80" group="tuli" height="80"/>
    <TEXT width="32" height="19" text="关门" borderColor="0xffffff" source="assets/comp/TEXTINPUT/label.png" fontSize="14" fontWeight="normal" widthInChars="4" contentBackgroundAlpha="0" y="610" borderVisible="false" color="0x444444" param="" fontFamily="微软雅黑" x="1234" textAlign="center" group="commonComp" deviceID="" sizeAuto="true"/>
    <TEXT width="32" height="19" text="报警" borderColor="0xffffff" source="assets/comp/TEXTINPUT/label.png" fontSize="14" fontWeight="normal" widthInChars="4" contentBackgroundAlpha="0" y="610" borderVisible="false" color="0x444444" param="" fontFamily="微软雅黑" x="1354" textAlign="center" group="commonComp" deviceID="" sizeAuto="true"/>
    <MJ deviceID="1390027" source="assets/comp/MJ/bg.png" deviceName="MJ-1F-S01" scaleY="0.3" y="377" scaleX="0.3" x="361" width="80" group="deviceComp" height="80" mark="MJ"/>
    <TEXT group="commonComp" textAlign="center" fontSize="12" contentBackgroundColor="16777215" fontFamily="微软雅黑" width="29" height="17" deviceID="" text="LT13" borderColor="0xffffff" source="assets/comp/TEXTINPUT/label.png" fontWeight="normal" widthInChars="4" contentBackgroundAlpha="1" borderVisible="false" y="406" param="" x="359" color="255" sizeAuto="true"/>
    <TEXT width="32" height="19" text="开门" borderColor="0xffffff" source="assets/comp/TEXTINPUT/label.png" fontSize="14" fontWeight="normal" widthInChars="4" contentBackgroundAlpha="0" y="610" borderVisible="false" color="0x444444" param="" fontFamily="微软雅黑" x="1294" textAlign="center" group="commonComp" deviceID="" sizeAuto="true"/>
    <MJOPEN source="assets/comp/MJOPEN.png" scaleX="0.5" scaleY="0.5" x="1291" y="640" width="80" group="bg" height="80"/>
    <TEXT group="commonComp" textAlign="center" fontSize="12" contentBackgroundColor="16777215" fontFamily="微软雅黑" width="47" height="17" deviceID="" text="Binkeke" borderColor="0xffffff" source="assets/comp/TEXTINPUT/label.png" fontWeight="normal" widthInChars="4" contentBackgroundAlpha="0" borderVisible="false" y="570" param="" x="125" color="39168" sizeAuto="true"/>
    <TEXT group="commonComp" textAlign="center" fontSize="12" contentBackgroundColor="16777215" fontFamily="微软雅黑" width="36" height="17" deviceID="" text="1032-1" borderColor="0xffffff" source="assets/comp/TEXTINPUT/label.png" fontWeight="normal" widthInChars="4" contentBackgroundAlpha="0" borderVisible="false" y="570" param="" x="70" color="13408512" sizeAuto="true"/>
    <TEXT group="commonComp" textAlign="center" fontSize="12" contentBackgroundColor="16777215" fontFamily="微软雅黑" width="41" height="17" deviceID="" text="孩子王" borderColor="0xffffff" source="assets/comp/TEXTINPUT/label.png" fontWeight="normal" widthInChars="4" contentBackgroundAlpha="0" borderVisible="false" y="570" param="" x="7" color="13408512" sizeAuto="true"/>
    <TEXT group="commonComp" textAlign="center" fontSize="12" contentBackgroundColor="16777215" fontFamily="微软雅黑" width="41" height="17" deviceID="" text="孩子王" borderColor="0xffffff" source="assets/comp/TEXTINPUT/label.png" fontWeight="normal" widthInChars="4" contentBackgroundAlpha="0" borderVisible="false" y="585" param="" x="7" color="13408512" sizeAuto="true"/>
    <TEXT group="commonComp" textAlign="center" fontSize="12" contentBackgroundColor="16777215" fontFamily="微软雅黑" width="41" height="17" deviceID="" text="孩子王" borderColor="0xffffff" source="assets/comp/TEXTINPUT/label.png" fontWeight="normal" widthInChars="4" contentBackgroundAlpha="0" borderVisible="false" y="600" param="" x="7" color="13408512" sizeAuto="true"/>
    <TEXT x="69" y="585" textAlign="center" fontSize="12" contentBackgroundColor="16777215" fontFamily="微软雅黑" width="40" height="17" deviceID="" text="1032-2" borderColor="0xffffff" source="assets/comp/TEXTINPUT/label.png" fontWeight="normal" widthInChars="4" contentBackgroundAlpha="0" borderVisible="false" color="13408512" param="" rotation="0" group="commonComp" sizeAuto="false"/>
    <TEXT group="commonComp" textAlign="center" fontSize="12" contentBackgroundColor="16777215" fontFamily="微软雅黑" width="26" height="17" deviceID="" text="1033" borderColor="0xffffff" source="assets/comp/TEXTINPUT/label.png" fontWeight="normal" widthInChars="4" contentBackgroundAlpha="0" borderVisible="false" y="615" param="" x="70" color="13408512" sizeAuto="true"/>
    <TEXT group="commonComp" textAlign="center" fontSize="12" contentBackgroundColor="16777215" fontFamily="微软雅黑" width="26" height="17" deviceID="" text="1034" borderColor="0xffffff" source="assets/comp/TEXTINPUT/label.png" fontWeight="normal" widthInChars="4" contentBackgroundAlpha="0" borderVisible="false" y="600" param="" x="70" color="13408512" sizeAuto="true"/>
    <TEXT group="commonComp" textAlign="center" fontSize="12" contentBackgroundColor="16777215" fontFamily="微软雅黑" width="41" height="17" deviceID="" text="大统华" borderColor="0xffffff" source="assets/comp/TEXTINPUT/label.png" fontWeight="normal" widthInChars="4" contentBackgroundAlpha="0" borderVisible="false" y="615" param="" x="7" color="13408512" sizeAuto="true"/>
    <TEXT group="commonComp" textAlign="center" fontSize="12" contentBackgroundColor="16777215" fontFamily="微软雅黑" width="56" height="17" deviceID="" text="UlifeStyle" borderColor="0xffffff" source="assets/comp/TEXTINPUT/label.png" fontWeight="normal" widthInChars="4" contentBackgroundAlpha="0" borderVisible="false" y="630" param="" x="7" color="13408512" sizeAuto="true"/>
    <TEXT group="commonComp" textAlign="center" fontSize="12" contentBackgroundColor="16777215" fontFamily="微软雅黑" width="60" height="17" deviceID="" text="MJ STYLE" borderColor="0xffffff" source="assets/comp/TEXTINPUT/label.png" fontWeight="normal" widthInChars="4" contentBackgroundAlpha="0" borderVisible="false" y="660" param="" x="7" color="13408512" sizeAuto="true"/>
    <TEXT group="commonComp" textAlign="center" fontSize="12" contentBackgroundColor="16777215" fontFamily="微软雅黑" width="26" height="17" deviceID="" text="1042" borderColor="0xffffff" source="assets/comp/TEXTINPUT/label.png" fontWeight="normal" widthInChars="4" contentBackgroundAlpha="0" borderVisible="false" y="630" param="" x="70" color="13408512" sizeAuto="true"/>
    <TEXT group="commonComp" textAlign="center" fontSize="12" contentBackgroundColor="16777215" fontFamily="微软雅黑" width="26" height="17" deviceID="" text="1043" borderColor="0xffffff" source="assets/comp/TEXTINPUT/label.png" fontWeight="normal" widthInChars="4" contentBackgroundAlpha="0" borderVisible="false" y="645" param="" x="70" color="13408512" sizeAuto="true"/>
    <TEXT group="commonComp" textAlign="center" fontSize="12" contentBackgroundColor="16777215" fontFamily="微软雅黑" width="56" height="17" deviceID="" text="UlifeStyle" borderColor="0xffffff" source="assets/comp/TEXTINPUT/label.png" fontWeight="normal" widthInChars="4" contentBackgroundAlpha="0" borderVisible="false" y="645" param="" x="7" color="13408512" sizeAuto="true"/>
    <TEXT group="commonComp" textAlign="center" fontSize="12" contentBackgroundColor="16777215" fontFamily="微软雅黑" width="60" height="17" deviceID="" text="MJ STYLE" borderColor="0xffffff" source="assets/comp/TEXTINPUT/label.png" fontWeight="normal" widthInChars="4" contentBackgroundAlpha="0" borderVisible="false" y="675" param="" x="7" color="13408512" sizeAuto="true"/>
    <TEXT group="commonComp" textAlign="center" fontSize="12" contentBackgroundColor="16777215" fontFamily="微软雅黑" width="26" height="17" deviceID="" text="1048" borderColor="0xffffff" source="assets/comp/TEXTINPUT/label.png" fontWeight="normal" widthInChars="4" contentBackgroundAlpha="0" borderVisible="false" y="660" param="" x="70" color="13408512" sizeAuto="true"/>
    <TEXT group="commonComp" textAlign="center" fontSize="12" contentBackgroundColor="16777215" fontFamily="微软雅黑" width="26" height="17" deviceID="" text="1049" borderColor="0xffffff" source="assets/comp/TEXTINPUT/label.png" fontWeight="normal" widthInChars="4" contentBackgroundAlpha="0" borderVisible="false" y="675" param="" x="71" color="13408512" sizeAuto="true"/>
    <TEXT group="commonComp" textAlign="center" fontSize="12" contentBackgroundColor="16777215" fontFamily="微软雅黑" width="47" height="17" deviceID="" text="Binkeke" borderColor="0xffffff" source="assets/comp/TEXTINPUT/label.png" fontWeight="normal" widthInChars="4" contentBackgroundAlpha="0" borderVisible="false" y="585" param="" x="125" color="39168" sizeAuto="true"/>
    <TEXT group="commonComp" textAlign="center" fontSize="12" contentBackgroundColor="16777215" fontFamily="微软雅黑" width="28" height="17" deviceID="" text="雅柔" borderColor="0xffffff" source="assets/comp/TEXTINPUT/label.png" fontWeight="normal" widthInChars="4" contentBackgroundAlpha="0" borderVisible="false" y="600" param="" x="125" color="39168" sizeAuto="true"/>
    <TEXT group="commonComp" textAlign="center" fontSize="12" contentBackgroundColor="16777215" fontFamily="微软雅黑" width="28" height="17" deviceID="" text="以纯" borderColor="0xffffff" source="assets/comp/TEXTINPUT/label.png" fontWeight="normal" widthInChars="4" contentBackgroundAlpha="0" borderVisible="false" y="645" param="" x="125" color="39168" sizeAuto="true"/>
    <TEXT group="commonComp" textAlign="center" fontSize="12" contentBackgroundColor="16777215" fontFamily="微软雅黑" width="56" height="19" deviceID="" text="Me&amp;City" borderColor="0xffffff" source="assets/comp/TEXTINPUT/label.png" fontWeight="normal" widthInChars="4" contentBackgroundAlpha="0" borderVisible="false" y="545" param="" x="390" color="39168" sizeAuto="false"/>
    <TEXT group="commonComp" textAlign="center" fontSize="12" contentBackgroundColor="16777215" fontFamily="微软雅黑" width="19" height="17" deviceID="" text="AK" borderColor="0xffffff" source="assets/comp/TEXTINPUT/label.png" fontWeight="normal" widthInChars="4" contentBackgroundAlpha="0" borderVisible="false" y="500" param="" x="390" color="39168" sizeAuto="true"/>
    <TEXT group="commonComp" textAlign="center" fontSize="12" contentBackgroundColor="16777215" fontFamily="微软雅黑" width="23" height="17" deviceID="" text="LEE" borderColor="0xffffff" source="assets/comp/TEXTINPUT/label.png" fontWeight="normal" widthInChars="4" contentBackgroundAlpha="0" borderVisible="false" y="675" param="" x="125" color="39168" sizeAuto="true"/>
    <TEXT group="commonComp" textAlign="center" fontSize="12" contentBackgroundColor="16777215" fontFamily="微软雅黑" width="63" height="17" deviceID="" text="LaChapelle" borderColor="0xffffff" source="assets/comp/TEXTINPUT/label.png" fontWeight="normal" widthInChars="4" contentBackgroundAlpha="0" borderVisible="false" y="660" param="" x="125" color="39168" sizeAuto="true"/>
    <TEXT group="commonComp" textAlign="center" fontSize="12" contentBackgroundColor="16777215" fontFamily="微软雅黑" width="41" height="17" deviceID="" text="菀草壹" borderColor="0xffffff" source="assets/comp/TEXTINPUT/label.png" fontWeight="normal" widthInChars="4" contentBackgroundAlpha="0" borderVisible="false" y="630" param="" x="125" color="39168" sizeAuto="true"/>
    <TEXT group="commonComp" textAlign="center" fontSize="12" contentBackgroundColor="16777215" fontFamily="微软雅黑" width="28" height="17" deviceID="" text="雅柔" borderColor="0xffffff" source="assets/comp/TEXTINPUT/label.png" fontWeight="normal" widthInChars="4" contentBackgroundAlpha="0" borderVisible="false" y="615" param="" x="125" color="39168" sizeAuto="true"/>
    <TEXT group="commonComp" textAlign="center" fontSize="12" contentBackgroundColor="16777215" fontFamily="微软雅黑" width="70" height="17" deviceID="" text="BLOOMING" borderColor="0xffffff" source="assets/comp/TEXTINPUT/label.png" fontWeight="normal" widthInChars="4" contentBackgroundAlpha="0" borderVisible="false" y="485" param="" x="390" color="39168" sizeAuto="true"/>
    <TEXT group="commonComp" textAlign="center" fontSize="12" contentBackgroundColor="16777215" fontFamily="微软雅黑" width="80" height="17" deviceID="" text="POLO SPORT" borderColor="0xffffff" source="assets/comp/TEXTINPUT/label.png" fontWeight="normal" widthInChars="4" contentBackgroundAlpha="0" borderVisible="false" y="573" param="" x="245" color="39168" sizeAuto="true"/>
    <TEXT group="commonComp" textAlign="center" fontSize="12" contentBackgroundColor="16777215" fontFamily="微软雅黑" width="54" height="17" deviceID="" text="BU XUAN" borderColor="0xffffff" source="assets/comp/TEXTINPUT/label.png" fontWeight="normal" widthInChars="4" contentBackgroundAlpha="0" borderVisible="false" y="645" param="" x="246" color="39168" sizeAuto="true"/>
    <TEXT group="commonComp" textAlign="center" fontSize="12" contentBackgroundColor="16777215" fontFamily="微软雅黑" width="74" height="17" deviceID="" text="VERY MODA" borderColor="0xffffff" source="assets/comp/TEXTINPUT/label.png" fontWeight="normal" widthInChars="4" contentBackgroundAlpha="0" borderVisible="false" y="630" param="" x="246" color="39168" sizeAuto="true"/>
    <TEXT group="commonComp" textAlign="center" fontSize="12" contentBackgroundColor="16777215" fontFamily="微软雅黑" width="40" height="17" deviceID="" text="1004-3" borderColor="0xffffff" source="assets/comp/TEXTINPUT/label.png" fontWeight="normal" widthInChars="4" contentBackgroundAlpha="0" borderVisible="false" y="570" param="" x="190" color="39168" sizeAuto="false"/>
    <TEXT group="commonComp" textAlign="center" fontSize="12" contentBackgroundColor="16777215" fontFamily="微软雅黑" width="28" height="17" deviceID="" text="哥弟" borderColor="0xffffff" source="assets/comp/TEXTINPUT/label.png" fontWeight="normal" widthInChars="4" contentBackgroundAlpha="0" borderVisible="false" y="677" param="" x="245" color="39168" sizeAuto="true"/>
    <TEXT group="commonComp" textAlign="center" fontSize="12" contentBackgroundColor="16777215" fontFamily="微软雅黑" width="67" height="17" deviceID="" text="太平鸟女装" borderColor="0xffffff" source="assets/comp/TEXTINPUT/label.png" fontWeight="normal" widthInChars="4" contentBackgroundAlpha="0" borderVisible="false" y="560" param="" x="390" color="39168" sizeAuto="true"/>
    <TEXT group="commonComp" textAlign="center" fontSize="12" contentBackgroundColor="16777215" fontFamily="微软雅黑" width="46" height="17" deviceID="" text="selected" borderColor="0xffffff" source="assets/comp/TEXTINPUT/label.png" fontWeight="normal" widthInChars="4" contentBackgroundAlpha="0" borderVisible="false" y="600" param="" x="247" color="39168" sizeAuto="false"/>
    <TEXT group="commonComp" textAlign="center" fontSize="12" contentBackgroundColor="16777215" fontFamily="微软雅黑" width="38" height="17" deviceID="" text="Amass" borderColor="0xffffff" source="assets/comp/TEXTINPUT/label.png" fontWeight="normal" widthInChars="4" contentBackgroundAlpha="0" borderVisible="false" y="660" param="" x="246" color="39168" sizeAuto="false"/>
    <TEXT group="commonComp" textAlign="center" fontSize="12" contentBackgroundColor="16777215" fontFamily="微软雅黑" width="36" height="17" deviceID="" text="ONLY" borderColor="0xffffff" source="assets/comp/TEXTINPUT/label.png" fontWeight="normal" widthInChars="4" contentBackgroundAlpha="0" borderVisible="false" y="615" param="" x="243" color="39168" sizeAuto="true"/>
    <TEXT group="commonComp" textAlign="center" fontSize="12" contentBackgroundColor="16777215" fontFamily="微软雅黑" width="49" height="17" deviceID="" text="LaBabite" borderColor="0xffffff" source="assets/comp/TEXTINPUT/label.png" fontWeight="normal" widthInChars="4" contentBackgroundAlpha="0" borderVisible="false" y="587" param="" x="247" color="39168" sizeAuto="true"/>
    <TEXT group="commonComp" textAlign="center" fontSize="12" contentBackgroundColor="16777215" fontFamily="微软雅黑" width="26" height="17" deviceID="" text="UKP" borderColor="0xffffff" source="assets/comp/TEXTINPUT/label.png" fontWeight="normal" widthInChars="4" contentBackgroundAlpha="0" borderVisible="false" y="470" param="" x="390" color="39168" sizeAuto="true"/>
    <TEXT group="commonComp" textAlign="center" fontSize="12" contentBackgroundColor="16777215" fontFamily="微软雅黑" width="73" height="19" deviceID="" text="jack&amp;jones" borderColor="0xffffff" source="assets/comp/TEXTINPUT/label.png" fontWeight="normal" widthInChars="4" contentBackgroundAlpha="0" borderVisible="false" y="530" param="" x="390" color="39168" sizeAuto="false"/>
    <TEXT group="commonComp" textAlign="center" fontSize="12" contentBackgroundColor="16777215" fontFamily="微软雅黑" width="67" height="17" deviceID="" text="印象集合店" borderColor="0xffffff" source="assets/comp/TEXTINPUT/label.png" fontWeight="normal" widthInChars="4" contentBackgroundAlpha="0" borderVisible="false" y="517" param="" x="389" color="39168" sizeAuto="true"/>
    <TEXT group="commonComp" textAlign="center" fontSize="12" contentBackgroundColor="16777215" fontFamily="微软雅黑" width="26" height="17" deviceID="" text="1005" borderColor="0xffffff" source="assets/comp/TEXTINPUT/label.png" fontWeight="normal" widthInChars="4" contentBackgroundAlpha="0" borderVisible="false" y="585" param="" x="190" color="39168" sizeAuto="true"/>
    <TEXT group="commonComp" textAlign="center" fontSize="12" contentBackgroundColor="16777215" fontFamily="微软雅黑" width="26" height="17" deviceID="" text="1014" borderColor="0xffffff" source="assets/comp/TEXTINPUT/label.png" fontWeight="normal" widthInChars="4" contentBackgroundAlpha="0" borderVisible="false" y="600" param="" x="190" color="39168" sizeAuto="true"/>
    <TEXT group="commonComp" textAlign="center" fontSize="12" contentBackgroundColor="16777215" fontFamily="微软雅黑" width="38" height="17" deviceID="" text="1015-1" borderColor="0xffffff" source="assets/comp/TEXTINPUT/label.png" fontWeight="normal" widthInChars="4" contentBackgroundAlpha="0" borderVisible="false" y="615" param="" x="190" color="39168" sizeAuto="false"/>
    <TEXT group="commonComp" textAlign="center" fontSize="12" contentBackgroundColor="16777215" fontFamily="微软雅黑" width="38" height="17" deviceID="" text="1015-2" borderColor="0xffffff" source="assets/comp/TEXTINPUT/label.png" fontWeight="normal" widthInChars="4" contentBackgroundAlpha="0" borderVisible="false" y="630" param="" x="190" color="39168" sizeAuto="false"/>
    <TEXT group="commonComp" textAlign="center" fontSize="12" contentBackgroundColor="16777215" fontFamily="微软雅黑" width="26" height="17" deviceID="" text="1017" borderColor="0xffffff" source="assets/comp/TEXTINPUT/label.png" fontWeight="normal" widthInChars="4" contentBackgroundAlpha="0" borderVisible="false" y="645" param="" x="190" color="39168" sizeAuto="true"/>
    <TEXT group="commonComp" textAlign="center" fontSize="12" contentBackgroundColor="16777215" fontFamily="微软雅黑" width="26" height="17" deviceID="" text="1018" borderColor="0xffffff" source="assets/comp/TEXTINPUT/label.png" fontWeight="normal" widthInChars="4" contentBackgroundAlpha="0" borderVisible="false" y="660" param="" x="190" color="39168" sizeAuto="true"/>
    <TEXT group="commonComp" textAlign="center" fontSize="12" contentBackgroundColor="16777215" fontFamily="微软雅黑" width="26" height="17" deviceID="" text="1020" borderColor="0xffffff" source="assets/comp/TEXTINPUT/label.png" fontWeight="normal" widthInChars="4" contentBackgroundAlpha="0" borderVisible="false" y="570" param="" x="340" color="39168" sizeAuto="true"/>
    <TEXT group="commonComp" textAlign="center" fontSize="12" contentBackgroundColor="16777215" fontFamily="微软雅黑" width="26" height="17" deviceID="" text="1021" borderColor="0xffffff" source="assets/comp/TEXTINPUT/label.png" fontWeight="normal" widthInChars="4" contentBackgroundAlpha="0" borderVisible="false" y="585" param="" x="340" color="39168" sizeAuto="true"/>
    <TEXT group="commonComp" textAlign="center" fontSize="12" contentBackgroundColor="16777215" fontFamily="微软雅黑" width="26" height="17" deviceID="" text="1022" borderColor="0xffffff" source="assets/comp/TEXTINPUT/label.png" fontWeight="normal" widthInChars="4" contentBackgroundAlpha="0" borderVisible="false" y="600" param="" x="340" color="39168" sizeAuto="true"/>
    <TEXT group="commonComp" textAlign="center" fontSize="12" contentBackgroundColor="16777215" fontFamily="微软雅黑" width="26" height="17" deviceID="" text="1030" borderColor="0xffffff" source="assets/comp/TEXTINPUT/label.png" fontWeight="normal" widthInChars="4" contentBackgroundAlpha="0" borderVisible="false" y="485" param="" x="470" color="39168" sizeAuto="true"/>
    <TEXT group="commonComp" textAlign="center" fontSize="12" contentBackgroundColor="16777215" fontFamily="微软雅黑" width="28" height="17" deviceID="" text="1029" borderColor="0xffffff" source="assets/comp/TEXTINPUT/label.png" fontWeight="normal" widthInChars="4" contentBackgroundAlpha="0" borderVisible="false" y="470" param="" x="469" color="39168" sizeAuto="false"/>
    <TEXT group="commonComp" textAlign="center" fontSize="12" contentBackgroundColor="16777215" fontFamily="微软雅黑" width="26" height="17" deviceID="" text="1023" borderColor="0xffffff" source="assets/comp/TEXTINPUT/label.png" fontWeight="normal" widthInChars="4" contentBackgroundAlpha="0" borderVisible="false" y="615" param="" x="340" color="39168" sizeAuto="true"/>
    <TEXT group="commonComp" textAlign="center" fontSize="12" contentBackgroundColor="16777215" fontFamily="微软雅黑" width="26" height="17" deviceID="" text="1024" borderColor="0xffffff" source="assets/comp/TEXTINPUT/label.png" fontWeight="normal" widthInChars="4" contentBackgroundAlpha="0" borderVisible="false" y="630" param="" x="340" color="39168" sizeAuto="true"/>
    <TEXT group="commonComp" textAlign="center" fontSize="12" contentBackgroundColor="16777215" fontFamily="微软雅黑" width="26" height="17" deviceID="" text="1025" borderColor="0xffffff" source="assets/comp/TEXTINPUT/label.png" fontWeight="normal" widthInChars="4" contentBackgroundAlpha="0" borderVisible="false" y="646" param="" x="340" color="39168" sizeAuto="true"/>
    <TEXT group="commonComp" textAlign="center" fontSize="12" contentBackgroundColor="16777215" fontFamily="微软雅黑" width="26" height="17" deviceID="" text="1027" borderColor="0xffffff" source="assets/comp/TEXTINPUT/label.png" fontWeight="normal" widthInChars="4" contentBackgroundAlpha="0" borderVisible="false" y="661" param="" x="340" color="39168" sizeAuto="true"/>
    <TEXT group="commonComp" textAlign="center" fontSize="12" contentBackgroundColor="16777215" fontFamily="微软雅黑" width="26" height="17" deviceID="" text="1028" borderColor="0xffffff" source="assets/comp/TEXTINPUT/label.png" fontWeight="normal" widthInChars="4" contentBackgroundAlpha="0" borderVisible="false" y="678" param="" x="340" color="39168" sizeAuto="true"/>
    <TEXT group="commonComp" textAlign="center" fontSize="12" contentBackgroundColor="16777215" fontFamily="微软雅黑" width="26" height="17" deviceID="" text="1038" borderColor="0xffffff" source="assets/comp/TEXTINPUT/label.png" fontWeight="normal" widthInChars="4" contentBackgroundAlpha="0" borderVisible="false" y="500" param="" x="470" color="39168" sizeAuto="true"/>
    <TEXT group="commonComp" textAlign="center" fontSize="12" contentBackgroundColor="16777215" fontFamily="微软雅黑" width="26" height="17" deviceID="" text="1039" borderColor="0xffffff" source="assets/comp/TEXTINPUT/label.png" fontWeight="normal" widthInChars="4" contentBackgroundAlpha="0" borderVisible="false" y="515" param="" x="470" color="39168" sizeAuto="true"/>
    <TEXT group="commonComp" textAlign="center" fontSize="12" contentBackgroundColor="16777215" fontFamily="微软雅黑" width="26" height="17" deviceID="" text="1041" borderColor="0xffffff" source="assets/comp/TEXTINPUT/label.png" fontWeight="normal" widthInChars="4" contentBackgroundAlpha="0" borderVisible="false" y="530" param="" x="470" color="39168" sizeAuto="true"/>
    <TEXT group="commonComp" textAlign="center" fontSize="12" contentBackgroundColor="16777215" fontFamily="微软雅黑" width="26" height="17" deviceID="" text="1045" borderColor="0xffffff" source="assets/comp/TEXTINPUT/label.png" fontWeight="normal" widthInChars="4" contentBackgroundAlpha="0" borderVisible="false" y="545" param="" x="470" color="39168" sizeAuto="true"/>
    <TEXT group="commonComp" textAlign="center" fontSize="12" contentBackgroundColor="16777215" fontFamily="微软雅黑" width="26" height="17" deviceID="" text="1047" borderColor="0xffffff" source="assets/comp/TEXTINPUT/label.png" fontWeight="normal" widthInChars="4" contentBackgroundAlpha="0" borderVisible="false" y="560" param="" x="470" color="39168" sizeAuto="true"/>
    <TEXT group="commonComp" textAlign="center" fontSize="12" contentBackgroundColor="16777215" fontFamily="微软雅黑" width="104" height="17" deviceID="" text="SATURDAYMODE" borderColor="0xffffff" source="assets/comp/TEXTINPUT/label.png" fontWeight="normal" widthInChars="4" contentBackgroundAlpha="0" borderVisible="false" y="470" param="" x="535" color="13369497" sizeAuto="true"/>
    <TEXT group="commonComp" textAlign="center" fontSize="12" contentBackgroundColor="16777215" fontFamily="微软雅黑" width="104" height="17" deviceID="" text="SATURDAYMODE" borderColor="0xffffff" source="assets/comp/TEXTINPUT/label.png" fontWeight="normal" widthInChars="4" contentBackgroundAlpha="0" borderVisible="false" y="485" param="" x="535" color="13369497" sizeAuto="true"/>
    <TEXT group="commonComp" textAlign="center" fontSize="12" contentBackgroundColor="16777215" fontFamily="微软雅黑" width="104" height="17" deviceID="" text="SATURDAYMODE" borderColor="0xffffff" source="assets/comp/TEXTINPUT/label.png" fontWeight="normal" widthInChars="4" contentBackgroundAlpha="0" borderVisible="false" y="500" param="" x="535" color="13369497" sizeAuto="true"/>
    <TEXT group="commonComp" textAlign="center" fontSize="12" contentBackgroundColor="16777215" fontFamily="微软雅黑" width="41" height="17" deviceID="" text="佰草集" borderColor="0xffffff" source="assets/comp/TEXTINPUT/label.png" fontWeight="normal" widthInChars="4" contentBackgroundAlpha="0" borderVisible="false" y="515" param="" x="535" color="13369497" sizeAuto="true"/>
    <TEXT group="commonComp" textAlign="center" fontSize="12" contentBackgroundColor="16777215" fontFamily="微软雅黑" width="67" height="17" deviceID="" text="洱东杂货铺" borderColor="0xffffff" source="assets/comp/TEXTINPUT/label.png" fontWeight="normal" widthInChars="4" contentBackgroundAlpha="0" borderVisible="false" y="530" param="" x="535" color="13369497" sizeAuto="true"/>
    <TEXT group="commonComp" textAlign="center" fontSize="12" contentBackgroundColor="16777215" fontFamily="微软雅黑" width="41" height="17" deviceID="" text="壹鞋库" borderColor="0xffffff" source="assets/comp/TEXTINPUT/label.png" fontWeight="normal" widthInChars="4" contentBackgroundAlpha="0" borderVisible="false" y="545" param="" x="535" color="13369497" sizeAuto="true"/>
    <TEXT group="commonComp" textAlign="center" fontSize="12" contentBackgroundColor="16777215" fontFamily="微软雅黑" width="41" height="17" deviceID="" text="来伊份" borderColor="0xffffff" source="assets/comp/TEXTINPUT/label.png" fontWeight="normal" widthInChars="4" contentBackgroundAlpha="0" borderVisible="false" y="560" param="" x="535" color="13369497" sizeAuto="true"/>
    <TEXT group="commonComp" textAlign="center" fontSize="12" contentBackgroundColor="16777215" fontFamily="微软雅黑" width="54" height="17" deviceID="" text="乐享数码" borderColor="0xffffff" source="assets/comp/TEXTINPUT/label.png" fontWeight="normal" widthInChars="4" contentBackgroundAlpha="0" borderVisible="false" y="576" param="" x="535" color="13369497" sizeAuto="true"/>
    <TEXT group="commonComp" textAlign="center" fontSize="12" contentBackgroundColor="16777215" fontFamily="微软雅黑" width="41" height="17" deviceID="" text="屈臣氏" borderColor="0xffffff" source="assets/comp/TEXTINPUT/label.png" fontWeight="normal" widthInChars="4" contentBackgroundAlpha="0" borderVisible="false" y="591" param="" x="535" color="13369497" sizeAuto="true"/>
    <TEXT group="commonComp" textAlign="center" fontSize="12" contentBackgroundColor="16777215" fontFamily="微软雅黑" width="41" height="17" deviceID="" text="林清玄" borderColor="0xffffff" source="assets/comp/TEXTINPUT/label.png" fontWeight="normal" widthInChars="4" contentBackgroundAlpha="0" borderVisible="false" y="606" param="" x="535" color="13369497" sizeAuto="true"/>
    <TEXT group="commonComp" textAlign="center" fontSize="12" contentBackgroundColor="16777215" fontFamily="微软雅黑" width="54" height="17" deviceID="" text="名创优品" borderColor="0xffffff" source="assets/comp/TEXTINPUT/label.png" fontWeight="normal" widthInChars="4" contentBackgroundAlpha="0" borderVisible="false" y="621" param="" x="535" color="13369497" sizeAuto="true"/>
    <TEXT group="commonComp" textAlign="center" fontSize="12" contentBackgroundColor="16777215" fontFamily="微软雅黑" width="28" height="17" deviceID="" text="缔凡" borderColor="0xffffff" source="assets/comp/TEXTINPUT/label.png" fontWeight="normal" widthInChars="4" contentBackgroundAlpha="0" borderVisible="false" y="636" param="" x="536" color="13369497" sizeAuto="true"/>
    <TEXT group="commonComp" textAlign="center" fontSize="12" contentBackgroundColor="16777215" fontFamily="微软雅黑" width="28" height="17" deviceID="" text="缔凡" borderColor="0xffffff" source="assets/comp/TEXTINPUT/label.png" fontWeight="normal" widthInChars="4" contentBackgroundAlpha="0" borderVisible="false" y="651" param="" x="537" color="13369497" sizeAuto="true"/>
    <TEXT group="commonComp" textAlign="center" fontSize="12" contentBackgroundColor="16777215" fontFamily="微软雅黑" width="54" height="17" deviceID="" text="隽诚美品" borderColor="0xffffff" source="assets/comp/TEXTINPUT/label.png" fontWeight="normal" widthInChars="4" contentBackgroundAlpha="0" borderVisible="false" y="665" param="" x="536" color="13369497" sizeAuto="true"/>
    <TEXT group="commonComp" textAlign="center" fontSize="12" contentBackgroundColor="16777215" fontFamily="微软雅黑" width="35" height="17" deviceID="" text="FOSS" borderColor="0xffffff" source="assets/comp/TEXTINPUT/label.png" fontWeight="normal" widthInChars="4" contentBackgroundAlpha="0" borderVisible="false" y="472" param="" x="720" color="13369497" sizeAuto="true"/>
    <TEXT group="commonComp" textAlign="center" fontSize="12" contentBackgroundColor="16777215" fontFamily="微软雅黑" width="41" height="17" deviceID="" text="唐三彩" borderColor="0xffffff" source="assets/comp/TEXTINPUT/label.png" fontWeight="normal" widthInChars="4" contentBackgroundAlpha="0" borderVisible="false" y="487" param="" x="720" color="13369497" sizeAuto="true"/>
    <TEXT group="commonComp" textAlign="center" fontSize="12" contentBackgroundColor="16777215" fontFamily="微软雅黑" width="54" height="17" deviceID="" text="国宝眼镜" borderColor="0xffffff" source="assets/comp/TEXTINPUT/label.png" fontWeight="normal" widthInChars="4" contentBackgroundAlpha="0" borderVisible="false" y="502" param="" x="720" color="13369497" sizeAuto="true"/>
    <TEXT group="commonComp" textAlign="center" fontSize="12" contentBackgroundColor="16777215" fontFamily="微软雅黑" width="41" height="17" deviceID="" text="1002-2" borderColor="0xffffff" source="assets/comp/TEXTINPUT/label.png" fontWeight="normal" widthInChars="4" contentBackgroundAlpha="0" borderVisible="false" y="470" param="" x="650" color="13369497" sizeAuto="false"/>
    <TEXT group="commonComp" textAlign="center" fontSize="12" contentBackgroundColor="16777215" fontFamily="微软雅黑" width="41" height="17" deviceID="" text="1003" borderColor="0xffffff" source="assets/comp/TEXTINPUT/label.png" fontWeight="normal" widthInChars="4" contentBackgroundAlpha="0" borderVisible="false" y="485" param="" x="644" color="13369497" sizeAuto="false"/>
    <TEXT group="commonComp" textAlign="center" fontSize="12" contentBackgroundColor="16777215" fontFamily="微软雅黑" width="41" height="17" deviceID="" text="1004-1" borderColor="0xffffff" source="assets/comp/TEXTINPUT/label.png" fontWeight="normal" widthInChars="4" contentBackgroundAlpha="0" borderVisible="false" y="500" param="" x="650" color="13369497" sizeAuto="false"/>
    <TEXT group="commonComp" textAlign="center" fontSize="12" contentBackgroundColor="16777215" fontFamily="微软雅黑" width="41" height="17" deviceID="" text="1004-2" borderColor="0xffffff" source="assets/comp/TEXTINPUT/label.png" fontWeight="normal" widthInChars="4" contentBackgroundAlpha="0" borderVisible="false" y="517" param="" x="650" color="13369497" sizeAuto="false"/>
    <TEXT group="commonComp" textAlign="center" fontSize="12" contentBackgroundColor="16777215" fontFamily="微软雅黑" width="41" height="17" deviceID="" text="1006" borderColor="0xffffff" source="assets/comp/TEXTINPUT/label.png" fontWeight="normal" widthInChars="4" contentBackgroundAlpha="0" borderVisible="false" y="532" param="" x="645" color="13369497" sizeAuto="false"/>
    <TEXT group="commonComp" textAlign="center" fontSize="12" contentBackgroundColor="16777215" fontFamily="微软雅黑" width="41" height="17" deviceID="" text="1007" borderColor="0xffffff" source="assets/comp/TEXTINPUT/label.png" fontWeight="normal" widthInChars="4" contentBackgroundAlpha="0" borderVisible="false" y="546" param="" x="645" color="13369497" sizeAuto="false"/>
    <TEXT group="commonComp" textAlign="center" fontSize="12" contentBackgroundColor="16777215" fontFamily="微软雅黑" width="41" height="17" deviceID="" text="1008" borderColor="0xffffff" source="assets/comp/TEXTINPUT/label.png" fontWeight="normal" widthInChars="4" contentBackgroundAlpha="0" borderVisible="false" y="560" param="" x="645" color="13369497" sizeAuto="false"/>
    <TEXT group="commonComp" textAlign="center" fontSize="12" contentBackgroundColor="16777215" fontFamily="微软雅黑" width="41" height="17" deviceID="" text="1011" borderColor="0xffffff" source="assets/comp/TEXTINPUT/label.png" fontWeight="normal" widthInChars="4" contentBackgroundAlpha="0" borderVisible="false" y="576" param="" x="645" color="13369497" sizeAuto="false"/>
    <TEXT group="commonComp" textAlign="center" fontSize="12" contentBackgroundColor="16777215" fontFamily="微软雅黑" width="41" height="17" deviceID="" text="1016-1" borderColor="0xffffff" source="assets/comp/TEXTINPUT/label.png" fontWeight="normal" widthInChars="4" contentBackgroundAlpha="0" borderVisible="false" y="591" param="" x="651" color="13369497" sizeAuto="false"/>
    <TEXT group="commonComp" textAlign="center" fontSize="12" contentBackgroundColor="16777215" fontFamily="微软雅黑" width="41" height="17" deviceID="" text="1026" borderColor="0xffffff" source="assets/comp/TEXTINPUT/label.png" fontWeight="normal" widthInChars="4" contentBackgroundAlpha="0" borderVisible="false" y="605" param="" x="645" color="13369497" sizeAuto="false"/>
    <TEXT group="commonComp" textAlign="center" fontSize="12" contentBackgroundColor="16777215" fontFamily="微软雅黑" width="41" height="17" deviceID="" text="1031" borderColor="0xffffff" source="assets/comp/TEXTINPUT/label.png" fontWeight="normal" widthInChars="4" contentBackgroundAlpha="0" borderVisible="false" y="621" param="" x="645" color="13369497" sizeAuto="false"/>
    <TEXT group="commonComp" textAlign="center" fontSize="12" contentBackgroundColor="16777215" fontFamily="微软雅黑" width="41" height="17" deviceID="" text="1036-2" borderColor="0xffffff" source="assets/comp/TEXTINPUT/label.png" fontWeight="normal" widthInChars="4" contentBackgroundAlpha="0" borderVisible="false" y="636" param="" x="652" color="13369497" sizeAuto="false"/>
    <TEXT group="commonComp" textAlign="center" fontSize="12" contentBackgroundColor="16777215" fontFamily="微软雅黑" width="41" height="17" deviceID="" text="1037" borderColor="0xffffff" source="assets/comp/TEXTINPUT/label.png" fontWeight="normal" widthInChars="4" contentBackgroundAlpha="0" borderVisible="false" y="651" param="" x="646" color="13369497" sizeAuto="false"/>
    <TEXT group="commonComp" textAlign="left" fontSize="12" contentBackgroundColor="16777215" fontFamily="微软雅黑" width="41" height="17" deviceID="" text="1040" borderColor="0xffffff" source="assets/comp/TEXTINPUT/label.png" fontWeight="normal" widthInChars="4" contentBackgroundAlpha="0" borderVisible="false" y="665" param="" x="650" color="13369497" sizeAuto="false"/>
    <TEXT group="commonComp" textAlign="center" fontSize="12" contentBackgroundColor="16777215" fontFamily="微软雅黑" width="41" height="17" deviceID="" text="1044" borderColor="0xffffff" source="assets/comp/TEXTINPUT/label.png" fontWeight="normal" widthInChars="4" contentBackgroundAlpha="0" borderVisible="false" y="473" param="" x="792" color="13369497" sizeAuto="false"/>
    <TEXT group="commonComp" textAlign="center" fontSize="12" contentBackgroundColor="16777215" fontFamily="微软雅黑" width="41" height="17" deviceID="" text="1046-1" borderColor="0xffffff" source="assets/comp/TEXTINPUT/label.png" fontWeight="normal" widthInChars="4" contentBackgroundAlpha="0" borderVisible="false" y="487" param="" x="798" color="13369497" sizeAuto="false"/>
    <TEXT group="commonComp" textAlign="center" fontSize="12" contentBackgroundColor="16777215" fontFamily="微软雅黑" width="41" height="17" deviceID="" text="1046-2" borderColor="0xffffff" source="assets/comp/TEXTINPUT/label.png" fontWeight="normal" widthInChars="4" contentBackgroundAlpha="0" borderVisible="false" y="503" param="" x="798" color="13369497" sizeAuto="false"/>
    <TEXT group="commonComp" textAlign="center" fontSize="12" contentBackgroundColor="16777215" fontFamily="微软雅黑" width="41" height="17" deviceID="" text="合衣间" borderColor="0xffffff" source="assets/comp/TEXTINPUT/label.png" fontWeight="normal" widthInChars="4" contentBackgroundAlpha="0" borderVisible="false" y="517" param="" x="720" color="255" sizeAuto="true"/>
    <TEXT group="commonComp" textAlign="center" fontSize="12" contentBackgroundColor="16777215" fontFamily="微软雅黑" width="41" height="17" deviceID="" text="1016-2" borderColor="0xffffff" source="assets/comp/TEXTINPUT/label.png" fontWeight="normal" widthInChars="4" contentBackgroundAlpha="0" borderVisible="false" y="517" param="" x="799" color="255" sizeAuto="false"/>
    <TEXT group="commonComp" textAlign="center" fontSize="12" contentBackgroundColor="16777215" fontFamily="微软雅黑" width="41" height="17" deviceID="" text="必胜客" borderColor="0xffffff" source="assets/comp/TEXTINPUT/label.png" fontWeight="normal" widthInChars="4" contentBackgroundAlpha="0" borderVisible="false" y="532" param="" x="720" color="13382400" sizeAuto="true"/>
    <TEXT group="commonComp" textAlign="center" fontSize="12" contentBackgroundColor="16777215" fontFamily="微软雅黑" width="41" height="17" deviceID="" text="必胜客" borderColor="0xffffff" source="assets/comp/TEXTINPUT/label.png" fontWeight="normal" widthInChars="4" contentBackgroundAlpha="0" borderVisible="false" y="547" param="" x="720" color="13382400" sizeAuto="true"/>
    <TEXT group="commonComp" textAlign="center" fontSize="12" contentBackgroundColor="16777215" fontFamily="微软雅黑" width="54" height="17" deviceID="" text="手感烘焙" borderColor="0xffffff" source="assets/comp/TEXTINPUT/label.png" fontWeight="normal" widthInChars="4" contentBackgroundAlpha="0" borderVisible="false" y="562" param="" x="720" color="13382400" sizeAuto="true"/>
    <TEXT group="commonComp" textAlign="center" fontSize="12" contentBackgroundColor="16777215" fontFamily="微软雅黑" width="27" height="17" deviceID="" text="50岚" borderColor="0xffffff" source="assets/comp/TEXTINPUT/label.png" fontWeight="normal" widthInChars="4" contentBackgroundAlpha="0" borderVisible="false" y="576" param="" x="722" color="13382400" sizeAuto="true"/>
    <TEXT group="commonComp" textAlign="center" fontSize="12" contentBackgroundColor="16777215" fontFamily="微软雅黑" width="54" height="17" deviceID="" text="恒记甜品" borderColor="0xffffff" source="assets/comp/TEXTINPUT/label.png" fontWeight="normal" widthInChars="4" contentBackgroundAlpha="0" borderVisible="false" y="591" param="" x="720" color="13382400" sizeAuto="true"/>
    <TEXT group="commonComp" textAlign="center" fontSize="12" contentBackgroundColor="16777215" fontFamily="微软雅黑" width="26" height="17" deviceID="" text="1001" borderColor="0xffffff" source="assets/comp/TEXTINPUT/label.png" fontWeight="normal" widthInChars="4" contentBackgroundAlpha="0" borderVisible="false" y="532" param="" x="801" color="13382400" sizeAuto="true"/>
    <TEXT group="commonComp" textAlign="center" fontSize="12" contentBackgroundColor="16777215" fontFamily="微软雅黑" width="54" height="17" deviceID="" text="恒记甜品" borderColor="0xffffff" source="assets/comp/TEXTINPUT/label.png" fontWeight="normal" widthInChars="4" contentBackgroundAlpha="0" borderVisible="false" y="606" param="" x="720" color="13382400" sizeAuto="true"/>
    <TEXT group="commonComp" textAlign="center" fontSize="12" contentBackgroundColor="16777215" fontFamily="微软雅黑" width="27" height="17" deviceID="" text="KFC" borderColor="0xffffff" source="assets/comp/TEXTINPUT/label.png" fontWeight="normal" widthInChars="4" contentBackgroundAlpha="0" borderVisible="false" y="623" param="" x="721" color="13382400" sizeAuto="true"/>
    <TEXT group="commonComp" textAlign="center" fontSize="12" contentBackgroundColor="16777215" fontFamily="微软雅黑" width="54" height="17" deviceID="" text="面包新语" borderColor="0xffffff" source="assets/comp/TEXTINPUT/label.png" fontWeight="normal" widthInChars="4" contentBackgroundAlpha="0" borderVisible="false" y="640" param="" x="721" color="13382400" sizeAuto="true"/>
    <TEXT group="commonComp" textAlign="center" fontSize="12" contentBackgroundColor="16777215" fontFamily="微软雅黑" width="41" height="17" deviceID="" text="星巴克" borderColor="0xffffff" source="assets/comp/TEXTINPUT/label.png" fontWeight="normal" widthInChars="4" contentBackgroundAlpha="0" borderVisible="false" y="654" param="" x="722" color="13382400" sizeAuto="true"/>
    <TEXT group="commonComp" textAlign="center" fontSize="12" contentBackgroundColor="16777215" fontFamily="微软雅黑" width="38" height="17" deviceID="" text="1002-2" borderColor="0xffffff" source="assets/comp/TEXTINPUT/label.png" fontWeight="normal" widthInChars="4" contentBackgroundAlpha="0" borderVisible="false" y="545" param="" x="801" color="13382400" sizeAuto="false"/>
    <TEXT group="commonComp" textAlign="center" fontSize="12" contentBackgroundColor="16777215" fontFamily="微软雅黑" width="26" height="17" deviceID="" text="1009" borderColor="0xffffff" source="assets/comp/TEXTINPUT/label.png" fontWeight="normal" widthInChars="4" contentBackgroundAlpha="0" borderVisible="false" y="560" param="" x="801" color="13382400" sizeAuto="true"/>
    <TEXT group="commonComp" textAlign="center" fontSize="12" contentBackgroundColor="16777215" fontFamily="微软雅黑" width="26" height="17" deviceID="" text="1010" borderColor="0xffffff" source="assets/comp/TEXTINPUT/label.png" fontWeight="normal" widthInChars="4" contentBackgroundAlpha="0" borderVisible="false" y="575" param="" x="802" color="13382400" sizeAuto="true"/>
    <TEXT group="commonComp" textAlign="center" fontSize="12" contentBackgroundColor="16777215" fontFamily="微软雅黑" width="26" height="17" deviceID="" text="1012" borderColor="0xffffff" source="assets/comp/TEXTINPUT/label.png" fontWeight="normal" widthInChars="4" contentBackgroundAlpha="0" borderVisible="false" y="592" param="" x="802" color="13382400" sizeAuto="true"/>
    <TEXT group="commonComp" textAlign="center" fontSize="12" contentBackgroundColor="16777215" fontFamily="微软雅黑" width="26" height="17" deviceID="" text="1013" borderColor="0xffffff" source="assets/comp/TEXTINPUT/label.png" fontWeight="normal" widthInChars="4" contentBackgroundAlpha="0" borderVisible="false" y="606" param="" x="802" color="13382400" sizeAuto="true"/>
    <TEXT group="commonComp" textAlign="center" fontSize="12" contentBackgroundColor="16777215" fontFamily="微软雅黑" width="26" height="17" deviceID="" text="1035" borderColor="0xffffff" source="assets/comp/TEXTINPUT/label.png" fontWeight="normal" widthInChars="4" contentBackgroundAlpha="0" borderVisible="false" y="624" param="" x="802" color="13382400" sizeAuto="true"/>
    <TEXT group="commonComp" textAlign="center" fontSize="12" contentBackgroundColor="16777215" fontFamily="微软雅黑" width="38" height="17" deviceID="" text="1036-1" borderColor="0xffffff" source="assets/comp/TEXTINPUT/label.png" fontWeight="normal" widthInChars="4" contentBackgroundAlpha="0" borderVisible="false" y="641" param="" x="802" color="13382400" sizeAuto="false"/>
    <TEXT group="commonComp" textAlign="center" fontSize="12" contentBackgroundColor="16777215" fontFamily="微软雅黑" width="26" height="17" deviceID="" text="1050" borderColor="0xffffff" source="assets/comp/TEXTINPUT/label.png" fontWeight="normal" widthInChars="4" contentBackgroundAlpha="0" borderVisible="false" y="653" param="" x="802" color="13382400" sizeAuto="true"/>
    <TEXT group="commonComp" textAlign="center" fontSize="12" contentBackgroundColor="16777215" fontFamily="微软雅黑" width="26" height="17" deviceID="" text="1019" borderColor="0xffffff" source="assets/comp/TEXTINPUT/label.png" fontWeight="normal" widthInChars="4" contentBackgroundAlpha="0" borderVisible="false" y="675" param="" x="190" color="39168" sizeAuto="true"/>
    <TEXT group="commonComp" textAlign="center" fontSize="12" contentBackgroundColor="16777215" fontFamily="微软雅黑" width="26" height="17" deviceID="" text="1050" borderColor="0xffffff" source="assets/comp/TEXTINPUT/label.png" fontWeight="normal" widthInChars="4" contentBackgroundAlpha="0" borderVisible="false" y="181" param="" x="118" color="13382400" sizeAuto="true"/>
    <TEXT group="commonComp" textAlign="center" fontSize="12" contentBackgroundColor="16777215" fontFamily="微软雅黑" width="26" height="17" deviceID="" text="1001" borderColor="0xffffff" source="assets/comp/TEXTINPUT/label.png" fontWeight="normal" widthInChars="4" contentBackgroundAlpha="0" borderVisible="false" y="521" param="" x="92" color="13382400" sizeAuto="true"/>
    <TEXT group="commonComp" textAlign="center" fontSize="12" contentBackgroundColor="16777215" fontFamily="微软雅黑" width="26" height="17" deviceID="" text="1012" borderColor="0xffffff" source="assets/comp/TEXTINPUT/label.png" fontWeight="normal" widthInChars="4" contentBackgroundAlpha="0" borderVisible="false" y="486" param="" x="110" color="13382400" sizeAuto="true"/>
    <TEXT group="commonComp" textAlign="center" fontSize="12" contentBackgroundColor="16777215" fontFamily="微软雅黑" width="26" height="17" deviceID="" text="1013" borderColor="0xffffff" source="assets/comp/TEXTINPUT/label.png" fontWeight="normal" widthInChars="4" contentBackgroundAlpha="0" borderVisible="false" y="470" param="" x="137" color="13382400" sizeAuto="true"/>
    <TEXT group="commonComp" textAlign="center" fontSize="12" contentBackgroundColor="16777215" fontFamily="微软雅黑" width="26" height="17" deviceID="" text="1014" borderColor="0xffffff" source="assets/comp/TEXTINPUT/label.png" fontWeight="normal" widthInChars="4" contentBackgroundAlpha="0" borderVisible="false" y="458" param="" x="165" color="39168" sizeAuto="true"/>
    <TEXT group="commonComp" textAlign="center" fontSize="12" contentBackgroundColor="16777215" fontFamily="微软雅黑" width="38" height="17" deviceID="" text="1015-2" borderColor="0xffffff" source="assets/comp/TEXTINPUT/label.png" fontWeight="normal" widthInChars="4" contentBackgroundAlpha="0" borderVisible="false" y="445" param="" x="191" color="39168" sizeAuto="false"/>
    <TEXT group="commonComp" textAlign="center" fontSize="12" contentBackgroundColor="16777215" fontFamily="微软雅黑" width="38" height="17" deviceID="" text="1015-1" borderColor="0xffffff" source="assets/comp/TEXTINPUT/label.png" fontWeight="normal" widthInChars="4" contentBackgroundAlpha="0" borderVisible="false" y="432" param="" x="162" color="39168" sizeAuto="false"/>
    <TEXT group="commonComp" textAlign="center" fontSize="12" contentBackgroundColor="16777215" fontFamily="微软雅黑" width="41" height="17" deviceID="" text="1016-1" borderColor="0xffffff" source="assets/comp/TEXTINPUT/label.png" fontWeight="normal" widthInChars="4" contentBackgroundAlpha="0" borderVisible="false" y="404" param="" x="204" color="13369497" sizeAuto="false"/>
    <TEXT group="commonComp" textAlign="center" fontSize="12" contentBackgroundColor="16777215" fontFamily="微软雅黑" width="41" height="17" deviceID="" text="1016-2" borderColor="0xffffff" source="assets/comp/TEXTINPUT/label.png" fontWeight="normal" widthInChars="4" contentBackgroundAlpha="0" borderVisible="false" y="428" param="" x="256" color="255" sizeAuto="false"/>
    <TEXT group="commonComp" textAlign="center" fontSize="12" contentBackgroundColor="16777215" fontFamily="微软雅黑" width="26" height="17" deviceID="" text="1017" borderColor="0xffffff" source="assets/comp/TEXTINPUT/label.png" fontWeight="normal" widthInChars="4" contentBackgroundAlpha="0" borderVisible="false" y="359" param="" x="271" color="39168" sizeAuto="true"/>
    <TEXT group="commonComp" textAlign="center" fontSize="12" contentBackgroundColor="16777215" fontFamily="微软雅黑" width="26" height="17" deviceID="" text="1018" borderColor="0xffffff" source="assets/comp/TEXTINPUT/label.png" fontWeight="normal" widthInChars="4" contentBackgroundAlpha="0" borderVisible="false" y="322" param="" x="318" color="39168" sizeAuto="true"/>
    <TEXT group="commonComp" textAlign="center" fontSize="12" contentBackgroundColor="16777215" fontFamily="微软雅黑" width="26" height="17" deviceID="" text="1019" borderColor="0xffffff" source="assets/comp/TEXTINPUT/label.png" fontWeight="normal" widthInChars="4" contentBackgroundAlpha="0" borderVisible="false" y="312" param="" x="357" color="39168" sizeAuto="true"/>
    <TEXT group="commonComp" textAlign="center" fontSize="12" contentBackgroundColor="16777215" fontFamily="微软雅黑" width="26" height="17" deviceID="" text="1020" borderColor="0xffffff" source="assets/comp/TEXTINPUT/label.png" fontWeight="normal" widthInChars="4" contentBackgroundAlpha="0" borderVisible="false" y="334" param="" x="390" color="39168" sizeAuto="true"/>
    <TEXT group="commonComp" textAlign="center" fontSize="12" contentBackgroundColor="16777215" fontFamily="微软雅黑" width="26" height="17" deviceID="" text="1021" borderColor="0xffffff" source="assets/comp/TEXTINPUT/label.png" fontWeight="normal" widthInChars="4" contentBackgroundAlpha="0" borderVisible="false" y="315" param="" x="418" color="39168" sizeAuto="true"/>
    <TEXT group="commonComp" textAlign="center" fontSize="12" contentBackgroundColor="16777215" fontFamily="微软雅黑" width="26" height="17" deviceID="" text="1022" borderColor="0xffffff" source="assets/comp/TEXTINPUT/label.png" fontWeight="normal" widthInChars="4" contentBackgroundAlpha="0" borderVisible="false" y="335" param="" x="453" color="39168" sizeAuto="true"/>
    <TEXT group="commonComp" textAlign="center" fontSize="12" contentBackgroundColor="16777215" fontFamily="微软雅黑" width="26" height="17" deviceID="" text="1023" borderColor="0xffffff" source="assets/comp/TEXTINPUT/label.png" fontWeight="normal" widthInChars="4" contentBackgroundAlpha="0" borderVisible="false" y="319" param="" x="494" color="39168" sizeAuto="true"/>
    <TEXT group="commonComp" textAlign="center" fontSize="12" contentBackgroundColor="16777215" fontFamily="微软雅黑" width="26" height="17" deviceID="" text="1024" borderColor="0xffffff" source="assets/comp/TEXTINPUT/label.png" fontWeight="normal" widthInChars="4" contentBackgroundAlpha="0" borderVisible="false" y="323" param="" x="580" color="39168" sizeAuto="true"/>
    <TEXT group="commonComp" textAlign="center" fontSize="12" contentBackgroundColor="16777215" fontFamily="微软雅黑" width="26" height="17" deviceID="" text="1025" borderColor="0xffffff" source="assets/comp/TEXTINPUT/label.png" fontWeight="normal" widthInChars="4" contentBackgroundAlpha="0" borderVisible="false" y="312" param="" x="621" color="39168" sizeAuto="true"/>
    <TEXT group="commonComp" textAlign="center" fontSize="12" contentBackgroundColor="16777215" fontFamily="微软雅黑" width="41" height="17" deviceID="" text="1026" borderColor="0xffffff" source="assets/comp/TEXTINPUT/label.png" fontWeight="normal" widthInChars="4" contentBackgroundAlpha="0" borderVisible="false" y="324" param="" x="651" color="13369497" sizeAuto="false"/>
    <TEXT group="commonComp" textAlign="center" fontSize="12" contentBackgroundColor="16777215" fontFamily="微软雅黑" width="26" height="17" deviceID="" text="1027" borderColor="0xffffff" source="assets/comp/TEXTINPUT/label.png" fontWeight="normal" widthInChars="4" contentBackgroundAlpha="0" borderVisible="false" y="313" param="" x="689" color="39168" sizeAuto="true"/>
    <TEXT group="commonComp" textAlign="center" fontSize="12" contentBackgroundColor="16777215" fontFamily="微软雅黑" width="26" height="17" deviceID="" text="1028" borderColor="0xffffff" source="assets/comp/TEXTINPUT/label.png" fontWeight="normal" widthInChars="4" contentBackgroundAlpha="0" borderVisible="false" y="328" param="" x="722" color="39168" sizeAuto="true"/>
    <TEXT group="commonComp" textAlign="center" fontSize="12" contentBackgroundColor="16777215" fontFamily="微软雅黑" width="28" height="17" deviceID="" text="1029" borderColor="0xffffff" source="assets/comp/TEXTINPUT/label.png" fontWeight="normal" widthInChars="4" contentBackgroundAlpha="0" borderVisible="false" y="314" param="" x="748" color="39168" sizeAuto="false"/>
    <TEXT group="commonComp" textAlign="center" fontSize="12" contentBackgroundColor="16777215" fontFamily="微软雅黑" width="26" height="17" deviceID="" text="1030" borderColor="0xffffff" source="assets/comp/TEXTINPUT/label.png" fontWeight="normal" widthInChars="4" contentBackgroundAlpha="0" borderVisible="false" y="328" param="" x="789" color="39168" sizeAuto="true"/>
    <TEXT group="commonComp" textAlign="center" fontSize="12" contentBackgroundColor="16777215" fontFamily="微软雅黑" width="41" height="17" deviceID="" text="1031" borderColor="0xffffff" source="assets/comp/TEXTINPUT/label.png" fontWeight="normal" widthInChars="4" contentBackgroundAlpha="0" borderVisible="false" y="339" param="" x="830" color="13369497" sizeAuto="false"/>
    <TEXT group="commonComp" textAlign="center" fontSize="12" contentBackgroundColor="16777215" fontFamily="微软雅黑" width="36" height="17" deviceID="" text="1032-1" borderColor="0xffffff" source="assets/comp/TEXTINPUT/label.png" fontWeight="normal" widthInChars="4" contentBackgroundAlpha="0" borderVisible="false" y="343" param="" x="971" color="13408512" sizeAuto="true"/>
    <TEXT x="967" y="322" textAlign="center" fontSize="12" contentBackgroundColor="16777215" fontFamily="微软雅黑" width="40" height="17" deviceID="" text="1032-2" borderColor="0xffffff" source="assets/comp/TEXTINPUT/label.png" fontWeight="normal" widthInChars="4" contentBackgroundAlpha="0" borderVisible="false" color="13408512" param="" rotation="0" group="commonComp" sizeAuto="false"/>
    <TEXT group="commonComp" textAlign="center" fontSize="12" contentBackgroundColor="16777215" fontFamily="微软雅黑" width="26" height="17" deviceID="" text="1033" borderColor="0xffffff" source="assets/comp/TEXTINPUT/label.png" fontWeight="normal" widthInChars="4" contentBackgroundAlpha="0" borderVisible="false" y="286" param="" x="1219" color="13408512" sizeAuto="true"/>
    <TEXT group="commonComp" textAlign="center" fontSize="12" contentBackgroundColor="16777215" fontFamily="微软雅黑" width="26" height="17" deviceID="" text="1034" borderColor="0xffffff" source="assets/comp/TEXTINPUT/label.png" fontWeight="normal" widthInChars="4" contentBackgroundAlpha="0" borderVisible="false" y="208" param="" x="1012" color="13408512" sizeAuto="true"/>
    <TEXT group="commonComp" textAlign="center" fontSize="12" contentBackgroundColor="16777215" fontFamily="微软雅黑" width="26" height="17" deviceID="" text="1035" borderColor="0xffffff" source="assets/comp/TEXTINPUT/label.png" fontWeight="normal" widthInChars="4" contentBackgroundAlpha="0" borderVisible="false" y="196" param="" x="918" color="13382400" sizeAuto="true"/>
    <TEXT group="commonComp" textAlign="center" fontSize="12" contentBackgroundColor="16777215" fontFamily="微软雅黑" width="38" height="17" deviceID="" text="1036-1" borderColor="0xffffff" source="assets/comp/TEXTINPUT/label.png" fontWeight="normal" widthInChars="4" contentBackgroundAlpha="0" borderVisible="false" y="199" param="" x="835" color="13382400" sizeAuto="false"/>
    <TEXT group="commonComp" textAlign="center" fontSize="12" contentBackgroundColor="16777215" fontFamily="微软雅黑" width="41" height="17" deviceID="" text="1036-2" borderColor="0xffffff" source="assets/comp/TEXTINPUT/label.png" fontWeight="normal" widthInChars="4" contentBackgroundAlpha="0" borderVisible="false" y="175" param="" x="810" color="13369497" sizeAuto="false"/>
    <TEXT group="commonComp" textAlign="center" fontSize="12" contentBackgroundColor="16777215" fontFamily="微软雅黑" width="41" height="17" deviceID="" text="1037" borderColor="0xffffff" source="assets/comp/TEXTINPUT/label.png" fontWeight="normal" widthInChars="4" contentBackgroundAlpha="0" borderVisible="false" y="222" param="" x="799" color="13369497" sizeAuto="false"/>
    <TEXT group="commonComp" textAlign="center" fontSize="12" contentBackgroundColor="16777215" fontFamily="微软雅黑" width="26" height="17" deviceID="" text="1038" borderColor="0xffffff" source="assets/comp/TEXTINPUT/label.png" fontWeight="normal" widthInChars="4" contentBackgroundAlpha="0" borderVisible="false" y="221" param="" x="740" color="39168" sizeAuto="true"/>
    <TEXT group="commonComp" textAlign="center" fontSize="12" contentBackgroundColor="16777215" fontFamily="微软雅黑" width="26" height="17" deviceID="" text="1039" borderColor="0xffffff" source="assets/comp/TEXTINPUT/label.png" fontWeight="normal" widthInChars="4" contentBackgroundAlpha="0" borderVisible="false" y="208" param="" x="699" color="39168" sizeAuto="true"/>
    <TEXT group="commonComp" textAlign="left" fontSize="12" contentBackgroundColor="16777215" fontFamily="微软雅黑" width="41" height="17" deviceID="" text="1040" borderColor="0xffffff" source="assets/comp/TEXTINPUT/label.png" fontWeight="normal" widthInChars="4" contentBackgroundAlpha="0" borderVisible="false" y="221" param="" x="630" color="13369497" sizeAuto="false"/>
    <TEXT group="commonComp" textAlign="center" fontSize="12" contentBackgroundColor="16777215" fontFamily="微软雅黑" width="26" height="17" deviceID="" text="1041" borderColor="0xffffff" source="assets/comp/TEXTINPUT/label.png" fontWeight="normal" widthInChars="4" contentBackgroundAlpha="0" borderVisible="false" y="212" param="" x="588" color="39168" sizeAuto="true"/>
    <TEXT group="commonComp" textAlign="center" fontSize="12" contentBackgroundColor="16777215" fontFamily="微软雅黑" width="26" height="17" deviceID="" text="1042" borderColor="0xffffff" source="assets/comp/TEXTINPUT/label.png" fontWeight="normal" widthInChars="4" contentBackgroundAlpha="0" borderVisible="false" y="215" param="" x="494" color="13408512" sizeAuto="true"/>
    <TEXT group="commonComp" textAlign="center" fontSize="12" contentBackgroundColor="16777215" fontFamily="微软雅黑" width="26" height="17" deviceID="" text="1043" borderColor="0xffffff" source="assets/comp/TEXTINPUT/label.png" fontWeight="normal" widthInChars="4" contentBackgroundAlpha="0" borderVisible="false" y="197" param="" x="500" color="13408512" sizeAuto="true"/>
    <TEXT group="commonComp" textAlign="center" fontSize="12" contentBackgroundColor="16777215" fontFamily="微软雅黑" width="41" height="17" deviceID="" text="1044" borderColor="0xffffff" source="assets/comp/TEXTINPUT/label.png" fontWeight="normal" widthInChars="4" contentBackgroundAlpha="0" borderVisible="false" y="228" param="" x="429" color="13369497" sizeAuto="false"/>
    <TEXT group="commonComp" textAlign="center" fontSize="12" contentBackgroundColor="16777215" fontFamily="微软雅黑" width="26" height="17" deviceID="" text="1045" borderColor="0xffffff" source="assets/comp/TEXTINPUT/label.png" fontWeight="normal" widthInChars="4" contentBackgroundAlpha="0" borderVisible="false" y="226" param="" x="396" color="39168" sizeAuto="true"/>
    <TEXT group="commonComp" textAlign="center" fontSize="12" contentBackgroundColor="16777215" fontFamily="微软雅黑" width="41" height="17" deviceID="" text="1046-1" borderColor="0xffffff" source="assets/comp/TEXTINPUT/label.png" fontWeight="normal" widthInChars="4" contentBackgroundAlpha="0" borderVisible="false" y="219" param="" x="334" color="13369497" sizeAuto="false"/>
    <TEXT group="commonComp" textAlign="center" fontSize="12" contentBackgroundColor="16777215" fontFamily="微软雅黑" width="41" height="17" deviceID="" text="1046-2" borderColor="0xffffff" source="assets/comp/TEXTINPUT/label.png" fontWeight="normal" widthInChars="4" contentBackgroundAlpha="0" borderVisible="false" y="230" param="" x="325" color="13369497" sizeAuto="false"/>
    <TEXT group="commonComp" textAlign="center" fontSize="12" contentBackgroundColor="16777215" fontFamily="微软雅黑" width="26" height="17" deviceID="" text="1047" borderColor="0xffffff" source="assets/comp/TEXTINPUT/label.png" fontWeight="normal" widthInChars="4" contentBackgroundAlpha="0" borderVisible="false" y="227" param="" x="285" color="39168" sizeAuto="true"/>
    <TEXT group="commonComp" textAlign="center" fontSize="12" contentBackgroundColor="16777215" fontFamily="微软雅黑" width="26" height="17" deviceID="" text="1048" borderColor="0xffffff" source="assets/comp/TEXTINPUT/label.png" fontWeight="normal" widthInChars="4" contentBackgroundAlpha="0" borderVisible="false" y="213" param="" x="227" color="13408512" sizeAuto="true"/>
    <TEXT group="commonComp" textAlign="center" fontSize="12" contentBackgroundColor="16777215" fontFamily="微软雅黑" width="26" height="17" deviceID="" text="1049" borderColor="0xffffff" source="assets/comp/TEXTINPUT/label.png" fontWeight="normal" widthInChars="4" contentBackgroundAlpha="0" borderVisible="false" y="191" param="" x="264" color="13408512" sizeAuto="true"/>
    <TEXT group="commonComp" textAlign="center" fontSize="12" contentBackgroundColor="16777215" fontFamily="微软雅黑" width="26" height="17" deviceID="" text="1010" borderColor="0xffffff" source="assets/comp/TEXTINPUT/label.png" fontWeight="normal" widthInChars="4" contentBackgroundAlpha="0" borderVisible="false" y="488" param="" x="22" color="13382400" sizeAuto="true"/>
    <TEXT group="commonComp" textAlign="center" fontSize="12" contentBackgroundColor="16777215" fontFamily="微软雅黑" width="26" height="17" deviceID="" text="1009" borderColor="0xffffff" source="assets/comp/TEXTINPUT/label.png" fontWeight="normal" widthInChars="4" contentBackgroundAlpha="0" borderVisible="false" y="460" param="" x="21" color="13382400" sizeAuto="true"/>
    <TEXT group="commonComp" textAlign="center" fontSize="12" contentBackgroundColor="16777215" fontFamily="微软雅黑" width="41" height="17" deviceID="" text="1008" borderColor="0xffffff" source="assets/comp/TEXTINPUT/label.png" fontWeight="normal" widthInChars="4" contentBackgroundAlpha="0" borderVisible="false" y="445" param="" x="50" color="13369497" sizeAuto="false"/>
    <TEXT group="commonComp" textAlign="center" fontSize="12" contentBackgroundColor="16777215" fontFamily="微软雅黑" width="41" height="17" deviceID="" text="1007" borderColor="0xffffff" source="assets/comp/TEXTINPUT/label.png" fontWeight="normal" widthInChars="4" contentBackgroundAlpha="0" borderVisible="false" y="421" param="" x="74" color="13369497" sizeAuto="false"/>
    <TEXT group="commonComp" textAlign="center" fontSize="12" contentBackgroundColor="16777215" fontFamily="微软雅黑" width="41" height="17" deviceID="" text="1006" borderColor="0xffffff" source="assets/comp/TEXTINPUT/label.png" fontWeight="normal" widthInChars="4" contentBackgroundAlpha="0" borderVisible="false" y="401" param="" x="101" color="13369497" sizeAuto="false"/>
    <TEXT group="commonComp" textAlign="center" fontSize="12" contentBackgroundColor="16777215" fontFamily="微软雅黑" width="26" height="17" deviceID="" text="1005" borderColor="0xffffff" source="assets/comp/TEXTINPUT/label.png" fontWeight="normal" widthInChars="4" contentBackgroundAlpha="0" borderVisible="false" y="373" param="" x="130" color="39168" sizeAuto="true"/>
    <TEXT group="commonComp" textAlign="center" fontSize="12" contentBackgroundColor="16777215" fontFamily="微软雅黑" width="40" height="17" deviceID="" text="1004-3" borderColor="0xffffff" source="assets/comp/TEXTINPUT/label.png" fontWeight="normal" widthInChars="4" contentBackgroundAlpha="0" borderVisible="false" y="356" param="" x="116" color="39168" sizeAuto="false"/>
    <TEXT group="commonComp" textAlign="center" fontSize="12" contentBackgroundColor="16777215" fontFamily="微软雅黑" width="41" height="17" deviceID="" text="1004-2" borderColor="0xffffff" source="assets/comp/TEXTINPUT/label.png" fontWeight="normal" widthInChars="4" contentBackgroundAlpha="0" borderVisible="false" y="334" param="" x="121" color="13369497" sizeAuto="false"/>
    <TEXT group="commonComp" textAlign="center" fontSize="12" contentBackgroundColor="16777215" fontFamily="微软雅黑" width="41" height="17" deviceID="" text="1004-1" borderColor="0xffffff" source="assets/comp/TEXTINPUT/label.png" fontWeight="normal" widthInChars="4" contentBackgroundAlpha="0" borderVisible="false" y="323" param="" x="74" color="13369497" sizeAuto="false"/>
    <TEXT group="commonComp" textAlign="center" fontSize="12" contentBackgroundColor="16777215" fontFamily="微软雅黑" width="41" height="17" deviceID="" text="1003" borderColor="0xffffff" source="assets/comp/TEXTINPUT/label.png" fontWeight="normal" widthInChars="4" contentBackgroundAlpha="0" borderVisible="false" y="304" param="" x="94" color="13369497" sizeAuto="false"/>
    <TEXT group="commonComp" textAlign="center" fontSize="12" contentBackgroundColor="16777215" fontFamily="微软雅黑" width="41" height="17" deviceID="" text="1002-2" borderColor="0xffffff" source="assets/comp/TEXTINPUT/label.png" fontWeight="normal" widthInChars="4" contentBackgroundAlpha="0" borderVisible="false" y="283" param="" x="66" color="13369497" sizeAuto="false"/>
    <TEXT group="commonComp" textAlign="center" fontSize="12" contentBackgroundColor="16777215" fontFamily="微软雅黑" width="26" height="17" deviceID="" text="1001" borderColor="0xffffff" source="assets/comp/TEXTINPUT/label.png" fontWeight="normal" widthInChars="4" contentBackgroundAlpha="0" borderVisible="false" y="256" param="" x="41" color="13382400" sizeAuto="true"/>
    <MJ deviceID="1390051" source="assets/comp/MJ/bg.png" deviceName="MJ-XK-D01" scaleY="0.3" y="374" scaleX="0.3" x="632" width="80" group="deviceComp" height="80" mark="MJ"/>
    <MJ deviceID="1390052" source="assets/comp/MJ/bg.png" deviceName="MJ-XK-D02" scaleY="0.3" y="366" scaleX="0.3" x="694" width="80" group="deviceComp" height="80" mark="MJ"/>
    <TEXT group="commonComp" textAlign="center" fontSize="12" contentBackgroundColor="16777215" fontFamily="微软雅黑" width="41" height="17" deviceID="" text="消控室" borderColor="0xffffff" source="assets/comp/TEXTINPUT/label.png" fontWeight="normal" widthInChars="4" contentBackgroundAlpha="1" borderVisible="false" y="400" param="" x="628" color="255" sizeAuto="true"/>
    <TEXT group="commonComp" textAlign="center" fontSize="12" contentBackgroundColor="16777215" fontFamily="微软雅黑" width="41" height="17" deviceID="" text="消控室" borderColor="0xffffff" source="assets/comp/TEXTINPUT/label.png" fontWeight="normal" widthInChars="4" contentBackgroundAlpha="1" borderVisible="false" y="393" param="" x="693" color="255" sizeAuto="true"/>
  </Components>
</Configration>