<?xml version="1.0" encoding="utf-8"?><Configration Width="1076.8187919463087" Height="542">
  <LIST>
    <Component>
      <BLIGHT/>
      <ADE/>
      <G1G2/>
      <HLIGHT/>
      <DE/>
      <G2/>
      <BQSX/>
    </Component>
    <Image>
      <GGZMSY1F2 source="assets/comp/ggzmsy1f2.png"/>
      <JXK source="assets/comp/jxk.png"/>
      <GGZMSY1F source="assets/comp/ggzmsy1f.png"/>
    </Image>
  </LIST>
  <Components>
    <GGZMSY1F2 scaleX="1" scaleY="1" rotation="0" scale="1" x="14" y="8"/>
    <JXK scaleX="0.9" scaleY="0.9" rotation="0" scale="0.9" x="594" y="8"/>
    <TEXT scaleX="1" deviceID="" rotation="0" textAlign="right" color="16777215" fontFamily="黑体" param="" scale="1" scaleY="1" widthInChars="5" fontWeight="normal" fontSize="14" text="A 应急照明" x="674" y="71"/>
    <TEXT scaleX="1" deviceID="" rotation="0" textAlign="right" color="16777215" fontFamily="黑体" param="" scale="1" scaleY="1" widthInChars="7" fontWeight="normal" fontSize="14" text="D 走廊照明50%" x="668" y="152"/>
    <TEXT scaleX="1" deviceID="" rotation="0" textAlign="right" color="16777215" fontFamily="黑体" param="" scale="1" scaleY="1" widthInChars="7" fontWeight="normal" fontSize="14" text="E 走廊照明50%" x="670" y="190"/>
    <TEXT scaleX="1" deviceID="" rotation="0" textAlign="right" color="16777215" fontFamily="黑体" param="" scale="1" scaleY="1" widthInChars="6" fontWeight="normal" fontSize="14" text="B 小走道照明" x="675" y="109"/>
    <TEXT scaleX="1" deviceID="" rotation="0" textAlign="right" color="16777215" fontFamily="黑体" param="" scale="1" scaleY="1" widthInChars="5" fontWeight="normal" fontSize="14" text="H 导向标识" x="980" y="194"/>
    <TEXT scaleX="1" deviceID="" rotation="0" textAlign="right" color="16777215" fontFamily="黑体" param="" scale="1" scaleY="1" widthInChars="6" fontWeight="normal" fontSize="14" text="G1 T5装饰灯" x="834" y="145"/>
    <BLIGHT deviceID="6806" scaleX="1" scaleY="1" rotation="0" scale="1" popType="list" isPop="true" x="585" y="100"/>
    <ADE deviceID="6818" scaleX="1" scaleY="1" rotation="0" scale="1" popType="list" isPop="true" x="585" y="140"/>
    <ADE deviceID="6824" scaleX="1" scaleY="1" rotation="0" scale="1" popType="list" isPop="true" x="585" y="180"/>
    <G1G2 deviceID="6830" scaleX="1" scaleY="1" rotation="0" scale="1" popType="list" isPop="true" x="784" y="140"/>
    <HLIGHT deviceID="6841" scaleX="0.7" scaleY="0.7" rotation="0" scale="0.7" popType="list" isPop="true" x="937" y="187"/>
    <ADE deviceID="6818" scaleX="1" scaleY="1" rotation="145" scale="1" popType="list" isPop="true" x="353" y="106"/>
    <ADE deviceID="6824" scaleX="1" scaleY="1" rotation="30" scale="1" popType="list" isPop="true" x="436" y="70"/>
    <ADE deviceID="6824" scaleX="1" scaleY="1" rotation="30" scale="1" popType="list" isPop="true" x="273" y="357"/>
    <HLIGHT deviceID="6841" scaleX="0.7" scaleY="0.7" rotation="-90" scale="0.7" popType="list" isPop="true" x="316" y="420"/>
    <ADE deviceID="6824" scaleX="1" scaleY="1" rotation="125" scale="1" popType="list" isPop="true" x="564" y="322"/>
    <ADE deviceID="6824" scaleX="1" scaleY="1" rotation="115" scale="1" popType="list" isPop="true" x="281" y="141"/>
    <ADE deviceID="6818" scaleX="1" scaleY="1" rotation="150" scale="1" popType="list" isPop="true" x="522" y="396"/>
    <HLIGHT deviceID="6841" scaleX="0.7" scaleY="0.7" rotation="180" scale="0.7" popType="list" isPop="true" x="536" y="330"/>
    <BLIGHT deviceID="6806" scaleX="1" scaleY="1" rotation="-30" scale="1" popType="list" isPop="true" x="117" y="386"/>
    <G1G2 deviceID="6830" scaleX="1" scaleY="1" rotation="160" scale="1" popType="list" isPop="true" x="381" y="124"/>
    <G1G2 deviceID="6830" scaleX="1" scaleY="1" rotation="75" scale="1" popType="list" isPop="true" x="531" y="195"/>
    <G1G2 deviceID="6830" scaleX="1" scaleY="1" rotation="65" scale="1" popType="list" isPop="true" x="243" y="261"/>
    <G1G2 deviceID="6830" scaleX="1" scaleY="1" rotation="-15" scale="1" popType="list" isPop="true" x="388" y="388"/>
    <HLIGHT deviceID="6841" scaleX="0.7" scaleY="0.7" rotation="90" scale="0.7" popType="list" isPop="true" x="441" y="99"/>
    <HLIGHT deviceID="6841" scaleX="0.7" scaleY="0.7" rotation="0" scale="0.7" popType="list" isPop="true" x="233" y="208"/>
    <ADE deviceID="6818" scaleX="1" scaleY="1" rotation="60" scale="1" popType="list" isPop="true" x="240" y="290"/>
    <ADE deviceID="6818" scaleX="1" scaleY="1" rotation="60" scale="1" popType="list" isPop="true" x="523" y="130"/>
    <GGZMSY1F scaleX="1.2" scaleY="1.2" rotation="0" scale="1.2" x="801" y="8"/>
    <TEXT scaleX="1" deviceID="" rotation="0" textAlign="right" color="0" fontFamily="Arial" param="" scale="1" scaleY="1" widthInChars="1" fontWeight="bold" fontSize="20" text="2" x="828" y="63"/>
    <DE deviceID="6800" scaleX="1" scaleY="1" rotation="0" scale="1" popType="list" isPop="true" x="585" y="60"/>
    <DE deviceID="6800" scaleX="1" scaleY="1" rotation="0" scale="1" popType="list" isPop="true" x="338" y="395"/>
    <DE deviceID="6800" scaleX="1" scaleY="1" rotation="0" scale="1" popType="list" isPop="true" x="333" y="67"/>
    <DE deviceID="6800" scaleX="1" scaleY="1" rotation="90" scale="1" popType="list" isPop="true" x="572" y="220"/>
    <DE deviceID="6800" scaleX="1" scaleY="1" rotation="90" scale="1" popType="list" isPop="true" x="243" y="213"/>
    <TEXT scaleX="1" deviceID="" rotation="0" textAlign="right" color="16777215" fontFamily="黑体" param="" scale="1" scaleY="1" widthInChars="6" fontWeight="normal" fontSize="14" text="G2 LED装饰灯" x="840" y="190"/>
    <G2 deviceID="13884" scaleX="1" scaleY="1" rotation="0" scale="1" popType="list" isPop="true" x="785" y="185"/>
    <G2 deviceID="13884" scaleX="1" scaleY="1" rotation="130" scale="1" popType="list" isPop="true" x="314" y="147"/>
    <G2 deviceID="13884" scaleX="1" scaleY="1" rotation="-45" scale="1" popType="list" isPop="true" x="445" y="367"/>
    <G2 deviceID="13884" scaleX="1" scaleY="1" rotation="45" scale="1" popType="list" isPop="true" x="275" y="331"/>
    <G2 deviceID="13884" scaleX="1" scaleY="1" rotation="45" scale="1" popType="list" isPop="true" x="473" y="121"/>
    <BQSX deviceID="7264" popType="video" isPop="true" scale="0.35" scaleX="0.35" scaleY="0.35" x="617" y="23" rotation="0"/>
  </Components>
</Configration>