<?xml version="1.0" encoding="utf-8"?><Configration Width="1076.8187919463087" Height="542">
  <LIST>
    <Component>
      <ADE/>
      <G1G2/>
      <HLIGHT/>
      <DE/>
      <G2/>
    </Component>
    <Image>
      <GGZMSY1F3 source="assets/comp/ggzmsy1f3.png"/>
      <JXK source="assets/comp/jxk.png"/>
      <GGZMSY1F source="assets/comp/ggzmsy1f.png"/>
    </Image>
  </LIST>
  <Components>
    <GGZMSY1F3 scale="1" rotation="0" scaleX="1" scaleY="1" x="14" y="8"/>
    <JXK scale="0.9" rotation="0" scaleX="0.9" scaleY="0.9" x="594" y="8"/>
    <TEXT scaleY="1" deviceID="" scale="1" fontWeight="normal" fontFamily="黑体" text="A 应急照明" scaleX="1" color="16777215" widthInChars="5" param="" rotation="0" fontSize="14" textAlign="right" x="690" y="110"/>
    <TEXT scaleY="1" deviceID="" scale="1" fontWeight="normal" fontFamily="黑体" text="D 走廊照明50%" scaleX="1" color="16777215" widthInChars="7" param="" rotation="0" fontSize="14" textAlign="right" x="686" y="155"/>
    <TEXT scaleY="1" deviceID="" scale="1" fontWeight="normal" fontFamily="黑体" text="E 走廊照明50%" scaleX="1" color="16777215" widthInChars="7" param="" rotation="0" fontSize="14" textAlign="right" x="688" y="200"/>
    <TEXT scaleY="1" deviceID="" scale="1" fontWeight="normal" fontFamily="黑体" text="H 导向标识" scaleX="1" color="16777215" widthInChars="5" param="" rotation="0" fontSize="14" textAlign="right" x="963" y="200"/>
    <TEXT scaleY="1" deviceID="" scale="1" fontWeight="normal" fontFamily="黑体" text="G1 T5装饰灯" scaleX="1" color="16777215" widthInChars="6" param="" rotation="0" fontSize="14" textAlign="right" x="831" y="151"/>
    <TEXT scaleY="1" deviceID="" scale="1" fontWeight="normal" fontFamily="黑体" text="G2 LED装饰灯" scaleX="1" color="16777215" widthInChars="6" param="" rotation="0" fontSize="14" textAlign="right" x="838" y="196"/>
    <ADE deviceID="6819" scale="1" scaleX="1" scaleY="1" rotation="0" isPop="true" popType="list" x="605" y="145"/>
    <ADE deviceID="6825" scale="1" scaleX="1" scaleY="1" rotation="0" isPop="true" popType="list" x="605" y="190"/>
    <G1G2 deviceID="6831" scale="1" scaleX="1" scaleY="1" rotation="0" isPop="true" popType="list" x="780" y="145"/>
    <HLIGHT deviceID="6841" scale="0.7" scaleX="0.7" scaleY="0.7" rotation="0" isPop="true" popType="list" x="919" y="189"/>
    <HLIGHT deviceID="6841" scale="0.7" scaleX="0.7" scaleY="0.7" rotation="-75" isPop="true" popType="list" x="79" y="311"/>
    <HLIGHT deviceID="6841" scale="0.7" scaleX="0.7" scaleY="0.7" rotation="-90" isPop="true" popType="list" x="350" y="374"/>
    <ADE deviceID="6819" scale="1" scaleX="1" scaleY="1" rotation="5" isPop="true" popType="list" x="372" y="342"/>
    <ADE deviceID="6819" scale="1" scaleX="1" scaleY="1" rotation="0" isPop="true" popType="list" x="467" y="266"/>
    <ADE deviceID="6825" scale="1" scaleX="1" scaleY="1" rotation="0" isPop="true" popType="list" x="467" y="348"/>
    <ADE deviceID="6825" scale="1" scaleX="1" scaleY="1" rotation="5" isPop="true" popType="list" x="381" y="256"/>
    <G1G2 deviceID="6831" scale="1" scaleX="1" scaleY="1" rotation="15" isPop="true" popType="list" x="169" y="284"/>
    <HLIGHT deviceID="6841" scale="0.7" scaleX="0.7" scaleY="0.7" rotation="90" isPop="true" popType="list" x="583" y="279"/>
    <HLIGHT deviceID="6841" scale="0.7" scaleX="0.7" scaleY="0.7" rotation="95" isPop="true" popType="list" x="318" y="262"/>
    <G1G2 deviceID="6831" scale="1" scaleX="1" scaleY="1" rotation="0" isPop="true" popType="list" x="437" y="338"/>
    <G1G2 deviceID="6831" scale="1" scaleX="1" scaleY="1" rotation="10" isPop="true" popType="list" x="354" y="273"/>
    <ADE deviceID="6819" scale="1" scaleX="1" scaleY="1" rotation="15" isPop="true" popType="list" x="131" y="207"/>
    <ADE deviceID="6819" scale="1" scaleX="1" scaleY="1" rotation="10" isPop="true" popType="list" x="191" y="306"/>
    <ADE deviceID="6825" scale="1" scaleX="1" scaleY="1" rotation="15" isPop="true" popType="list" x="106" y="282"/>
    <ADE deviceID="6825" scale="1" scaleX="1" scaleY="1" rotation="10" isPop="true" popType="list" x="210" y="228"/>
    <GGZMSY1F scale="1.2" rotation="0" scaleX="1.2" scaleY="1.2" x="800" y="8"/>
    <TEXT scaleY="1" deviceID="" scale="1" fontWeight="bold" fontFamily="Arial" text="3" scaleX="1" color="0" widthInChars="1" param="" rotation="0" fontSize="20" textAlign="right" x="859" y="74"/>
    <DE deviceID="6801" scale="1" scaleX="1" scaleY="1" rotation="0" isPop="true" popType="list" x="605" y="100"/>
    <DE deviceID="6801" scale="1" scaleX="1" scaleY="1" rotation="10" isPop="true" popType="list" x="304" y="243"/>
    <DE deviceID="6801" scale="1" scaleX="1" scaleY="1" rotation="10" isPop="true" popType="list" x="288" y="323"/>
    <G2 deviceID="6837" scale="1" scaleX="1" scaleY="1" rotation="0" isPop="true" popType="list" x="780" y="190"/>
    <G2 deviceID="6837" scale="1" scaleX="1" scaleY="1" rotation="10" isPop="true" popType="list" x="255" y="307"/>
    <G2 deviceID="6837" scale="1" scaleX="1" scaleY="1" rotation="0" isPop="true" popType="list" x="441" y="282"/>
    <G2 deviceID="6837" scale="1" scaleX="1" scaleY="1" rotation="15" isPop="true" popType="list" x="181" y="242"/>
  </Components>
</Configration>