<?xml version="1.0" encoding="utf-8"?><Configration Width="1061.8187919463087" Height="538">
  <LIST>
    <Component>
      <KTTB/>
    </Component>
    <Image>
      <F2NODE source="assets/comp/F2Node.png"/>
      <TULI source="assets/comp/TULI/TULI.png"/>
      <KTN source="assets/comp/TULI/KTN.png"/>
      <KTA source="assets/comp/TULI/KTA.png"/>
      <COMPASS source="assets/comp/compass.png"/>
    </Image>
  </LIST>
  <Components>
    <F2NODE scaleX="0.7" scaleY="0.7" rotation="0" scale="0.7" x="30" y="0"/>
    <KTTB scaleX="0.4" scaleY="0.4" isPop="true" deviceID="7253" scale="0.4" rotation="0" popType="redirect" x="808" y="167"/>
    <TEXT text="XF-2-1" textAlign="right" rotation="0" scaleY="1" fontFamily="Arial" deviceID="" widthInChars="3" color="0" param="" fontWeight="bold" fontSize="12" scaleX="1" scale="1" x="801" y="153"/>
    <TULI scaleX="0.9" scaleY="0.9" rotation="0" scale="0.9" x="840" y="415"/>
    <TEXT text="正常" textAlign="right" rotation="0" scaleY="1" fontFamily="Arial" deviceID="" widthInChars="2" color="16777215" param="" fontWeight="normal" fontSize="16" scaleX="1" scale="1" x="885" y="440"/>
    <TEXT text="报警" textAlign="right" rotation="0" scaleY="1" fontFamily="Arial" deviceID="" widthInChars="2" color="16777215" param="" fontWeight="normal" fontSize="16" scaleX="1" scale="1" x="960" y="440"/>
    <KTN scaleX="0.5" scaleY="0.5" rotation="0" scale="0.5" x="885" y="470"/>
    <KTA scaleX="0.5" scaleY="0.5" rotation="0" scale="0.5" x="960" y="470"/>
    <COMPASS scale="0.5" scaleX="0.5" scaleY="0.5" x="915" y="408" rotation="-90"/>
  </Components>
</Configration>