<?xml version="1.0" encoding="utf-8"?>
<Configration Width="1434" Height="717">
  <LIST>
    <Component>
      <ALARMTB/>
    </Component>
    <Image>
      <F2NODE source="mapAssets/mapImages/F2Node.png" group="map"/>
      <TULI source="assets/comp/TULI/TULI.png"/>
      <LCF2 source="assets/comp/LCF2.png"/>
      <BJN source="assets/comp/TULI/BJN.png"/>
      <BJA source="assets/comp/TULI/BJA.png"/>
    </Image>
  </LIST>
  <Components>
    <F2NODE x="0" y="0" height="714" source="mapAssets/mapImages/F2Node.png" width="1434" group="map"/>
    <TULI x="1199" y="581" height="124" source="assets/comp/TULI/TULI.png" width="225" group="tuli"/>
    <LCF2 x="10" y="10" height="92" source="assets/comp/LCF2.png" width="110" group="bg"/>
    <TEXT x="1264" group="commonComp" textAlign="center" fontSize="16" fontFamily="微软雅黑" width="121" height="21" deviceID="" text="客流摄像头正常" borderColor="0xffffff" source="assets/comp/TEXTINPUT/label.png" fontWeight="normal" widthInChars="4" contentBackgroundAlpha="0" borderVisible="false" y="616" param="" contentBackgroundColor="16777215" color="0" sizeAuto="true"/>
    <TEXT x="1264" group="commonComp" textAlign="center" fontSize="16" fontFamily="微软雅黑" width="121" height="21" deviceID="" text="客流摄像头报警" borderColor="0xffffff" source="assets/comp/TEXTINPUT/label.png" fontWeight="normal" widthInChars="4" contentBackgroundAlpha="0" borderVisible="false" y="646" param="" contentBackgroundColor="16777215" color="0" sizeAuto="true"/>
    <ALARMTB alarm="ALARMTB" deviceName="2F货梯HT-17靠金街出入口" source="assets/comp/ALARMTB/alarm/0/1.png" deviceID="1450010" paramID="2" mark="KLTCQ" y="241" x="953" width="16" group="commonComp" height="16" param="alarm"/>
    <TEXT x="937" group="commonComp" textAlign="center" fontSize="12" scaleY="0.9" fontFamily="微软雅黑" width="152" height="17" deviceID="" text="2F货梯HT-17靠金街出入口" borderColor="0xffffff" source="assets/comp/TEXTINPUT/label.png" fontWeight="normal" widthInChars="4" contentBackgroundAlpha="0" borderVisible="false" y="108.69999999999999" param="" contentBackgroundColor="16777215" color="255" sizeAuto="true"/>
    <BJN x="1239" y="621" height="16" source="assets/comp/TULI/BJN.png" width="16" group="tuli"/>
    <BJA x="1239" y="651" height="16" source="assets/comp/TULI/BJA.png" width="16" group="tuli"/>
    <TEXT x="1100" group="commonComp" textAlign="center" fontSize="16" fontFamily="微软雅黑" width="87" height="21" deviceID="" text="总进场人数" borderColor="0xffffff" source="assets/comp/TEXTINPUT/label.png" fontWeight="normal" widthInChars="4" contentBackgroundAlpha="0" borderVisible="false" y="20" param="" contentBackgroundColor="16777215" color="0" sizeAuto="true"/>
    <LABEL y="20" textAlign="right" fontSize="12" paramID="121" deviceName="客流总数" fontFamily="digifaw" deviceID="1450000" mark="KLTCQ" text="0101" borderColor="999999" source="assets/comp/TEXTINPUT/text.png" fontWeight="normal" widthInChars="4" contentBackgroundAlpha="1" rotation="0" x="1200" color="3407616" param="personNum" borderVisible="true" contentBackgroundColor="000000" group="commonComp" sizeAuto="false"/>
    <LABEL y="50" textAlign="right" fontSize="12" paramID="584" deviceName="客流总数" fontFamily="digifaw" deviceID="1450000" mark="KLTCQ" text="0101" borderColor="999999" source="assets/comp/TEXTINPUT/text.png" fontWeight="normal" widthInChars="4" contentBackgroundAlpha="1" rotation="0" x="1200" color="3407616" param="curPersonNum" borderVisible="true" contentBackgroundColor="000000" group="commonComp" sizeAuto="false"/>
    <TEXT x="1100" group="commonComp" textAlign="center" fontSize="16" fontFamily="微软雅黑" width="87" height="21" deviceID="" text="总滞留人数" borderColor="0xffffff" source="assets/comp/TEXTINPUT/label.png" fontWeight="normal" widthInChars="4" contentBackgroundAlpha="0" borderVisible="false" y="50" param="" contentBackgroundColor="16777215" color="0" sizeAuto="true"/>
    <TEXT contentBackgroundColor="16777215" group="commonComp" textAlign="center" fontSize="12" fontFamily="微软雅黑" width="41" height="17" deviceID="" text="大统华" borderColor="0xffffff" source="assets/comp/TEXTINPUT/label.png" fontWeight="normal" widthInChars="4" contentBackgroundAlpha="0" borderVisible="false" x="45" y="577" param="" color="13408512" sizeAuto="true"/>
    <TEXT contentBackgroundColor="16777215" group="commonComp" textAlign="center" fontSize="12" fontFamily="微软雅黑" width="56" height="17" deviceID="" text="UlifeStyle" borderColor="0xffffff" source="assets/comp/TEXTINPUT/label.png" fontWeight="normal" widthInChars="4" contentBackgroundAlpha="0" borderVisible="false" x="45" y="591" param="" color="13408512" sizeAuto="true"/>
    <TEXT contentBackgroundColor="16777215" group="commonComp" textAlign="center" fontSize="12" fontFamily="微软雅黑" width="47" height="17" deviceID="" text="TC town" borderColor="0xffffff" source="assets/comp/TEXTINPUT/label.png" fontWeight="normal" widthInChars="4" contentBackgroundAlpha="0" borderVisible="false" x="47" y="621" param="" color="13408512" sizeAuto="true"/>
    <TEXT contentBackgroundColor="16777215" group="commonComp" textAlign="center" fontSize="12" fontFamily="微软雅黑" width="56" height="17" deviceID="" text="UlifeStyle" borderColor="0xffffff" source="assets/comp/TEXTINPUT/label.png" fontWeight="normal" widthInChars="4" contentBackgroundAlpha="0" borderVisible="false" x="45" y="606" param="" color="13408512" sizeAuto="true"/>
    <TEXT contentBackgroundColor="16777215" group="commonComp" textAlign="center" fontSize="12" fontFamily="微软雅黑" width="47" height="17" deviceID="" text="TC town" borderColor="0xffffff" source="assets/comp/TEXTINPUT/label.png" fontWeight="normal" widthInChars="4" contentBackgroundAlpha="0" borderVisible="false" x="47" y="635" param="" color="13408512" sizeAuto="true"/>
    <TEXT contentBackgroundColor="16777215" group="commonComp" textAlign="center" fontSize="12" fontFamily="微软雅黑" width="26" height="17" deviceID="" text="2027" borderColor="0xffffff" source="assets/comp/TEXTINPUT/label.png" fontWeight="normal" widthInChars="4" contentBackgroundAlpha="0" borderVisible="false" x="130" y="577" param="" color="13408512" sizeAuto="true"/>
    <TEXT contentBackgroundColor="16777215" group="commonComp" textAlign="center" fontSize="12" fontFamily="微软雅黑" width="26" height="17" deviceID="" text="2038" borderColor="0xffffff" source="assets/comp/TEXTINPUT/label.png" fontWeight="normal" widthInChars="4" contentBackgroundAlpha="0" borderVisible="false" x="130" y="591" param="" color="13408512" sizeAuto="true"/>
    <TEXT contentBackgroundColor="16777215" group="commonComp" textAlign="center" fontSize="12" fontFamily="微软雅黑" width="26" height="17" deviceID="" text="2039" borderColor="0xffffff" source="assets/comp/TEXTINPUT/label.png" fontWeight="normal" widthInChars="4" contentBackgroundAlpha="0" borderVisible="false" x="130" y="606" param="" color="13408512" sizeAuto="true"/>
    <TEXT contentBackgroundColor="16777215" group="commonComp" textAlign="center" fontSize="12" fontFamily="微软雅黑" width="38" height="17" deviceID="" text="2042-1" borderColor="0xffffff" source="assets/comp/TEXTINPUT/label.png" fontWeight="normal" widthInChars="4" contentBackgroundAlpha="0" borderVisible="false" x="130" y="621" param="" color="13408512" sizeAuto="false"/>
    <TEXT contentBackgroundColor="16777215" group="commonComp" textAlign="center" fontSize="12" fontFamily="微软雅黑" width="41" height="17" deviceID="" text="2042-2" borderColor="0xffffff" source="assets/comp/TEXTINPUT/label.png" fontWeight="normal" widthInChars="4" contentBackgroundAlpha="0" borderVisible="false" x="129" y="636" param="" color="13408512" sizeAuto="false"/>
    <TEXT contentBackgroundColor="16777215" group="commonComp" textAlign="center" fontSize="12" fontFamily="微软雅黑" width="50" height="17" deviceID="" text="Maya‘s" borderColor="0xffffff" source="assets/comp/TEXTINPUT/label.png" fontWeight="normal" widthInChars="4" contentBackgroundAlpha="0" borderVisible="false" x="48" y="649" param="" color="39168" sizeAuto="false"/>
    <TEXT contentBackgroundColor="16777215" group="commonComp" textAlign="center" fontSize="12" fontFamily="微软雅黑" width="54" height="17" deviceID="" text="邻家女孩" borderColor="0xffffff" source="assets/comp/TEXTINPUT/label.png" fontWeight="normal" widthInChars="4" contentBackgroundAlpha="0" borderVisible="false" x="45" y="678" param="" color="39168" sizeAuto="true"/>
    <TEXT contentBackgroundColor="16777215" group="commonComp" textAlign="center" fontSize="12" fontFamily="微软雅黑" width="54" height="17" deviceID="" text="大形无样" borderColor="0xffffff" source="assets/comp/TEXTINPUT/label.png" fontWeight="normal" widthInChars="4" contentBackgroundAlpha="0" borderVisible="false" x="45" y="664" param="" color="39168" sizeAuto="true"/>
    <TEXT contentBackgroundColor="16777215" group="commonComp" textAlign="center" fontSize="12" fontFamily="微软雅黑" width="54" height="17" deviceID="" text="翡翠无恙" borderColor="0xffffff" source="assets/comp/TEXTINPUT/label.png" fontWeight="normal" widthInChars="4" contentBackgroundAlpha="0" borderVisible="false" x="46" y="693" param="" color="39168" sizeAuto="true"/>
    <TEXT contentBackgroundColor="16777215" group="commonComp" textAlign="center" fontSize="12" fontFamily="微软雅黑" width="50" height="17" deviceID="" text="2003" borderColor="0xffffff" source="assets/comp/TEXTINPUT/label.png" fontWeight="normal" widthInChars="4" contentBackgroundAlpha="0" borderVisible="false" x="118" y="651" param="" color="39168" sizeAuto="false"/>
    <TEXT contentBackgroundColor="16777215" group="commonComp" textAlign="center" fontSize="12" fontFamily="微软雅黑" width="50" height="17" deviceID="" text="2010" borderColor="0xffffff" source="assets/comp/TEXTINPUT/label.png" fontWeight="normal" widthInChars="4" contentBackgroundAlpha="0" borderVisible="false" x="118" y="666" param="" color="39168" sizeAuto="false"/>
    <TEXT contentBackgroundColor="16777215" group="commonComp" textAlign="center" fontSize="12" fontFamily="微软雅黑" width="50" height="17" deviceID="" text="2011" borderColor="0xffffff" source="assets/comp/TEXTINPUT/label.png" fontWeight="normal" widthInChars="4" contentBackgroundAlpha="0" borderVisible="false" x="118" y="679" param="" color="39168" sizeAuto="false"/>
    <TEXT contentBackgroundColor="16777215" group="commonComp" textAlign="center" fontSize="12" fontFamily="微软雅黑" width="50" height="17" deviceID="" text="2012" borderColor="0xffffff" source="assets/comp/TEXTINPUT/label.png" fontWeight="normal" widthInChars="4" contentBackgroundAlpha="0" borderVisible="false" x="118" y="694" param="" color="39168" sizeAuto="false"/>
    <TEXT contentBackgroundColor="16777215" group="commonComp" textAlign="center" fontSize="12" fontFamily="微软雅黑" width="50" height="17" deviceID="" text="红豆男装" borderColor="0xffffff" source="assets/comp/TEXTINPUT/label.png" fontWeight="normal" widthInChars="4" contentBackgroundAlpha="0" borderVisible="false" x="192" y="580" param="" color="39168" sizeAuto="false"/>
    <TEXT contentBackgroundColor="16777215" group="commonComp" textAlign="center" fontSize="12" fontFamily="微软雅黑" width="50" height="17" deviceID="" text="2013" borderColor="0xffffff" source="assets/comp/TEXTINPUT/label.png" fontWeight="normal" widthInChars="4" contentBackgroundAlpha="0" borderVisible="false" x="265" y="577" param="" color="39168" sizeAuto="false"/>
    <TEXT contentBackgroundColor="16777215" group="commonComp" textAlign="center" fontSize="12" fontFamily="微软雅黑" width="50" height="17" deviceID="" text="利郎" borderColor="0xffffff" source="assets/comp/TEXTINPUT/label.png" fontWeight="normal" widthInChars="4" contentBackgroundAlpha="0" borderVisible="false" x="181" y="592" param="" color="39168" sizeAuto="false"/>
    <TEXT contentBackgroundColor="16777215" group="commonComp" textAlign="center" fontSize="12" fontFamily="微软雅黑" width="50" height="17" deviceID="" text="IRA" borderColor="0xffffff" source="assets/comp/TEXTINPUT/label.png" fontWeight="normal" widthInChars="4" contentBackgroundAlpha="0" borderVisible="false" x="180" y="607" param="" color="39168" sizeAuto="false"/>
    <TEXT contentBackgroundColor="16777215" group="commonComp" textAlign="center" fontSize="12" fontFamily="微软雅黑" width="50" height="17" deviceID="" text="贝纳川" borderColor="0xffffff" source="assets/comp/TEXTINPUT/label.png" fontWeight="normal" widthInChars="4" contentBackgroundAlpha="0" borderVisible="false" x="187" y="623" param="" color="39168" sizeAuto="false"/>
    <TEXT contentBackgroundColor="16777215" group="commonComp" textAlign="center" fontSize="12" fontFamily="微软雅黑" width="50" height="17" deviceID="" text="柒牌" borderColor="0xffffff" source="assets/comp/TEXTINPUT/label.png" fontWeight="normal" widthInChars="4" contentBackgroundAlpha="0" borderVisible="false" x="182" y="637" param="" color="39168" sizeAuto="false"/>
    <TEXT contentBackgroundColor="16777215" group="commonComp" textAlign="center" fontSize="12" fontFamily="微软雅黑" width="50" height="17" deviceID="" text="森林鸟" borderColor="0xffffff" source="assets/comp/TEXTINPUT/label.png" fontWeight="normal" widthInChars="4" contentBackgroundAlpha="0" borderVisible="false" x="187" y="651" param="" color="39168" sizeAuto="false"/>
    <TEXT contentBackgroundColor="16777215" group="commonComp" textAlign="center" fontSize="12" fontFamily="微软雅黑" width="50" height="17" deviceID="" text="娅茜女孩" borderColor="0xffffff" source="assets/comp/TEXTINPUT/label.png" fontWeight="normal" widthInChars="4" contentBackgroundAlpha="0" borderVisible="false" x="194" y="666" param="" color="39168" sizeAuto="false"/>
    <TEXT contentBackgroundColor="16777215" group="commonComp" textAlign="center" fontSize="12" fontFamily="微软雅黑" width="50" height="17" deviceID="" text="SeRina" borderColor="0xffffff" source="assets/comp/TEXTINPUT/label.png" fontWeight="normal" widthInChars="4" contentBackgroundAlpha="0" borderVisible="false" x="188" y="680" param="" color="39168" sizeAuto="false"/>
    <TEXT contentBackgroundColor="16777215" group="commonComp" textAlign="center" fontSize="12" fontFamily="微软雅黑" width="50" height="17" deviceID="" text="彩库" borderColor="0xffffff" source="assets/comp/TEXTINPUT/label.png" fontWeight="normal" widthInChars="4" contentBackgroundAlpha="0" borderVisible="false" x="181" y="695" param="" color="39168" sizeAuto="false"/>
    <TEXT contentBackgroundColor="16777215" group="commonComp" textAlign="center" fontSize="12" fontFamily="微软雅黑" width="50" height="17" deviceID="" text="2014" borderColor="0xffffff" source="assets/comp/TEXTINPUT/label.png" fontWeight="normal" widthInChars="4" contentBackgroundAlpha="0" borderVisible="false" x="265" y="594" param="" color="39168" sizeAuto="false"/>
    <TEXT contentBackgroundColor="16777215" group="commonComp" textAlign="center" fontSize="12" fontFamily="微软雅黑" width="50" height="17" deviceID="" text="2015" borderColor="0xffffff" source="assets/comp/TEXTINPUT/label.png" fontWeight="normal" widthInChars="4" contentBackgroundAlpha="0" borderVisible="false" x="265" y="609" param="" color="39168" sizeAuto="false"/>
    <TEXT contentBackgroundColor="16777215" group="commonComp" textAlign="center" fontSize="12" fontFamily="微软雅黑" width="50" height="17" deviceID="" text="2016" borderColor="0xffffff" source="assets/comp/TEXTINPUT/label.png" fontWeight="normal" widthInChars="4" contentBackgroundAlpha="0" borderVisible="false" x="265" y="623" param="" color="39168" sizeAuto="false"/>
    <TEXT contentBackgroundColor="16777215" group="commonComp" textAlign="center" fontSize="12" fontFamily="微软雅黑" width="50" height="17" deviceID="" text="2017" borderColor="0xffffff" source="assets/comp/TEXTINPUT/label.png" fontWeight="normal" widthInChars="4" contentBackgroundAlpha="0" borderVisible="false" x="265" y="638" param="" color="39168" sizeAuto="false"/>
    <TEXT contentBackgroundColor="16777215" group="commonComp" textAlign="center" fontSize="12" fontFamily="微软雅黑" width="50" height="17" deviceID="" text="2018" borderColor="0xffffff" source="assets/comp/TEXTINPUT/label.png" fontWeight="normal" widthInChars="4" contentBackgroundAlpha="0" borderVisible="false" x="265" y="651" param="" color="39168" sizeAuto="false"/>
    <TEXT contentBackgroundColor="16777215" group="commonComp" textAlign="center" fontSize="12" fontFamily="微软雅黑" width="50" height="17" deviceID="" text="2020" borderColor="0xffffff" source="assets/comp/TEXTINPUT/label.png" fontWeight="normal" widthInChars="4" contentBackgroundAlpha="0" borderVisible="false" x="265" y="666" param="" color="39168" sizeAuto="false"/>
    <TEXT contentBackgroundColor="16777215" group="commonComp" textAlign="center" fontSize="12" fontFamily="微软雅黑" width="50" height="17" deviceID="" text="2023" borderColor="0xffffff" source="assets/comp/TEXTINPUT/label.png" fontWeight="normal" widthInChars="4" contentBackgroundAlpha="0" borderVisible="false" x="264" y="695" param="" color="39168" sizeAuto="false"/>
    <TEXT contentBackgroundColor="16777215" group="commonComp" textAlign="center" fontSize="12" fontFamily="微软雅黑" width="50" height="17" deviceID="" text="2022" borderColor="0xffffff" source="assets/comp/TEXTINPUT/label.png" fontWeight="normal" widthInChars="4" contentBackgroundAlpha="0" borderVisible="false" x="264" y="681" param="" color="39168" sizeAuto="false"/>
    <TEXT contentBackgroundColor="16777215" group="commonComp" textAlign="center" fontSize="12" fontFamily="微软雅黑" width="50" height="17" deviceID="" text="依芮" borderColor="0xffffff" source="assets/comp/TEXTINPUT/label.png" fontWeight="normal" widthInChars="4" contentBackgroundAlpha="0" borderVisible="false" x="315" y="577" param="" color="39168" sizeAuto="false"/>
    <TEXT contentBackgroundColor="16777215" group="commonComp" textAlign="center" fontSize="12" fontFamily="微软雅黑" width="50" height="17" deviceID="" text="伊佐拉" borderColor="0xffffff" source="assets/comp/TEXTINPUT/label.png" fontWeight="normal" widthInChars="4" contentBackgroundAlpha="0" borderVisible="false" x="321" y="591" param="" color="39168" sizeAuto="false"/>
    <TEXT contentBackgroundColor="16777215" group="commonComp" textAlign="center" fontSize="12" fontFamily="微软雅黑" width="50" height="17" deviceID="" text="优厂速购" borderColor="0xffffff" source="assets/comp/TEXTINPUT/label.png" fontWeight="normal" widthInChars="4" contentBackgroundAlpha="0" borderVisible="false" x="328" y="608" param="" color="39168" sizeAuto="false"/>
    <TEXT contentBackgroundColor="16777215" group="commonComp" textAlign="center" fontSize="12" fontFamily="微软雅黑" width="50" height="17" deviceID="" text="安踏" borderColor="0xffffff" source="assets/comp/TEXTINPUT/label.png" fontWeight="normal" widthInChars="4" contentBackgroundAlpha="0" borderVisible="false" x="317" y="622" param="" color="39168" sizeAuto="false"/>
    <TEXT contentBackgroundColor="16777215" group="commonComp" textAlign="center" fontSize="12" fontFamily="微软雅黑" width="50" height="17" deviceID="" text="ABC童装" borderColor="0xffffff" source="assets/comp/TEXTINPUT/label.png" fontWeight="normal" widthInChars="4" contentBackgroundAlpha="0" borderVisible="false" x="329" y="636" param="" color="39168" sizeAuto="false"/>
    <TEXT contentBackgroundColor="16777215" group="commonComp" textAlign="center" fontSize="12" fontFamily="微软雅黑" width="60" height="17" deviceID="" text="宝原运动馆" borderColor="0xffffff" source="assets/comp/TEXTINPUT/label.png" fontWeight="normal" widthInChars="4" contentBackgroundAlpha="0" borderVisible="false" x="330" y="651" param="" color="39168" sizeAuto="false"/>
    <TEXT contentBackgroundColor="16777215" group="commonComp" textAlign="center" fontSize="12" fontFamily="微软雅黑" width="50" height="17" deviceID="" text="海贝" borderColor="0xffffff" source="assets/comp/TEXTINPUT/label.png" fontWeight="normal" widthInChars="4" contentBackgroundAlpha="0" borderVisible="false" x="318" y="666" param="" color="39168" sizeAuto="false"/>
    <TEXT contentBackgroundColor="16777215" group="commonComp" textAlign="center" fontSize="12" fontFamily="微软雅黑" width="50" height="17" deviceID="" text="UX5" borderColor="0xffffff" source="assets/comp/TEXTINPUT/label.png" fontWeight="normal" widthInChars="4" contentBackgroundAlpha="0" borderVisible="false" x="319" y="682" param="" color="39168" sizeAuto="false"/>
    <TEXT contentBackgroundColor="16777215" group="commonComp" textAlign="center" fontSize="12" fontFamily="微软雅黑" width="50" height="17" deviceID="" text="李宁" borderColor="0xffffff" source="assets/comp/TEXTINPUT/label.png" fontWeight="normal" widthInChars="4" contentBackgroundAlpha="0" borderVisible="false" x="319" y="695" param="" color="39168" sizeAuto="false"/>
    <TEXT contentBackgroundColor="16777215" group="commonComp" textAlign="center" fontSize="12" fontFamily="微软雅黑" width="50" height="17" deviceID="" text="2024" borderColor="0xffffff" source="assets/comp/TEXTINPUT/label.png" fontWeight="normal" widthInChars="4" contentBackgroundAlpha="0" borderVisible="false" x="387" y="577" param="" color="39168" sizeAuto="false"/>
    <TEXT contentBackgroundColor="16777215" group="commonComp" textAlign="center" fontSize="12" fontFamily="微软雅黑" width="50" height="17" deviceID="" text="2025" borderColor="0xffffff" source="assets/comp/TEXTINPUT/label.png" fontWeight="normal" widthInChars="4" contentBackgroundAlpha="0" borderVisible="false" x="387" y="592" param="" color="39168" sizeAuto="false"/>
    <TEXT contentBackgroundColor="16777215" group="commonComp" textAlign="center" fontSize="12" fontFamily="微软雅黑" width="50" height="17" deviceID="" text="2026" borderColor="0xffffff" source="assets/comp/TEXTINPUT/label.png" fontWeight="normal" widthInChars="4" contentBackgroundAlpha="0" borderVisible="false" x="387" y="608" param="" color="39168" sizeAuto="false"/>
    <TEXT contentBackgroundColor="16777215" group="commonComp" textAlign="center" fontSize="12" fontFamily="微软雅黑" width="50" height="17" deviceID="" text="2030" borderColor="0xffffff" source="assets/comp/TEXTINPUT/label.png" fontWeight="normal" widthInChars="4" contentBackgroundAlpha="0" borderVisible="false" x="387" y="622" param="" color="39168" sizeAuto="false"/>
    <TEXT contentBackgroundColor="16777215" group="commonComp" textAlign="center" fontSize="12" fontFamily="微软雅黑" width="50" height="17" deviceID="" text="2033" borderColor="0xffffff" source="assets/comp/TEXTINPUT/label.png" fontWeight="normal" widthInChars="4" contentBackgroundAlpha="0" borderVisible="false" x="387" y="636" param="" color="39168" sizeAuto="false"/>
    <TEXT contentBackgroundColor="16777215" group="commonComp" textAlign="center" fontSize="12" fontFamily="微软雅黑" width="50" height="17" deviceID="" text="2043" borderColor="0xffffff" source="assets/comp/TEXTINPUT/label.png" fontWeight="normal" widthInChars="4" contentBackgroundAlpha="0" borderVisible="false" x="387" y="700" param="" color="39168" sizeAuto="false"/>
    <TEXT contentBackgroundColor="16777215" group="commonComp" textAlign="center" fontSize="12" fontFamily="微软雅黑" width="50" height="17" deviceID="" text="2035" borderColor="0xffffff" source="assets/comp/TEXTINPUT/label.png" fontWeight="normal" widthInChars="4" contentBackgroundAlpha="0" borderVisible="false" x="387" y="651" param="" color="39168" sizeAuto="false"/>
    <TEXT contentBackgroundColor="16777215" group="commonComp" textAlign="center" fontSize="12" fontFamily="微软雅黑" width="50" height="17" deviceID="" text="2037" borderColor="0xffffff" source="assets/comp/TEXTINPUT/label.png" fontWeight="normal" widthInChars="4" contentBackgroundAlpha="0" borderVisible="false" x="387" y="667" param="" color="39168" sizeAuto="false"/>
    <TEXT contentBackgroundColor="16777215" group="commonComp" textAlign="center" fontSize="12" fontFamily="微软雅黑" width="50" height="17" deviceID="" text="2040" borderColor="0xffffff" source="assets/comp/TEXTINPUT/label.png" fontWeight="normal" widthInChars="4" contentBackgroundAlpha="0" borderVisible="false" x="387" y="682" param="" color="39168" sizeAuto="false"/>
    <TEXT contentBackgroundColor="16777215" group="commonComp" textAlign="center" fontSize="12" fontFamily="微软雅黑" width="50" height="17" deviceID="" text="Csmall" borderColor="0xffffff" source="assets/comp/TEXTINPUT/label.png" fontWeight="normal" widthInChars="4" contentBackgroundAlpha="0" borderVisible="false" x="468" y="467" param="" color="13369497" sizeAuto="false"/>
    <TEXT contentBackgroundColor="16777215" group="commonComp" textAlign="center" fontSize="12" fontFamily="微软雅黑" width="50" height="17" deviceID="" text="Asdet" borderColor="0xffffff" source="assets/comp/TEXTINPUT/label.png" fontWeight="normal" widthInChars="4" contentBackgroundAlpha="0" borderVisible="false" x="465" y="482" param="" color="13369497" sizeAuto="false"/>
    <TEXT contentBackgroundColor="16777215" group="commonComp" textAlign="center" fontSize="12" fontFamily="微软雅黑" width="50" height="17" deviceID="" text="遇见菲林" borderColor="0xffffff" source="assets/comp/TEXTINPUT/label.png" fontWeight="normal" widthInChars="4" contentBackgroundAlpha="0" borderVisible="false" x="472" y="498" param="" color="13369497" sizeAuto="false"/>
    <TEXT contentBackgroundColor="16777215" group="commonComp" textAlign="center" fontSize="12" fontFamily="微软雅黑" width="95" height="17" deviceID="" text="twin kids/芙优尚" borderColor="0xffffff" source="assets/comp/TEXTINPUT/label.png" fontWeight="normal" widthInChars="4" contentBackgroundAlpha="0" borderVisible="false" x="472" y="529" param="" color="13369497" sizeAuto="false"/>
    <TEXT contentBackgroundColor="16777215" group="commonComp" textAlign="center" fontSize="12" fontFamily="微软雅黑" width="50" height="17" deviceID="" text="City life" borderColor="0xffffff" source="assets/comp/TEXTINPUT/label.png" fontWeight="normal" widthInChars="4" contentBackgroundAlpha="0" borderVisible="false" x="470" y="516" param="" color="13369497" sizeAuto="false"/>
    <TEXT contentBackgroundColor="16777215" group="commonComp" textAlign="center" fontSize="12" fontFamily="微软雅黑" width="50" height="17" deviceID="" text="稻草人" borderColor="0xffffff" source="assets/comp/TEXTINPUT/label.png" fontWeight="normal" widthInChars="4" contentBackgroundAlpha="0" borderVisible="false" x="468" y="546" param="" color="13369497" sizeAuto="false"/>
    <TEXT contentBackgroundColor="16777215" group="commonComp" textAlign="center" fontSize="12" fontFamily="微软雅黑" width="115" height="17" deviceID="" text="CONLIAHOME 悦舍" borderColor="0xffffff" source="assets/comp/TEXTINPUT/label.png" fontWeight="normal" widthInChars="4" contentBackgroundAlpha="0" borderVisible="false" x="472" y="562" param="" color="13369497" sizeAuto="false"/>
    <TEXT contentBackgroundColor="16777215" group="commonComp" textAlign="center" fontSize="12" fontFamily="微软雅黑" width="50" height="17" deviceID="" text="June Wu" borderColor="0xffffff" source="assets/comp/TEXTINPUT/label.png" fontWeight="normal" widthInChars="4" contentBackgroundAlpha="0" borderVisible="false" x="474" y="592" param="" color="13369497" sizeAuto="false"/>
    <TEXT contentBackgroundColor="16777215" group="commonComp" textAlign="center" fontSize="12" fontFamily="微软雅黑" width="50" height="17" deviceID="" text="玖也舍" borderColor="0xffffff" source="assets/comp/TEXTINPUT/label.png" fontWeight="normal" widthInChars="4" contentBackgroundAlpha="0" borderVisible="false" x="469" y="607" param="" color="13369497" sizeAuto="false"/>
    <TEXT contentBackgroundColor="16777215" group="commonComp" textAlign="center" fontSize="12" fontFamily="微软雅黑" width="50" height="17" deviceID="" text="伶俐精选" borderColor="0xffffff" source="assets/comp/TEXTINPUT/label.png" fontWeight="normal" widthInChars="4" contentBackgroundAlpha="0" borderVisible="false" x="474" y="623" param="" color="13369497" sizeAuto="false"/>
    <TEXT contentBackgroundColor="16777215" group="commonComp" textAlign="center" fontSize="12" fontFamily="微软雅黑" width="115" height="17" deviceID="" text="CONLIAHOME 悦舍" borderColor="0xffffff" source="assets/comp/TEXTINPUT/label.png" fontWeight="normal" widthInChars="4" contentBackgroundAlpha="0" borderVisible="false" x="472" y="578" param="" color="13369497" sizeAuto="false"/>
    <TEXT contentBackgroundColor="16777215" group="commonComp" textAlign="center" fontSize="12" fontFamily="微软雅黑" width="50" height="17" deviceID="" text="2002" borderColor="0xffffff" source="assets/comp/TEXTINPUT/label.png" fontWeight="normal" widthInChars="4" contentBackgroundAlpha="0" borderVisible="false" x="596" y="466" param="" color="13369497" sizeAuto="false"/>
    <TEXT contentBackgroundColor="16777215" group="commonComp" textAlign="center" fontSize="12" fontFamily="微软雅黑" width="50" height="17" deviceID="" text="2019" borderColor="0xffffff" source="assets/comp/TEXTINPUT/label.png" fontWeight="normal" widthInChars="4" contentBackgroundAlpha="0" borderVisible="false" x="596" y="483" param="" color="13369497" sizeAuto="false"/>
    <TEXT contentBackgroundColor="16777215" group="commonComp" textAlign="center" fontSize="12" fontFamily="微软雅黑" width="50" height="17" deviceID="" text="2021-1" borderColor="0xffffff" source="assets/comp/TEXTINPUT/label.png" fontWeight="normal" widthInChars="4" contentBackgroundAlpha="0" borderVisible="false" x="602" y="499" param="" color="13369497" sizeAuto="false"/>
    <TEXT contentBackgroundColor="16777215" group="commonComp" textAlign="center" fontSize="12" fontFamily="微软雅黑" width="50" height="17" deviceID="" text="2021-2" borderColor="0xffffff" source="assets/comp/TEXTINPUT/label.png" fontWeight="normal" widthInChars="4" contentBackgroundAlpha="0" borderVisible="false" x="602" y="515" param="" color="13369497" sizeAuto="false"/>
    <TEXT contentBackgroundColor="16777215" group="commonComp" textAlign="center" fontSize="12" fontFamily="微软雅黑" width="50" height="17" deviceID="" text="2028" borderColor="0xffffff" source="assets/comp/TEXTINPUT/label.png" fontWeight="normal" widthInChars="4" contentBackgroundAlpha="0" borderVisible="false" x="596" y="531" param="" color="13369497" sizeAuto="false"/>
    <TEXT contentBackgroundColor="16777215" group="commonComp" textAlign="center" fontSize="12" fontFamily="微软雅黑" width="50" height="17" deviceID="" text="2029" borderColor="0xffffff" source="assets/comp/TEXTINPUT/label.png" fontWeight="normal" widthInChars="4" contentBackgroundAlpha="0" borderVisible="false" x="596" y="548" param="" color="13369497" sizeAuto="false"/>
    <TEXT contentBackgroundColor="16777215" group="commonComp" textAlign="center" fontSize="12" fontFamily="微软雅黑" width="50" height="17" deviceID="" text="2031" borderColor="0xffffff" source="assets/comp/TEXTINPUT/label.png" fontWeight="normal" widthInChars="4" contentBackgroundAlpha="0" borderVisible="false" x="596" y="564" param="" color="13369497" sizeAuto="false"/>
    <TEXT contentBackgroundColor="16777215" group="commonComp" textAlign="center" fontSize="12" fontFamily="微软雅黑" width="50" height="17" deviceID="" text="2032" borderColor="0xffffff" source="assets/comp/TEXTINPUT/label.png" fontWeight="normal" widthInChars="4" contentBackgroundAlpha="0" borderVisible="false" x="596" y="581" param="" color="13369497" sizeAuto="false"/>
    <TEXT contentBackgroundColor="16777215" group="commonComp" textAlign="center" fontSize="12" fontFamily="微软雅黑" width="50" height="17" deviceID="" text="2034" borderColor="0xffffff" source="assets/comp/TEXTINPUT/label.png" fontWeight="normal" widthInChars="4" contentBackgroundAlpha="0" borderVisible="false" x="596" y="596" param="" color="13369497" sizeAuto="false"/>
    <TEXT contentBackgroundColor="16777215" group="commonComp" textAlign="center" fontSize="12" fontFamily="微软雅黑" width="50" height="17" deviceID="" text="2036" borderColor="0xffffff" source="assets/comp/TEXTINPUT/label.png" fontWeight="normal" widthInChars="4" contentBackgroundAlpha="0" borderVisible="false" x="596" y="610" param="" color="13369497" sizeAuto="false"/>
    <TEXT contentBackgroundColor="16777215" group="commonComp" textAlign="center" fontSize="12" fontFamily="微软雅黑" width="50" height="17" deviceID="" text="2041" borderColor="0xffffff" source="assets/comp/TEXTINPUT/label.png" fontWeight="normal" widthInChars="4" contentBackgroundAlpha="0" borderVisible="false" x="596" y="625" param="" color="13369497" sizeAuto="false"/>
    <TEXT contentBackgroundColor="16777215" group="commonComp" textAlign="center" fontSize="12" fontFamily="微软雅黑" width="62" height="17" deviceID="" text="荣泰按摩椅" borderColor="0xffffff" source="assets/comp/TEXTINPUT/label.png" fontWeight="normal" widthInChars="4" contentBackgroundAlpha="0" borderVisible="false" x="474" y="638" param="" color="255" sizeAuto="false"/>
    <TEXT contentBackgroundColor="16777215" group="commonComp" textAlign="center" fontSize="12" fontFamily="微软雅黑" width="62" height="17" deviceID="" text="嗨GO" borderColor="0xffffff" source="assets/comp/TEXTINPUT/label.png" fontWeight="normal" widthInChars="4" contentBackgroundAlpha="0" borderVisible="false" x="459" y="654" param="" color="255" sizeAuto="false"/>
    <TEXT contentBackgroundColor="16777215" group="commonComp" textAlign="center" fontSize="12" fontFamily="微软雅黑" width="62" height="17" deviceID="" text="TT美甲" borderColor="0xffffff" source="assets/comp/TEXTINPUT/label.png" fontWeight="normal" widthInChars="4" contentBackgroundAlpha="0" borderVisible="false" x="463" y="668" param="" color="255" sizeAuto="false"/>
    <TEXT contentBackgroundColor="16777215" group="commonComp" textAlign="center" fontSize="12" fontFamily="微软雅黑" width="62" height="17" deviceID="" text="熊古屋" borderColor="0xffffff" source="assets/comp/TEXTINPUT/label.png" fontWeight="normal" widthInChars="4" contentBackgroundAlpha="0" borderVisible="false" x="463" y="682" param="" color="255" sizeAuto="false"/>
    <TEXT contentBackgroundColor="16777215" group="commonComp" textAlign="center" fontSize="12" fontFamily="微软雅黑" width="62" height="17" deviceID="" text="贝迪堡" borderColor="0xffffff" source="assets/comp/TEXTINPUT/label.png" fontWeight="normal" widthInChars="4" contentBackgroundAlpha="0" borderVisible="false" x="462" y="696" param="" color="255" sizeAuto="false"/>
    <TEXT contentBackgroundColor="16777215" group="commonComp" textAlign="center" fontSize="12" fontFamily="微软雅黑" width="62" height="17" deviceID="" text="冰雪润动" borderColor="0xffffff" source="assets/comp/TEXTINPUT/label.png" fontWeight="normal" widthInChars="4" contentBackgroundAlpha="0" borderVisible="false" x="694" y="483" param="" color="255" sizeAuto="false"/>
    <TEXT contentBackgroundColor="16777215" group="commonComp" textAlign="center" fontSize="12" fontFamily="微软雅黑" width="62" height="17" deviceID="" text="嗨GO" borderColor="0xffffff" source="assets/comp/TEXTINPUT/label.png" fontWeight="normal" widthInChars="4" contentBackgroundAlpha="0" borderVisible="false" x="685" y="467" param="" color="255" sizeAuto="false"/>
    <TEXT contentBackgroundColor="16777215" group="commonComp" textAlign="center" fontSize="12" fontFamily="微软雅黑" width="62" height="17" deviceID="" text="2001-2" borderColor="0xffffff" source="assets/comp/TEXTINPUT/label.png" fontWeight="normal" widthInChars="4" contentBackgroundAlpha="0" borderVisible="false" x="596" y="639" param="" color="255" sizeAuto="false"/>
    <TEXT contentBackgroundColor="16777215" group="commonComp" textAlign="center" fontSize="12" fontFamily="微软雅黑" width="62" height="17" deviceID="" text="2005" borderColor="0xffffff" source="assets/comp/TEXTINPUT/label.png" fontWeight="normal" widthInChars="4" contentBackgroundAlpha="0" borderVisible="false" x="590" y="669" param="" color="255" sizeAuto="false"/>
    <TEXT contentBackgroundColor="16777215" group="commonComp" textAlign="center" fontSize="12" fontFamily="微软雅黑" width="62" height="17" deviceID="" text="2007" borderColor="0xffffff" source="assets/comp/TEXTINPUT/label.png" fontWeight="normal" widthInChars="4" contentBackgroundAlpha="0" borderVisible="false" x="590" y="697" param="" color="255" sizeAuto="false"/>
    <TEXT contentBackgroundColor="16777215" group="commonComp" textAlign="center" fontSize="12" fontFamily="微软雅黑" width="62" height="17" deviceID="" text="2004" borderColor="0xffffff" source="assets/comp/TEXTINPUT/label.png" fontWeight="normal" widthInChars="4" contentBackgroundAlpha="0" borderVisible="false" x="590" y="655" param="" color="255" sizeAuto="false"/>
    <TEXT contentBackgroundColor="16777215" group="commonComp" textAlign="center" fontSize="12" fontFamily="微软雅黑" width="62" height="17" deviceID="" text="2008" borderColor="0xffffff" source="assets/comp/TEXTINPUT/label.png" fontWeight="normal" widthInChars="4" contentBackgroundAlpha="0" borderVisible="false" x="779" y="466" param="" color="255" sizeAuto="false"/>
    <TEXT contentBackgroundColor="16777215" group="commonComp" textAlign="center" fontSize="12" fontFamily="微软雅黑" width="62" height="17" deviceID="" text="2009" borderColor="0xffffff" source="assets/comp/TEXTINPUT/label.png" fontWeight="normal" widthInChars="4" contentBackgroundAlpha="0" borderVisible="false" x="780" y="483" param="" color="255" sizeAuto="false"/>
    <TEXT contentBackgroundColor="16777215" group="commonComp" textAlign="center" fontSize="12" fontFamily="微软雅黑" width="62" height="17" deviceID="" text="必胜客" borderColor="0xffffff" source="assets/comp/TEXTINPUT/label.png" fontWeight="normal" widthInChars="4" contentBackgroundAlpha="0" borderVisible="false" x="688" y="501" param="" color="13382400" sizeAuto="false"/>
    <TEXT contentBackgroundColor="16777215" group="commonComp" textAlign="center" fontSize="12" fontFamily="微软雅黑" width="62" height="17" deviceID="" text="天语雅阁" borderColor="0xffffff" source="assets/comp/TEXTINPUT/label.png" fontWeight="normal" widthInChars="4" contentBackgroundAlpha="0" borderVisible="false" x="693" y="516" param="" color="13382400" sizeAuto="false"/>
    <TEXT contentBackgroundColor="16777215" group="commonComp" textAlign="center" fontSize="12" fontFamily="微软雅黑" width="62" height="17" deviceID="" text="2001-1" borderColor="0xffffff" source="assets/comp/TEXTINPUT/label.png" fontWeight="normal" widthInChars="4" contentBackgroundAlpha="0" borderVisible="false" x="786" y="499" param="" color="13382400" sizeAuto="false"/>
    <TEXT contentBackgroundColor="16777215" group="commonComp" textAlign="center" fontSize="12" fontFamily="微软雅黑" width="62" height="17" deviceID="" text="2044" borderColor="0xffffff" source="assets/comp/TEXTINPUT/label.png" fontWeight="normal" widthInChars="4" contentBackgroundAlpha="0" borderVisible="false" x="780" y="516" param="" color="13382400" sizeAuto="false"/>
    <TEXT contentBackgroundColor="16777215" group="commonComp" textAlign="center" fontSize="12" fontFamily="微软雅黑" width="62" height="17" deviceID="" text="2007" borderColor="0xffffff" source="assets/comp/TEXTINPUT/label.png" fontWeight="normal" widthInChars="4" contentBackgroundAlpha="0" borderVisible="false" x="86" y="515" param="" color="255" sizeAuto="false"/>
    <TEXT contentBackgroundColor="16777215" group="commonComp" textAlign="center" fontSize="12" fontFamily="微软雅黑" width="62" height="17" deviceID="" text="2008" borderColor="0xffffff" source="assets/comp/TEXTINPUT/label.png" fontWeight="normal" widthInChars="4" contentBackgroundAlpha="0" borderVisible="false" x="174" y="435" param="" color="255" sizeAuto="false"/>
    <TEXT contentBackgroundColor="16777215" group="commonComp" textAlign="center" fontSize="12" fontFamily="微软雅黑" width="62" height="17" deviceID="" text="2009" borderColor="0xffffff" source="assets/comp/TEXTINPUT/label.png" fontWeight="normal" widthInChars="4" contentBackgroundAlpha="0" borderVisible="false" x="219" y="409" param="" color="255" sizeAuto="false"/>
    <TEXT contentBackgroundColor="16777215" group="commonComp" textAlign="center" fontSize="12" fontFamily="微软雅黑" width="62" height="17" deviceID="" text="2006" borderColor="0xffffff" source="assets/comp/TEXTINPUT/label.png" fontWeight="normal" widthInChars="4" contentBackgroundAlpha="0" borderVisible="false" x="590" y="684" param="" color="255" sizeAuto="false"/>
    <TEXT contentBackgroundColor="16777215" group="commonComp" textAlign="center" fontSize="12" fontFamily="微软雅黑" width="50" height="17" deviceID="" text="2010" borderColor="0xffffff" source="assets/comp/TEXTINPUT/label.png" fontWeight="normal" widthInChars="4" contentBackgroundAlpha="0" borderVisible="false" x="255" y="355" param="" color="39168" sizeAuto="false"/>
    <TEXT contentBackgroundColor="16777215" group="commonComp" textAlign="center" fontSize="12" fontFamily="微软雅黑" width="50" height="17" deviceID="" text="2011" borderColor="0xffffff" source="assets/comp/TEXTINPUT/label.png" fontWeight="normal" widthInChars="4" contentBackgroundAlpha="0" borderVisible="false" x="343" y="336" param="" color="39168" sizeAuto="false"/>
    <TEXT contentBackgroundColor="16777215" group="commonComp" textAlign="center" fontSize="12" fontFamily="微软雅黑" width="50" height="17" deviceID="" text="2012" borderColor="0xffffff" source="assets/comp/TEXTINPUT/label.png" fontWeight="normal" widthInChars="4" contentBackgroundAlpha="0" borderVisible="false" x="373" y="322" param="" color="39168" sizeAuto="false"/>
    <TEXT contentBackgroundColor="16777215" group="commonComp" textAlign="center" fontSize="12" fontFamily="微软雅黑" width="50" height="17" deviceID="" text="2013" borderColor="0xffffff" source="assets/comp/TEXTINPUT/label.png" fontWeight="normal" widthInChars="4" contentBackgroundAlpha="0" borderVisible="false" x="404" y="335" param="" color="39168" sizeAuto="false"/>
    <TEXT contentBackgroundColor="16777215" group="commonComp" textAlign="center" fontSize="12" fontFamily="微软雅黑" width="50" height="17" deviceID="" text="2014" borderColor="0xffffff" source="assets/comp/TEXTINPUT/label.png" fontWeight="normal" widthInChars="4" contentBackgroundAlpha="0" borderVisible="false" x="434" y="322" param="" color="39168" sizeAuto="false"/>
    <TEXT contentBackgroundColor="16777215" group="commonComp" textAlign="center" fontSize="12" fontFamily="微软雅黑" width="50" height="17" deviceID="" text="2015" borderColor="0xffffff" source="assets/comp/TEXTINPUT/label.png" fontWeight="normal" widthInChars="4" contentBackgroundAlpha="0" borderVisible="false" x="463" y="334" param="" color="39168" sizeAuto="false"/>
    <TEXT contentBackgroundColor="16777215" group="commonComp" textAlign="center" fontSize="12" fontFamily="微软雅黑" width="50" height="17" deviceID="" text="2016" borderColor="0xffffff" source="assets/comp/TEXTINPUT/label.png" fontWeight="normal" widthInChars="4" contentBackgroundAlpha="0" borderVisible="false" x="494" y="322" param="" color="39168" sizeAuto="false"/>
    <TEXT contentBackgroundColor="16777215" group="commonComp" textAlign="center" fontSize="12" fontFamily="微软雅黑" width="50" height="17" deviceID="" text="2017" borderColor="0xffffff" source="assets/comp/TEXTINPUT/label.png" fontWeight="normal" widthInChars="4" contentBackgroundAlpha="0" borderVisible="false" x="551" y="335" param="" color="39168" sizeAuto="false"/>
    <TEXT contentBackgroundColor="16777215" group="commonComp" textAlign="center" fontSize="12" fontFamily="微软雅黑" width="50" height="17" deviceID="" text="2018" borderColor="0xffffff" source="assets/comp/TEXTINPUT/label.png" fontWeight="normal" widthInChars="4" contentBackgroundAlpha="0" borderVisible="false" x="584" y="348" param="" color="39168" sizeAuto="false"/>
    <TEXT contentBackgroundColor="16777215" group="commonComp" textAlign="center" fontSize="12" fontFamily="微软雅黑" width="50" height="17" deviceID="" text="2019" borderColor="0xffffff" source="assets/comp/TEXTINPUT/label.png" fontWeight="normal" widthInChars="4" contentBackgroundAlpha="0" borderVisible="false" x="615" y="328" param="" color="13369497" sizeAuto="false"/>
    <TEXT contentBackgroundColor="16777215" group="commonComp" textAlign="center" fontSize="12" fontFamily="微软雅黑" width="50" height="17" deviceID="" text="2020" borderColor="0xffffff" source="assets/comp/TEXTINPUT/label.png" fontWeight="normal" widthInChars="4" contentBackgroundAlpha="0" borderVisible="false" x="645" y="350" param="" color="39168" sizeAuto="false"/>
    <TEXT contentBackgroundColor="16777215" group="commonComp" textAlign="center" fontSize="12" fontFamily="微软雅黑" width="50" height="17" deviceID="" text="2021-1" borderColor="0xffffff" source="assets/comp/TEXTINPUT/label.png" fontWeight="normal" widthInChars="4" contentBackgroundAlpha="0" borderVisible="false" x="683" y="351" param="" color="13369497" sizeAuto="false"/>
    <TEXT contentBackgroundColor="16777215" group="commonComp" textAlign="center" fontSize="12" fontFamily="微软雅黑" width="50" height="17" deviceID="" text="2021-2" borderColor="0xffffff" source="assets/comp/TEXTINPUT/label.png" fontWeight="normal" widthInChars="4" contentBackgroundAlpha="0" borderVisible="false" x="685" y="331" param="" color="13369497" sizeAuto="false"/>
    <TEXT contentBackgroundColor="16777215" group="commonComp" textAlign="center" fontSize="12" fontFamily="微软雅黑" width="50" height="17" deviceID="" text="2022" borderColor="0xffffff" source="assets/comp/TEXTINPUT/label.png" fontWeight="normal" widthInChars="4" contentBackgroundAlpha="0" borderVisible="false" x="732" y="329" param="" color="39168" sizeAuto="false"/>
    <TEXT contentBackgroundColor="16777215" group="commonComp" textAlign="center" fontSize="12" fontFamily="微软雅黑" width="50" height="17" deviceID="" text="2023" borderColor="0xffffff" source="assets/comp/TEXTINPUT/label.png" fontWeight="normal" widthInChars="4" contentBackgroundAlpha="0" borderVisible="false" x="757" y="340" param="" color="39168" sizeAuto="false"/>
    <TEXT contentBackgroundColor="16777215" group="commonComp" textAlign="center" fontSize="12" fontFamily="微软雅黑" width="50" height="17" deviceID="" text="2024" borderColor="0xffffff" source="assets/comp/TEXTINPUT/label.png" fontWeight="normal" widthInChars="4" contentBackgroundAlpha="0" borderVisible="false" x="781" y="325" param="" color="39168" sizeAuto="false"/>
    <TEXT contentBackgroundColor="16777215" group="commonComp" textAlign="center" fontSize="12" fontFamily="微软雅黑" width="50" height="17" deviceID="" text="2025" borderColor="0xffffff" source="assets/comp/TEXTINPUT/label.png" fontWeight="normal" widthInChars="4" contentBackgroundAlpha="0" borderVisible="false" x="810" y="339" param="" color="39168" sizeAuto="false"/>
    <TEXT contentBackgroundColor="16777215" group="commonComp" textAlign="center" fontSize="12" fontFamily="微软雅黑" width="50" height="17" deviceID="" text="2026" borderColor="0xffffff" source="assets/comp/TEXTINPUT/label.png" fontWeight="normal" widthInChars="4" contentBackgroundAlpha="0" borderVisible="false" x="857" y="340" param="" color="39168" sizeAuto="false"/>
    <TEXT contentBackgroundColor="16777215" group="commonComp" textAlign="center" fontSize="12" fontFamily="微软雅黑" width="26" height="17" deviceID="" text="2027" borderColor="0xffffff" source="assets/comp/TEXTINPUT/label.png" fontWeight="normal" widthInChars="4" contentBackgroundAlpha="0" borderVisible="false" x="1058" y="295" param="" color="13408512" sizeAuto="true"/>
    <TEXT contentBackgroundColor="16777215" group="commonComp" textAlign="center" fontSize="12" fontFamily="微软雅黑" width="50" height="17" deviceID="" text="2028" borderColor="0xffffff" source="assets/comp/TEXTINPUT/label.png" fontWeight="normal" widthInChars="4" contentBackgroundAlpha="0" borderVisible="false" x="946" y="224" param="" color="13369497" sizeAuto="false"/>
    <TEXT contentBackgroundColor="16777215" group="commonComp" textAlign="center" fontSize="12" fontFamily="微软雅黑" width="50" height="17" deviceID="" text="2029" borderColor="0xffffff" source="assets/comp/TEXTINPUT/label.png" fontWeight="normal" widthInChars="4" contentBackgroundAlpha="0" borderVisible="false" x="904" y="220" param="" color="13369497" sizeAuto="false"/>
    <TEXT contentBackgroundColor="16777215" group="commonComp" textAlign="center" fontSize="12" fontFamily="微软雅黑" width="50" height="17" deviceID="" text="2030" borderColor="0xffffff" source="assets/comp/TEXTINPUT/label.png" fontWeight="normal" widthInChars="4" contentBackgroundAlpha="0" borderVisible="false" x="900" y="189" param="" color="39168" sizeAuto="false"/>
    <TEXT contentBackgroundColor="16777215" group="commonComp" textAlign="center" fontSize="12" fontFamily="微软雅黑" width="50" height="17" deviceID="" text="2031" borderColor="0xffffff" source="assets/comp/TEXTINPUT/label.png" fontWeight="normal" widthInChars="4" contentBackgroundAlpha="0" borderVisible="false" x="814" y="219" param="" color="13369497" sizeAuto="false"/>
    <TEXT contentBackgroundColor="16777215" group="commonComp" textAlign="center" fontSize="12" fontFamily="微软雅黑" width="50" height="17" deviceID="" text="2032" borderColor="0xffffff" source="assets/comp/TEXTINPUT/label.png" fontWeight="normal" widthInChars="4" contentBackgroundAlpha="0" borderVisible="false" x="819" y="189" param="" color="13369497" sizeAuto="false"/>
    <TEXT contentBackgroundColor="16777215" group="commonComp" textAlign="center" fontSize="12" fontFamily="微软雅黑" width="50" height="17" deviceID="" text="2033" borderColor="0xffffff" source="assets/comp/TEXTINPUT/label.png" fontWeight="normal" widthInChars="4" contentBackgroundAlpha="0" borderVisible="false" x="765" y="220" param="" color="39168" sizeAuto="false"/>
    <TEXT contentBackgroundColor="16777215" group="commonComp" textAlign="center" fontSize="12" fontFamily="微软雅黑" width="50" height="17" deviceID="" text="2034" borderColor="0xffffff" source="assets/comp/TEXTINPUT/label.png" fontWeight="normal" widthInChars="4" contentBackgroundAlpha="0" borderVisible="false" x="730" y="222" param="" color="13369497" sizeAuto="false"/>
    <TEXT contentBackgroundColor="16777215" group="commonComp" textAlign="center" fontSize="12" fontFamily="微软雅黑" width="50" height="17" deviceID="" text="2035" borderColor="0xffffff" source="assets/comp/TEXTINPUT/label.png" fontWeight="normal" widthInChars="4" contentBackgroundAlpha="0" borderVisible="false" x="689" y="185" param="" color="39168" sizeAuto="false"/>
    <TEXT contentBackgroundColor="16777215" group="commonComp" textAlign="center" fontSize="12" fontFamily="微软雅黑" width="50" height="17" deviceID="" text="2036" borderColor="0xffffff" source="assets/comp/TEXTINPUT/label.png" fontWeight="normal" widthInChars="4" contentBackgroundAlpha="0" borderVisible="false" x="584" y="225" param="" color="13369497" sizeAuto="false"/>
    <TEXT contentBackgroundColor="16777215" group="commonComp" textAlign="center" fontSize="12" fontFamily="微软雅黑" width="50" height="17" deviceID="" text="2037" borderColor="0xffffff" source="assets/comp/TEXTINPUT/label.png" fontWeight="normal" widthInChars="4" contentBackgroundAlpha="0" borderVisible="false" x="554" y="210" param="" color="39168" sizeAuto="false"/>
    <TEXT contentBackgroundColor="16777215" group="commonComp" textAlign="center" fontSize="12" fontFamily="微软雅黑" width="26" height="17" deviceID="" text="2038" borderColor="0xffffff" source="assets/comp/TEXTINPUT/label.png" fontWeight="normal" widthInChars="4" contentBackgroundAlpha="0" borderVisible="false" x="497" y="202" param="" color="13408512" sizeAuto="true"/>
    <TEXT contentBackgroundColor="16777215" group="commonComp" textAlign="center" fontSize="12" fontFamily="微软雅黑" width="26" height="17" deviceID="" text="2039" borderColor="0xffffff" source="assets/comp/TEXTINPUT/label.png" fontWeight="normal" widthInChars="4" contentBackgroundAlpha="0" borderVisible="false" x="496" y="178" param="" color="13408512" sizeAuto="true"/>
    <TEXT contentBackgroundColor="16777215" group="commonComp" textAlign="center" fontSize="12" fontFamily="微软雅黑" width="50" height="17" deviceID="" text="2040" borderColor="0xffffff" source="assets/comp/TEXTINPUT/label.png" fontWeight="normal" widthInChars="4" contentBackgroundAlpha="0" borderVisible="false" x="408" y="221" param="" color="39168" sizeAuto="false"/>
    <TEXT contentBackgroundColor="16777215" group="commonComp" textAlign="center" fontSize="12" fontFamily="微软雅黑" width="50" height="17" deviceID="" text="2041" borderColor="0xffffff" source="assets/comp/TEXTINPUT/label.png" fontWeight="normal" widthInChars="4" contentBackgroundAlpha="0" borderVisible="false" x="374" y="220" param="" color="13369497" sizeAuto="false"/>
    <TEXT contentBackgroundColor="16777215" group="commonComp" textAlign="center" fontSize="12" fontFamily="微软雅黑" width="38" height="17" deviceID="" text="2042-1" borderColor="0xffffff" source="assets/comp/TEXTINPUT/label.png" fontWeight="normal" widthInChars="4" contentBackgroundAlpha="0" borderVisible="false" x="275" y="213" param="" color="13408512" sizeAuto="false"/>
    <TEXT contentBackgroundColor="16777215" group="commonComp" textAlign="center" fontSize="12" fontFamily="微软雅黑" width="41" height="17" deviceID="" text="2042-2" borderColor="0xffffff" source="assets/comp/TEXTINPUT/label.png" fontWeight="normal" widthInChars="4" contentBackgroundAlpha="0" borderVisible="false" x="272" y="187" param="" color="13408512" sizeAuto="false"/>
    <TEXT contentBackgroundColor="16777215" group="commonComp" textAlign="center" fontSize="12" fontFamily="微软雅黑" width="50" height="17" deviceID="" text="2043" borderColor="0xffffff" source="assets/comp/TEXTINPUT/label.png" fontWeight="normal" widthInChars="4" contentBackgroundAlpha="0" borderVisible="false" x="161" y="232" param="" color="39168" sizeAuto="false"/>
    <TEXT contentBackgroundColor="16777215" group="commonComp" textAlign="center" fontSize="12" fontFamily="微软雅黑" width="62" height="17" deviceID="" text="2044" borderColor="0xffffff" source="assets/comp/TEXTINPUT/label.png" fontWeight="normal" widthInChars="4" contentBackgroundAlpha="0" borderVisible="false" x="111" y="192" param="" color="13382400" sizeAuto="false"/>
    <TEXT contentBackgroundColor="16777215" group="commonComp" textAlign="center" fontSize="12" fontFamily="微软雅黑" width="62" height="17" deviceID="" text="2006" borderColor="0xffffff" source="assets/comp/TEXTINPUT/label.png" fontWeight="normal" widthInChars="4" contentBackgroundAlpha="0" borderVisible="false" x="9" y="472" param="" color="255" sizeAuto="false"/>
    <TEXT contentBackgroundColor="16777215" group="commonComp" textAlign="center" fontSize="12" fontFamily="微软雅黑" width="62" height="17" deviceID="" text="2005" borderColor="0xffffff" source="assets/comp/TEXTINPUT/label.png" fontWeight="normal" widthInChars="4" contentBackgroundAlpha="0" borderVisible="false" x="39" y="440" param="" color="255" sizeAuto="false"/>
    <TEXT contentBackgroundColor="16777215" group="commonComp" textAlign="center" fontSize="12" fontFamily="微软雅黑" width="62" height="17" deviceID="" text="2004" borderColor="0xffffff" source="assets/comp/TEXTINPUT/label.png" fontWeight="normal" widthInChars="4" contentBackgroundAlpha="0" borderVisible="false" x="70" y="403" param="" color="255" sizeAuto="false"/>
    <TEXT contentBackgroundColor="16777215" group="commonComp" textAlign="center" fontSize="12" fontFamily="微软雅黑" width="50" height="17" deviceID="" text="2003" borderColor="0xffffff" source="assets/comp/TEXTINPUT/label.png" fontWeight="normal" widthInChars="4" contentBackgroundAlpha="0" borderVisible="false" x="106" y="371" param="" color="39168" sizeAuto="false"/>
    <TEXT contentBackgroundColor="16777215" group="commonComp" textAlign="center" fontSize="12" fontFamily="微软雅黑" width="50" height="17" deviceID="" text="2002" borderColor="0xffffff" source="assets/comp/TEXTINPUT/label.png" fontWeight="normal" widthInChars="4" contentBackgroundAlpha="0" borderVisible="false" x="110" y="333" param="" color="13369497" sizeAuto="false"/>
    <TEXT contentBackgroundColor="16777215" group="commonComp" textAlign="center" fontSize="12" fontFamily="微软雅黑" width="62" height="17" deviceID="" text="2001-1" borderColor="0xffffff" source="assets/comp/TEXTINPUT/label.png" fontWeight="normal" widthInChars="4" contentBackgroundAlpha="0" borderVisible="false" x="31" y="261" param="" color="13382400" sizeAuto="false"/>
    <TEXT contentBackgroundColor="16777215" group="commonComp" textAlign="center" fontSize="12" fontFamily="微软雅黑" width="62" height="17" deviceID="" text="2001-2" borderColor="0xffffff" source="assets/comp/TEXTINPUT/label.png" fontWeight="normal" widthInChars="4" contentBackgroundAlpha="0" borderVisible="false" x="66" y="301" param="" color="255" sizeAuto="false"/>
  </Components>
</Configration>