<?xml version="1.0" encoding="utf-8"?>
<Configration Width="1437" Height="717">
  <LIST>
    <Component>
      <MJ/>
    </Component>
    <Image>
      <F2NODE source="mapAssets/mapImages/F2Node.png" group="map"/>
      <TULI source="assets/comp/TULI/TULI.png"/>
      <LCF2 source="assets/comp/LCF2.png"/>
      <MJN source="assets/comp/TULI/MJN.png"/>
      <MJA source="assets/comp/TULI/MJA.png"/>
      <MJOPEN source="assets/comp/MJOPEN.png"/>
    </Image>
  </LIST>
  <Components>
    <F2NODE x="3" y="-1" height="714" source="mapAssets/mapImages/F2Node.png" width="1434" group="map"/>
    <TULI x="1201" y="580" height="124" source="assets/comp/TULI/TULI.png" width="225" group="tuli"/>
    <LCF2 x="10" y="10" height="92" source="assets/comp/LCF2.png" width="110" group="bg"/>
    <MJ deviceID="1390019" source="assets/comp/MJ/bg.png" deviceName="MJ-2C-S01" scaleY="0.4" y="157" scaleX="0.4" x="561" width="80" group="deviceComp" height="80" mark="MJ"/>
    <TEXT group="commonComp" textAlign="center" fontSize="12" contentBackgroundColor="16777215" fontFamily="微软雅黑" width="23" height="17" deviceID="" text="LT5" borderColor="0xffffff" source="assets/comp/TEXTINPUT/label.png" fontWeight="normal" widthInChars="4" contentBackgroundAlpha="1" borderVisible="false" y="138" param="" x="563" color="255" sizeAuto="true"/>
    <MJN source="assets/comp/TULI/MJN.png" scaleY="0.5" x="1236" y="635" scaleX="0.5" width="80" group="tuli" height="80"/>
    <MJA source="assets/comp/TULI/MJA.png" scaleY="0.5" x="1351" y="635" scaleX="0.5" width="80" group="tuli" height="80"/>
    <TEXT width="32" height="19" text="关门" borderColor="0xffffff" source="assets/comp/TEXTINPUT/label.png" fontSize="14" fontWeight="normal" widthInChars="4" contentBackgroundAlpha="0" y="610" borderVisible="false" color="0x444444" param="" fontFamily="微软雅黑" x="1239" textAlign="center" group="commonComp" deviceID="" sizeAuto="true"/>
    <TEXT width="32" height="19" text="报警" borderColor="0xffffff" source="assets/comp/TEXTINPUT/label.png" fontSize="14" fontWeight="normal" widthInChars="4" contentBackgroundAlpha="0" y="610" borderVisible="false" color="0x444444" param="" fontFamily="微软雅黑" x="1354" textAlign="center" group="commonComp" deviceID="" sizeAuto="true"/>
    <TEXT width="32" height="19" text="开门" borderColor="0xffffff" source="assets/comp/TEXTINPUT/label.png" fontSize="14" fontWeight="normal" widthInChars="4" contentBackgroundAlpha="0" y="610" borderVisible="false" color="0x444444" param="" fontFamily="微软雅黑" x="1297" textAlign="center" group="commonComp" deviceID="" sizeAuto="true"/>
    <MJOPEN source="assets/comp/MJOPEN.png" scaleY="0.5" x="1292" y="635" scaleX="0.5" width="80" group="bg" height="80"/>
    <TEXT group="commonComp" textAlign="center" fontSize="12" contentBackgroundColor="16777215" fontFamily="微软雅黑" width="41" height="17" deviceID="" text="大统华" borderColor="0xffffff" source="assets/comp/TEXTINPUT/label.png" fontWeight="normal" widthInChars="4" contentBackgroundAlpha="0" borderVisible="false" y="577" param="" x="45" color="13408512" sizeAuto="true"/>
    <TEXT group="commonComp" textAlign="center" fontSize="12" contentBackgroundColor="16777215" fontFamily="微软雅黑" width="56" height="17" deviceID="" text="UlifeStyle" borderColor="0xffffff" source="assets/comp/TEXTINPUT/label.png" fontWeight="normal" widthInChars="4" contentBackgroundAlpha="0" borderVisible="false" y="591" param="" x="45" color="13408512" sizeAuto="true"/>
    <TEXT group="commonComp" textAlign="center" fontSize="12" contentBackgroundColor="16777215" fontFamily="微软雅黑" width="47" height="17" deviceID="" text="TC town" borderColor="0xffffff" source="assets/comp/TEXTINPUT/label.png" fontWeight="normal" widthInChars="4" contentBackgroundAlpha="0" borderVisible="false" y="621" param="" x="47" color="13408512" sizeAuto="true"/>
    <TEXT group="commonComp" textAlign="center" fontSize="12" contentBackgroundColor="16777215" fontFamily="微软雅黑" width="56" height="17" deviceID="" text="UlifeStyle" borderColor="0xffffff" source="assets/comp/TEXTINPUT/label.png" fontWeight="normal" widthInChars="4" contentBackgroundAlpha="0" borderVisible="false" y="606" param="" x="45" color="13408512" sizeAuto="true"/>
    <TEXT group="commonComp" textAlign="center" fontSize="12" contentBackgroundColor="16777215" fontFamily="微软雅黑" width="47" height="17" deviceID="" text="TC town" borderColor="0xffffff" source="assets/comp/TEXTINPUT/label.png" fontWeight="normal" widthInChars="4" contentBackgroundAlpha="0" borderVisible="false" y="635" param="" x="47" color="13408512" sizeAuto="true"/>
    <TEXT group="commonComp" textAlign="center" fontSize="12" contentBackgroundColor="16777215" fontFamily="微软雅黑" width="26" height="17" deviceID="" text="2027" borderColor="0xffffff" source="assets/comp/TEXTINPUT/label.png" fontWeight="normal" widthInChars="4" contentBackgroundAlpha="0" borderVisible="false" y="577" param="" x="130" color="13408512" sizeAuto="true"/>
    <TEXT group="commonComp" textAlign="center" fontSize="12" contentBackgroundColor="16777215" fontFamily="微软雅黑" width="26" height="17" deviceID="" text="2038" borderColor="0xffffff" source="assets/comp/TEXTINPUT/label.png" fontWeight="normal" widthInChars="4" contentBackgroundAlpha="0" borderVisible="false" y="591" param="" x="130" color="13408512" sizeAuto="true"/>
    <TEXT group="commonComp" textAlign="center" fontSize="12" contentBackgroundColor="16777215" fontFamily="微软雅黑" width="26" height="17" deviceID="" text="2039" borderColor="0xffffff" source="assets/comp/TEXTINPUT/label.png" fontWeight="normal" widthInChars="4" contentBackgroundAlpha="0" borderVisible="false" y="606" param="" x="130" color="13408512" sizeAuto="true"/>
    <TEXT group="commonComp" textAlign="center" fontSize="12" contentBackgroundColor="16777215" fontFamily="微软雅黑" width="38" height="17" deviceID="" text="2042-1" borderColor="0xffffff" source="assets/comp/TEXTINPUT/label.png" fontWeight="normal" widthInChars="4" contentBackgroundAlpha="0" borderVisible="false" y="621" param="" x="130" color="13408512" sizeAuto="false"/>
    <TEXT group="commonComp" textAlign="center" fontSize="12" contentBackgroundColor="16777215" fontFamily="微软雅黑" width="41" height="17" deviceID="" text="2042-2" borderColor="0xffffff" source="assets/comp/TEXTINPUT/label.png" fontWeight="normal" widthInChars="4" contentBackgroundAlpha="0" borderVisible="false" y="636" param="" x="129" color="13408512" sizeAuto="false"/>
    <TEXT group="commonComp" textAlign="center" fontSize="12" contentBackgroundColor="16777215" fontFamily="微软雅黑" width="50" height="17" deviceID="" text="Maya‘s" borderColor="0xffffff" source="assets/comp/TEXTINPUT/label.png" fontWeight="normal" widthInChars="4" contentBackgroundAlpha="0" borderVisible="false" y="649" param="" x="48" color="39168" sizeAuto="false"/>
    <TEXT group="commonComp" textAlign="center" fontSize="12" contentBackgroundColor="16777215" fontFamily="微软雅黑" width="54" height="17" deviceID="" text="邻家女孩" borderColor="0xffffff" source="assets/comp/TEXTINPUT/label.png" fontWeight="normal" widthInChars="4" contentBackgroundAlpha="0" borderVisible="false" y="678" param="" x="45" color="39168" sizeAuto="true"/>
    <TEXT group="commonComp" textAlign="center" fontSize="12" contentBackgroundColor="16777215" fontFamily="微软雅黑" width="54" height="17" deviceID="" text="大形无样" borderColor="0xffffff" source="assets/comp/TEXTINPUT/label.png" fontWeight="normal" widthInChars="4" contentBackgroundAlpha="0" borderVisible="false" y="664" param="" x="45" color="39168" sizeAuto="true"/>
    <TEXT group="commonComp" textAlign="center" fontSize="12" contentBackgroundColor="16777215" fontFamily="微软雅黑" width="54" height="17" deviceID="" text="翡翠无恙" borderColor="0xffffff" source="assets/comp/TEXTINPUT/label.png" fontWeight="normal" widthInChars="4" contentBackgroundAlpha="0" borderVisible="false" y="693" param="" x="46" color="39168" sizeAuto="true"/>
    <TEXT group="commonComp" textAlign="center" fontSize="12" contentBackgroundColor="16777215" fontFamily="微软雅黑" width="50" height="17" deviceID="" text="2003" borderColor="0xffffff" source="assets/comp/TEXTINPUT/label.png" fontWeight="normal" widthInChars="4" contentBackgroundAlpha="0" borderVisible="false" y="651" param="" x="118" color="39168" sizeAuto="false"/>
    <TEXT group="commonComp" textAlign="center" fontSize="12" contentBackgroundColor="16777215" fontFamily="微软雅黑" width="50" height="17" deviceID="" text="2010" borderColor="0xffffff" source="assets/comp/TEXTINPUT/label.png" fontWeight="normal" widthInChars="4" contentBackgroundAlpha="0" borderVisible="false" y="666" param="" x="118" color="39168" sizeAuto="false"/>
    <TEXT group="commonComp" textAlign="center" fontSize="12" contentBackgroundColor="16777215" fontFamily="微软雅黑" width="50" height="17" deviceID="" text="2011" borderColor="0xffffff" source="assets/comp/TEXTINPUT/label.png" fontWeight="normal" widthInChars="4" contentBackgroundAlpha="0" borderVisible="false" y="679" param="" x="118" color="39168" sizeAuto="false"/>
    <TEXT group="commonComp" textAlign="center" fontSize="12" contentBackgroundColor="16777215" fontFamily="微软雅黑" width="50" height="17" deviceID="" text="2012" borderColor="0xffffff" source="assets/comp/TEXTINPUT/label.png" fontWeight="normal" widthInChars="4" contentBackgroundAlpha="0" borderVisible="false" y="694" param="" x="118" color="39168" sizeAuto="false"/>
    <TEXT group="commonComp" textAlign="center" fontSize="12" contentBackgroundColor="16777215" fontFamily="微软雅黑" width="50" height="17" deviceID="" text="红豆男装" borderColor="0xffffff" source="assets/comp/TEXTINPUT/label.png" fontWeight="normal" widthInChars="4" contentBackgroundAlpha="0" borderVisible="false" y="580" param="" x="192" color="39168" sizeAuto="false"/>
    <TEXT group="commonComp" textAlign="center" fontSize="12" contentBackgroundColor="16777215" fontFamily="微软雅黑" width="50" height="17" deviceID="" text="2013" borderColor="0xffffff" source="assets/comp/TEXTINPUT/label.png" fontWeight="normal" widthInChars="4" contentBackgroundAlpha="0" borderVisible="false" y="577" param="" x="265" color="39168" sizeAuto="false"/>
    <TEXT group="commonComp" textAlign="center" fontSize="12" contentBackgroundColor="16777215" fontFamily="微软雅黑" width="50" height="17" deviceID="" text="利郎" borderColor="0xffffff" source="assets/comp/TEXTINPUT/label.png" fontWeight="normal" widthInChars="4" contentBackgroundAlpha="0" borderVisible="false" y="592" param="" x="181" color="39168" sizeAuto="false"/>
    <TEXT group="commonComp" textAlign="center" fontSize="12" contentBackgroundColor="16777215" fontFamily="微软雅黑" width="50" height="17" deviceID="" text="IRA" borderColor="0xffffff" source="assets/comp/TEXTINPUT/label.png" fontWeight="normal" widthInChars="4" contentBackgroundAlpha="0" borderVisible="false" y="607" param="" x="180" color="39168" sizeAuto="false"/>
    <TEXT group="commonComp" textAlign="center" fontSize="12" contentBackgroundColor="16777215" fontFamily="微软雅黑" width="50" height="17" deviceID="" text="贝纳川" borderColor="0xffffff" source="assets/comp/TEXTINPUT/label.png" fontWeight="normal" widthInChars="4" contentBackgroundAlpha="0" borderVisible="false" y="623" param="" x="187" color="39168" sizeAuto="false"/>
    <TEXT group="commonComp" textAlign="center" fontSize="12" contentBackgroundColor="16777215" fontFamily="微软雅黑" width="50" height="17" deviceID="" text="柒牌" borderColor="0xffffff" source="assets/comp/TEXTINPUT/label.png" fontWeight="normal" widthInChars="4" contentBackgroundAlpha="0" borderVisible="false" y="637" param="" x="182" color="39168" sizeAuto="false"/>
    <TEXT group="commonComp" textAlign="center" fontSize="12" contentBackgroundColor="16777215" fontFamily="微软雅黑" width="50" height="17" deviceID="" text="森林鸟" borderColor="0xffffff" source="assets/comp/TEXTINPUT/label.png" fontWeight="normal" widthInChars="4" contentBackgroundAlpha="0" borderVisible="false" y="651" param="" x="187" color="39168" sizeAuto="false"/>
    <TEXT group="commonComp" textAlign="center" fontSize="12" contentBackgroundColor="16777215" fontFamily="微软雅黑" width="50" height="17" deviceID="" text="娅茜女孩" borderColor="0xffffff" source="assets/comp/TEXTINPUT/label.png" fontWeight="normal" widthInChars="4" contentBackgroundAlpha="0" borderVisible="false" y="666" param="" x="194" color="39168" sizeAuto="false"/>
    <TEXT group="commonComp" textAlign="center" fontSize="12" contentBackgroundColor="16777215" fontFamily="微软雅黑" width="50" height="17" deviceID="" text="SeRina" borderColor="0xffffff" source="assets/comp/TEXTINPUT/label.png" fontWeight="normal" widthInChars="4" contentBackgroundAlpha="0" borderVisible="false" y="680" param="" x="188" color="39168" sizeAuto="false"/>
    <TEXT group="commonComp" textAlign="center" fontSize="12" contentBackgroundColor="16777215" fontFamily="微软雅黑" width="50" height="17" deviceID="" text="彩库" borderColor="0xffffff" source="assets/comp/TEXTINPUT/label.png" fontWeight="normal" widthInChars="4" contentBackgroundAlpha="0" borderVisible="false" y="695" param="" x="181" color="39168" sizeAuto="false"/>
    <TEXT group="commonComp" textAlign="center" fontSize="12" contentBackgroundColor="16777215" fontFamily="微软雅黑" width="50" height="17" deviceID="" text="2014" borderColor="0xffffff" source="assets/comp/TEXTINPUT/label.png" fontWeight="normal" widthInChars="4" contentBackgroundAlpha="0" borderVisible="false" y="594" param="" x="265" color="39168" sizeAuto="false"/>
    <TEXT group="commonComp" textAlign="center" fontSize="12" contentBackgroundColor="16777215" fontFamily="微软雅黑" width="50" height="17" deviceID="" text="2015" borderColor="0xffffff" source="assets/comp/TEXTINPUT/label.png" fontWeight="normal" widthInChars="4" contentBackgroundAlpha="0" borderVisible="false" y="609" param="" x="265" color="39168" sizeAuto="false"/>
    <TEXT group="commonComp" textAlign="center" fontSize="12" contentBackgroundColor="16777215" fontFamily="微软雅黑" width="50" height="17" deviceID="" text="2016" borderColor="0xffffff" source="assets/comp/TEXTINPUT/label.png" fontWeight="normal" widthInChars="4" contentBackgroundAlpha="0" borderVisible="false" y="623" param="" x="265" color="39168" sizeAuto="false"/>
    <TEXT group="commonComp" textAlign="center" fontSize="12" contentBackgroundColor="16777215" fontFamily="微软雅黑" width="50" height="17" deviceID="" text="2017" borderColor="0xffffff" source="assets/comp/TEXTINPUT/label.png" fontWeight="normal" widthInChars="4" contentBackgroundAlpha="0" borderVisible="false" y="638" param="" x="265" color="39168" sizeAuto="false"/>
    <TEXT group="commonComp" textAlign="center" fontSize="12" contentBackgroundColor="16777215" fontFamily="微软雅黑" width="50" height="17" deviceID="" text="2018" borderColor="0xffffff" source="assets/comp/TEXTINPUT/label.png" fontWeight="normal" widthInChars="4" contentBackgroundAlpha="0" borderVisible="false" y="651" param="" x="265" color="39168" sizeAuto="false"/>
    <TEXT group="commonComp" textAlign="center" fontSize="12" contentBackgroundColor="16777215" fontFamily="微软雅黑" width="50" height="17" deviceID="" text="2020" borderColor="0xffffff" source="assets/comp/TEXTINPUT/label.png" fontWeight="normal" widthInChars="4" contentBackgroundAlpha="0" borderVisible="false" y="666" param="" x="265" color="39168" sizeAuto="false"/>
    <TEXT group="commonComp" textAlign="center" fontSize="12" contentBackgroundColor="16777215" fontFamily="微软雅黑" width="50" height="17" deviceID="" text="2023" borderColor="0xffffff" source="assets/comp/TEXTINPUT/label.png" fontWeight="normal" widthInChars="4" contentBackgroundAlpha="0" borderVisible="false" y="695" param="" x="264" color="39168" sizeAuto="false"/>
    <TEXT group="commonComp" textAlign="center" fontSize="12" contentBackgroundColor="16777215" fontFamily="微软雅黑" width="50" height="17" deviceID="" text="2022" borderColor="0xffffff" source="assets/comp/TEXTINPUT/label.png" fontWeight="normal" widthInChars="4" contentBackgroundAlpha="0" borderVisible="false" y="681" param="" x="264" color="39168" sizeAuto="false"/>
    <TEXT group="commonComp" textAlign="center" fontSize="12" contentBackgroundColor="16777215" fontFamily="微软雅黑" width="50" height="17" deviceID="" text="依芮" borderColor="0xffffff" source="assets/comp/TEXTINPUT/label.png" fontWeight="normal" widthInChars="4" contentBackgroundAlpha="0" borderVisible="false" y="577" param="" x="315" color="39168" sizeAuto="false"/>
    <TEXT group="commonComp" textAlign="center" fontSize="12" contentBackgroundColor="16777215" fontFamily="微软雅黑" width="50" height="17" deviceID="" text="伊佐拉" borderColor="0xffffff" source="assets/comp/TEXTINPUT/label.png" fontWeight="normal" widthInChars="4" contentBackgroundAlpha="0" borderVisible="false" y="591" param="" x="321" color="39168" sizeAuto="false"/>
    <TEXT group="commonComp" textAlign="center" fontSize="12" contentBackgroundColor="16777215" fontFamily="微软雅黑" width="50" height="17" deviceID="" text="优厂速购" borderColor="0xffffff" source="assets/comp/TEXTINPUT/label.png" fontWeight="normal" widthInChars="4" contentBackgroundAlpha="0" borderVisible="false" y="608" param="" x="328" color="39168" sizeAuto="false"/>
    <TEXT group="commonComp" textAlign="center" fontSize="12" contentBackgroundColor="16777215" fontFamily="微软雅黑" width="50" height="17" deviceID="" text="安踏" borderColor="0xffffff" source="assets/comp/TEXTINPUT/label.png" fontWeight="normal" widthInChars="4" contentBackgroundAlpha="0" borderVisible="false" y="622" param="" x="317" color="39168" sizeAuto="false"/>
    <TEXT group="commonComp" textAlign="center" fontSize="12" contentBackgroundColor="16777215" fontFamily="微软雅黑" width="50" height="17" deviceID="" text="ABC童装" borderColor="0xffffff" source="assets/comp/TEXTINPUT/label.png" fontWeight="normal" widthInChars="4" contentBackgroundAlpha="0" borderVisible="false" y="636" param="" x="329" color="39168" sizeAuto="false"/>
    <TEXT group="commonComp" textAlign="center" fontSize="12" contentBackgroundColor="16777215" fontFamily="微软雅黑" width="60" height="17" deviceID="" text="宝原运动馆" borderColor="0xffffff" source="assets/comp/TEXTINPUT/label.png" fontWeight="normal" widthInChars="4" contentBackgroundAlpha="0" borderVisible="false" y="651" param="" x="330" color="39168" sizeAuto="false"/>
    <TEXT group="commonComp" textAlign="center" fontSize="12" contentBackgroundColor="16777215" fontFamily="微软雅黑" width="50" height="17" deviceID="" text="海贝" borderColor="0xffffff" source="assets/comp/TEXTINPUT/label.png" fontWeight="normal" widthInChars="4" contentBackgroundAlpha="0" borderVisible="false" y="666" param="" x="318" color="39168" sizeAuto="false"/>
    <TEXT group="commonComp" textAlign="center" fontSize="12" contentBackgroundColor="16777215" fontFamily="微软雅黑" width="50" height="17" deviceID="" text="UX5" borderColor="0xffffff" source="assets/comp/TEXTINPUT/label.png" fontWeight="normal" widthInChars="4" contentBackgroundAlpha="0" borderVisible="false" y="682" param="" x="319" color="39168" sizeAuto="false"/>
    <TEXT group="commonComp" textAlign="center" fontSize="12" contentBackgroundColor="16777215" fontFamily="微软雅黑" width="50" height="17" deviceID="" text="李宁" borderColor="0xffffff" source="assets/comp/TEXTINPUT/label.png" fontWeight="normal" widthInChars="4" contentBackgroundAlpha="0" borderVisible="false" y="695" param="" x="319" color="39168" sizeAuto="false"/>
    <TEXT group="commonComp" textAlign="center" fontSize="12" contentBackgroundColor="16777215" fontFamily="微软雅黑" width="50" height="17" deviceID="" text="2024" borderColor="0xffffff" source="assets/comp/TEXTINPUT/label.png" fontWeight="normal" widthInChars="4" contentBackgroundAlpha="0" borderVisible="false" y="577" param="" x="387" color="39168" sizeAuto="false"/>
    <TEXT group="commonComp" textAlign="center" fontSize="12" contentBackgroundColor="16777215" fontFamily="微软雅黑" width="50" height="17" deviceID="" text="2025" borderColor="0xffffff" source="assets/comp/TEXTINPUT/label.png" fontWeight="normal" widthInChars="4" contentBackgroundAlpha="0" borderVisible="false" y="592" param="" x="387" color="39168" sizeAuto="false"/>
    <TEXT group="commonComp" textAlign="center" fontSize="12" contentBackgroundColor="16777215" fontFamily="微软雅黑" width="50" height="17" deviceID="" text="2026" borderColor="0xffffff" source="assets/comp/TEXTINPUT/label.png" fontWeight="normal" widthInChars="4" contentBackgroundAlpha="0" borderVisible="false" y="608" param="" x="387" color="39168" sizeAuto="false"/>
    <TEXT group="commonComp" textAlign="center" fontSize="12" contentBackgroundColor="16777215" fontFamily="微软雅黑" width="50" height="17" deviceID="" text="2030" borderColor="0xffffff" source="assets/comp/TEXTINPUT/label.png" fontWeight="normal" widthInChars="4" contentBackgroundAlpha="0" borderVisible="false" y="622" param="" x="387" color="39168" sizeAuto="false"/>
    <TEXT group="commonComp" textAlign="center" fontSize="12" contentBackgroundColor="16777215" fontFamily="微软雅黑" width="50" height="17" deviceID="" text="2033" borderColor="0xffffff" source="assets/comp/TEXTINPUT/label.png" fontWeight="normal" widthInChars="4" contentBackgroundAlpha="0" borderVisible="false" y="636" param="" x="387" color="39168" sizeAuto="false"/>
    <TEXT group="commonComp" textAlign="center" fontSize="12" contentBackgroundColor="16777215" fontFamily="微软雅黑" width="50" height="17" deviceID="" text="2043" borderColor="0xffffff" source="assets/comp/TEXTINPUT/label.png" fontWeight="normal" widthInChars="4" contentBackgroundAlpha="0" borderVisible="false" y="700" param="" x="387" color="39168" sizeAuto="false"/>
    <TEXT group="commonComp" textAlign="center" fontSize="12" contentBackgroundColor="16777215" fontFamily="微软雅黑" width="50" height="17" deviceID="" text="2035" borderColor="0xffffff" source="assets/comp/TEXTINPUT/label.png" fontWeight="normal" widthInChars="4" contentBackgroundAlpha="0" borderVisible="false" y="651" param="" x="387" color="39168" sizeAuto="false"/>
    <TEXT group="commonComp" textAlign="center" fontSize="12" contentBackgroundColor="16777215" fontFamily="微软雅黑" width="50" height="17" deviceID="" text="2037" borderColor="0xffffff" source="assets/comp/TEXTINPUT/label.png" fontWeight="normal" widthInChars="4" contentBackgroundAlpha="0" borderVisible="false" y="667" param="" x="387" color="39168" sizeAuto="false"/>
    <TEXT group="commonComp" textAlign="center" fontSize="12" contentBackgroundColor="16777215" fontFamily="微软雅黑" width="50" height="17" deviceID="" text="2040" borderColor="0xffffff" source="assets/comp/TEXTINPUT/label.png" fontWeight="normal" widthInChars="4" contentBackgroundAlpha="0" borderVisible="false" y="682" param="" x="387" color="39168" sizeAuto="false"/>
    <TEXT group="commonComp" textAlign="center" fontSize="12" contentBackgroundColor="16777215" fontFamily="微软雅黑" width="50" height="17" deviceID="" text="Csmall" borderColor="0xffffff" source="assets/comp/TEXTINPUT/label.png" fontWeight="normal" widthInChars="4" contentBackgroundAlpha="0" borderVisible="false" y="467" param="" x="468" color="13369497" sizeAuto="false"/>
    <TEXT group="commonComp" textAlign="center" fontSize="12" contentBackgroundColor="16777215" fontFamily="微软雅黑" width="50" height="17" deviceID="" text="Asdet" borderColor="0xffffff" source="assets/comp/TEXTINPUT/label.png" fontWeight="normal" widthInChars="4" contentBackgroundAlpha="0" borderVisible="false" y="482" param="" x="465" color="13369497" sizeAuto="false"/>
    <TEXT group="commonComp" textAlign="center" fontSize="12" contentBackgroundColor="16777215" fontFamily="微软雅黑" width="50" height="17" deviceID="" text="遇见菲林" borderColor="0xffffff" source="assets/comp/TEXTINPUT/label.png" fontWeight="normal" widthInChars="4" contentBackgroundAlpha="0" borderVisible="false" y="498" param="" x="472" color="13369497" sizeAuto="false"/>
    <TEXT group="commonComp" textAlign="center" fontSize="12" contentBackgroundColor="16777215" fontFamily="微软雅黑" width="95" height="17" deviceID="" text="twin kids/芙优尚" borderColor="0xffffff" source="assets/comp/TEXTINPUT/label.png" fontWeight="normal" widthInChars="4" contentBackgroundAlpha="0" borderVisible="false" y="529" param="" x="472" color="13369497" sizeAuto="false"/>
    <TEXT group="commonComp" textAlign="center" fontSize="12" contentBackgroundColor="16777215" fontFamily="微软雅黑" width="50" height="17" deviceID="" text="City life" borderColor="0xffffff" source="assets/comp/TEXTINPUT/label.png" fontWeight="normal" widthInChars="4" contentBackgroundAlpha="0" borderVisible="false" y="516" param="" x="470" color="13369497" sizeAuto="false"/>
    <TEXT group="commonComp" textAlign="center" fontSize="12" contentBackgroundColor="16777215" fontFamily="微软雅黑" width="50" height="17" deviceID="" text="稻草人" borderColor="0xffffff" source="assets/comp/TEXTINPUT/label.png" fontWeight="normal" widthInChars="4" contentBackgroundAlpha="0" borderVisible="false" y="546" param="" x="468" color="13369497" sizeAuto="false"/>
    <TEXT group="commonComp" textAlign="center" fontSize="12" contentBackgroundColor="16777215" fontFamily="微软雅黑" width="115" height="17" deviceID="" text="CONLIAHOME 悦舍" borderColor="0xffffff" source="assets/comp/TEXTINPUT/label.png" fontWeight="normal" widthInChars="4" contentBackgroundAlpha="0" borderVisible="false" y="562" param="" x="472" color="13369497" sizeAuto="false"/>
    <TEXT group="commonComp" textAlign="center" fontSize="12" contentBackgroundColor="16777215" fontFamily="微软雅黑" width="50" height="17" deviceID="" text="June Wu" borderColor="0xffffff" source="assets/comp/TEXTINPUT/label.png" fontWeight="normal" widthInChars="4" contentBackgroundAlpha="0" borderVisible="false" y="592" param="" x="474" color="13369497" sizeAuto="false"/>
    <TEXT group="commonComp" textAlign="center" fontSize="12" contentBackgroundColor="16777215" fontFamily="微软雅黑" width="50" height="17" deviceID="" text="玖也舍" borderColor="0xffffff" source="assets/comp/TEXTINPUT/label.png" fontWeight="normal" widthInChars="4" contentBackgroundAlpha="0" borderVisible="false" y="607" param="" x="469" color="13369497" sizeAuto="false"/>
    <TEXT group="commonComp" textAlign="center" fontSize="12" contentBackgroundColor="16777215" fontFamily="微软雅黑" width="50" height="17" deviceID="" text="伶俐精选" borderColor="0xffffff" source="assets/comp/TEXTINPUT/label.png" fontWeight="normal" widthInChars="4" contentBackgroundAlpha="0" borderVisible="false" y="623" param="" x="474" color="13369497" sizeAuto="false"/>
    <TEXT group="commonComp" textAlign="center" fontSize="12" contentBackgroundColor="16777215" fontFamily="微软雅黑" width="115" height="17" deviceID="" text="CONLIAHOME 悦舍" borderColor="0xffffff" source="assets/comp/TEXTINPUT/label.png" fontWeight="normal" widthInChars="4" contentBackgroundAlpha="0" borderVisible="false" y="578" param="" x="472" color="13369497" sizeAuto="false"/>
    <TEXT group="commonComp" textAlign="center" fontSize="12" contentBackgroundColor="16777215" fontFamily="微软雅黑" width="50" height="17" deviceID="" text="2002" borderColor="0xffffff" source="assets/comp/TEXTINPUT/label.png" fontWeight="normal" widthInChars="4" contentBackgroundAlpha="0" borderVisible="false" y="466" param="" x="596" color="13369497" sizeAuto="false"/>
    <TEXT group="commonComp" textAlign="center" fontSize="12" contentBackgroundColor="16777215" fontFamily="微软雅黑" width="50" height="17" deviceID="" text="2019" borderColor="0xffffff" source="assets/comp/TEXTINPUT/label.png" fontWeight="normal" widthInChars="4" contentBackgroundAlpha="0" borderVisible="false" y="483" param="" x="596" color="13369497" sizeAuto="false"/>
    <TEXT group="commonComp" textAlign="center" fontSize="12" contentBackgroundColor="16777215" fontFamily="微软雅黑" width="50" height="17" deviceID="" text="2021-1" borderColor="0xffffff" source="assets/comp/TEXTINPUT/label.png" fontWeight="normal" widthInChars="4" contentBackgroundAlpha="0" borderVisible="false" y="499" param="" x="602" color="13369497" sizeAuto="false"/>
    <TEXT group="commonComp" textAlign="center" fontSize="12" contentBackgroundColor="16777215" fontFamily="微软雅黑" width="50" height="17" deviceID="" text="2021-2" borderColor="0xffffff" source="assets/comp/TEXTINPUT/label.png" fontWeight="normal" widthInChars="4" contentBackgroundAlpha="0" borderVisible="false" y="515" param="" x="602" color="13369497" sizeAuto="false"/>
    <TEXT group="commonComp" textAlign="center" fontSize="12" contentBackgroundColor="16777215" fontFamily="微软雅黑" width="50" height="17" deviceID="" text="2028" borderColor="0xffffff" source="assets/comp/TEXTINPUT/label.png" fontWeight="normal" widthInChars="4" contentBackgroundAlpha="0" borderVisible="false" y="531" param="" x="596" color="13369497" sizeAuto="false"/>
    <TEXT group="commonComp" textAlign="center" fontSize="12" contentBackgroundColor="16777215" fontFamily="微软雅黑" width="50" height="17" deviceID="" text="2029" borderColor="0xffffff" source="assets/comp/TEXTINPUT/label.png" fontWeight="normal" widthInChars="4" contentBackgroundAlpha="0" borderVisible="false" y="548" param="" x="596" color="13369497" sizeAuto="false"/>
    <TEXT group="commonComp" textAlign="center" fontSize="12" contentBackgroundColor="16777215" fontFamily="微软雅黑" width="50" height="17" deviceID="" text="2031" borderColor="0xffffff" source="assets/comp/TEXTINPUT/label.png" fontWeight="normal" widthInChars="4" contentBackgroundAlpha="0" borderVisible="false" y="564" param="" x="596" color="13369497" sizeAuto="false"/>
    <TEXT group="commonComp" textAlign="center" fontSize="12" contentBackgroundColor="16777215" fontFamily="微软雅黑" width="50" height="17" deviceID="" text="2032" borderColor="0xffffff" source="assets/comp/TEXTINPUT/label.png" fontWeight="normal" widthInChars="4" contentBackgroundAlpha="0" borderVisible="false" y="581" param="" x="596" color="13369497" sizeAuto="false"/>
    <TEXT group="commonComp" textAlign="center" fontSize="12" contentBackgroundColor="16777215" fontFamily="微软雅黑" width="50" height="17" deviceID="" text="2034" borderColor="0xffffff" source="assets/comp/TEXTINPUT/label.png" fontWeight="normal" widthInChars="4" contentBackgroundAlpha="0" borderVisible="false" y="596" param="" x="596" color="13369497" sizeAuto="false"/>
    <TEXT group="commonComp" textAlign="center" fontSize="12" contentBackgroundColor="16777215" fontFamily="微软雅黑" width="50" height="17" deviceID="" text="2036" borderColor="0xffffff" source="assets/comp/TEXTINPUT/label.png" fontWeight="normal" widthInChars="4" contentBackgroundAlpha="0" borderVisible="false" y="610" param="" x="596" color="13369497" sizeAuto="false"/>
    <TEXT group="commonComp" textAlign="center" fontSize="12" contentBackgroundColor="16777215" fontFamily="微软雅黑" width="50" height="17" deviceID="" text="2041" borderColor="0xffffff" source="assets/comp/TEXTINPUT/label.png" fontWeight="normal" widthInChars="4" contentBackgroundAlpha="0" borderVisible="false" y="625" param="" x="596" color="13369497" sizeAuto="false"/>
    <TEXT group="commonComp" textAlign="center" fontSize="12" contentBackgroundColor="16777215" fontFamily="微软雅黑" width="62" height="17" deviceID="" text="荣泰按摩椅" borderColor="0xffffff" source="assets/comp/TEXTINPUT/label.png" fontWeight="normal" widthInChars="4" contentBackgroundAlpha="0" borderVisible="false" y="638" param="" x="474" color="255" sizeAuto="false"/>
    <TEXT group="commonComp" textAlign="center" fontSize="12" contentBackgroundColor="16777215" fontFamily="微软雅黑" width="62" height="17" deviceID="" text="嗨GO" borderColor="0xffffff" source="assets/comp/TEXTINPUT/label.png" fontWeight="normal" widthInChars="4" contentBackgroundAlpha="0" borderVisible="false" y="654" param="" x="459" color="255" sizeAuto="false"/>
    <TEXT group="commonComp" textAlign="center" fontSize="12" contentBackgroundColor="16777215" fontFamily="微软雅黑" width="62" height="17" deviceID="" text="TT美甲" borderColor="0xffffff" source="assets/comp/TEXTINPUT/label.png" fontWeight="normal" widthInChars="4" contentBackgroundAlpha="0" borderVisible="false" y="668" param="" x="463" color="255" sizeAuto="false"/>
    <TEXT group="commonComp" textAlign="center" fontSize="12" contentBackgroundColor="16777215" fontFamily="微软雅黑" width="62" height="17" deviceID="" text="熊古屋" borderColor="0xffffff" source="assets/comp/TEXTINPUT/label.png" fontWeight="normal" widthInChars="4" contentBackgroundAlpha="0" borderVisible="false" y="682" param="" x="463" color="255" sizeAuto="false"/>
    <TEXT group="commonComp" textAlign="center" fontSize="12" contentBackgroundColor="16777215" fontFamily="微软雅黑" width="62" height="17" deviceID="" text="贝迪堡" borderColor="0xffffff" source="assets/comp/TEXTINPUT/label.png" fontWeight="normal" widthInChars="4" contentBackgroundAlpha="0" borderVisible="false" y="696" param="" x="462" color="255" sizeAuto="false"/>
    <TEXT group="commonComp" textAlign="center" fontSize="12" contentBackgroundColor="16777215" fontFamily="微软雅黑" width="62" height="17" deviceID="" text="冰雪润动" borderColor="0xffffff" source="assets/comp/TEXTINPUT/label.png" fontWeight="normal" widthInChars="4" contentBackgroundAlpha="0" borderVisible="false" y="483" param="" x="694" color="255" sizeAuto="false"/>
    <TEXT group="commonComp" textAlign="center" fontSize="12" contentBackgroundColor="16777215" fontFamily="微软雅黑" width="62" height="17" deviceID="" text="嗨GO" borderColor="0xffffff" source="assets/comp/TEXTINPUT/label.png" fontWeight="normal" widthInChars="4" contentBackgroundAlpha="0" borderVisible="false" y="467" param="" x="685" color="255" sizeAuto="false"/>
    <TEXT group="commonComp" textAlign="center" fontSize="12" contentBackgroundColor="16777215" fontFamily="微软雅黑" width="62" height="17" deviceID="" text="2001-2" borderColor="0xffffff" source="assets/comp/TEXTINPUT/label.png" fontWeight="normal" widthInChars="4" contentBackgroundAlpha="0" borderVisible="false" y="639" param="" x="596" color="255" sizeAuto="false"/>
    <TEXT group="commonComp" textAlign="center" fontSize="12" contentBackgroundColor="16777215" fontFamily="微软雅黑" width="62" height="17" deviceID="" text="2005" borderColor="0xffffff" source="assets/comp/TEXTINPUT/label.png" fontWeight="normal" widthInChars="4" contentBackgroundAlpha="0" borderVisible="false" y="669" param="" x="590" color="255" sizeAuto="false"/>
    <TEXT group="commonComp" textAlign="center" fontSize="12" contentBackgroundColor="16777215" fontFamily="微软雅黑" width="62" height="17" deviceID="" text="2007" borderColor="0xffffff" source="assets/comp/TEXTINPUT/label.png" fontWeight="normal" widthInChars="4" contentBackgroundAlpha="0" borderVisible="false" y="697" param="" x="590" color="255" sizeAuto="false"/>
    <TEXT group="commonComp" textAlign="center" fontSize="12" contentBackgroundColor="16777215" fontFamily="微软雅黑" width="62" height="17" deviceID="" text="2004" borderColor="0xffffff" source="assets/comp/TEXTINPUT/label.png" fontWeight="normal" widthInChars="4" contentBackgroundAlpha="0" borderVisible="false" y="655" param="" x="590" color="255" sizeAuto="false"/>
    <TEXT group="commonComp" textAlign="center" fontSize="12" contentBackgroundColor="16777215" fontFamily="微软雅黑" width="62" height="17" deviceID="" text="2008" borderColor="0xffffff" source="assets/comp/TEXTINPUT/label.png" fontWeight="normal" widthInChars="4" contentBackgroundAlpha="0" borderVisible="false" y="466" param="" x="779" color="255" sizeAuto="false"/>
    <TEXT group="commonComp" textAlign="center" fontSize="12" contentBackgroundColor="16777215" fontFamily="微软雅黑" width="62" height="17" deviceID="" text="2009" borderColor="0xffffff" source="assets/comp/TEXTINPUT/label.png" fontWeight="normal" widthInChars="4" contentBackgroundAlpha="0" borderVisible="false" y="483" param="" x="780" color="255" sizeAuto="false"/>
    <TEXT group="commonComp" textAlign="center" fontSize="12" contentBackgroundColor="16777215" fontFamily="微软雅黑" width="62" height="17" deviceID="" text="必胜客" borderColor="0xffffff" source="assets/comp/TEXTINPUT/label.png" fontWeight="normal" widthInChars="4" contentBackgroundAlpha="0" borderVisible="false" y="501" param="" x="688" color="13382400" sizeAuto="false"/>
    <TEXT group="commonComp" textAlign="center" fontSize="12" contentBackgroundColor="16777215" fontFamily="微软雅黑" width="62" height="17" deviceID="" text="天语雅阁" borderColor="0xffffff" source="assets/comp/TEXTINPUT/label.png" fontWeight="normal" widthInChars="4" contentBackgroundAlpha="0" borderVisible="false" y="516" param="" x="693" color="13382400" sizeAuto="false"/>
    <TEXT group="commonComp" textAlign="center" fontSize="12" contentBackgroundColor="16777215" fontFamily="微软雅黑" width="62" height="17" deviceID="" text="2001-1" borderColor="0xffffff" source="assets/comp/TEXTINPUT/label.png" fontWeight="normal" widthInChars="4" contentBackgroundAlpha="0" borderVisible="false" y="499" param="" x="786" color="13382400" sizeAuto="false"/>
    <TEXT group="commonComp" textAlign="center" fontSize="12" contentBackgroundColor="16777215" fontFamily="微软雅黑" width="62" height="17" deviceID="" text="2044" borderColor="0xffffff" source="assets/comp/TEXTINPUT/label.png" fontWeight="normal" widthInChars="4" contentBackgroundAlpha="0" borderVisible="false" y="516" param="" x="780" color="13382400" sizeAuto="false"/>
    <TEXT group="commonComp" textAlign="center" fontSize="12" contentBackgroundColor="16777215" fontFamily="微软雅黑" width="62" height="17" deviceID="" text="2007" borderColor="0xffffff" source="assets/comp/TEXTINPUT/label.png" fontWeight="normal" widthInChars="4" contentBackgroundAlpha="0" borderVisible="false" y="515" param="" x="86" color="255" sizeAuto="false"/>
    <TEXT group="commonComp" textAlign="center" fontSize="12" contentBackgroundColor="16777215" fontFamily="微软雅黑" width="62" height="17" deviceID="" text="2008" borderColor="0xffffff" source="assets/comp/TEXTINPUT/label.png" fontWeight="normal" widthInChars="4" contentBackgroundAlpha="0" borderVisible="false" y="435" param="" x="174" color="255" sizeAuto="false"/>
    <TEXT group="commonComp" textAlign="center" fontSize="12" contentBackgroundColor="16777215" fontFamily="微软雅黑" width="62" height="17" deviceID="" text="2009" borderColor="0xffffff" source="assets/comp/TEXTINPUT/label.png" fontWeight="normal" widthInChars="4" contentBackgroundAlpha="0" borderVisible="false" y="409" param="" x="219" color="255" sizeAuto="false"/>
    <TEXT group="commonComp" textAlign="center" fontSize="12" contentBackgroundColor="16777215" fontFamily="微软雅黑" width="62" height="17" deviceID="" text="2006" borderColor="0xffffff" source="assets/comp/TEXTINPUT/label.png" fontWeight="normal" widthInChars="4" contentBackgroundAlpha="0" borderVisible="false" y="684" param="" x="590" color="255" sizeAuto="false"/>
    <TEXT group="commonComp" textAlign="center" fontSize="12" contentBackgroundColor="16777215" fontFamily="微软雅黑" width="50" height="17" deviceID="" text="2010" borderColor="0xffffff" source="assets/comp/TEXTINPUT/label.png" fontWeight="normal" widthInChars="4" contentBackgroundAlpha="0" borderVisible="false" y="355" param="" x="255" color="39168" sizeAuto="false"/>
    <TEXT group="commonComp" textAlign="center" fontSize="12" contentBackgroundColor="16777215" fontFamily="微软雅黑" width="50" height="17" deviceID="" text="2011" borderColor="0xffffff" source="assets/comp/TEXTINPUT/label.png" fontWeight="normal" widthInChars="4" contentBackgroundAlpha="0" borderVisible="false" y="336" param="" x="343" color="39168" sizeAuto="false"/>
    <TEXT group="commonComp" textAlign="center" fontSize="12" contentBackgroundColor="16777215" fontFamily="微软雅黑" width="50" height="17" deviceID="" text="2012" borderColor="0xffffff" source="assets/comp/TEXTINPUT/label.png" fontWeight="normal" widthInChars="4" contentBackgroundAlpha="0" borderVisible="false" y="322" param="" x="373" color="39168" sizeAuto="false"/>
    <TEXT group="commonComp" textAlign="center" fontSize="12" contentBackgroundColor="16777215" fontFamily="微软雅黑" width="50" height="17" deviceID="" text="2013" borderColor="0xffffff" source="assets/comp/TEXTINPUT/label.png" fontWeight="normal" widthInChars="4" contentBackgroundAlpha="0" borderVisible="false" y="335" param="" x="404" color="39168" sizeAuto="false"/>
    <TEXT group="commonComp" textAlign="center" fontSize="12" contentBackgroundColor="16777215" fontFamily="微软雅黑" width="50" height="17" deviceID="" text="2014" borderColor="0xffffff" source="assets/comp/TEXTINPUT/label.png" fontWeight="normal" widthInChars="4" contentBackgroundAlpha="0" borderVisible="false" y="322" param="" x="434" color="39168" sizeAuto="false"/>
    <TEXT group="commonComp" textAlign="center" fontSize="12" contentBackgroundColor="16777215" fontFamily="微软雅黑" width="50" height="17" deviceID="" text="2015" borderColor="0xffffff" source="assets/comp/TEXTINPUT/label.png" fontWeight="normal" widthInChars="4" contentBackgroundAlpha="0" borderVisible="false" y="334" param="" x="463" color="39168" sizeAuto="false"/>
    <TEXT group="commonComp" textAlign="center" fontSize="12" contentBackgroundColor="16777215" fontFamily="微软雅黑" width="50" height="17" deviceID="" text="2016" borderColor="0xffffff" source="assets/comp/TEXTINPUT/label.png" fontWeight="normal" widthInChars="4" contentBackgroundAlpha="0" borderVisible="false" y="322" param="" x="494" color="39168" sizeAuto="false"/>
    <TEXT group="commonComp" textAlign="center" fontSize="12" contentBackgroundColor="16777215" fontFamily="微软雅黑" width="50" height="17" deviceID="" text="2017" borderColor="0xffffff" source="assets/comp/TEXTINPUT/label.png" fontWeight="normal" widthInChars="4" contentBackgroundAlpha="0" borderVisible="false" y="335" param="" x="551" color="39168" sizeAuto="false"/>
    <TEXT group="commonComp" textAlign="center" fontSize="12" contentBackgroundColor="16777215" fontFamily="微软雅黑" width="50" height="17" deviceID="" text="2018" borderColor="0xffffff" source="assets/comp/TEXTINPUT/label.png" fontWeight="normal" widthInChars="4" contentBackgroundAlpha="0" borderVisible="false" y="348" param="" x="584" color="39168" sizeAuto="false"/>
    <TEXT group="commonComp" textAlign="center" fontSize="12" contentBackgroundColor="16777215" fontFamily="微软雅黑" width="50" height="17" deviceID="" text="2019" borderColor="0xffffff" source="assets/comp/TEXTINPUT/label.png" fontWeight="normal" widthInChars="4" contentBackgroundAlpha="0" borderVisible="false" y="328" param="" x="615" color="13369497" sizeAuto="false"/>
    <TEXT group="commonComp" textAlign="center" fontSize="12" contentBackgroundColor="16777215" fontFamily="微软雅黑" width="50" height="17" deviceID="" text="2020" borderColor="0xffffff" source="assets/comp/TEXTINPUT/label.png" fontWeight="normal" widthInChars="4" contentBackgroundAlpha="0" borderVisible="false" y="350" param="" x="645" color="39168" sizeAuto="false"/>
    <TEXT group="commonComp" textAlign="center" fontSize="12" contentBackgroundColor="16777215" fontFamily="微软雅黑" width="50" height="17" deviceID="" text="2021-1" borderColor="0xffffff" source="assets/comp/TEXTINPUT/label.png" fontWeight="normal" widthInChars="4" contentBackgroundAlpha="0" borderVisible="false" y="351" param="" x="683" color="13369497" sizeAuto="false"/>
    <TEXT group="commonComp" textAlign="center" fontSize="12" contentBackgroundColor="16777215" fontFamily="微软雅黑" width="50" height="17" deviceID="" text="2021-2" borderColor="0xffffff" source="assets/comp/TEXTINPUT/label.png" fontWeight="normal" widthInChars="4" contentBackgroundAlpha="0" borderVisible="false" y="331" param="" x="685" color="13369497" sizeAuto="false"/>
    <TEXT group="commonComp" textAlign="center" fontSize="12" contentBackgroundColor="16777215" fontFamily="微软雅黑" width="50" height="17" deviceID="" text="2022" borderColor="0xffffff" source="assets/comp/TEXTINPUT/label.png" fontWeight="normal" widthInChars="4" contentBackgroundAlpha="0" borderVisible="false" y="329" param="" x="732" color="39168" sizeAuto="false"/>
    <TEXT group="commonComp" textAlign="center" fontSize="12" contentBackgroundColor="16777215" fontFamily="微软雅黑" width="50" height="17" deviceID="" text="2023" borderColor="0xffffff" source="assets/comp/TEXTINPUT/label.png" fontWeight="normal" widthInChars="4" contentBackgroundAlpha="0" borderVisible="false" y="340" param="" x="757" color="39168" sizeAuto="false"/>
    <TEXT group="commonComp" textAlign="center" fontSize="12" contentBackgroundColor="16777215" fontFamily="微软雅黑" width="50" height="17" deviceID="" text="2024" borderColor="0xffffff" source="assets/comp/TEXTINPUT/label.png" fontWeight="normal" widthInChars="4" contentBackgroundAlpha="0" borderVisible="false" y="325" param="" x="781" color="39168" sizeAuto="false"/>
    <TEXT group="commonComp" textAlign="center" fontSize="12" contentBackgroundColor="16777215" fontFamily="微软雅黑" width="50" height="17" deviceID="" text="2025" borderColor="0xffffff" source="assets/comp/TEXTINPUT/label.png" fontWeight="normal" widthInChars="4" contentBackgroundAlpha="0" borderVisible="false" y="339" param="" x="810" color="39168" sizeAuto="false"/>
    <TEXT group="commonComp" textAlign="center" fontSize="12" contentBackgroundColor="16777215" fontFamily="微软雅黑" width="50" height="17" deviceID="" text="2026" borderColor="0xffffff" source="assets/comp/TEXTINPUT/label.png" fontWeight="normal" widthInChars="4" contentBackgroundAlpha="0" borderVisible="false" y="340" param="" x="857" color="39168" sizeAuto="false"/>
    <TEXT group="commonComp" textAlign="center" fontSize="12" contentBackgroundColor="16777215" fontFamily="微软雅黑" width="26" height="17" deviceID="" text="2027" borderColor="0xffffff" source="assets/comp/TEXTINPUT/label.png" fontWeight="normal" widthInChars="4" contentBackgroundAlpha="0" borderVisible="false" y="295" param="" x="1058" color="13408512" sizeAuto="true"/>
    <TEXT group="commonComp" textAlign="center" fontSize="12" contentBackgroundColor="16777215" fontFamily="微软雅黑" width="50" height="17" deviceID="" text="2028" borderColor="0xffffff" source="assets/comp/TEXTINPUT/label.png" fontWeight="normal" widthInChars="4" contentBackgroundAlpha="0" borderVisible="false" y="224" param="" x="946" color="13369497" sizeAuto="false"/>
    <TEXT group="commonComp" textAlign="center" fontSize="12" contentBackgroundColor="16777215" fontFamily="微软雅黑" width="50" height="17" deviceID="" text="2029" borderColor="0xffffff" source="assets/comp/TEXTINPUT/label.png" fontWeight="normal" widthInChars="4" contentBackgroundAlpha="0" borderVisible="false" y="220" param="" x="904" color="13369497" sizeAuto="false"/>
    <TEXT group="commonComp" textAlign="center" fontSize="12" contentBackgroundColor="16777215" fontFamily="微软雅黑" width="50" height="17" deviceID="" text="2030" borderColor="0xffffff" source="assets/comp/TEXTINPUT/label.png" fontWeight="normal" widthInChars="4" contentBackgroundAlpha="0" borderVisible="false" y="189" param="" x="900" color="39168" sizeAuto="false"/>
    <TEXT group="commonComp" textAlign="center" fontSize="12" contentBackgroundColor="16777215" fontFamily="微软雅黑" width="50" height="17" deviceID="" text="2031" borderColor="0xffffff" source="assets/comp/TEXTINPUT/label.png" fontWeight="normal" widthInChars="4" contentBackgroundAlpha="0" borderVisible="false" y="219" param="" x="814" color="13369497" sizeAuto="false"/>
    <TEXT group="commonComp" textAlign="center" fontSize="12" contentBackgroundColor="16777215" fontFamily="微软雅黑" width="50" height="17" deviceID="" text="2032" borderColor="0xffffff" source="assets/comp/TEXTINPUT/label.png" fontWeight="normal" widthInChars="4" contentBackgroundAlpha="0" borderVisible="false" y="189" param="" x="819" color="13369497" sizeAuto="false"/>
    <TEXT group="commonComp" textAlign="center" fontSize="12" contentBackgroundColor="16777215" fontFamily="微软雅黑" width="50" height="17" deviceID="" text="2033" borderColor="0xffffff" source="assets/comp/TEXTINPUT/label.png" fontWeight="normal" widthInChars="4" contentBackgroundAlpha="0" borderVisible="false" y="220" param="" x="765" color="39168" sizeAuto="false"/>
    <TEXT group="commonComp" textAlign="center" fontSize="12" contentBackgroundColor="16777215" fontFamily="微软雅黑" width="50" height="17" deviceID="" text="2034" borderColor="0xffffff" source="assets/comp/TEXTINPUT/label.png" fontWeight="normal" widthInChars="4" contentBackgroundAlpha="0" borderVisible="false" y="222" param="" x="730" color="13369497" sizeAuto="false"/>
    <TEXT group="commonComp" textAlign="center" fontSize="12" contentBackgroundColor="16777215" fontFamily="微软雅黑" width="50" height="17" deviceID="" text="2035" borderColor="0xffffff" source="assets/comp/TEXTINPUT/label.png" fontWeight="normal" widthInChars="4" contentBackgroundAlpha="0" borderVisible="false" y="185" param="" x="689" color="39168" sizeAuto="false"/>
    <TEXT group="commonComp" textAlign="center" fontSize="12" contentBackgroundColor="16777215" fontFamily="微软雅黑" width="50" height="17" deviceID="" text="2036" borderColor="0xffffff" source="assets/comp/TEXTINPUT/label.png" fontWeight="normal" widthInChars="4" contentBackgroundAlpha="0" borderVisible="false" y="225" param="" x="584" color="13369497" sizeAuto="false"/>
    <TEXT group="commonComp" textAlign="center" fontSize="12" contentBackgroundColor="16777215" fontFamily="微软雅黑" width="50" height="17" deviceID="" text="2037" borderColor="0xffffff" source="assets/comp/TEXTINPUT/label.png" fontWeight="normal" widthInChars="4" contentBackgroundAlpha="0" borderVisible="false" y="210" param="" x="554" color="39168" sizeAuto="false"/>
    <TEXT group="commonComp" textAlign="center" fontSize="12" contentBackgroundColor="16777215" fontFamily="微软雅黑" width="26" height="17" deviceID="" text="2038" borderColor="0xffffff" source="assets/comp/TEXTINPUT/label.png" fontWeight="normal" widthInChars="4" contentBackgroundAlpha="0" borderVisible="false" y="202" param="" x="497" color="13408512" sizeAuto="true"/>
    <TEXT group="commonComp" textAlign="center" fontSize="12" contentBackgroundColor="16777215" fontFamily="微软雅黑" width="26" height="17" deviceID="" text="2039" borderColor="0xffffff" source="assets/comp/TEXTINPUT/label.png" fontWeight="normal" widthInChars="4" contentBackgroundAlpha="0" borderVisible="false" y="178" param="" x="496" color="13408512" sizeAuto="true"/>
    <TEXT group="commonComp" textAlign="center" fontSize="12" contentBackgroundColor="16777215" fontFamily="微软雅黑" width="50" height="17" deviceID="" text="2040" borderColor="0xffffff" source="assets/comp/TEXTINPUT/label.png" fontWeight="normal" widthInChars="4" contentBackgroundAlpha="0" borderVisible="false" y="221" param="" x="408" color="39168" sizeAuto="false"/>
    <TEXT group="commonComp" textAlign="center" fontSize="12" contentBackgroundColor="16777215" fontFamily="微软雅黑" width="50" height="17" deviceID="" text="2041" borderColor="0xffffff" source="assets/comp/TEXTINPUT/label.png" fontWeight="normal" widthInChars="4" contentBackgroundAlpha="0" borderVisible="false" y="220" param="" x="374" color="13369497" sizeAuto="false"/>
    <TEXT group="commonComp" textAlign="center" fontSize="12" contentBackgroundColor="16777215" fontFamily="微软雅黑" width="38" height="17" deviceID="" text="2042-1" borderColor="0xffffff" source="assets/comp/TEXTINPUT/label.png" fontWeight="normal" widthInChars="4" contentBackgroundAlpha="0" borderVisible="false" y="213" param="" x="275" color="13408512" sizeAuto="false"/>
    <TEXT group="commonComp" textAlign="center" fontSize="12" contentBackgroundColor="16777215" fontFamily="微软雅黑" width="41" height="17" deviceID="" text="2042-2" borderColor="0xffffff" source="assets/comp/TEXTINPUT/label.png" fontWeight="normal" widthInChars="4" contentBackgroundAlpha="0" borderVisible="false" y="187" param="" x="272" color="13408512" sizeAuto="false"/>
    <TEXT group="commonComp" textAlign="center" fontSize="12" contentBackgroundColor="16777215" fontFamily="微软雅黑" width="50" height="17" deviceID="" text="2043" borderColor="0xffffff" source="assets/comp/TEXTINPUT/label.png" fontWeight="normal" widthInChars="4" contentBackgroundAlpha="0" borderVisible="false" y="232" param="" x="161" color="39168" sizeAuto="false"/>
    <TEXT group="commonComp" textAlign="center" fontSize="12" contentBackgroundColor="16777215" fontFamily="微软雅黑" width="62" height="17" deviceID="" text="2044" borderColor="0xffffff" source="assets/comp/TEXTINPUT/label.png" fontWeight="normal" widthInChars="4" contentBackgroundAlpha="0" borderVisible="false" y="192" param="" x="111" color="13382400" sizeAuto="false"/>
    <TEXT group="commonComp" textAlign="center" fontSize="12" contentBackgroundColor="16777215" fontFamily="微软雅黑" width="62" height="17" deviceID="" text="2006" borderColor="0xffffff" source="assets/comp/TEXTINPUT/label.png" fontWeight="normal" widthInChars="4" contentBackgroundAlpha="0" borderVisible="false" y="472" param="" x="9" color="255" sizeAuto="false"/>
    <TEXT group="commonComp" textAlign="center" fontSize="12" contentBackgroundColor="16777215" fontFamily="微软雅黑" width="62" height="17" deviceID="" text="2005" borderColor="0xffffff" source="assets/comp/TEXTINPUT/label.png" fontWeight="normal" widthInChars="4" contentBackgroundAlpha="0" borderVisible="false" y="440" param="" x="39" color="255" sizeAuto="false"/>
    <TEXT group="commonComp" textAlign="center" fontSize="12" contentBackgroundColor="16777215" fontFamily="微软雅黑" width="62" height="17" deviceID="" text="2004" borderColor="0xffffff" source="assets/comp/TEXTINPUT/label.png" fontWeight="normal" widthInChars="4" contentBackgroundAlpha="0" borderVisible="false" y="403" param="" x="70" color="255" sizeAuto="false"/>
    <TEXT group="commonComp" textAlign="center" fontSize="12" contentBackgroundColor="16777215" fontFamily="微软雅黑" width="50" height="17" deviceID="" text="2003" borderColor="0xffffff" source="assets/comp/TEXTINPUT/label.png" fontWeight="normal" widthInChars="4" contentBackgroundAlpha="0" borderVisible="false" y="371" param="" x="106" color="39168" sizeAuto="false"/>
    <TEXT group="commonComp" textAlign="center" fontSize="12" contentBackgroundColor="16777215" fontFamily="微软雅黑" width="50" height="17" deviceID="" text="2002" borderColor="0xffffff" source="assets/comp/TEXTINPUT/label.png" fontWeight="normal" widthInChars="4" contentBackgroundAlpha="0" borderVisible="false" y="333" param="" x="110" color="13369497" sizeAuto="false"/>
    <TEXT group="commonComp" textAlign="center" fontSize="12" contentBackgroundColor="16777215" fontFamily="微软雅黑" width="62" height="17" deviceID="" text="2001-1" borderColor="0xffffff" source="assets/comp/TEXTINPUT/label.png" fontWeight="normal" widthInChars="4" contentBackgroundAlpha="0" borderVisible="false" y="261" param="" x="31" color="13382400" sizeAuto="false"/>
    <TEXT group="commonComp" textAlign="center" fontSize="12" contentBackgroundColor="16777215" fontFamily="微软雅黑" width="62" height="17" deviceID="" text="2001-2" borderColor="0xffffff" source="assets/comp/TEXTINPUT/label.png" fontWeight="normal" widthInChars="4" contentBackgroundAlpha="0" borderVisible="false" y="301" param="" x="66" color="255" sizeAuto="false"/>
    <MJ deviceID="1390020" source="assets/comp/MJ/bg.png" deviceName="MJ-2C-S02" scaleY="0.4" y="182" scaleX="0.4" x="607" width="80" group="deviceComp" height="80" mark="MJ"/>
    <TEXT group="commonComp" textAlign="center" fontSize="12" contentBackgroundColor="16777215" fontFamily="微软雅黑" width="23" height="17" deviceID="" text="LT5" borderColor="0xffffff" source="assets/comp/TEXTINPUT/label.png" fontWeight="normal" widthInChars="4" contentBackgroundAlpha="1" borderVisible="false" y="160" param="" x="614" color="255" sizeAuto="true"/>
    <MJ deviceID="1390021" source="assets/comp/MJ/bg.png" deviceName="MJ-2C-S03" scaleY="0.4" y="174" scaleX="0.4" x="787" width="80" group="deviceComp" height="80" mark="MJ"/>
    <TEXT group="commonComp" textAlign="center" fontSize="12" contentBackgroundColor="16777215" fontFamily="微软雅黑" width="23" height="17" deviceID="" text="LT7" borderColor="0xffffff" source="assets/comp/TEXTINPUT/label.png" fontWeight="normal" widthInChars="4" contentBackgroundAlpha="1" borderVisible="false" y="156" param="" x="794" color="255" sizeAuto="true"/>
    <MJ deviceID="1390023" source="assets/comp/MJ/bg.png" deviceName="MJ-2D-S01" scaleY="0.4" y="179" scaleX="0.4" x="947" width="80" group="deviceComp" height="80" mark="MJ"/>
    <MJ deviceID="1390024" source="assets/comp/MJ/bg.png" deviceName="MJ-2D-S02" scaleY="0.4" y="158" scaleX="0.4" x="990" width="80" group="deviceComp" height="80" mark="MJ"/>
    <TEXT group="commonComp" textAlign="center" fontSize="12" contentBackgroundColor="16777215" fontFamily="微软雅黑" width="23" height="17" deviceID="" text="LT9" borderColor="0xffffff" source="assets/comp/TEXTINPUT/label.png" fontWeight="normal" widthInChars="4" contentBackgroundAlpha="1" borderVisible="false" y="159" param="" x="946" color="255" sizeAuto="true"/>
    <TEXT group="commonComp" textAlign="center" fontSize="12" contentBackgroundColor="16777215" fontFamily="微软雅黑" width="23" height="17" deviceID="" text="LT9" borderColor="0xffffff" source="assets/comp/TEXTINPUT/label.png" fontWeight="normal" widthInChars="4" contentBackgroundAlpha="1" borderVisible="false" y="139" param="" x="990" color="255" sizeAuto="true"/>
    <MJ deviceID="1390028" source="assets/comp/MJ/bg.png" deviceName="MJ-2F-S01" scaleY="0.4" y="376" scaleX="0.4" x="603" width="80" group="deviceComp" height="80" mark="MJ"/>
    <TEXT group="commonComp" textAlign="center" fontSize="12" contentBackgroundColor="16777215" fontFamily="微软雅黑" width="29" height="17" deviceID="" text="LT16" borderColor="0xffffff" source="assets/comp/TEXTINPUT/label.png" fontWeight="normal" widthInChars="4" contentBackgroundAlpha="1" borderVisible="false" y="408" param="" x="601" color="255" sizeAuto="true"/>
    <MJ deviceID="1390035" source="assets/comp/MJ/bg.png" deviceName="MJ-2G-S01" scaleY="0.4" y="381" scaleX="0.4" x="733" width="80" group="deviceComp" height="80" mark="MJ"/>
    <MJ deviceID="1390036" source="assets/comp/MJ/bg.png" deviceName="MJ-2G-S02" scaleY="0.4" y="378" scaleX="0.4" x="776" width="80" group="deviceComp" height="80" mark="MJ"/>
    <TEXT group="commonComp" textAlign="center" fontSize="12" contentBackgroundColor="16777215" fontFamily="微软雅黑" width="29" height="17" deviceID="" text="LT18" borderColor="0xffffff" source="assets/comp/TEXTINPUT/label.png" fontWeight="normal" widthInChars="4" contentBackgroundAlpha="1" borderVisible="false" y="414" param="" x="730" color="255" sizeAuto="true"/>
    <TEXT group="commonComp" textAlign="center" fontSize="12" contentBackgroundColor="16777215" fontFamily="微软雅黑" width="29" height="17" deviceID="" text="LT18" borderColor="0xffffff" source="assets/comp/TEXTINPUT/label.png" fontWeight="normal" widthInChars="4" contentBackgroundAlpha="1" borderVisible="false" y="413" param="" x="781" color="255" sizeAuto="true"/>
    <MJ deviceID="1390037" source="assets/comp/MJ/bg.png" deviceName="MJ-2G-S03" scaleY="0.4" y="385" scaleX="0.4" x="952" width="80" group="deviceComp" height="80" mark="MJ"/>
    <TEXT group="commonComp" textAlign="center" fontSize="12" contentBackgroundColor="16777215" fontFamily="微软雅黑" width="29" height="17" deviceID="" text="LT26" borderColor="0xffffff" source="assets/comp/TEXTINPUT/label.png" fontWeight="normal" widthInChars="4" contentBackgroundAlpha="1" borderVisible="false" y="365" param="" x="954" color="255" sizeAuto="true"/>
  </Components>
</Configration>