<?xml version="1.0" encoding="utf-8"?><Configration Width="1076.8187919463087" Height="542">
  <LIST>
    <Component>
      <BLIGHT/>
      <CLIGHT/>
      <ADE/>
      <G1G2/>
      <HLIGHT/>
      <DE/>
      <G2/>
    </Component>
    <Image>
      <GGZMSY2F1 source="assets/comp/ggzmsy2f1.png"/>
      <JXK source="assets/comp/jxk.png"/>
      <GGZMSY2F source="assets/comp/ggzmsy2f.png"/>
    </Image>
  </LIST>
  <Components>
    <GGZMSY2F1 scale="1" rotation="0" scaleX="1" scaleY="1" x="14" y="8"/>
    <JXK scale="0.9" rotation="0" scaleX="0.9" scaleY="0.9" x="594" y="8"/>
    <TEXT scaleY="1" deviceID="" scale="1" fontWeight="normal" fontFamily="黑体" text="A 应急照明" scaleX="1" color="16777215" widthInChars="5" param="" rotation="0" fontSize="14" textAlign="right" x="690" y="20"/>
    <TEXT scaleY="1" deviceID="" scale="1" fontWeight="normal" fontFamily="黑体" text="D 走廊照明50%" scaleX="1" color="16777215" widthInChars="7" param="" rotation="0" fontSize="14" textAlign="right" x="686" y="155"/>
    <TEXT scaleY="1" deviceID="" scale="1" fontWeight="normal" fontFamily="黑体" text="E 走廊照明50%" scaleX="1" color="16777215" widthInChars="7" param="" rotation="0" fontSize="14" textAlign="right" x="688" y="200"/>
    <TEXT scaleY="1" deviceID="" scale="1" fontWeight="normal" fontFamily="黑体" text="B 小走道照明" scaleX="1" color="16777215" widthInChars="6" param="" rotation="0" fontSize="14" textAlign="right" x="690" y="65"/>
    <TEXT scaleY="1" deviceID="" scale="1" fontWeight="normal" fontFamily="黑体" text="H 导向标识" scaleX="1" color="16777215" widthInChars="5" param="" rotation="0" fontSize="14" textAlign="right" x="962" y="197"/>
    <TEXT scaleY="1" deviceID="" scale="1" fontWeight="normal" fontFamily="黑体" text="C 平台照明" scaleX="1" color="16777215" widthInChars="5" param="" rotation="0" fontSize="14" textAlign="right" x="692" y="110"/>
    <TEXT scaleY="1" deviceID="" scale="1" fontWeight="normal" fontFamily="黑体" text="G1 T5装饰灯" scaleX="1" color="16777215" widthInChars="6" param="" rotation="0" fontSize="14" textAlign="right" x="829" y="152"/>
    <TEXT scaleY="1" deviceID="" scale="1" fontWeight="normal" fontFamily="黑体" text="G2 LED装饰灯" scaleX="1" color="16777215" widthInChars="6" param="" rotation="0" fontSize="14" textAlign="right" x="835" y="197"/>
    <BLIGHT deviceID="6853" scale="1" scaleX="1" scaleY="1" rotation="0" isPop="true" popType="list" x="605" y="55"/>
    <CLIGHT deviceID="6859" scale="1.2" scaleX="1.2" scaleY="1.2" rotation="0" isPop="true" popType="list" x="625" y="89"/>
    <ADE deviceID="6865" scale="1" scaleX="1" scaleY="1" rotation="0" isPop="true" popType="list" x="605" y="145"/>
    <ADE deviceID="6871" scale="1" scaleX="1" scaleY="1" rotation="0" isPop="true" popType="list" x="605" y="190"/>
    <G1G2 deviceID="6877" scale="1" scaleX="1" scaleY="1" rotation="0" isPop="true" popType="list" x="780" y="145"/>
    <HLIGHT deviceID="6841" scale="0.7" scaleX="0.7" scaleY="0.7" rotation="0" isPop="true" popType="list" x="918" y="190"/>
    <ADE deviceID="6871" scale="1" scaleX="1" scaleY="1" rotation="90" isPop="true" popType="list" x="359" y="85"/>
    <ADE deviceID="6871" scale="1" scaleX="1" scaleY="1" rotation="90" isPop="true" popType="list" x="205" y="405"/>
    <HLIGHT deviceID="6841" scale="0.7" scaleX="0.7" scaleY="0.7" rotation="0" isPop="true" popType="list" x="175" y="254"/>
    <ADE deviceID="6871" scale="1" scaleX="1" scaleY="1" rotation="90" isPop="true" popType="list" x="358" y="314"/>
    <ADE deviceID="6871" scale="1" scaleX="1" scaleY="1" rotation="90" isPop="true" popType="list" x="206" y="155"/>
    <HLIGHT deviceID="6841" scale="0.7" scaleX="0.7" scaleY="0.7" rotation="180" isPop="true" popType="list" x="340" y="232"/>
    <BLIGHT deviceID="6853" scale="1" scaleX="1" scaleY="1" rotation="0" isPop="true" popType="list" x="362" y="330"/>
    <BLIGHT deviceID="6853" scale="1" scaleX="1" scaleY="1" rotation="0" isPop="true" popType="list" x="348" y="82"/>
    <G1G2 deviceID="6877" scale="1" scaleX="1" scaleY="1" rotation="90" isPop="true" popType="list" x="222" y="137"/>
    <CLIGHT deviceID="6859" scale="1.2" scaleX="1.2" scaleY="1.2" rotation="0" isPop="true" popType="list" x="229" y="127"/>
    <G1G2 deviceID="6877" scale="1" scaleX="1" scaleY="1" rotation="90" isPop="true" popType="list" x="331" y="219"/>
    <G1G2 deviceID="6877" scale="1" scaleX="1" scaleY="1" rotation="90" isPop="true" popType="list" x="220" y="296"/>
    <G1G2 deviceID="6877" scale="1" scaleX="1" scaleY="1" rotation="90" isPop="true" popType="list" x="330" y="380"/>
    <HLIGHT deviceID="6841" scale="0.7" scaleX="0.7" scaleY="0.7" rotation="180" isPop="true" popType="list" x="338" y="476"/>
    <HLIGHT deviceID="6841" scale="0.7" scaleX="0.7" scaleY="0.7" rotation="0" isPop="true" popType="list" x="177" y="99"/>
    <ADE deviceID="6865" scale="1" scaleX="1" scaleY="1" rotation="90" isPop="true" popType="list" x="205" y="319"/>
    <BLIGHT deviceID="6853" scale="1" scaleX="1" scaleY="1" rotation="0" isPop="true" popType="list" x="52" y="234"/>
    <ADE deviceID="6865" scale="1" scaleX="1" scaleY="1" rotation="90" isPop="true" popType="list" x="204" y="82"/>
    <ADE deviceID="6865" scale="1" scaleX="1" scaleY="1" rotation="90" isPop="true" popType="list" x="359" y="158"/>
    <ADE deviceID="6865" scale="1" scaleX="1" scaleY="1" rotation="90" isPop="true" popType="list" x="358" y="404"/>
    <GGZMSY2F scale="1.2" rotation="0" scaleX="1.2" scaleY="1.2" x="800" y="8"/>
    <TEXT scaleY="1" deviceID="" scale="1" fontWeight="bold" fontFamily="Arial" text="1" scaleX="1" color="0" widthInChars="1" param="" rotation="0" fontSize="20" textAlign="right" x="823" y="38"/>
    <DE deviceID="6847" scale="1" scaleX="1" scaleY="1" rotation="0" isPop="true" popType="list" x="605" y="10"/>
    <DE deviceID="6847" scale="1" scaleX="1" scaleY="1" rotation="90" isPop="true" popType="list" x="358" y="232"/>
    <DE deviceID="6847" scale="1" scaleX="1" scaleY="1" rotation="90" isPop="true" popType="list" x="206" y="232"/>
    <G2 deviceID="6883" scale="1" scaleX="1" scaleY="1" rotation="0" isPop="true" popType="list" x="780" y="190"/>
    <G2 deviceID="6883" scale="1" scaleX="1" scaleY="1" rotation="90" isPop="true" popType="list" x="330" y="138"/>
    <G2 deviceID="6883" scale="1" scaleX="1" scaleY="1" rotation="90" isPop="true" popType="list" x="226" y="208"/>
    <G2 deviceID="6883" scale="1" scaleX="1" scaleY="1" rotation="90" isPop="true" popType="list" x="330" y="296"/>
    <G2 deviceID="6883" scale="1" scaleX="1" scaleY="1" rotation="90" isPop="true" popType="list" x="220" y="383"/>
  </Components>
</Configration>