<?xml version="1.0" encoding="utf-8"?><Configration Width="1076.8187919463087" Height="542">
  <LIST>
    <Component>
      <BLIGHT/>
      <ADE/>
      <G1G2/>
      <HLIGHT/>
      <DE/>
      <G2/>
    </Component>
    <Image>
      <GGZMSY2F3 source="assets/comp/ggzmsy2f3.png"/>
      <JXK source="assets/comp/jxk.png"/>
      <GGZMSY2F source="assets/comp/ggzmsy2f.png"/>
    </Image>
  </LIST>
  <Components>
    <GGZMSY2F3 scale="1" rotation="0" scaleX="1" scaleY="1" x="14" y="8"/>
    <JXK scale="0.9" rotation="0" scaleX="0.9" scaleY="0.9" x="594" y="8"/>
    <TEXT scaleY="1" deviceID="" scale="1" fontWeight="normal" fontFamily="黑体" text="A 应急照明" scaleX="1" color="16777215" widthInChars="5" param="" rotation="0" fontSize="14" textAlign="right" x="690" y="65"/>
    <TEXT scaleY="1" deviceID="" scale="1" fontWeight="normal" fontFamily="黑体" text="D 走廊照明50%" scaleX="1" color="16777215" widthInChars="7" param="" rotation="0" fontSize="14" textAlign="right" x="686" y="155"/>
    <TEXT scaleY="1" deviceID="" scale="1" fontWeight="normal" fontFamily="黑体" text="E 走廊照明50%" scaleX="1" color="16777215" widthInChars="7" param="" rotation="0" fontSize="14" textAlign="right" x="688" y="200"/>
    <TEXT scaleY="1" deviceID="" scale="1" fontWeight="normal" fontFamily="黑体" text="B 小走道照明" scaleX="1" color="16777215" widthInChars="6" param="" rotation="0" fontSize="14" textAlign="right" x="690" y="110"/>
    <TEXT scaleY="1" deviceID="" scale="1" fontWeight="normal" fontFamily="黑体" text="H 导向标识" scaleX="1" color="16777215" widthInChars="5" param="" rotation="0" fontSize="14" textAlign="right" x="965" y="195"/>
    <TEXT scaleY="1" deviceID="" scale="1" fontWeight="normal" fontFamily="黑体" text="G1 T5装饰灯" scaleX="1" color="16777215" widthInChars="6" param="" rotation="0" fontSize="14" textAlign="right" x="830" y="153"/>
    <TEXT scaleY="1" deviceID="" scale="1" fontWeight="normal" fontFamily="黑体" text="G2 LED装饰灯" scaleX="1" color="16777215" widthInChars="6" param="" rotation="0" fontSize="14" textAlign="right" x="837" y="196"/>
    <BLIGHT deviceID="6855" scale="1" scaleX="1" scaleY="1" rotation="0" isPop="true" popType="list" x="605" y="100"/>
    <ADE deviceID="6867" scale="1" scaleX="1" scaleY="1" rotation="0" isPop="true" popType="list" x="605" y="145"/>
    <ADE deviceID="6873" scale="1" scaleX="1" scaleY="1" rotation="0" isPop="true" popType="list" x="605" y="190"/>
    <G1G2 deviceID="6879" scale="1" scaleX="1" scaleY="1" rotation="0" isPop="true" popType="list" x="780" y="145"/>
    <HLIGHT deviceID="6841" scale="0.7" scaleX="0.7" scaleY="0.7" rotation="0" isPop="true" popType="list" x="921" y="190"/>
    <HLIGHT deviceID="6841" scale="0.7" scaleX="0.7" scaleY="0.7" rotation="-75" isPop="true" popType="list" x="37" y="324"/>
    <BLIGHT deviceID="6855" scale="1" scaleX="1" scaleY="1" rotation="90" isPop="true" popType="list" x="208" y="380"/>
    <HLIGHT deviceID="6841" scale="0.7" scaleX="0.7" scaleY="0.7" rotation="-90" isPop="true" popType="list" x="310" y="383"/>
    <ADE deviceID="6867" scale="1" scaleX="1" scaleY="1" rotation="5" isPop="true" popType="list" x="354" y="356"/>
    <ADE deviceID="6867" scale="1" scaleX="1" scaleY="1" rotation="0" isPop="true" popType="list" x="489" y="216"/>
    <ADE deviceID="6873" scale="1" scaleX="1" scaleY="1" rotation="0" isPop="true" popType="list" x="488" y="367"/>
    <ADE deviceID="6873" scale="1" scaleX="1" scaleY="1" rotation="5" isPop="true" popType="list" x="370" y="205"/>
    <G1G2 deviceID="6879" scale="1" scaleX="1" scaleY="1" rotation="15" isPop="true" popType="list" x="112" y="298"/>
    <HLIGHT deviceID="6841" scale="0.7" scaleX="0.7" scaleY="0.7" rotation="90" isPop="true" popType="list" x="590" y="232"/>
    <HLIGHT deviceID="6841" scale="0.7" scaleX="0.7" scaleY="0.7" rotation="95" isPop="true" popType="list" x="291" y="214"/>
    <G1G2 deviceID="6879" scale="1" scaleX="1" scaleY="1" rotation="0" isPop="true" popType="list" x="438" y="350"/>
    <G1G2 deviceID="6879" scale="1" scaleX="1" scaleY="1" rotation="10" isPop="true" popType="list" x="336" y="224"/>
    <ADE deviceID="6873" scale="1" scaleX="1" scaleY="1" rotation="15" isPop="true" popType="list" x="97" y="157"/>
    <ADE deviceID="6873" scale="1" scaleX="1" scaleY="1" rotation="10" isPop="true" popType="list" x="143" y="322"/>
    <ADE deviceID="6867" scale="1" scaleX="1" scaleY="1" rotation="15" isPop="true" popType="list" x="55" y="298"/>
    <ADE deviceID="6867" scale="1" scaleX="1" scaleY="1" rotation="10" isPop="true" popType="list" x="174" y="177"/>
    <GGZMSY2F scale="1.2" rotation="0" scaleX="1.2" scaleY="1.2" x="800" y="8"/>
    <TEXT scaleY="1" deviceID="" scale="1" fontWeight="bold" fontFamily="Arial" text="3" scaleX="1" color="0" widthInChars="1" param="" rotation="0" fontSize="20" textAlign="right" x="861" y="75"/>
    <DE deviceID="6849" scale="1" scaleX="1" scaleY="1" rotation="0" isPop="true" popType="list" x="605" y="55"/>
    <DE deviceID="6849" scale="1" scaleX="1" scaleY="1" rotation="10" isPop="true" popType="list" x="284" y="195"/>
    <DE deviceID="6849" scale="1" scaleX="1" scaleY="1" rotation="10" isPop="true" popType="list" x="245" y="340"/>
    <G2 deviceID="6885" scale="1" scaleX="1" scaleY="1" rotation="0" isPop="true" popType="list" x="780" y="190"/>
    <G2 deviceID="6885" scale="1" scaleX="1" scaleY="1" rotation="15" isPop="true" popType="list" x="148" y="191"/>
    <G2 deviceID="6885" scale="1" scaleX="1" scaleY="1" rotation="10" isPop="true" popType="list" x="214" y="321"/>
    <G2 deviceID="6885" scale="1" scaleX="1" scaleY="1" rotation="0" isPop="true" popType="list" x="445" y="235"/>
  </Components>
</Configration>