<?xml version="1.0" encoding="utf-8"?><Configration Width="1076.8187919463087" Height="542">
  <LIST>
    <Component>
      <BLIGHT/>
      <ADE/>
      <G1G2/>
      <HLIGHT/>
      <DE/>
      <G2/>
    </Component>
    <Image>
      <GGZMSY2F4 source="assets/comp/ggzmsy2f4.png"/>
      <JXK source="assets/comp/jxk.png"/>
      <GGZMSY2F source="assets/comp/ggzmsy2f.png"/>
    </Image>
  </LIST>
  <Components>
    <GGZMSY2F4 scale="1" rotation="0" scaleX="1" scaleY="1" x="14" y="8"/>
    <JXK scale="0.9" rotation="0" scaleX="0.9" scaleY="0.9" x="594" y="8"/>
    <TEXT scaleY="1" deviceID="" scale="1" fontWeight="normal" fontFamily="黑体" text="A 应急照明" scaleX="1" color="16777215" widthInChars="5" param="" rotation="0" fontSize="14" textAlign="right" x="690" y="65"/>
    <TEXT scaleY="1" deviceID="" scale="1" fontWeight="normal" fontFamily="黑体" text="D 走廊照明50%" scaleX="1" color="16777215" widthInChars="7" param="" rotation="0" fontSize="14" textAlign="right" x="686" y="155"/>
    <TEXT scaleY="1" deviceID="" scale="1" fontWeight="normal" fontFamily="黑体" text="E 走廊照明50%" scaleX="1" color="16777215" widthInChars="7" param="" rotation="0" fontSize="14" textAlign="right" x="688" y="200"/>
    <TEXT scaleY="1" deviceID="" scale="1" fontWeight="normal" fontFamily="黑体" text="B 小走道照明" scaleX="1" color="16777215" widthInChars="6" param="" rotation="0" fontSize="14" textAlign="right" x="690" y="110"/>
    <TEXT scaleY="1" deviceID="" scale="1" fontWeight="normal" fontFamily="黑体" text="H 导向标识" scaleX="1" color="16777215" widthInChars="5" param="" rotation="0" fontSize="14" textAlign="right" x="961" y="194"/>
    <TEXT scaleY="1" deviceID="" scale="1" fontWeight="normal" fontFamily="黑体" text="G1 T5装饰灯" scaleX="1" color="16777215" widthInChars="6" param="" rotation="0" fontSize="14" textAlign="right" x="830" y="151"/>
    <TEXT scaleY="1" deviceID="" scale="1" fontWeight="normal" fontFamily="黑体" text="G2 LED装饰灯" scaleX="1" color="16777215" widthInChars="6" param="" rotation="0" fontSize="14" textAlign="right" x="838" y="196"/>
    <BLIGHT deviceID="6856" scale="1" scaleX="1" scaleY="1" rotation="0" isPop="true" popType="list" x="605" y="100"/>
    <ADE deviceID="6868" scale="1" scaleX="1" scaleY="1" rotation="0" isPop="true" popType="list" x="605" y="145"/>
    <ADE deviceID="6874" scale="1" scaleX="1" scaleY="1" rotation="0" isPop="true" popType="list" x="605" y="190"/>
    <G1G2 deviceID="6880" scale="1" scaleX="1" scaleY="1" rotation="0" isPop="true" popType="list" x="780" y="145"/>
    <HLIGHT deviceID="6841" scale="0.7" scaleX="0.7" scaleY="0.7" rotation="0" isPop="true" popType="list" x="920" y="190"/>
    <HLIGHT deviceID="6841" scale="0.7" scaleX="0.7" scaleY="0.7" rotation="-90" isPop="true" popType="list" x="13" y="397"/>
    <BLIGHT deviceID="6856" scale="1" scaleX="1" scaleY="1" rotation="90" isPop="true" popType="list" x="148" y="399"/>
    <HLIGHT deviceID="6841" scale="0.7" scaleX="0.7" scaleY="0.7" rotation="-90" isPop="true" popType="list" x="376" y="402"/>
    <BLIGHT deviceID="6856" scale="1" scaleX="1" scaleY="1" rotation="90" isPop="true" popType="list" x="492" y="422"/>
    <ADE deviceID="6868" scale="1" scaleX="1" scaleY="1" rotation="5" isPop="true" popType="list" x="414" y="370"/>
    <ADE deviceID="6874" scale="1" scaleX="1" scaleY="1" rotation="10" isPop="true" popType="list" x="541" y="389"/>
    <ADE deviceID="6874" scale="1" scaleX="1" scaleY="1" rotation="5" isPop="true" popType="list" x="437" y="222"/>
    <G1G2 deviceID="6880" scale="1" scaleX="1" scaleY="1" rotation="0" isPop="true" popType="list" x="121" y="345"/>
    <HLIGHT deviceID="6841" scale="0.7" scaleX="0.7" scaleY="0.7" rotation="90" isPop="true" popType="list" x="327" y="221"/>
    <G1G2 deviceID="6880" scale="1" scaleX="1" scaleY="1" rotation="10" isPop="true" popType="list" x="502" y="365"/>
    <G1G2 deviceID="6880" scale="1" scaleX="1" scaleY="1" rotation="10" isPop="true" popType="list" x="385" y="239"/>
    <ADE deviceID="6874" scale="1" scaleX="1" scaleY="1" rotation="0" isPop="true" popType="list" x="55" y="210"/>
    <ADE deviceID="6868" scale="1" scaleX="1" scaleY="1" rotation="0" isPop="true" popType="list" x="160" y="208"/>
    <BLIGHT deviceID="6856" scale="1" scaleX="1" scaleY="1" rotation="90" isPop="true" popType="list" x="248" y="131"/>
    <BLIGHT deviceID="6856" scale="1" scaleX="1" scaleY="1" rotation="0" isPop="true" popType="list" x="110" y="118"/>
    <HLIGHT deviceID="6841" scale="0.7" scaleX="0.7" scaleY="0.7" rotation="95" isPop="true" popType="list" x="691" y="264"/>
    <ADE deviceID="6868" scale="1" scaleX="1" scaleY="1" rotation="10" isPop="true" popType="list" x="566" y="239"/>
    <ADE deviceID="6874" scale="1" scaleX="1" scaleY="1" rotation="0" isPop="true" popType="list" x="166" y="359"/>
    <ADE deviceID="6868" scale="1" scaleX="1" scaleY="1" rotation="0" isPop="true" popType="list" x="44" y="364"/>
    <GGZMSY2F scale="1.2" rotation="0" scaleX="1.2" scaleY="1.2" x="800" y="8"/>
    <TEXT scaleY="1" deviceID="" scale="1" fontWeight="bold" fontFamily="Arial" text="4" scaleX="1" color="0" widthInChars="1" param="" rotation="0" fontSize="20" textAlign="right" x="910" y="77"/>
    <DE deviceID="6850" scale="1" scaleX="1" scaleY="1" rotation="0" isPop="true" popType="list" x="605" y="55"/>
    <DE deviceID="6850" scale="1" scaleX="1" scaleY="1" rotation="5" isPop="true" popType="list" x="312" y="211"/>
    <DE deviceID="6850" scale="1" scaleX="1" scaleY="1" rotation="5" isPop="true" popType="list" x="294" y="361"/>
    <G2 deviceID="6886" scale="1" scaleX="1" scaleY="1" rotation="0" isPop="true" popType="list" x="780" y="190"/>
    <G2 deviceID="6886" scale="1" scaleX="1" scaleY="1" rotation="10" isPop="true" popType="list" x="525" y="256"/>
    <G2 deviceID="6886" scale="1" scaleX="1" scaleY="1" rotation="10" isPop="true" popType="list" x="264" y="336"/>
    <G2 deviceID="6886" scale="1" scaleX="1" scaleY="1" rotation="0" isPop="true" popType="list" x="119" y="236"/>
  </Components>
</Configration>