<?xml version="1.0" encoding="utf-8"?>
<Configration Width="1439" Height="717">
  <LIST>
    <Component>
      <BQSX/>
    </Component>
    <Image>
      <F2NODE source="mapAssets/mapImages/F2Node.png" group="map"/>
      <LCF2 source="assets/comp/LCF2.png"/>
      <TULI source="assets/comp/TULI/TULI.png"/>
      <QSXZCTULI source="assets/comp/TULI/QSXZC.png"/>
      <QSXBJTULI source="assets/comp/TULI/QSXBJ.png"/>
      <BQSXZCTULI source="assets/comp/TULI/BQSXZC.png"/>
      <BQSXBJTULI source="assets/comp/TULI/BQSXBJ.png"/>
      <ZNSXZCTULI source="assets/comp/TULI/ZNSXZC.png"/>
      <ZNSXBJTULI source="assets/comp/TULI/ZNSXBJ.png"/>
    </Image>
  </LIST>
  <Components>
    <F2NODE group="map" source="mapAssets/mapImages/F2Node.png" x="4.350000000000023" y="-0.05000000000001137" width="1434" color="16737792" height="714"/>
    <LCF2 x="10" y="10" height="92" source="assets/comp/LCF2.png" width="110" group="bg"/>
    <BQSX deviceID="640163" deviceName="JK-2A-B01" source="assets/comp/BQSX/alarm/0/1.png" scaleY="0.3" mark="TSX" scaleX="0.3" x="164.99999999999977" width="80" group="commonComp" height="80" y="147.45000000000002"/>
    <TULI source="assets/comp/TULI/TULI.png" scaleX="1.2" scaleY="1.2" x="1161" y="563" width="225" group="tuli" height="124"/>
    <TEXT group="commonComp" textAlign="center" fontSize="14" fontFamily="微软雅黑" width="32" height="19" deviceID="" text="正常" borderColor="0xffffff" source="assets/comp/TEXTINPUT/label.png" fontWeight="normal" widthInChars="4" contentBackgroundAlpha="0" contentBackgroundColor="16777215" borderVisible="false" y="596" param="" x="1283" color="255" sizeAuto="true"/>
    <TEXT group="commonComp" textAlign="center" fontSize="14" fontFamily="微软雅黑" width="32" height="19" deviceID="" text="报警" borderColor="0xffffff" source="assets/comp/TEXTINPUT/label.png" fontWeight="normal" widthInChars="4" contentBackgroundAlpha="0" contentBackgroundColor="16777215" borderVisible="false" y="596" param="" x="1353" color="255" sizeAuto="true"/>
    <QSXZCTULI source="assets/comp/TULI/QSXZC.png" scaleX="0.3" scaleY="0.3" x="1287" y="616" width="80" group="tuli" height="80"/>
    <QSXBJTULI source="assets/comp/TULI/QSXBJ.png" scaleX="0.3" scaleY="0.3" x="1358" y="616" width="80" group="tuli" height="80"/>
    <BQSXZCTULI source="assets/comp/TULI/BQSXZC.png" scaleX="0.3" scaleY="0.3" x="1287" y="641" width="80" group="tuli" height="80"/>
    <BQSXBJTULI source="assets/comp/TULI/BQSXBJ.png" scaleX="0.3" scaleY="0.3" x="1358" y="641" width="80" group="tuli" height="80"/>
    <ZNSXZCTULI source="assets/comp/TULI/ZNSXZC.png" scaleX="0.3" scaleY="0.3" x="1287" y="666" width="80" group="tuli" height="80"/>
    <ZNSXBJTULI source="assets/comp/TULI/ZNSXBJ.png" scaleX="0.3" scaleY="0.3" x="1358" y="666" width="80" group="tuli" height="80"/>
    <TEXT group="commonComp" textAlign="center" fontSize="14" fontFamily="微软雅黑" width="32" height="19" deviceID="" text="枪机" borderColor="0xffffff" source="assets/comp/TEXTINPUT/label.png" fontWeight="normal" widthInChars="4" contentBackgroundAlpha="0" contentBackgroundColor="16777215" borderVisible="false" y="619" param="" x="1213" color="255" sizeAuto="true"/>
    <TEXT group="commonComp" textAlign="center" fontSize="14" fontFamily="微软雅黑" width="32" height="19" deviceID="" text="半球" borderColor="0xffffff" source="assets/comp/TEXTINPUT/label.png" fontWeight="normal" widthInChars="4" contentBackgroundAlpha="0" contentBackgroundColor="16777215" borderVisible="false" y="644" param="" x="1213" color="255" sizeAuto="true"/>
    <TEXT group="commonComp" textAlign="center" fontSize="14" fontFamily="微软雅黑" width="32" height="19" deviceID="" text="云台" borderColor="0xffffff" source="assets/comp/TEXTINPUT/label.png" fontWeight="normal" widthInChars="4" contentBackgroundAlpha="0" contentBackgroundColor="16777215" borderVisible="false" y="668" param="" x="1213" color="255" sizeAuto="true"/>
    <TEXT group="commonComp" textAlign="center" fontSize="12" fontFamily="微软雅黑" width="41" height="17" deviceID="" text="大统华" borderColor="0xffffff" source="assets/comp/TEXTINPUT/label.png" fontWeight="normal" widthInChars="4" contentBackgroundAlpha="0" contentBackgroundColor="16777215" borderVisible="false" y="577" param="" x="45" color="13408512" sizeAuto="true"/>
    <TEXT group="commonComp" textAlign="center" fontSize="12" fontFamily="微软雅黑" width="56" height="17" deviceID="" text="UlifeStyle" borderColor="0xffffff" source="assets/comp/TEXTINPUT/label.png" fontWeight="normal" widthInChars="4" contentBackgroundAlpha="0" contentBackgroundColor="16777215" borderVisible="false" y="591" param="" x="45" color="13408512" sizeAuto="true"/>
    <TEXT group="commonComp" textAlign="center" fontSize="12" fontFamily="微软雅黑" width="47" height="17" deviceID="" text="TC town" borderColor="0xffffff" source="assets/comp/TEXTINPUT/label.png" fontWeight="normal" widthInChars="4" contentBackgroundAlpha="0" contentBackgroundColor="16777215" borderVisible="false" y="621" param="" x="47" color="13408512" sizeAuto="true"/>
    <TEXT group="commonComp" textAlign="center" fontSize="12" fontFamily="微软雅黑" width="56" height="17" deviceID="" text="UlifeStyle" borderColor="0xffffff" source="assets/comp/TEXTINPUT/label.png" fontWeight="normal" widthInChars="4" contentBackgroundAlpha="0" contentBackgroundColor="16777215" borderVisible="false" y="606" param="" x="45" color="13408512" sizeAuto="true"/>
    <TEXT group="commonComp" textAlign="center" fontSize="12" fontFamily="微软雅黑" width="47" height="17" deviceID="" text="TC town" borderColor="0xffffff" source="assets/comp/TEXTINPUT/label.png" fontWeight="normal" widthInChars="4" contentBackgroundAlpha="0" contentBackgroundColor="16777215" borderVisible="false" y="635" param="" x="47" color="13408512" sizeAuto="true"/>
    <TEXT group="commonComp" textAlign="center" fontSize="12" fontFamily="微软雅黑" width="26" height="17" deviceID="" text="2027" borderColor="0xffffff" source="assets/comp/TEXTINPUT/label.png" fontWeight="normal" widthInChars="4" contentBackgroundAlpha="0" contentBackgroundColor="16777215" borderVisible="false" y="577" param="" x="130" color="13408512" sizeAuto="true"/>
    <TEXT group="commonComp" textAlign="center" fontSize="12" fontFamily="微软雅黑" width="26" height="17" deviceID="" text="2038" borderColor="0xffffff" source="assets/comp/TEXTINPUT/label.png" fontWeight="normal" widthInChars="4" contentBackgroundAlpha="0" contentBackgroundColor="16777215" borderVisible="false" y="591" param="" x="130" color="13408512" sizeAuto="true"/>
    <TEXT group="commonComp" textAlign="center" fontSize="12" fontFamily="微软雅黑" width="26" height="17" deviceID="" text="2039" borderColor="0xffffff" source="assets/comp/TEXTINPUT/label.png" fontWeight="normal" widthInChars="4" contentBackgroundAlpha="0" contentBackgroundColor="16777215" borderVisible="false" y="606" param="" x="130" color="13408512" sizeAuto="true"/>
    <TEXT group="commonComp" textAlign="center" fontSize="12" fontFamily="微软雅黑" width="38" height="17" deviceID="" text="2042-1" borderColor="0xffffff" source="assets/comp/TEXTINPUT/label.png" fontWeight="normal" widthInChars="4" contentBackgroundAlpha="0" contentBackgroundColor="16777215" borderVisible="false" y="621" param="" x="130" color="13408512" sizeAuto="false"/>
    <TEXT group="commonComp" textAlign="center" fontSize="12" fontFamily="微软雅黑" width="41" height="17" deviceID="" text="2042-2" borderColor="0xffffff" source="assets/comp/TEXTINPUT/label.png" fontWeight="normal" widthInChars="4" contentBackgroundAlpha="0" contentBackgroundColor="16777215" borderVisible="false" y="636" param="" x="129" color="13408512" sizeAuto="false"/>
    <TEXT group="commonComp" textAlign="center" fontSize="12" fontFamily="微软雅黑" width="50" height="17" deviceID="" text="Maya‘s" borderColor="0xffffff" source="assets/comp/TEXTINPUT/label.png" fontWeight="normal" widthInChars="4" contentBackgroundAlpha="0" contentBackgroundColor="16777215" borderVisible="false" y="649" param="" x="48" color="39168" sizeAuto="false"/>
    <TEXT group="commonComp" textAlign="center" fontSize="12" fontFamily="微软雅黑" width="54" height="17" deviceID="" text="邻家女孩" borderColor="0xffffff" source="assets/comp/TEXTINPUT/label.png" fontWeight="normal" widthInChars="4" contentBackgroundAlpha="0" contentBackgroundColor="16777215" borderVisible="false" y="678" param="" x="45" color="39168" sizeAuto="true"/>
    <TEXT group="commonComp" textAlign="center" fontSize="12" fontFamily="微软雅黑" width="54" height="17" deviceID="" text="大形无样" borderColor="0xffffff" source="assets/comp/TEXTINPUT/label.png" fontWeight="normal" widthInChars="4" contentBackgroundAlpha="0" contentBackgroundColor="16777215" borderVisible="false" y="664" param="" x="45" color="39168" sizeAuto="true"/>
    <TEXT group="commonComp" textAlign="center" fontSize="12" fontFamily="微软雅黑" width="54" height="17" deviceID="" text="翡翠无恙" borderColor="0xffffff" source="assets/comp/TEXTINPUT/label.png" fontWeight="normal" widthInChars="4" contentBackgroundAlpha="0" contentBackgroundColor="16777215" borderVisible="false" y="693" param="" x="46" color="39168" sizeAuto="true"/>
    <TEXT group="commonComp" textAlign="center" fontSize="12" fontFamily="微软雅黑" width="50" height="17" deviceID="" text="2003" borderColor="0xffffff" source="assets/comp/TEXTINPUT/label.png" fontWeight="normal" widthInChars="4" contentBackgroundAlpha="0" contentBackgroundColor="16777215" borderVisible="false" y="651" param="" x="118" color="39168" sizeAuto="false"/>
    <TEXT group="commonComp" textAlign="center" fontSize="12" fontFamily="微软雅黑" width="50" height="17" deviceID="" text="2010" borderColor="0xffffff" source="assets/comp/TEXTINPUT/label.png" fontWeight="normal" widthInChars="4" contentBackgroundAlpha="0" contentBackgroundColor="16777215" borderVisible="false" y="666" param="" x="118" color="39168" sizeAuto="false"/>
    <TEXT group="commonComp" textAlign="center" fontSize="12" fontFamily="微软雅黑" width="50" height="17" deviceID="" text="2011" borderColor="0xffffff" source="assets/comp/TEXTINPUT/label.png" fontWeight="normal" widthInChars="4" contentBackgroundAlpha="0" contentBackgroundColor="16777215" borderVisible="false" y="679" param="" x="118" color="39168" sizeAuto="false"/>
    <TEXT group="commonComp" textAlign="center" fontSize="12" fontFamily="微软雅黑" width="50" height="17" deviceID="" text="2012" borderColor="0xffffff" source="assets/comp/TEXTINPUT/label.png" fontWeight="normal" widthInChars="4" contentBackgroundAlpha="0" contentBackgroundColor="16777215" borderVisible="false" y="694" param="" x="118" color="39168" sizeAuto="false"/>
    <TEXT group="commonComp" textAlign="center" fontSize="12" fontFamily="微软雅黑" width="50" height="17" deviceID="" text="红豆男装" borderColor="0xffffff" source="assets/comp/TEXTINPUT/label.png" fontWeight="normal" widthInChars="4" contentBackgroundAlpha="0" contentBackgroundColor="16777215" borderVisible="false" y="580" param="" x="192" color="39168" sizeAuto="false"/>
    <TEXT group="commonComp" textAlign="center" fontSize="12" fontFamily="微软雅黑" width="50" height="17" deviceID="" text="2013" borderColor="0xffffff" source="assets/comp/TEXTINPUT/label.png" fontWeight="normal" widthInChars="4" contentBackgroundAlpha="0" contentBackgroundColor="16777215" borderVisible="false" y="577" param="" x="265" color="39168" sizeAuto="false"/>
    <TEXT group="commonComp" textAlign="center" fontSize="12" fontFamily="微软雅黑" width="50" height="17" deviceID="" text="利郎" borderColor="0xffffff" source="assets/comp/TEXTINPUT/label.png" fontWeight="normal" widthInChars="4" contentBackgroundAlpha="0" contentBackgroundColor="16777215" borderVisible="false" y="592" param="" x="181" color="39168" sizeAuto="false"/>
    <TEXT group="commonComp" textAlign="center" fontSize="12" fontFamily="微软雅黑" width="50" height="17" deviceID="" text="IRA" borderColor="0xffffff" source="assets/comp/TEXTINPUT/label.png" fontWeight="normal" widthInChars="4" contentBackgroundAlpha="0" contentBackgroundColor="16777215" borderVisible="false" y="607" param="" x="180" color="39168" sizeAuto="false"/>
    <TEXT group="commonComp" textAlign="center" fontSize="12" fontFamily="微软雅黑" width="50" height="17" deviceID="" text="贝纳川" borderColor="0xffffff" source="assets/comp/TEXTINPUT/label.png" fontWeight="normal" widthInChars="4" contentBackgroundAlpha="0" contentBackgroundColor="16777215" borderVisible="false" y="623" param="" x="187" color="39168" sizeAuto="false"/>
    <TEXT group="commonComp" textAlign="center" fontSize="12" fontFamily="微软雅黑" width="50" height="17" deviceID="" text="柒牌" borderColor="0xffffff" source="assets/comp/TEXTINPUT/label.png" fontWeight="normal" widthInChars="4" contentBackgroundAlpha="0" contentBackgroundColor="16777215" borderVisible="false" y="637" param="" x="182" color="39168" sizeAuto="false"/>
    <TEXT group="commonComp" textAlign="center" fontSize="12" fontFamily="微软雅黑" width="50" height="17" deviceID="" text="森林鸟" borderColor="0xffffff" source="assets/comp/TEXTINPUT/label.png" fontWeight="normal" widthInChars="4" contentBackgroundAlpha="0" contentBackgroundColor="16777215" borderVisible="false" y="651" param="" x="187" color="39168" sizeAuto="false"/>
    <TEXT group="commonComp" textAlign="center" fontSize="12" fontFamily="微软雅黑" width="50" height="17" deviceID="" text="娅茜女孩" borderColor="0xffffff" source="assets/comp/TEXTINPUT/label.png" fontWeight="normal" widthInChars="4" contentBackgroundAlpha="0" contentBackgroundColor="16777215" borderVisible="false" y="666" param="" x="194" color="39168" sizeAuto="false"/>
    <TEXT group="commonComp" textAlign="center" fontSize="12" fontFamily="微软雅黑" width="50" height="17" deviceID="" text="SeRina" borderColor="0xffffff" source="assets/comp/TEXTINPUT/label.png" fontWeight="normal" widthInChars="4" contentBackgroundAlpha="0" contentBackgroundColor="16777215" borderVisible="false" y="680" param="" x="188" color="39168" sizeAuto="false"/>
    <TEXT group="commonComp" textAlign="center" fontSize="12" fontFamily="微软雅黑" width="50" height="17" deviceID="" text="彩库" borderColor="0xffffff" source="assets/comp/TEXTINPUT/label.png" fontWeight="normal" widthInChars="4" contentBackgroundAlpha="0" contentBackgroundColor="16777215" borderVisible="false" y="695" param="" x="181" color="39168" sizeAuto="false"/>
    <TEXT group="commonComp" textAlign="center" fontSize="12" fontFamily="微软雅黑" width="50" height="17" deviceID="" text="2014" borderColor="0xffffff" source="assets/comp/TEXTINPUT/label.png" fontWeight="normal" widthInChars="4" contentBackgroundAlpha="0" contentBackgroundColor="16777215" borderVisible="false" y="594" param="" x="265" color="39168" sizeAuto="false"/>
    <TEXT group="commonComp" textAlign="center" fontSize="12" fontFamily="微软雅黑" width="50" height="17" deviceID="" text="2015" borderColor="0xffffff" source="assets/comp/TEXTINPUT/label.png" fontWeight="normal" widthInChars="4" contentBackgroundAlpha="0" contentBackgroundColor="16777215" borderVisible="false" y="609" param="" x="265" color="39168" sizeAuto="false"/>
    <TEXT group="commonComp" textAlign="center" fontSize="12" fontFamily="微软雅黑" width="50" height="17" deviceID="" text="2016" borderColor="0xffffff" source="assets/comp/TEXTINPUT/label.png" fontWeight="normal" widthInChars="4" contentBackgroundAlpha="0" contentBackgroundColor="16777215" borderVisible="false" y="623" param="" x="265" color="39168" sizeAuto="false"/>
    <TEXT group="commonComp" textAlign="center" fontSize="12" fontFamily="微软雅黑" width="50" height="17" deviceID="" text="2017" borderColor="0xffffff" source="assets/comp/TEXTINPUT/label.png" fontWeight="normal" widthInChars="4" contentBackgroundAlpha="0" contentBackgroundColor="16777215" borderVisible="false" y="638" param="" x="265" color="39168" sizeAuto="false"/>
    <TEXT group="commonComp" textAlign="center" fontSize="12" fontFamily="微软雅黑" width="50" height="17" deviceID="" text="2018" borderColor="0xffffff" source="assets/comp/TEXTINPUT/label.png" fontWeight="normal" widthInChars="4" contentBackgroundAlpha="0" contentBackgroundColor="16777215" borderVisible="false" y="651" param="" x="265" color="39168" sizeAuto="false"/>
    <TEXT group="commonComp" textAlign="center" fontSize="12" fontFamily="微软雅黑" width="50" height="17" deviceID="" text="2020" borderColor="0xffffff" source="assets/comp/TEXTINPUT/label.png" fontWeight="normal" widthInChars="4" contentBackgroundAlpha="0" contentBackgroundColor="16777215" borderVisible="false" y="666" param="" x="265" color="39168" sizeAuto="false"/>
    <TEXT group="commonComp" textAlign="center" fontSize="12" fontFamily="微软雅黑" width="50" height="17" deviceID="" text="2023" borderColor="0xffffff" source="assets/comp/TEXTINPUT/label.png" fontWeight="normal" widthInChars="4" contentBackgroundAlpha="0" contentBackgroundColor="16777215" borderVisible="false" y="695" param="" x="264" color="39168" sizeAuto="false"/>
    <TEXT group="commonComp" textAlign="center" fontSize="12" fontFamily="微软雅黑" width="50" height="17" deviceID="" text="2022" borderColor="0xffffff" source="assets/comp/TEXTINPUT/label.png" fontWeight="normal" widthInChars="4" contentBackgroundAlpha="0" contentBackgroundColor="16777215" borderVisible="false" y="681" param="" x="264" color="39168" sizeAuto="false"/>
    <TEXT group="commonComp" textAlign="center" fontSize="12" fontFamily="微软雅黑" width="50" height="17" deviceID="" text="依芮" borderColor="0xffffff" source="assets/comp/TEXTINPUT/label.png" fontWeight="normal" widthInChars="4" contentBackgroundAlpha="0" contentBackgroundColor="16777215" borderVisible="false" y="577" param="" x="315" color="39168" sizeAuto="false"/>
    <TEXT group="commonComp" textAlign="center" fontSize="12" fontFamily="微软雅黑" width="50" height="17" deviceID="" text="伊佐拉" borderColor="0xffffff" source="assets/comp/TEXTINPUT/label.png" fontWeight="normal" widthInChars="4" contentBackgroundAlpha="0" contentBackgroundColor="16777215" borderVisible="false" y="591" param="" x="321" color="39168" sizeAuto="false"/>
    <TEXT group="commonComp" textAlign="center" fontSize="12" fontFamily="微软雅黑" width="50" height="17" deviceID="" text="优厂速购" borderColor="0xffffff" source="assets/comp/TEXTINPUT/label.png" fontWeight="normal" widthInChars="4" contentBackgroundAlpha="0" contentBackgroundColor="16777215" borderVisible="false" y="608" param="" x="328" color="39168" sizeAuto="false"/>
    <TEXT group="commonComp" textAlign="center" fontSize="12" fontFamily="微软雅黑" width="50" height="17" deviceID="" text="安踏" borderColor="0xffffff" source="assets/comp/TEXTINPUT/label.png" fontWeight="normal" widthInChars="4" contentBackgroundAlpha="0" contentBackgroundColor="16777215" borderVisible="false" y="622" param="" x="317" color="39168" sizeAuto="false"/>
    <TEXT group="commonComp" textAlign="center" fontSize="12" fontFamily="微软雅黑" width="50" height="17" deviceID="" text="ABC童装" borderColor="0xffffff" source="assets/comp/TEXTINPUT/label.png" fontWeight="normal" widthInChars="4" contentBackgroundAlpha="0" contentBackgroundColor="16777215" borderVisible="false" y="636" param="" x="329" color="39168" sizeAuto="false"/>
    <TEXT group="commonComp" textAlign="center" fontSize="12" fontFamily="微软雅黑" width="60" height="17" deviceID="" text="宝原运动馆" borderColor="0xffffff" source="assets/comp/TEXTINPUT/label.png" fontWeight="normal" widthInChars="4" contentBackgroundAlpha="0" contentBackgroundColor="16777215" borderVisible="false" y="651" param="" x="330" color="39168" sizeAuto="false"/>
    <TEXT group="commonComp" textAlign="center" fontSize="12" fontFamily="微软雅黑" width="50" height="17" deviceID="" text="海贝" borderColor="0xffffff" source="assets/comp/TEXTINPUT/label.png" fontWeight="normal" widthInChars="4" contentBackgroundAlpha="0" contentBackgroundColor="16777215" borderVisible="false" y="666" param="" x="318" color="39168" sizeAuto="false"/>
    <TEXT group="commonComp" textAlign="center" fontSize="12" fontFamily="微软雅黑" width="50" height="17" deviceID="" text="UX5" borderColor="0xffffff" source="assets/comp/TEXTINPUT/label.png" fontWeight="normal" widthInChars="4" contentBackgroundAlpha="0" contentBackgroundColor="16777215" borderVisible="false" y="682" param="" x="319" color="39168" sizeAuto="false"/>
    <TEXT group="commonComp" textAlign="center" fontSize="12" fontFamily="微软雅黑" width="50" height="17" deviceID="" text="李宁" borderColor="0xffffff" source="assets/comp/TEXTINPUT/label.png" fontWeight="normal" widthInChars="4" contentBackgroundAlpha="0" contentBackgroundColor="16777215" borderVisible="false" y="695" param="" x="319" color="39168" sizeAuto="false"/>
    <TEXT group="commonComp" textAlign="center" fontSize="12" fontFamily="微软雅黑" width="50" height="17" deviceID="" text="2024" borderColor="0xffffff" source="assets/comp/TEXTINPUT/label.png" fontWeight="normal" widthInChars="4" contentBackgroundAlpha="0" contentBackgroundColor="16777215" borderVisible="false" y="577" param="" x="387" color="39168" sizeAuto="false"/>
    <TEXT group="commonComp" textAlign="center" fontSize="12" fontFamily="微软雅黑" width="50" height="17" deviceID="" text="2025" borderColor="0xffffff" source="assets/comp/TEXTINPUT/label.png" fontWeight="normal" widthInChars="4" contentBackgroundAlpha="0" contentBackgroundColor="16777215" borderVisible="false" y="592" param="" x="387" color="39168" sizeAuto="false"/>
    <TEXT group="commonComp" textAlign="center" fontSize="12" fontFamily="微软雅黑" width="50" height="17" deviceID="" text="2026" borderColor="0xffffff" source="assets/comp/TEXTINPUT/label.png" fontWeight="normal" widthInChars="4" contentBackgroundAlpha="0" contentBackgroundColor="16777215" borderVisible="false" y="608" param="" x="387" color="39168" sizeAuto="false"/>
    <TEXT group="commonComp" textAlign="center" fontSize="12" fontFamily="微软雅黑" width="50" height="17" deviceID="" text="2030" borderColor="0xffffff" source="assets/comp/TEXTINPUT/label.png" fontWeight="normal" widthInChars="4" contentBackgroundAlpha="0" contentBackgroundColor="16777215" borderVisible="false" y="622" param="" x="387" color="39168" sizeAuto="false"/>
    <TEXT group="commonComp" textAlign="center" fontSize="12" fontFamily="微软雅黑" width="50" height="17" deviceID="" text="2033" borderColor="0xffffff" source="assets/comp/TEXTINPUT/label.png" fontWeight="normal" widthInChars="4" contentBackgroundAlpha="0" contentBackgroundColor="16777215" borderVisible="false" y="636" param="" x="387" color="39168" sizeAuto="false"/>
    <TEXT group="commonComp" textAlign="center" fontSize="12" fontFamily="微软雅黑" width="50" height="17" deviceID="" text="2043" borderColor="0xffffff" source="assets/comp/TEXTINPUT/label.png" fontWeight="normal" widthInChars="4" contentBackgroundAlpha="0" contentBackgroundColor="16777215" borderVisible="false" y="700" param="" x="387" color="39168" sizeAuto="false"/>
    <TEXT group="commonComp" textAlign="center" fontSize="12" fontFamily="微软雅黑" width="50" height="17" deviceID="" text="2035" borderColor="0xffffff" source="assets/comp/TEXTINPUT/label.png" fontWeight="normal" widthInChars="4" contentBackgroundAlpha="0" contentBackgroundColor="16777215" borderVisible="false" y="651" param="" x="387" color="39168" sizeAuto="false"/>
    <TEXT group="commonComp" textAlign="center" fontSize="12" fontFamily="微软雅黑" width="50" height="17" deviceID="" text="2037" borderColor="0xffffff" source="assets/comp/TEXTINPUT/label.png" fontWeight="normal" widthInChars="4" contentBackgroundAlpha="0" contentBackgroundColor="16777215" borderVisible="false" y="667" param="" x="387" color="39168" sizeAuto="false"/>
    <TEXT group="commonComp" textAlign="center" fontSize="12" fontFamily="微软雅黑" width="50" height="17" deviceID="" text="2040" borderColor="0xffffff" source="assets/comp/TEXTINPUT/label.png" fontWeight="normal" widthInChars="4" contentBackgroundAlpha="0" contentBackgroundColor="16777215" borderVisible="false" y="682" param="" x="387" color="39168" sizeAuto="false"/>
    <TEXT group="commonComp" textAlign="center" fontSize="12" fontFamily="微软雅黑" width="50" height="17" deviceID="" text="Csmall" borderColor="0xffffff" source="assets/comp/TEXTINPUT/label.png" fontWeight="normal" widthInChars="4" contentBackgroundAlpha="0" contentBackgroundColor="16777215" borderVisible="false" y="467" param="" x="468" color="13369497" sizeAuto="false"/>
    <TEXT group="commonComp" textAlign="center" fontSize="12" fontFamily="微软雅黑" width="50" height="17" deviceID="" text="Asdet" borderColor="0xffffff" source="assets/comp/TEXTINPUT/label.png" fontWeight="normal" widthInChars="4" contentBackgroundAlpha="0" contentBackgroundColor="16777215" borderVisible="false" y="482" param="" x="465" color="13369497" sizeAuto="false"/>
    <TEXT group="commonComp" textAlign="center" fontSize="12" fontFamily="微软雅黑" width="50" height="17" deviceID="" text="遇见菲林" borderColor="0xffffff" source="assets/comp/TEXTINPUT/label.png" fontWeight="normal" widthInChars="4" contentBackgroundAlpha="0" contentBackgroundColor="16777215" borderVisible="false" y="498" param="" x="472" color="13369497" sizeAuto="false"/>
    <TEXT group="commonComp" textAlign="center" fontSize="12" fontFamily="微软雅黑" width="95" height="17" deviceID="" text="twin kids/芙优尚" borderColor="0xffffff" source="assets/comp/TEXTINPUT/label.png" fontWeight="normal" widthInChars="4" contentBackgroundAlpha="0" contentBackgroundColor="16777215" borderVisible="false" y="529" param="" x="472" color="13369497" sizeAuto="false"/>
    <TEXT group="commonComp" textAlign="center" fontSize="12" fontFamily="微软雅黑" width="50" height="17" deviceID="" text="City life" borderColor="0xffffff" source="assets/comp/TEXTINPUT/label.png" fontWeight="normal" widthInChars="4" contentBackgroundAlpha="0" contentBackgroundColor="16777215" borderVisible="false" y="516" param="" x="470" color="13369497" sizeAuto="false"/>
    <TEXT group="commonComp" textAlign="center" fontSize="12" fontFamily="微软雅黑" width="50" height="17" deviceID="" text="稻草人" borderColor="0xffffff" source="assets/comp/TEXTINPUT/label.png" fontWeight="normal" widthInChars="4" contentBackgroundAlpha="0" contentBackgroundColor="16777215" borderVisible="false" y="546" param="" x="468" color="13369497" sizeAuto="false"/>
    <TEXT group="commonComp" textAlign="center" fontSize="12" fontFamily="微软雅黑" width="115" height="17" deviceID="" text="CONLIAHOME 悦舍" borderColor="0xffffff" source="assets/comp/TEXTINPUT/label.png" fontWeight="normal" widthInChars="4" contentBackgroundAlpha="0" contentBackgroundColor="16777215" borderVisible="false" y="562" param="" x="472" color="13369497" sizeAuto="false"/>
    <TEXT group="commonComp" textAlign="center" fontSize="12" fontFamily="微软雅黑" width="50" height="17" deviceID="" text="June Wu" borderColor="0xffffff" source="assets/comp/TEXTINPUT/label.png" fontWeight="normal" widthInChars="4" contentBackgroundAlpha="0" contentBackgroundColor="16777215" borderVisible="false" y="592" param="" x="474" color="13369497" sizeAuto="false"/>
    <TEXT group="commonComp" textAlign="center" fontSize="12" fontFamily="微软雅黑" width="50" height="17" deviceID="" text="玖也舍" borderColor="0xffffff" source="assets/comp/TEXTINPUT/label.png" fontWeight="normal" widthInChars="4" contentBackgroundAlpha="0" contentBackgroundColor="16777215" borderVisible="false" y="607" param="" x="469" color="13369497" sizeAuto="false"/>
    <TEXT group="commonComp" textAlign="center" fontSize="12" fontFamily="微软雅黑" width="50" height="17" deviceID="" text="伶俐精选" borderColor="0xffffff" source="assets/comp/TEXTINPUT/label.png" fontWeight="normal" widthInChars="4" contentBackgroundAlpha="0" contentBackgroundColor="16777215" borderVisible="false" y="623" param="" x="474" color="13369497" sizeAuto="false"/>
    <TEXT group="commonComp" textAlign="center" fontSize="12" fontFamily="微软雅黑" width="115" height="17" deviceID="" text="CONLIAHOME 悦舍" borderColor="0xffffff" source="assets/comp/TEXTINPUT/label.png" fontWeight="normal" widthInChars="4" contentBackgroundAlpha="0" contentBackgroundColor="16777215" borderVisible="false" y="578" param="" x="472" color="13369497" sizeAuto="false"/>
    <TEXT group="commonComp" textAlign="center" fontSize="12" fontFamily="微软雅黑" width="50" height="17" deviceID="" text="2002" borderColor="0xffffff" source="assets/comp/TEXTINPUT/label.png" fontWeight="normal" widthInChars="4" contentBackgroundAlpha="0" contentBackgroundColor="16777215" borderVisible="false" y="466" param="" x="596" color="13369497" sizeAuto="false"/>
    <TEXT group="commonComp" textAlign="center" fontSize="12" fontFamily="微软雅黑" width="50" height="17" deviceID="" text="2019" borderColor="0xffffff" source="assets/comp/TEXTINPUT/label.png" fontWeight="normal" widthInChars="4" contentBackgroundAlpha="0" contentBackgroundColor="16777215" borderVisible="false" y="483" param="" x="596" color="13369497" sizeAuto="false"/>
    <TEXT group="commonComp" textAlign="center" fontSize="12" fontFamily="微软雅黑" width="50" height="17" deviceID="" text="2021-1" borderColor="0xffffff" source="assets/comp/TEXTINPUT/label.png" fontWeight="normal" widthInChars="4" contentBackgroundAlpha="0" contentBackgroundColor="16777215" borderVisible="false" y="499" param="" x="602" color="13369497" sizeAuto="false"/>
    <TEXT group="commonComp" textAlign="center" fontSize="12" fontFamily="微软雅黑" width="50" height="17" deviceID="" text="2021-2" borderColor="0xffffff" source="assets/comp/TEXTINPUT/label.png" fontWeight="normal" widthInChars="4" contentBackgroundAlpha="0" contentBackgroundColor="16777215" borderVisible="false" y="515" param="" x="602" color="13369497" sizeAuto="false"/>
    <TEXT group="commonComp" textAlign="center" fontSize="12" fontFamily="微软雅黑" width="50" height="17" deviceID="" text="2028" borderColor="0xffffff" source="assets/comp/TEXTINPUT/label.png" fontWeight="normal" widthInChars="4" contentBackgroundAlpha="0" contentBackgroundColor="16777215" borderVisible="false" y="531" param="" x="596" color="13369497" sizeAuto="false"/>
    <TEXT group="commonComp" textAlign="center" fontSize="12" fontFamily="微软雅黑" width="50" height="17" deviceID="" text="2029" borderColor="0xffffff" source="assets/comp/TEXTINPUT/label.png" fontWeight="normal" widthInChars="4" contentBackgroundAlpha="0" contentBackgroundColor="16777215" borderVisible="false" y="548" param="" x="596" color="13369497" sizeAuto="false"/>
    <TEXT group="commonComp" textAlign="center" fontSize="12" fontFamily="微软雅黑" width="50" height="17" deviceID="" text="2031" borderColor="0xffffff" source="assets/comp/TEXTINPUT/label.png" fontWeight="normal" widthInChars="4" contentBackgroundAlpha="0" contentBackgroundColor="16777215" borderVisible="false" y="564" param="" x="596" color="13369497" sizeAuto="false"/>
    <TEXT group="commonComp" textAlign="center" fontSize="12" fontFamily="微软雅黑" width="50" height="17" deviceID="" text="2032" borderColor="0xffffff" source="assets/comp/TEXTINPUT/label.png" fontWeight="normal" widthInChars="4" contentBackgroundAlpha="0" contentBackgroundColor="16777215" borderVisible="false" y="581" param="" x="596" color="13369497" sizeAuto="false"/>
    <TEXT group="commonComp" textAlign="center" fontSize="12" fontFamily="微软雅黑" width="50" height="17" deviceID="" text="2034" borderColor="0xffffff" source="assets/comp/TEXTINPUT/label.png" fontWeight="normal" widthInChars="4" contentBackgroundAlpha="0" contentBackgroundColor="16777215" borderVisible="false" y="596" param="" x="596" color="13369497" sizeAuto="false"/>
    <TEXT group="commonComp" textAlign="center" fontSize="12" fontFamily="微软雅黑" width="50" height="17" deviceID="" text="2036" borderColor="0xffffff" source="assets/comp/TEXTINPUT/label.png" fontWeight="normal" widthInChars="4" contentBackgroundAlpha="0" contentBackgroundColor="16777215" borderVisible="false" y="610" param="" x="596" color="13369497" sizeAuto="false"/>
    <TEXT group="commonComp" textAlign="center" fontSize="12" fontFamily="微软雅黑" width="50" height="17" deviceID="" text="2041" borderColor="0xffffff" source="assets/comp/TEXTINPUT/label.png" fontWeight="normal" widthInChars="4" contentBackgroundAlpha="0" contentBackgroundColor="16777215" borderVisible="false" y="625" param="" x="596" color="13369497" sizeAuto="false"/>
    <TEXT group="commonComp" textAlign="center" fontSize="12" fontFamily="微软雅黑" width="62" height="17" deviceID="" text="荣泰按摩椅" borderColor="0xffffff" source="assets/comp/TEXTINPUT/label.png" fontWeight="normal" widthInChars="4" contentBackgroundAlpha="0" contentBackgroundColor="16777215" borderVisible="false" y="638" param="" x="474" color="255" sizeAuto="false"/>
    <TEXT group="commonComp" textAlign="center" fontSize="12" fontFamily="微软雅黑" width="62" height="17" deviceID="" text="嗨GO" borderColor="0xffffff" source="assets/comp/TEXTINPUT/label.png" fontWeight="normal" widthInChars="4" contentBackgroundAlpha="0" contentBackgroundColor="16777215" borderVisible="false" y="654" param="" x="459" color="255" sizeAuto="false"/>
    <TEXT group="commonComp" textAlign="center" fontSize="12" fontFamily="微软雅黑" width="62" height="17" deviceID="" text="TT美甲" borderColor="0xffffff" source="assets/comp/TEXTINPUT/label.png" fontWeight="normal" widthInChars="4" contentBackgroundAlpha="0" contentBackgroundColor="16777215" borderVisible="false" y="668" param="" x="463" color="255" sizeAuto="false"/>
    <TEXT group="commonComp" textAlign="center" fontSize="12" fontFamily="微软雅黑" width="62" height="17" deviceID="" text="熊古屋" borderColor="0xffffff" source="assets/comp/TEXTINPUT/label.png" fontWeight="normal" widthInChars="4" contentBackgroundAlpha="0" contentBackgroundColor="16777215" borderVisible="false" y="682" param="" x="463" color="255" sizeAuto="false"/>
    <TEXT group="commonComp" textAlign="center" fontSize="12" fontFamily="微软雅黑" width="62" height="17" deviceID="" text="贝迪堡" borderColor="0xffffff" source="assets/comp/TEXTINPUT/label.png" fontWeight="normal" widthInChars="4" contentBackgroundAlpha="0" contentBackgroundColor="16777215" borderVisible="false" y="696" param="" x="462" color="255" sizeAuto="false"/>
    <TEXT group="commonComp" textAlign="center" fontSize="12" fontFamily="微软雅黑" width="62" height="17" deviceID="" text="冰雪润动" borderColor="0xffffff" source="assets/comp/TEXTINPUT/label.png" fontWeight="normal" widthInChars="4" contentBackgroundAlpha="0" contentBackgroundColor="16777215" borderVisible="false" y="483" param="" x="694" color="255" sizeAuto="false"/>
    <TEXT group="commonComp" textAlign="center" fontSize="12" fontFamily="微软雅黑" width="62" height="17" deviceID="" text="嗨GO" borderColor="0xffffff" source="assets/comp/TEXTINPUT/label.png" fontWeight="normal" widthInChars="4" contentBackgroundAlpha="0" contentBackgroundColor="16777215" borderVisible="false" y="467" param="" x="685" color="255" sizeAuto="false"/>
    <TEXT group="commonComp" textAlign="center" fontSize="12" fontFamily="微软雅黑" width="62" height="17" deviceID="" text="2001-2" borderColor="0xffffff" source="assets/comp/TEXTINPUT/label.png" fontWeight="normal" widthInChars="4" contentBackgroundAlpha="0" contentBackgroundColor="16777215" borderVisible="false" y="639" param="" x="596" color="255" sizeAuto="false"/>
    <TEXT group="commonComp" textAlign="center" fontSize="12" fontFamily="微软雅黑" width="62" height="17" deviceID="" text="2005" borderColor="0xffffff" source="assets/comp/TEXTINPUT/label.png" fontWeight="normal" widthInChars="4" contentBackgroundAlpha="0" contentBackgroundColor="16777215" borderVisible="false" y="669" param="" x="590" color="255" sizeAuto="false"/>
    <TEXT group="commonComp" textAlign="center" fontSize="12" fontFamily="微软雅黑" width="62" height="17" deviceID="" text="2007" borderColor="0xffffff" source="assets/comp/TEXTINPUT/label.png" fontWeight="normal" widthInChars="4" contentBackgroundAlpha="0" contentBackgroundColor="16777215" borderVisible="false" y="697" param="" x="590" color="255" sizeAuto="false"/>
    <TEXT group="commonComp" textAlign="center" fontSize="12" fontFamily="微软雅黑" width="62" height="17" deviceID="" text="2004" borderColor="0xffffff" source="assets/comp/TEXTINPUT/label.png" fontWeight="normal" widthInChars="4" contentBackgroundAlpha="0" contentBackgroundColor="16777215" borderVisible="false" y="655" param="" x="590" color="255" sizeAuto="false"/>
    <TEXT group="commonComp" textAlign="center" fontSize="12" fontFamily="微软雅黑" width="62" height="17" deviceID="" text="2008" borderColor="0xffffff" source="assets/comp/TEXTINPUT/label.png" fontWeight="normal" widthInChars="4" contentBackgroundAlpha="0" contentBackgroundColor="16777215" borderVisible="false" y="466" param="" x="779" color="255" sizeAuto="false"/>
    <TEXT group="commonComp" textAlign="center" fontSize="12" fontFamily="微软雅黑" width="62" height="17" deviceID="" text="2009" borderColor="0xffffff" source="assets/comp/TEXTINPUT/label.png" fontWeight="normal" widthInChars="4" contentBackgroundAlpha="0" contentBackgroundColor="16777215" borderVisible="false" y="483" param="" x="780" color="255" sizeAuto="false"/>
    <TEXT group="commonComp" textAlign="center" fontSize="12" fontFamily="微软雅黑" width="62" height="17" deviceID="" text="必胜客" borderColor="0xffffff" source="assets/comp/TEXTINPUT/label.png" fontWeight="normal" widthInChars="4" contentBackgroundAlpha="0" contentBackgroundColor="16777215" borderVisible="false" y="501" param="" x="688" color="13382400" sizeAuto="false"/>
    <TEXT group="commonComp" textAlign="center" fontSize="12" fontFamily="微软雅黑" width="62" height="17" deviceID="" text="天语雅阁" borderColor="0xffffff" source="assets/comp/TEXTINPUT/label.png" fontWeight="normal" widthInChars="4" contentBackgroundAlpha="0" contentBackgroundColor="16777215" borderVisible="false" y="516" param="" x="693" color="13382400" sizeAuto="false"/>
    <TEXT group="commonComp" textAlign="center" fontSize="12" fontFamily="微软雅黑" width="62" height="17" deviceID="" text="2001-1" borderColor="0xffffff" source="assets/comp/TEXTINPUT/label.png" fontWeight="normal" widthInChars="4" contentBackgroundAlpha="0" contentBackgroundColor="16777215" borderVisible="false" y="499" param="" x="786" color="13382400" sizeAuto="false"/>
    <TEXT group="commonComp" textAlign="center" fontSize="12" fontFamily="微软雅黑" width="62" height="17" deviceID="" text="2044" borderColor="0xffffff" source="assets/comp/TEXTINPUT/label.png" fontWeight="normal" widthInChars="4" contentBackgroundAlpha="0" contentBackgroundColor="16777215" borderVisible="false" y="516" param="" x="780" color="13382400" sizeAuto="false"/>
    <TEXT group="commonComp" textAlign="center" fontSize="12" fontFamily="微软雅黑" width="62" height="17" deviceID="" text="2007" borderColor="0xffffff" source="assets/comp/TEXTINPUT/label.png" fontWeight="normal" widthInChars="4" contentBackgroundAlpha="0" contentBackgroundColor="16777215" borderVisible="false" y="511" param="" x="90" color="255" sizeAuto="false"/>
    <TEXT group="commonComp" textAlign="center" fontSize="12" fontFamily="微软雅黑" width="62" height="17" deviceID="" text="2008" borderColor="0xffffff" source="assets/comp/TEXTINPUT/label.png" fontWeight="normal" widthInChars="4" contentBackgroundAlpha="0" contentBackgroundColor="16777215" borderVisible="false" y="435" param="" x="174" color="255" sizeAuto="false"/>
    <TEXT group="commonComp" textAlign="center" fontSize="12" fontFamily="微软雅黑" width="62" height="17" deviceID="" text="2009" borderColor="0xffffff" source="assets/comp/TEXTINPUT/label.png" fontWeight="normal" widthInChars="4" contentBackgroundAlpha="0" contentBackgroundColor="16777215" borderVisible="false" y="405" param="" x="231" color="255" sizeAuto="false"/>
    <TEXT group="commonComp" textAlign="center" fontSize="12" fontFamily="微软雅黑" width="62" height="17" deviceID="" text="2006" borderColor="0xffffff" source="assets/comp/TEXTINPUT/label.png" fontWeight="normal" widthInChars="4" contentBackgroundAlpha="0" contentBackgroundColor="16777215" borderVisible="false" y="684" param="" x="590" color="255" sizeAuto="false"/>
    <TEXT group="commonComp" textAlign="center" fontSize="12" fontFamily="微软雅黑" width="50" height="17" deviceID="" text="2010" borderColor="0xffffff" source="assets/comp/TEXTINPUT/label.png" fontWeight="normal" widthInChars="4" contentBackgroundAlpha="0" contentBackgroundColor="16777215" borderVisible="false" y="348" param="" x="254" color="39168" sizeAuto="false"/>
    <TEXT group="commonComp" textAlign="center" fontSize="12" fontFamily="微软雅黑" width="50" height="17" deviceID="" text="2011" borderColor="0xffffff" source="assets/comp/TEXTINPUT/label.png" fontWeight="normal" widthInChars="4" contentBackgroundAlpha="0" contentBackgroundColor="16777215" borderVisible="false" y="336" param="" x="343" color="39168" sizeAuto="false"/>
    <TEXT group="commonComp" textAlign="center" fontSize="12" fontFamily="微软雅黑" width="50" height="17" deviceID="" text="2012" borderColor="0xffffff" source="assets/comp/TEXTINPUT/label.png" fontWeight="normal" widthInChars="4" contentBackgroundAlpha="0" contentBackgroundColor="16777215" borderVisible="false" y="322" param="" x="373" color="39168" sizeAuto="false"/>
    <TEXT group="commonComp" textAlign="center" fontSize="12" fontFamily="微软雅黑" width="50" height="17" deviceID="" text="2013" borderColor="0xffffff" source="assets/comp/TEXTINPUT/label.png" fontWeight="normal" widthInChars="4" contentBackgroundAlpha="0" contentBackgroundColor="16777215" borderVisible="false" y="335" param="" x="404" color="39168" sizeAuto="false"/>
    <TEXT group="commonComp" textAlign="center" fontSize="12" fontFamily="微软雅黑" width="50" height="17" deviceID="" text="2014" borderColor="0xffffff" source="assets/comp/TEXTINPUT/label.png" fontWeight="normal" widthInChars="4" contentBackgroundAlpha="0" contentBackgroundColor="16777215" borderVisible="false" y="322" param="" x="434" color="39168" sizeAuto="false"/>
    <TEXT group="commonComp" textAlign="center" fontSize="12" fontFamily="微软雅黑" width="50" height="17" deviceID="" text="2015" borderColor="0xffffff" source="assets/comp/TEXTINPUT/label.png" fontWeight="normal" widthInChars="4" contentBackgroundAlpha="0" contentBackgroundColor="16777215" borderVisible="false" y="334" param="" x="463" color="39168" sizeAuto="false"/>
    <TEXT group="commonComp" textAlign="center" fontSize="12" fontFamily="微软雅黑" width="50" height="17" deviceID="" text="2016" borderColor="0xffffff" source="assets/comp/TEXTINPUT/label.png" fontWeight="normal" widthInChars="4" contentBackgroundAlpha="0" contentBackgroundColor="16777215" borderVisible="false" y="322" param="" x="494" color="39168" sizeAuto="false"/>
    <TEXT group="commonComp" textAlign="center" fontSize="12" fontFamily="微软雅黑" width="50" height="17" deviceID="" text="2017" borderColor="0xffffff" source="assets/comp/TEXTINPUT/label.png" fontWeight="normal" widthInChars="4" contentBackgroundAlpha="0" contentBackgroundColor="16777215" borderVisible="false" y="335" param="" x="551" color="39168" sizeAuto="false"/>
    <TEXT group="commonComp" textAlign="center" fontSize="12" fontFamily="微软雅黑" width="50" height="17" deviceID="" text="2018" borderColor="0xffffff" source="assets/comp/TEXTINPUT/label.png" fontWeight="normal" widthInChars="4" contentBackgroundAlpha="0" contentBackgroundColor="16777215" borderVisible="false" y="348" param="" x="584" color="39168" sizeAuto="false"/>
    <TEXT group="commonComp" textAlign="center" fontSize="12" fontFamily="微软雅黑" width="50" height="17" deviceID="" text="2019" borderColor="0xffffff" source="assets/comp/TEXTINPUT/label.png" fontWeight="normal" widthInChars="4" contentBackgroundAlpha="0" contentBackgroundColor="16777215" borderVisible="false" y="334" param="" x="615" color="13369497" sizeAuto="false"/>
    <TEXT group="commonComp" textAlign="center" fontSize="12" fontFamily="微软雅黑" width="50" height="17" deviceID="" text="2020" borderColor="0xffffff" source="assets/comp/TEXTINPUT/label.png" fontWeight="normal" widthInChars="4" contentBackgroundAlpha="0" contentBackgroundColor="16777215" borderVisible="false" y="350" param="" x="645" color="39168" sizeAuto="false"/>
    <TEXT group="commonComp" textAlign="center" fontSize="12" fontFamily="微软雅黑" width="50" height="17" deviceID="" text="2021-1" borderColor="0xffffff" source="assets/comp/TEXTINPUT/label.png" fontWeight="normal" widthInChars="4" contentBackgroundAlpha="0" contentBackgroundColor="16777215" borderVisible="false" y="351" param="" x="683" color="13369497" sizeAuto="false"/>
    <TEXT group="commonComp" textAlign="center" fontSize="12" fontFamily="微软雅黑" width="50" height="17" deviceID="" text="2021-2" borderColor="0xffffff" source="assets/comp/TEXTINPUT/label.png" fontWeight="normal" widthInChars="4" contentBackgroundAlpha="0" contentBackgroundColor="16777215" borderVisible="false" y="331" param="" x="685" color="13369497" sizeAuto="false"/>
    <TEXT group="commonComp" textAlign="center" fontSize="12" fontFamily="微软雅黑" width="50" height="17" deviceID="" text="2022" borderColor="0xffffff" source="assets/comp/TEXTINPUT/label.png" fontWeight="normal" widthInChars="4" contentBackgroundAlpha="0" contentBackgroundColor="16777215" borderVisible="false" y="329" param="" x="732" color="39168" sizeAuto="false"/>
    <TEXT group="commonComp" textAlign="center" fontSize="12" fontFamily="微软雅黑" width="50" height="17" deviceID="" text="2023" borderColor="0xffffff" source="assets/comp/TEXTINPUT/label.png" fontWeight="normal" widthInChars="4" contentBackgroundAlpha="0" contentBackgroundColor="16777215" borderVisible="false" y="340" param="" x="757" color="39168" sizeAuto="false"/>
    <TEXT group="commonComp" textAlign="center" fontSize="12" fontFamily="微软雅黑" width="50" height="17" deviceID="" text="2024" borderColor="0xffffff" source="assets/comp/TEXTINPUT/label.png" fontWeight="normal" widthInChars="4" contentBackgroundAlpha="0" contentBackgroundColor="16777215" borderVisible="false" y="325" param="" x="781" color="39168" sizeAuto="false"/>
    <TEXT group="commonComp" textAlign="center" fontSize="12" fontFamily="微软雅黑" width="50" height="17" deviceID="" text="2025" borderColor="0xffffff" source="assets/comp/TEXTINPUT/label.png" fontWeight="normal" widthInChars="4" contentBackgroundAlpha="0" contentBackgroundColor="16777215" borderVisible="false" y="339" param="" x="810" color="39168" sizeAuto="false"/>
    <TEXT group="commonComp" textAlign="center" fontSize="12" fontFamily="微软雅黑" width="50" height="17" deviceID="" text="2026" borderColor="0xffffff" source="assets/comp/TEXTINPUT/label.png" fontWeight="normal" widthInChars="4" contentBackgroundAlpha="0" contentBackgroundColor="16777215" borderVisible="false" y="340" param="" x="857" color="39168" sizeAuto="false"/>
    <TEXT group="commonComp" textAlign="center" fontSize="12" fontFamily="微软雅黑" width="26" height="17" deviceID="" text="2027" borderColor="0xffffff" source="assets/comp/TEXTINPUT/label.png" fontWeight="normal" widthInChars="4" contentBackgroundAlpha="0" contentBackgroundColor="16777215" borderVisible="false" y="295" param="" x="1058" color="13408512" sizeAuto="true"/>
    <TEXT group="commonComp" textAlign="center" fontSize="12" fontFamily="微软雅黑" width="50" height="17" deviceID="" text="2028" borderColor="0xffffff" source="assets/comp/TEXTINPUT/label.png" fontWeight="normal" widthInChars="4" contentBackgroundAlpha="0" contentBackgroundColor="16777215" borderVisible="false" y="224" param="" x="946" color="13369497" sizeAuto="false"/>
    <TEXT group="commonComp" textAlign="center" fontSize="12" fontFamily="微软雅黑" width="50" height="17" deviceID="" text="2029" borderColor="0xffffff" source="assets/comp/TEXTINPUT/label.png" fontWeight="normal" widthInChars="4" contentBackgroundAlpha="0" contentBackgroundColor="16777215" borderVisible="false" y="220" param="" x="904" color="13369497" sizeAuto="false"/>
    <TEXT group="commonComp" textAlign="center" fontSize="12" fontFamily="微软雅黑" width="50" height="17" deviceID="" text="2030" borderColor="0xffffff" source="assets/comp/TEXTINPUT/label.png" fontWeight="normal" widthInChars="4" contentBackgroundAlpha="0" contentBackgroundColor="16777215" borderVisible="false" y="189" param="" x="900" color="39168" sizeAuto="false"/>
    <TEXT group="commonComp" textAlign="center" fontSize="12" fontFamily="微软雅黑" width="50" height="17" deviceID="" text="2031" borderColor="0xffffff" source="assets/comp/TEXTINPUT/label.png" fontWeight="normal" widthInChars="4" contentBackgroundAlpha="0" contentBackgroundColor="16777215" borderVisible="false" y="205" param="" x="813" color="13369497" sizeAuto="false"/>
    <TEXT group="commonComp" textAlign="center" fontSize="12" fontFamily="微软雅黑" width="50" height="17" deviceID="" text="2032" borderColor="0xffffff" source="assets/comp/TEXTINPUT/label.png" fontWeight="normal" widthInChars="4" contentBackgroundAlpha="0" contentBackgroundColor="16777215" borderVisible="false" y="189" param="" x="819" color="13369497" sizeAuto="false"/>
    <TEXT group="commonComp" textAlign="center" fontSize="12" fontFamily="微软雅黑" width="50" height="17" deviceID="" text="2033" borderColor="0xffffff" source="assets/comp/TEXTINPUT/label.png" fontWeight="normal" widthInChars="4" contentBackgroundAlpha="0" contentBackgroundColor="16777215" borderVisible="false" y="204" param="" x="770" color="39168" sizeAuto="false"/>
    <TEXT group="commonComp" textAlign="center" fontSize="12" fontFamily="微软雅黑" width="50" height="17" deviceID="" text="2034" borderColor="0xffffff" source="assets/comp/TEXTINPUT/label.png" fontWeight="normal" widthInChars="4" contentBackgroundAlpha="0" contentBackgroundColor="16777215" borderVisible="false" y="204" param="" x="726" color="13369497" sizeAuto="false"/>
    <TEXT group="commonComp" textAlign="center" fontSize="12" fontFamily="微软雅黑" width="50" height="17" deviceID="" text="2035" borderColor="0xffffff" source="assets/comp/TEXTINPUT/label.png" fontWeight="normal" widthInChars="4" contentBackgroundAlpha="0" contentBackgroundColor="16777215" borderVisible="false" y="185" param="" x="689" color="39168" sizeAuto="false"/>
    <TEXT group="commonComp" textAlign="center" fontSize="12" fontFamily="微软雅黑" width="50" height="17" deviceID="" text="2036" borderColor="0xffffff" source="assets/comp/TEXTINPUT/label.png" fontWeight="normal" widthInChars="4" contentBackgroundAlpha="0" contentBackgroundColor="16777215" borderVisible="false" y="222.3" param="" x="589.3" color="13369497" sizeAuto="false"/>
    <TEXT group="commonComp" textAlign="center" fontSize="12" fontFamily="微软雅黑" width="50" height="17" deviceID="" text="2037" borderColor="0xffffff" source="assets/comp/TEXTINPUT/label.png" fontWeight="normal" widthInChars="4" contentBackgroundAlpha="0" contentBackgroundColor="16777215" borderVisible="false" y="210" param="" x="554" color="39168" sizeAuto="false"/>
    <TEXT group="commonComp" textAlign="center" fontSize="12" fontFamily="微软雅黑" width="26" height="17" deviceID="" text="2038" borderColor="0xffffff" source="assets/comp/TEXTINPUT/label.png" fontWeight="normal" widthInChars="4" contentBackgroundAlpha="0" contentBackgroundColor="16777215" borderVisible="false" y="199" param="" x="496" color="13408512" sizeAuto="true"/>
    <TEXT group="commonComp" textAlign="center" fontSize="12" fontFamily="微软雅黑" width="26" height="17" deviceID="" text="2039" borderColor="0xffffff" source="assets/comp/TEXTINPUT/label.png" fontWeight="normal" widthInChars="4" contentBackgroundAlpha="0" contentBackgroundColor="16777215" borderVisible="false" y="178" param="" x="496" color="13408512" sizeAuto="true"/>
    <TEXT group="commonComp" textAlign="center" fontSize="12" fontFamily="微软雅黑" width="50" height="17" deviceID="" text="2040" borderColor="0xffffff" source="assets/comp/TEXTINPUT/label.png" fontWeight="normal" widthInChars="4" contentBackgroundAlpha="0" contentBackgroundColor="16777215" borderVisible="false" y="228" param="" x="417" color="39168" sizeAuto="false"/>
    <TEXT group="commonComp" textAlign="center" fontSize="12" fontFamily="微软雅黑" width="50" height="17" deviceID="" text="2041" borderColor="0xffffff" source="assets/comp/TEXTINPUT/label.png" fontWeight="normal" widthInChars="4" contentBackgroundAlpha="0" contentBackgroundColor="16777215" borderVisible="false" y="197" param="" x="369" color="13369497" sizeAuto="false"/>
    <TEXT group="commonComp" textAlign="center" fontSize="12" fontFamily="微软雅黑" width="38" height="17" deviceID="" text="2042-1" borderColor="0xffffff" source="assets/comp/TEXTINPUT/label.png" fontWeight="normal" widthInChars="4" contentBackgroundAlpha="0" contentBackgroundColor="16777215" borderVisible="false" y="213" param="" x="275" color="13408512" sizeAuto="false"/>
    <TEXT group="commonComp" textAlign="center" fontSize="12" fontFamily="微软雅黑" width="41" height="17" deviceID="" text="2042-2" borderColor="0xffffff" source="assets/comp/TEXTINPUT/label.png" fontWeight="normal" widthInChars="4" contentBackgroundAlpha="0" contentBackgroundColor="16777215" borderVisible="false" y="187" param="" x="272" color="13408512" sizeAuto="false"/>
    <TEXT group="commonComp" textAlign="center" fontSize="12" fontFamily="微软雅黑" width="50" height="17" deviceID="" text="2043" borderColor="0xffffff" source="assets/comp/TEXTINPUT/label.png" fontWeight="normal" widthInChars="4" contentBackgroundAlpha="0" contentBackgroundColor="16777215" borderVisible="false" y="232" param="" x="161" color="39168" sizeAuto="false"/>
    <TEXT group="commonComp" textAlign="center" fontSize="12" fontFamily="微软雅黑" width="62" height="17" deviceID="" text="2044" borderColor="0xffffff" source="assets/comp/TEXTINPUT/label.png" fontWeight="normal" widthInChars="4" contentBackgroundAlpha="0" contentBackgroundColor="16777215" borderVisible="false" y="192" param="" x="111" color="13382400" sizeAuto="false"/>
    <TEXT group="commonComp" textAlign="center" fontSize="12" fontFamily="微软雅黑" width="62" height="17" deviceID="" text="2006" borderColor="0xffffff" source="assets/comp/TEXTINPUT/label.png" fontWeight="normal" widthInChars="4" contentBackgroundAlpha="0" contentBackgroundColor="16777215" borderVisible="false" y="479" param="" x="-2" color="255" sizeAuto="false"/>
    <TEXT group="commonComp" textAlign="center" fontSize="12" fontFamily="微软雅黑" width="62" height="17" deviceID="" text="2005" borderColor="0xffffff" source="assets/comp/TEXTINPUT/label.png" fontWeight="normal" widthInChars="4" contentBackgroundAlpha="0" contentBackgroundColor="16777215" borderVisible="false" y="440" param="" x="39" color="255" sizeAuto="false"/>
    <TEXT group="commonComp" textAlign="center" fontSize="12" fontFamily="微软雅黑" width="62" height="17" deviceID="" text="2004" borderColor="0xffffff" source="assets/comp/TEXTINPUT/label.png" fontWeight="normal" widthInChars="4" contentBackgroundAlpha="0" contentBackgroundColor="16777215" borderVisible="false" y="403" param="" x="70" color="255" sizeAuto="false"/>
    <TEXT group="commonComp" textAlign="center" fontSize="12" fontFamily="微软雅黑" width="50" height="17" deviceID="" text="2003" borderColor="0xffffff" source="assets/comp/TEXTINPUT/label.png" fontWeight="normal" widthInChars="4" contentBackgroundAlpha="0" contentBackgroundColor="16777215" borderVisible="false" y="361.45" param="" x="101.35000000000002" color="39168" sizeAuto="false"/>
    <TEXT group="commonComp" textAlign="center" fontSize="12" fontFamily="微软雅黑" width="50" height="17" deviceID="" text="2002" borderColor="0xffffff" source="assets/comp/TEXTINPUT/label.png" fontWeight="normal" widthInChars="4" contentBackgroundAlpha="0" contentBackgroundColor="16777215" borderVisible="false" y="333" param="" x="110" color="13369497" sizeAuto="false"/>
    <TEXT group="commonComp" textAlign="center" fontSize="12" fontFamily="微软雅黑" width="62" height="17" deviceID="" text="2001-1" borderColor="0xffffff" source="assets/comp/TEXTINPUT/label.png" fontWeight="normal" widthInChars="4" contentBackgroundAlpha="0" contentBackgroundColor="16777215" borderVisible="false" y="261" param="" x="31" color="13382400" sizeAuto="false"/>
    <TEXT group="commonComp" textAlign="center" fontSize="12" fontFamily="微软雅黑" width="62" height="17" deviceID="" text="2001-2" borderColor="0xffffff" source="assets/comp/TEXTINPUT/label.png" fontWeight="normal" widthInChars="4" contentBackgroundAlpha="0" contentBackgroundColor="16777215" borderVisible="false" y="301" param="" x="66" color="255" sizeAuto="false"/>
    <BQSX deviceID="640164" deviceName="JK-2A-BD02" source="assets/comp/BQSX/alarm/0/1.png" scaleY="0.3" mark="TSX" scaleX="0.3" x="129.65" width="80" group="commonComp" height="80" y="227.65"/>
    <BQSX deviceID="640165" deviceName="JK-2A-BD03" source="assets/comp/BQSX/alarm/0/1.png" scaleY="0.3" mark="TSX" scaleX="0.3" x="177.65000000000003" width="80" group="commonComp" height="80" y="271.70000000000005"/>
    <BQSX deviceID="640166" deviceName="JK-2A-BD04" source="assets/comp/BQSX/alarm/0/1.png" scaleY="0.3" mark="TSX" scaleX="0.3" x="164.35" width="80" group="commonComp" height="80" y="297"/>
    <BQSX deviceID="640167" deviceName="JK-2A-BD05" source="assets/comp/BQSX/alarm/0/1.png" scaleY="0.3" mark="TSX" scaleX="0.3" x="137.65" width="80" group="commonComp" height="80" y="305"/>
    <BQSX deviceID="640168" deviceName="JK-2A-BD06" source="assets/comp/BQSX/alarm/0/1.png" scaleY="0.3" mark="TSX" scaleX="0.3" x="117.60000000000002" width="80" group="commonComp" height="80" y="288.95000000000005"/>
    <BQSX deviceID="640169" deviceName="JK-2A-BD07" source="assets/comp/BQSX/alarm/0/1.png" scaleY="0.3" mark="TSX" scaleX="0.3" x="101.65" width="80" group="commonComp" height="80" y="259.65"/>
    <BQSX deviceID="640170" deviceName="JK-2B-BD01" source="assets/comp/BQSX/alarm/0/1.png" scaleY="0.3" mark="TSX" scaleX="0.3" x="364.35" width="80" group="commonComp" height="80" y="165"/>
    <BQSX deviceID="640171" deviceName="JK-2B-BD02" source="assets/comp/BQSX/alarm/0/1.png" scaleY="0.3" mark="TSX" scaleX="0.3" x="365.65" width="80" group="commonComp" height="80" y="234"/>
    <BQSX deviceID="640172" deviceName="JK-2B-BD03" source="assets/comp/BQSX/alarm/0/1.png" scaleY="0.3" mark="TSX" scaleX="0.3" x="395.35" width="80" group="commonComp" height="80" y="233"/>
    <BQSX deviceID="640173" deviceName="JK-2B-BD04" source="assets/comp/BQSX/alarm/0/1.png" scaleY="0.3" mark="TSX" scaleX="0.3" x="380.35" width="80" group="commonComp" height="80" y="277"/>
    <BQSX deviceID="640174" deviceName="JK-2B-BD05" source="assets/comp/BQSX/alarm/0/1.png" scaleY="0.3" mark="TSX" scaleX="0.3" x="309.65" width="80" group="commonComp" height="80" y="253"/>
    <BQSX deviceID="640175" deviceName="JK-2B-BD06" source="assets/comp/BQSX/alarm/0/1.png" scaleY="0.3" mark="TSX" scaleX="0.3" x="236.35" width="80" group="commonComp" height="80" y="266.35"/>
    <BQSX deviceID="640176" deviceName="JK-2C-B01" source="assets/comp/BQSX/alarm/0/1.png" scaleY="0.3" mark="TSX" scaleX="0.3" x="581.4499999999998" width="80" group="commonComp" height="80" y="148.9"/>
    <BQSX deviceID="640177" deviceName="JK-2C-BD02" source="assets/comp/BQSX/alarm/0/1.png" scaleY="0.3" mark="TSX" scaleX="0.3" x="621.65" width="80" group="commonComp" height="80" y="179.65"/>
    <BQSX deviceID="640178" deviceName="JK-2C-B03" source="assets/comp/BQSX/alarm/0/1.png" scaleY="0.3" mark="TSX" scaleX="0.3" x="769.65" width="80" group="commonComp" height="80" y="149"/>
    <BQSX deviceID="640179" deviceName="JK-2C-BD04" source="assets/comp/BQSX/alarm/0/1.png" scaleY="0.3" mark="TSX" scaleX="0.3" x="488.65" width="80" group="commonComp" height="80" y="233.75"/>
    <BQSX deviceID="640180" deviceName="JK-2C-BD05" source="assets/comp/BQSX/alarm/0/1.png" scaleY="0.3" mark="TSX" scaleX="0.3" x="572.65" width="80" group="commonComp" height="80" y="254"/>
    <BQSX deviceID="640181" deviceName="JK-2C-BD06" source="assets/comp/BQSX/alarm/0/1.png" scaleY="0.3" mark="TSX" scaleX="0.3" x="604.6" width="80" group="commonComp" height="80" y="245.3"/>
    <BQSX deviceID="640182" deviceName="JK-2C-BD07" source="assets/comp/BQSX/alarm/0/1.png" scaleY="0.3" mark="TSX" scaleX="0.3" x="626.95" width="80" group="commonComp" height="80" y="230.3"/>
    <BQSX deviceID="640183" deviceName="JK-2C-BD08" source="assets/comp/BQSX/alarm/0/1.png" scaleY="0.3" mark="TSX" scaleX="0.3" x="654" width="80" group="commonComp" height="80" y="239"/>
    <BQSX deviceID="640184" deviceName="JK-2C-BD09" source="assets/comp/BQSX/alarm/0/1.png" scaleY="0.3" mark="TSX" scaleX="0.3" x="660.65" width="80" group="commonComp" height="80" y="265.65"/>
    <BQSX deviceID="640185" deviceName="JK-2C-BD10" source="assets/comp/BQSX/alarm/0/1.png" scaleY="0.3" mark="TSX" scaleX="0.3" x="743.35" width="80" group="commonComp" height="80" y="237.35"/>
    <BQSX deviceID="640186" deviceName="JK-2C-BD11" source="assets/comp/BQSX/alarm/0/1.png" scaleY="0.3" mark="TSX" scaleX="0.3" x="770" width="80" group="commonComp" height="80" y="246.65"/>
    <BQSX deviceID="640187" deviceName="JK-2C-BD12" source="assets/comp/BQSX/alarm/0/1.png" scaleY="0.3" mark="TSX" scaleX="0.3" x="802.25" width="80" group="commonComp" height="80" y="241.3"/>
    <BQSX deviceID="640188" deviceName="JK-2D-BD01" source="assets/comp/BQSX/alarm/0/1.png" scaleY="0.3" mark="TSX" scaleX="0.3" x="825.65" width="80" group="commonComp" height="80" y="261.95"/>
    <BQSX deviceID="640189" deviceName="JK-2D-BD02" source="assets/comp/BQSX/alarm/0/1.png" scaleY="0.3" mark="TSX" scaleX="0.3" x="934.35" width="80" group="commonComp" height="80" y="260.35"/>
    <BQSX deviceID="640190" deviceName="JK-2D-BD03" source="assets/comp/BQSX/alarm/0/1.png" scaleY="0.3" mark="TSX" scaleX="0.3" x="960.2" width="80" group="commonComp" height="80" y="247.7"/>
    <BQSX deviceID="640191" deviceName="JK-2D-BD04" source="assets/comp/BQSX/alarm/0/1.png" scaleY="0.3" mark="TSX" scaleX="0.3" x="963" width="80" group="commonComp" height="80" y="275.35"/>
    <BQSX deviceID="640192" deviceName="JK-2D-BD05" source="assets/comp/BQSX/alarm/0/1.png" scaleY="0.3" mark="TSX" scaleX="0.3" x="985.65" width="80" group="commonComp" height="80" y="179.65"/>
    <BQSX deviceID="640193" deviceName="JK-2D-B06" source="assets/comp/BQSX/alarm/0/1.png" scaleY="0.3" mark="TSX" scaleX="0.3" x="1015" width="80" group="commonComp" height="80" y="159.65"/>
    <BQSX deviceID="640194" deviceName="JK-2D-BD07" source="assets/comp/BQSX/alarm/0/1.png" scaleY="0.3" mark="TSX" scaleX="0.3" x="1145.65" width="80" group="commonComp" height="80" y="175.65"/>
    <BQSX deviceID="640195" deviceName="JK-2E-B01" source="assets/comp/BQSX/alarm/0/1.png" scaleY="0.3" mark="TSX" scaleX="0.3" x="59" width="80" group="commonComp" height="80" y="365"/>
    <BQSX deviceID="640196" deviceName="JK-2E-BD02" source="assets/comp/BQSX/alarm/0/1.png" scaleY="0.3" mark="TSX" scaleX="0.3" x="145.65" width="80" group="commonComp" height="80" y="357"/>
    <BQSX deviceID="640197" deviceName="JK-2E-BD03" source="assets/comp/BQSX/alarm/0/1.png" scaleY="0.3" mark="TSX" scaleX="0.3" x="139" width="80" group="commonComp" height="80" y="379.65"/>
    <BQSX deviceID="640198" deviceName="JK-2E-BD04" source="assets/comp/BQSX/alarm/0/1.png" scaleY="0.3" mark="TSX" scaleX="0.3" x="165.65" width="80" group="commonComp" height="80" y="386.35"/>
    <BQSX deviceID="640199" deviceName="JK-2E-BD05" source="assets/comp/BQSX/alarm/0/1.png" scaleY="0.3" mark="TSX" scaleX="0.3" x="120.35" width="80" group="commonComp" height="80" y="397"/>
    <BQSX deviceID="640200" deviceName="JK-2E-BD06" source="assets/comp/BQSX/alarm/0/1.png" scaleY="0.3" mark="TSX" scaleX="0.3" x="165.65" width="80" group="commonComp" height="80" y="411.65"/>
    <BQSX deviceID="640201" deviceName="JK-2E-BD07" source="assets/comp/BQSX/alarm/0/1.png" scaleY="0.3" mark="TSX" scaleX="0.3" x="143" width="80" group="commonComp" height="80" y="442.35"/>
    <BQSX deviceID="640202" deviceName="JK-2E-BD08" source="assets/comp/BQSX/alarm/0/1.png" scaleY="0.3" mark="TSX" scaleX="0.3" x="116.35" width="80" group="commonComp" height="80" y="441"/>
    <BQSX deviceID="640203" deviceName="JK-2E-BG09" source="assets/comp/BQSX/alarm/0/1.png" scaleY="0.3" mark="TSX" scaleX="0.3" x="41.30000000000004" width="80" group="commonComp" height="80" y="482.70000000000005"/>
    <BQSX deviceID="640204" deviceName="JK-2E-BG10" source="assets/comp/BQSX/alarm/0/1.png" scaleY="0.3" mark="TSX" scaleX="0.3" x="65.65" width="80" group="commonComp" height="80" y="503.65"/>
    <BQSX deviceID="640205" deviceName="JK-2E-BD11" source="assets/comp/BQSX/alarm/0/1.png" scaleY="0.3" mark="TSX" scaleX="0.3" x="173.60000000000002" width="80" group="commonComp" height="80" y="486.35"/>
    <BQSX deviceID="640206" deviceName="JK-2E-B12" source="assets/comp/BQSX/alarm/0/1.png" scaleY="0.3" mark="TSX" scaleX="0.3" x="221" width="80" group="commonComp" height="80" y="477.65"/>
    <BQSX deviceID="640207" deviceName="JK-2E-BD13" source="assets/comp/BQSX/alarm/0/1.png" scaleY="0.3" mark="TSX" scaleX="0.3" x="229.54999999999995" width="80" group="commonComp" height="80" y="362.34999999999997"/>
    <BQSX deviceID="640208" deviceName="JK-2F-BG01" source="assets/comp/BQSX/alarm/0/1.png" scaleY="0.3" mark="TSX" scaleX="0.3" x="263" width="80" group="commonComp" height="80" y="386.35"/>
    <BQSX deviceID="640209" deviceName="JK-2F-BD02" source="assets/comp/BQSX/alarm/0/1.png" scaleY="0.3" mark="TSX" scaleX="0.3" x="247.55" width="80" group="commonComp" height="80" y="310.2"/>
    <BQSX deviceID="640210" deviceName="JK-2F-BD03" source="assets/comp/BQSX/alarm/0/1.png" scaleY="0.3" mark="TSX" scaleX="0.3" x="334.65" width="80" group="commonComp" height="80" y="289"/>
    <BQSX deviceID="640211" deviceName="JK-2F-BD04" source="assets/comp/BQSX/alarm/0/1.png" scaleY="0.3" mark="TSX" scaleX="0.3" x="397.70000000000005" width="80" group="commonComp" height="80" y="298.3999999999999"/>
    <BQSX deviceID="640212" deviceName="JK-2F-BD05" source="assets/comp/BQSX/alarm/0/1.png" scaleY="0.3" mark="TSX" scaleX="0.3" x="387" width="80" group="commonComp" height="80" y="379.65"/>
    <BQSX deviceID="640213" deviceName="JK-2F-B06" source="assets/comp/BQSX/alarm/0/1.png" scaleY="0.3" mark="TSX" scaleX="0.3" x="491" width="80" group="commonComp" height="80" y="373"/>
    <BQSX deviceID="640214" deviceName="JK-2F-BD07" source="assets/comp/BQSX/alarm/0/1.png" scaleY="0.3" mark="TSX" scaleX="0.3" x="498.9" width="80" group="commonComp" height="80" y="279.54999999999995"/>
    <BQSX deviceID="640215" deviceName="JK-2F-BG08" source="assets/comp/BQSX/alarm/0/1.png" scaleY="0.3" mark="TSX" scaleX="0.3" x="536.35" width="80" group="commonComp" height="80" y="325"/>
    <BQSX deviceID="640216" deviceName="JK-2G-BD01" source="assets/comp/BQSX/alarm/0/1.png" scaleY="0.3" mark="TSX" scaleX="0.3" x="582.35" width="80" group="commonComp" height="80" y="283.2"/>
    <BQSX deviceID="640217" deviceName="JK-2G-BD02" source="assets/comp/BQSX/alarm/0/1.png" scaleY="0.3" mark="TSX" scaleX="0.3" x="616.65" width="80" group="commonComp" height="80" y="292"/>
    <BQSX deviceID="640218" deviceName="JK-2G-B03" source="assets/comp/BQSX/alarm/0/1.png" scaleY="0.3" mark="TSX" scaleX="0.3" x="619" width="80" group="commonComp" height="80" y="374.35"/>
    <BQSX deviceID="640219" deviceName="JK-2G-BD04" source="assets/comp/BQSX/alarm/0/1.png" scaleY="0.3" mark="TSX" scaleX="0.3" x="735" width="80" group="commonComp" height="80" y="294.35"/>
    <BQSX deviceID="640220" deviceName="JK-2G-BD05" source="assets/comp/BQSX/alarm/0/1.png" scaleY="0.3" mark="TSX" scaleX="0.3" x="795" width="80" group="commonComp" height="80" y="289.65"/>
    <BQSX deviceID="640221" deviceName="JK-2G-BD06" source="assets/comp/BQSX/alarm/0/1.png" scaleY="0.3" mark="TSX" scaleX="0.3" x="779" width="80" group="commonComp" height="80" y="370.35"/>
    <BQSX deviceID="640222" deviceName="JK-2G-BD07" source="assets/comp/BQSX/alarm/0/1.png" scaleY="0.3" mark="TSX" scaleX="0.3" x="831.35" width="80" group="commonComp" height="80" y="286.65"/>
    <BQSX deviceID="640223" deviceName="JK-2G-BG08" source="assets/comp/BQSX/alarm/0/1.png" scaleY="0.3" mark="TSX" scaleX="0.3" x="849.9000000000002" width="80" group="commonComp" height="80" y="322.85"/>
    <BQSX deviceID="640224" deviceName="JK-2G-BD09" source="assets/comp/BQSX/alarm/0/1.png" scaleY="0.3" mark="TSX" scaleX="0.3" x="888" width="80" group="commonComp" height="80" y="309"/>
    <BQSX deviceID="640225" deviceName="JK-2G-BD10" source="assets/comp/BQSX/alarm/0/1.png" scaleY="0.3" mark="TSX" scaleX="0.3" x="932.65" width="80" group="commonComp" height="80" y="287"/>
    <BQSX deviceID="640226" deviceName="JK-2G-B11" source="assets/comp/BQSX/alarm/0/1.png" scaleY="0.3" mark="TSX" scaleX="0.3" x="940.35" width="80" group="commonComp" height="80" y="358.35"/>
    <BQSX deviceID="640227" deviceName="JK-2H-B01" source="assets/comp/BQSX/alarm/0/1.png" scaleY="0.3" mark="TSX" scaleX="0.3" x="977.65" width="80" group="commonComp" height="80" y="345"/>
    <BQSX deviceID="640228" deviceName="JK-2H-B02" source="assets/comp/BQSX/alarm/0/1.png" scaleY="0.3" mark="TSX" scaleX="0.3" x="979" width="80" group="commonComp" height="80" y="382.35"/>
    <BQSX deviceID="640229" deviceName="JK-2H-BD03" source="assets/comp/BQSX/alarm/0/1.png" scaleY="0.3" mark="TSX" scaleX="0.3" x="1061.65" width="80" group="commonComp" height="80" y="377"/>
    <BQSX deviceID="640230" deviceName="JK-2H-BD04" source="assets/comp/BQSX/alarm/0/1.png" scaleY="0.3" mark="TSX" scaleX="0.3" x="1148.35" width="80" group="commonComp" height="80" y="385"/>
    <BQSX deviceID="640231" deviceName="JK-2H-BD05" source="assets/comp/BQSX/alarm/0/1.png" scaleY="0.3" mark="TSX" scaleX="0.3" x="1221.6000000000001" width="80" group="commonComp" height="80" y="371.65"/>
    <BQSX deviceID="640232" deviceName="JK-2F-04-BD28" source="assets/comp/BQSX/alarm/0/1.png" scaleY="0.3" mark="TSX" scaleX="0.3" x="1323" width="80" group="commonComp" height="80" y="375.65"/>
    <TEXT group="commonComp" textAlign="center" fontSize="12" fontFamily="微软雅黑" width="60" height="17" deviceID="" text="1号楼梯北" borderColor="0xffffff" source="assets/comp/TEXTINPUT/label.png" fontWeight="normal" widthInChars="4" contentBackgroundAlpha="1" contentBackgroundColor="16777215" borderVisible="false" y="127" param="" x="151" color="0x444444" sizeAuto="true"/>
    <TEXT group="commonComp" textAlign="center" fontSize="12" fontFamily="微软雅黑" width="106" height="17" deviceID="" text="天语雅阁门口东南" borderColor="0xffffff" source="assets/comp/TEXTINPUT/label.png" fontWeight="normal" widthInChars="4" contentBackgroundAlpha="1" contentBackgroundColor="16777215" borderVisible="false" y="210" param="" x="80" color="0x444444" sizeAuto="true"/>
    <TEXT group="commonComp" textAlign="center" fontSize="12" fontFamily="微软雅黑" width="47" height="17" deviceID="" text="1号扶梯" borderColor="0xffffff" source="assets/comp/TEXTINPUT/label.png" fontWeight="normal" widthInChars="4" contentBackgroundAlpha="1" contentBackgroundColor="16777215" borderVisible="false" y="240" param="" x="77" color="0x444444" sizeAuto="true"/>
    <TEXT group="commonComp" textAlign="center" fontSize="12" fontFamily="微软雅黑" width="60" height="17" deviceID="" text="1号扶梯旁" borderColor="0xffffff" source="assets/comp/TEXTINPUT/label.png" fontWeight="normal" widthInChars="4" contentBackgroundAlpha="1" contentBackgroundColor="16777215" borderVisible="false" y="287" param="" x="57" color="0x444444" sizeAuto="true"/>
    <TEXT group="commonComp" textAlign="center" fontSize="12" fontFamily="微软雅黑" width="66" height="17" deviceID="" text="Csmall门口" borderColor="0xffffff" source="assets/comp/TEXTINPUT/label.png" fontWeight="normal" widthInChars="4" contentBackgroundAlpha="1" contentBackgroundColor="16777215" borderVisible="false" y="318" param="" x="71" color="0x444444" sizeAuto="true"/>
    <TEXT group="commonComp" textAlign="center" fontSize="12" fontFamily="微软雅黑" width="53" height="17" deviceID="" text="Csmall东" borderColor="0xffffff" source="assets/comp/TEXTINPUT/label.png" fontWeight="normal" widthInChars="4" contentBackgroundAlpha="1" contentBackgroundColor="16777215" borderVisible="false" y="320" param="" x="165" color="0x444444" sizeAuto="true"/>
    <TEXT group="commonComp" textAlign="center" fontSize="12" fontFamily="微软雅黑" width="67" height="17" deviceID="" text="红豆居家南" borderColor="0xffffff" source="assets/comp/TEXTINPUT/label.png" fontWeight="normal" widthInChars="4" contentBackgroundAlpha="1" contentBackgroundColor="16777215" borderVisible="false" y="252" param="" x="164" color="0x444444" sizeAuto="true"/>
    <TEXT group="commonComp" textAlign="center" fontSize="12" fontFamily="微软雅黑" width="106" height="17" deviceID="" text="可柔集合店橱窗前" borderColor="0xffffff" source="assets/comp/TEXTINPUT/label.png" fontWeight="normal" widthInChars="4" contentBackgroundAlpha="1" contentBackgroundColor="16777215" borderVisible="false" y="291" param="" x="211" color="0x444444" sizeAuto="true"/>
    <TEXT group="commonComp" textAlign="center" fontSize="12" fontFamily="微软雅黑" width="80" height="17" deviceID="" text="大形无样门口" borderColor="0xffffff" source="assets/comp/TEXTINPUT/label.png" fontWeight="normal" widthInChars="4" contentBackgroundAlpha="1" contentBackgroundColor="16777215" borderVisible="false" y="333" param="" x="232" color="0x444444" sizeAuto="true"/>
    <TEXT group="commonComp" textAlign="center" fontSize="12" fontFamily="微软雅黑" width="79" height="17" deviceID="" text="10号楼梯入口" borderColor="0xffffff" source="assets/comp/TEXTINPUT/label.png" fontWeight="normal" widthInChars="4" contentBackgroundAlpha="1" contentBackgroundColor="16777215" borderVisible="false" y="346" param="" x="36" color="0x444444" sizeAuto="true"/>
    <TEXT group="commonComp" textAlign="center" fontSize="12" fontFamily="微软雅黑" width="64" height="17" deviceID="" text="maya's门口" borderColor="0xffffff" source="assets/comp/TEXTINPUT/label.png" fontWeight="normal" widthInChars="4" contentBackgroundAlpha="1" contentBackgroundColor="16777215" borderVisible="false" y="339" param="" x="149" color="0x444444" sizeAuto="true"/>
    <TEXT group="commonComp" textAlign="center" fontSize="12" fontFamily="微软雅黑" width="51" height="17" deviceID="" text="maya's南" borderColor="0xffffff" source="assets/comp/TEXTINPUT/label.png" fontWeight="normal" widthInChars="4" contentBackgroundAlpha="1" contentBackgroundColor="16777215" borderVisible="false" y="378" param="" x="86" color="0x444444" sizeAuto="true"/>
    <TEXT group="commonComp" textAlign="center" fontSize="12" fontFamily="微软雅黑" width="93" height="17" deviceID="" text="贝迪堡早教门口" borderColor="0xffffff" source="assets/comp/TEXTINPUT/label.png" fontWeight="normal" widthInChars="4" contentBackgroundAlpha="1" contentBackgroundColor="16777215" borderVisible="false" y="421" param="" x="50" color="0x444444" sizeAuto="true"/>
    <TEXT group="commonComp" textAlign="center" fontSize="12" fontFamily="微软雅黑" width="67" height="17" deviceID="" text="雪屋北门西" borderColor="0xffffff" source="assets/comp/TEXTINPUT/label.png" fontWeight="normal" widthInChars="4" contentBackgroundAlpha="1" contentBackgroundColor="16777215" borderVisible="false" y="390" param="" x="190" color="0x444444" sizeAuto="true"/>
    <TEXT group="commonComp" textAlign="center" fontSize="12" fontFamily="微软雅黑" width="67" height="17" deviceID="" text="雪屋东门口" borderColor="0xffffff" source="assets/comp/TEXTINPUT/label.png" fontWeight="normal" widthInChars="4" contentBackgroundAlpha="1" contentBackgroundColor="16777215" borderVisible="false" y="390" param="" x="288" color="0x444444" sizeAuto="true"/>
    <TEXT group="commonComp" textAlign="center" fontSize="12" fontFamily="微软雅黑" width="80" height="17" deviceID="" text="天音琴行门口" borderColor="0xffffff" source="assets/comp/TEXTINPUT/label.png" fontWeight="normal" widthInChars="4" contentBackgroundAlpha="1" contentBackgroundColor="16777215" borderVisible="false" y="421" param="" x="189" color="0x444444" sizeAuto="true"/>
    <TEXT group="commonComp" textAlign="center" fontSize="12" fontFamily="微软雅黑" width="47" height="17" deviceID="" text="2号扶梯" borderColor="0xffffff" source="assets/comp/TEXTINPUT/label.png" fontWeight="normal" widthInChars="4" contentBackgroundAlpha="1" contentBackgroundColor="16777215" borderVisible="false" y="467" param="" x="97" color="0x444444" sizeAuto="true"/>
    <TEXT group="commonComp" textAlign="center" fontSize="12" fontFamily="微软雅黑" width="113" height="17" deviceID="" text="二层弱电井E前室外" borderColor="0xffffff" source="assets/comp/TEXTINPUT/label.png" fontWeight="normal" widthInChars="4" contentBackgroundAlpha="1" contentBackgroundColor="16777215" borderVisible="false" y="451" param="" x="169" color="0x444444" sizeAuto="true"/>
    <TEXT group="commonComp" textAlign="center" fontSize="12" fontFamily="微软雅黑" width="80" height="17" deviceID="" text="乐声音响门口" borderColor="0xffffff" source="assets/comp/TEXTINPUT/label.png" fontWeight="normal" widthInChars="4" contentBackgroundAlpha="1" contentBackgroundColor="16777215" borderVisible="false" y="462" param="" x="7" color="0x444444" sizeAuto="true"/>
    <TEXT group="commonComp" textAlign="center" fontSize="12" fontFamily="微软雅黑" width="93" height="17" deviceID="" text="悠悠堂美容门口" borderColor="0xffffff" source="assets/comp/TEXTINPUT/label.png" fontWeight="normal" widthInChars="4" contentBackgroundAlpha="1" contentBackgroundColor="16777215" borderVisible="false" y="529" param="" x="46" color="0x444444" sizeAuto="true"/>
    <TEXT group="commonComp" textAlign="center" fontSize="12" fontFamily="微软雅黑" width="108" height="17" deviceID="" text="3,4号货梯合用前室" borderColor="0xffffff" source="assets/comp/TEXTINPUT/label.png" fontWeight="normal" widthInChars="4" contentBackgroundAlpha="1" contentBackgroundColor="16777215" borderVisible="false" y="510" param="" x="141" color="0x444444" sizeAuto="true"/>
    <TEXT group="commonComp" textAlign="center" fontSize="12" fontFamily="微软雅黑" width="79" height="17" deviceID="" text="12号楼梯前室" borderColor="0xffffff" source="assets/comp/TEXTINPUT/label.png" fontWeight="normal" widthInChars="4" contentBackgroundAlpha="1" contentBackgroundColor="16777215" borderVisible="false" y="480" param="" x="247" color="0x444444" sizeAuto="true"/>
    <TEXT group="commonComp" textAlign="center" fontSize="12" fontFamily="微软雅黑" width="99" height="17" deviceID="" text="1号货梯合用前室" borderColor="0xffffff" source="assets/comp/TEXTINPUT/label.png" fontWeight="normal" widthInChars="4" contentBackgroundAlpha="1" contentBackgroundColor="16777215" borderVisible="false" y="145" param="" x="336" color="0x444444" sizeAuto="true"/>
    <TEXT group="commonComp" textAlign="center" fontSize="12" fontFamily="微软雅黑" width="47" height="17" deviceID="" text="3号扶梯" borderColor="0xffffff" source="assets/comp/TEXTINPUT/label.png" fontWeight="normal" widthInChars="4" contentBackgroundAlpha="1" contentBackgroundColor="16777215" borderVisible="false" y="234" param="" x="292" color="0x444444" sizeAuto="true"/>
    <TEXT group="commonComp" textAlign="center" fontSize="12" fontFamily="微软雅黑" width="106" height="17" deviceID="" text="大形无样东前室外" borderColor="0xffffff" source="assets/comp/TEXTINPUT/label.png" fontWeight="normal" widthInChars="4" contentBackgroundAlpha="1" contentBackgroundColor="16777215" borderVisible="false" y="312" param="" x="275" color="0x444444" sizeAuto="true"/>
    <TEXT group="commonComp" textAlign="center" fontSize="12" fontFamily="微软雅黑" width="99" height="17" deviceID="" text="5号货梯合用前室" borderColor="0xffffff" source="assets/comp/TEXTINPUT/label.png" fontWeight="normal" widthInChars="4" contentBackgroundAlpha="1" contentBackgroundColor="16777215" borderVisible="false" y="406" param="" x="368" color="0x444444" sizeAuto="true"/>
    <TEXT group="commonComp" textAlign="center" fontSize="12" fontFamily="微软雅黑" width="119" height="17" deviceID="" text="可柔集合店旁前室外" borderColor="0xffffff" source="assets/comp/TEXTINPUT/label.png" fontWeight="normal" widthInChars="4" contentBackgroundAlpha="1" contentBackgroundColor="16777215" borderVisible="false" y="213" param="" x="314" color="0x444444" sizeAuto="true"/>
    <TEXT group="commonComp" textAlign="center" fontSize="12" fontFamily="微软雅黑" width="80" height="17" deviceID="" text="伶俐精选门口" borderColor="0xffffff" source="assets/comp/TEXTINPUT/label.png" fontWeight="normal" widthInChars="4" contentBackgroundAlpha="1" contentBackgroundColor="16777215" borderVisible="false" y="255" param="" x="390" color="0x444444" sizeAuto="true"/>
    <TEXT group="commonComp" textAlign="center" fontSize="12" fontFamily="微软雅黑" width="67" height="17" deviceID="" text="伶俐精选南" borderColor="0xffffff" source="assets/comp/TEXTINPUT/label.png" fontWeight="normal" widthInChars="4" contentBackgroundAlpha="1" contentBackgroundColor="16777215" borderVisible="false" y="278" param="" x="404" color="0x444444" sizeAuto="true"/>
    <TEXT group="commonComp" textAlign="center" fontSize="12" fontFamily="微软雅黑" width="80" height="17" deviceID="" text="翡翠男装门口" borderColor="0xffffff" source="assets/comp/TEXTINPUT/label.png" fontWeight="normal" widthInChars="4" contentBackgroundAlpha="1" contentBackgroundColor="16777215" borderVisible="false" y="300" param="" x="422" color="0x444444" sizeAuto="true"/>
    <TEXT group="commonComp" textAlign="center" fontSize="12" fontFamily="微软雅黑" width="86" height="17" deviceID="" text="2号卫生间门口" borderColor="0xffffff" source="assets/comp/TEXTINPUT/label.png" fontWeight="normal" widthInChars="4" contentBackgroundAlpha="1" contentBackgroundColor="16777215" borderVisible="false" y="400" param="" x="476" color="0x444444" sizeAuto="true"/>
    <TEXT group="commonComp" textAlign="center" fontSize="12" fontFamily="微软雅黑" width="95" height="17" deviceID="" text="1,2号客梯侯梯厅" borderColor="0xffffff" source="assets/comp/TEXTINPUT/label.png" fontWeight="normal" widthInChars="4" contentBackgroundAlpha="1" contentBackgroundColor="16777215" borderVisible="false" y="352" param="" x="498" color="0x444444" sizeAuto="true"/>
    <TEXT group="commonComp" textAlign="center" fontSize="12" fontFamily="微软雅黑" width="67" height="17" deviceID="" text="贝纳川门口" borderColor="0xffffff" source="assets/comp/TEXTINPUT/label.png" fontWeight="normal" widthInChars="4" contentBackgroundAlpha="1" contentBackgroundColor="16777215" borderVisible="false" y="262" param="" x="476" color="0x444444" sizeAuto="true"/>
    <TEXT group="commonComp" textAlign="center" fontSize="12" fontFamily="微软雅黑" width="98" height="17" deviceID="" text="Ulife Style橱窗前" borderColor="0xffffff" source="assets/comp/TEXTINPUT/label.png" fontWeight="normal" widthInChars="4" contentBackgroundAlpha="1" contentBackgroundColor="16777215" borderVisible="false" y="215" param="" x="446" color="0x444444" sizeAuto="true"/>
    <TEXT group="commonComp" textAlign="center" fontSize="12" fontFamily="微软雅黑" width="79" height="17" deviceID="" text="16号楼梯前室" borderColor="0xffffff" source="assets/comp/TEXTINPUT/label.png" fontWeight="normal" widthInChars="4" contentBackgroundAlpha="1" contentBackgroundColor="16777215" borderVisible="false" y="399" param="" x="591" color="0x444444" sizeAuto="true"/>
    <TEXT group="commonComp" textAlign="center" fontSize="12" fontFamily="微软雅黑" width="68" height="17" deviceID="" text="ADSET门口" borderColor="0xffffff" source="assets/comp/TEXTINPUT/label.png" fontWeight="normal" widthInChars="4" contentBackgroundAlpha="1" contentBackgroundColor="16777215" borderVisible="false" y="316" param="" x="603" color="0x444444" sizeAuto="true"/>
    <TEXT group="commonComp" textAlign="center" fontSize="12" fontFamily="微软雅黑" width="54" height="17" deviceID="" text="森林鸟北" borderColor="0xffffff" source="assets/comp/TEXTINPUT/label.png" fontWeight="normal" widthInChars="4" contentBackgroundAlpha="1" contentBackgroundColor="16777215" borderVisible="false" y="285" param="" x="530" color="0x444444" sizeAuto="true"/>
    <TEXT group="commonComp" textAlign="center" fontSize="12" fontFamily="微软雅黑" width="80" height="17" deviceID="" text="橘子美鞋门口" borderColor="0xffffff" source="assets/comp/TEXTINPUT/label.png" fontWeight="normal" widthInChars="4" contentBackgroundAlpha="1" contentBackgroundColor="16777215" borderVisible="false" y="237" param="" x="521" color="0x444444" sizeAuto="true"/>
    <TEXT group="commonComp" textAlign="center" fontSize="12" fontFamily="微软雅黑" width="47" height="17" deviceID="" text="4号扶梯" borderColor="0xffffff" source="assets/comp/TEXTINPUT/label.png" fontWeight="normal" widthInChars="4" contentBackgroundAlpha="1" contentBackgroundColor="16777215" borderVisible="false" y="269" param="" x="606" color="0x444444" sizeAuto="true"/>
    <TEXT group="commonComp" textAlign="center" fontSize="12" fontFamily="微软雅黑" width="60" height="17" deviceID="" text="4号扶梯北" borderColor="0xffffff" source="assets/comp/TEXTINPUT/label.png" fontWeight="normal" widthInChars="4" contentBackgroundAlpha="1" contentBackgroundColor="16777215" borderVisible="false" y="241" param="" x="679" color="0x444444" sizeAuto="true"/>
    <TEXT group="commonComp" textAlign="center" fontSize="12" fontFamily="微软雅黑" width="60" height="17" deviceID="" text="4号扶梯东" borderColor="0xffffff" source="assets/comp/TEXTINPUT/label.png" fontWeight="normal" widthInChars="4" contentBackgroundAlpha="1" contentBackgroundColor="16777215" borderVisible="false" y="291" param="" x="655" color="0x444444" sizeAuto="true"/>
    <TEXT group="commonComp" textAlign="center" fontSize="12" fontFamily="微软雅黑" width="106" height="17" deviceID="" text="橘子美鞋旁前室外" borderColor="0xffffff" source="assets/comp/TEXTINPUT/label.png" fontWeight="normal" widthInChars="4" contentBackgroundAlpha="1" contentBackgroundColor="16777215" borderVisible="false" y="212" param="" x="622" color="0x444444" sizeAuto="true"/>
    <TEXT group="commonComp" textAlign="center" fontSize="12" fontFamily="微软雅黑" width="99" height="17" deviceID="" text="2号货梯合用前室" borderColor="0xffffff" source="assets/comp/TEXTINPUT/label.png" fontWeight="normal" widthInChars="4" contentBackgroundAlpha="1" contentBackgroundColor="16777215" borderVisible="false" y="162" param="" x="615" color="0x444444" sizeAuto="true"/>
    <TEXT group="commonComp" textAlign="center" fontSize="12" fontFamily="微软雅黑" width="60" height="17" deviceID="" text="5号楼梯北" borderColor="0xffffff" source="assets/comp/TEXTINPUT/label.png" fontWeight="normal" widthInChars="4" contentBackgroundAlpha="1" contentBackgroundColor="16777215" borderVisible="false" y="128" param="" x="555" color="0x444444" sizeAuto="true"/>
    <TEXT group="commonComp" textAlign="center" fontSize="12" fontFamily="微软雅黑" width="60" height="17" deviceID="" text="7号楼梯北" borderColor="0xffffff" source="assets/comp/TEXTINPUT/label.png" fontWeight="normal" widthInChars="4" contentBackgroundAlpha="1" contentBackgroundColor="16777215" borderVisible="false" y="129" param="" x="763" color="0x444444" sizeAuto="true"/>
    <TEXT group="commonComp" textAlign="center" fontSize="12" fontFamily="微软雅黑" width="108" height="17" deviceID="" text="6,7号货梯合用前室" borderColor="0xffffff" source="assets/comp/TEXTINPUT/label.png" fontWeight="normal" widthInChars="4" contentBackgroundAlpha="1" contentBackgroundColor="16777215" borderVisible="false" y="394" param="" x="754" color="0x444444" sizeAuto="true"/>
    <TEXT group="commonComp" textAlign="center" fontSize="12" fontFamily="微软雅黑" width="94" height="17" deviceID="" text="city life东前室外" borderColor="0xffffff" source="assets/comp/TEXTINPUT/label.png" fontWeight="normal" widthInChars="4" contentBackgroundAlpha="1" contentBackgroundColor="16777215" borderVisible="false" y="316.95" param="" x="675.3" color="0x444444" sizeAuto="true"/>
    <TEXT group="commonComp" textAlign="center" fontSize="12" fontFamily="微软雅黑" width="72" height="17" deviceID="" text="SERINA门口" borderColor="0xffffff" source="assets/comp/TEXTINPUT/label.png" fontWeight="normal" widthInChars="4" contentBackgroundAlpha="1" contentBackgroundColor="16777215" borderVisible="false" y="315" param="" x="774" color="0x444444" sizeAuto="true"/>
    <TEXT group="commonComp" textAlign="center" fontSize="12" fontFamily="微软雅黑" width="72" height="17" deviceID="" text="June.wu门口" borderColor="0xffffff" source="assets/comp/TEXTINPUT/label.png" fontWeight="normal" widthInChars="4" contentBackgroundAlpha="1" contentBackgroundColor="16777215" borderVisible="false" y="219" param="" x="730" color="0x444444" sizeAuto="true"/>
    <TEXT group="commonComp" textAlign="center" fontSize="12" fontFamily="微软雅黑" width="105" height="17" deviceID="" text="ABC童装西前室外" borderColor="0xffffff" source="assets/comp/TEXTINPUT/label.png" fontWeight="normal" widthInChars="4" contentBackgroundAlpha="1" contentBackgroundColor="16777215" borderVisible="false" y="271" param="" x="691" color="0x444444" sizeAuto="true"/>
    <TEXT group="commonComp" textAlign="center" fontSize="12" fontFamily="微软雅黑" width="105" height="17" deviceID="" text="ABC童装东前室外" borderColor="0xffffff" source="assets/comp/TEXTINPUT/label.png" fontWeight="normal" widthInChars="4" contentBackgroundAlpha="1" contentBackgroundColor="16777215" borderVisible="false" y="223" param="" x="804" color="0x444444" sizeAuto="true"/>
    <TEXT group="commonComp" textAlign="center" fontSize="12" fontFamily="微软雅黑" width="93" height="17" deviceID="" text="康妮雅生活馆南" borderColor="0xffffff" source="assets/comp/TEXTINPUT/label.png" fontWeight="normal" widthInChars="4" contentBackgroundAlpha="1" contentBackgroundColor="16777215" borderVisible="false" y="244" param="" x="831" color="0x444444" sizeAuto="true"/>
    <TEXT group="commonComp" textAlign="center" fontSize="12" fontFamily="微软雅黑" width="54" height="17" deviceID="" text="伊佐拉北" borderColor="0xffffff" source="assets/comp/TEXTINPUT/label.png" fontWeight="normal" widthInChars="4" contentBackgroundAlpha="1" contentBackgroundColor="16777215" borderVisible="false" y="288" param="" x="856" color="0x444444" sizeAuto="true"/>
    <TEXT group="commonComp" textAlign="center" fontSize="12" fontFamily="微软雅黑" width="54" height="17" deviceID="" text="伊佐拉东" borderColor="0xffffff" source="assets/comp/TEXTINPUT/label.png" fontWeight="normal" widthInChars="4" contentBackgroundAlpha="1" contentBackgroundColor="16777215" borderVisible="false" y="357" param="" x="843" color="0x444444" sizeAuto="true"/>
    <TEXT group="commonComp" textAlign="center" fontSize="12" fontFamily="微软雅黑" width="47" height="17" deviceID="" text="5号扶梯" borderColor="0xffffff" source="assets/comp/TEXTINPUT/label.png" fontWeight="normal" widthInChars="4" contentBackgroundAlpha="1" contentBackgroundColor="16777215" borderVisible="false" y="333" param="" x="894" color="0x444444" sizeAuto="true"/>
    <TEXT group="commonComp" textAlign="center" fontSize="12" fontFamily="微软雅黑" width="80" height="17" deviceID="" text="优厂速购门口" borderColor="0xffffff" source="assets/comp/TEXTINPUT/label.png" fontWeight="normal" widthInChars="4" contentBackgroundAlpha="1" contentBackgroundColor="16777215" borderVisible="false" y="309" param="" x="925" color="0x444444" sizeAuto="true"/>
    <TEXT group="commonComp" textAlign="center" fontSize="12" fontFamily="微软雅黑" width="106" height="17" deviceID="" text="优厂速购北门西北" borderColor="0xffffff" source="assets/comp/TEXTINPUT/label.png" fontWeight="normal" widthInChars="4" contentBackgroundAlpha="1" contentBackgroundColor="16777215" borderVisible="false" y="280" param="" x="988" color="0x444444" sizeAuto="true"/>
    <TEXT group="commonComp" textAlign="center" fontSize="12" fontFamily="微软雅黑" width="67" height="17" deviceID="" text="稻草人门口" borderColor="0xffffff" source="assets/comp/TEXTINPUT/label.png" fontWeight="normal" widthInChars="4" contentBackgroundAlpha="1" contentBackgroundColor="16777215" borderVisible="false" y="264" param="" x="867" color="0x444444" sizeAuto="true"/>
    <TEXT group="commonComp" textAlign="center" fontSize="12" fontFamily="微软雅黑" width="93" height="17" deviceID="" text="稻草人东前室外" borderColor="0xffffff" source="assets/comp/TEXTINPUT/label.png" fontWeight="normal" widthInChars="4" contentBackgroundAlpha="1" contentBackgroundColor="16777215" borderVisible="false" y="251" param="" x="986" color="0x444444" sizeAuto="true"/>
    <TEXT group="commonComp" textAlign="center" fontSize="12" fontFamily="微软雅黑" width="99" height="17" deviceID="" text="8号货梯合用前室" borderColor="0xffffff" source="assets/comp/TEXTINPUT/label.png" fontWeight="normal" widthInChars="4" contentBackgroundAlpha="1" contentBackgroundColor="16777215" borderVisible="false" y="204" param="" x="969" color="0x444444" sizeAuto="true"/>
    <TEXT group="commonComp" textAlign="center" fontSize="12" fontFamily="微软雅黑" width="60" height="17" deviceID="" text="8号货梯北" borderColor="0xffffff" source="assets/comp/TEXTINPUT/label.png" fontWeight="normal" widthInChars="4" contentBackgroundAlpha="1" contentBackgroundColor="16777215" borderVisible="false" y="139" param="" x="999" color="0x444444" sizeAuto="true"/>
    <TEXT group="commonComp" textAlign="center" fontSize="12" fontFamily="微软雅黑" width="126" height="17" deviceID="" text="3,4,5,6号客梯消防前室" borderColor="0xffffff" source="assets/comp/TEXTINPUT/label.png" fontWeight="normal" widthInChars="4" contentBackgroundAlpha="1" contentBackgroundColor="16777215" borderVisible="false" y="202" param="" x="1116" color="0x444444" sizeAuto="true"/>
    <TEXT group="commonComp" textAlign="center" fontSize="12" fontFamily="微软雅黑" width="79" height="17" deviceID="" text="25号楼梯入口" borderColor="0xffffff" source="assets/comp/TEXTINPUT/label.png" fontWeight="normal" widthInChars="4" contentBackgroundAlpha="1" contentBackgroundColor="16777215" borderVisible="false" y="384" param="" x="890" color="0x444444" sizeAuto="true"/>
    <TEXT group="commonComp" textAlign="center" fontSize="12" fontFamily="微软雅黑" width="79" height="17" deviceID="" text="26号楼梯前室" borderColor="0xffffff" source="assets/comp/TEXTINPUT/label.png" fontWeight="normal" widthInChars="4" contentBackgroundAlpha="1" contentBackgroundColor="16777215" borderVisible="false" y="408" param="" x="955" color="0x444444" sizeAuto="true"/>
    <TEXT group="commonComp" textAlign="center" fontSize="12" fontFamily="微软雅黑" width="73" height="17" deviceID="" text="3号卫生间南" borderColor="0xffffff" source="assets/comp/TEXTINPUT/label.png" fontWeight="normal" widthInChars="4" contentBackgroundAlpha="1" contentBackgroundColor="16777215" borderVisible="false" y="346" param="" x="1004" color="0x444444" sizeAuto="true"/>
    <TEXT group="commonComp" textAlign="center" fontSize="12" fontFamily="微软雅黑" width="99" height="17" deviceID="" text="9号货梯合用前室" borderColor="0xffffff" source="assets/comp/TEXTINPUT/label.png" fontWeight="normal" widthInChars="4" contentBackgroundAlpha="1" contentBackgroundColor="16777215" borderVisible="false" y="402" param="" x="1037" color="0x444444" sizeAuto="true"/>
    <TEXT group="commonComp" textAlign="center" fontSize="12" fontFamily="微软雅黑" width="92" height="17" deviceID="" text="11号客梯侯梯厅" borderColor="0xffffff" source="assets/comp/TEXTINPUT/label.png" fontWeight="normal" widthInChars="4" contentBackgroundAlpha="1" contentBackgroundColor="16777215" borderVisible="false" y="366" param="" x="1105" color="0x444444" sizeAuto="true"/>
    <TEXT group="commonComp" textAlign="center" fontSize="12" fontFamily="微软雅黑" width="120" height="17" deviceID="" text="10,11号货梯合用前室" borderColor="0xffffff" source="assets/comp/TEXTINPUT/label.png" fontWeight="normal" widthInChars="4" contentBackgroundAlpha="1" contentBackgroundColor="16777215" borderVisible="false" y="397" param="" x="1197" color="0x444444" sizeAuto="true"/>
    <TEXT group="commonComp" textAlign="center" fontSize="12" fontFamily="微软雅黑" width="79" height="17" deviceID="" text="36号楼梯前室" borderColor="0xffffff" source="assets/comp/TEXTINPUT/label.png" fontWeight="normal" widthInChars="4" contentBackgroundAlpha="1" contentBackgroundColor="16777215" borderVisible="false" y="354" param="" x="1290" color="0x444444" sizeAuto="true"/>
    <TEXT group="commonComp" textAlign="center" fontSize="12" fontFamily="微软雅黑" width="95" height="17" deviceID="" text="二层7,8号客梯前" borderColor="0xffffff" source="assets/comp/TEXTINPUT/label.png" fontWeight="normal" widthInChars="4" contentBackgroundAlpha="1" contentBackgroundColor="16777215" borderVisible="false" y="363" param="" x="254" color="0x444444" sizeAuto="true"/>
  </Components>
</Configration>