<?xml version="1.0" encoding="utf-8"?>
<Configration Width="1434" Height="714">
  <LIST>
    <Component>
      <KTFJPG/>
    </Component>
    <Image>
      <F3NODE source="mapAssets/mapImages/F3Node.png" group="map"/>
      <LCF3 source="assets/comp/LCF3.png"/>
      <TULI source="assets/comp/TULI/TULI.png"/>
      <KTFJPGN source="assets/comp/TULI/KTFJPGN.png"/>
      <KTFJPGA source="assets/comp/TULI/KTFJPGA.png"/>
      <KTFJPGR source="assets/comp/TULI/KTFJPGR.png"/>
    </Image>
  </LIST>
  <Components>
    <F3NODE height="714" y="0" width="1434" group="map" source="mapAssets/mapImages/F3Node.png" x="0"/>
    <TEXT x="240" param="" deviceID="" text="3层1_1组风机盘管" sizeAuto="true" borderColor="0xffffff" group="commonComp" source="assets/comp/TEXTINPUT/label.png" textAlign="center" height="17" y="210" widthInChars="4" width="104" color="255" fontWeight="normal" contentBackgroundAlpha="0" fontSize="12" fontFamily="微软雅黑" borderVisible="false"/>
    <LCF3 height="92" y="10" width="110" group="bg" source="assets/comp/LCF3.png" x="10"/>
    <TULI scaleY="1.2" group="tuli" width="225" x="989" height="124" y="446" source="assets/comp/TULI/TULI.png"/>
    <KTFJPGN scaleY="0.4" group="tuli" width="80" x="1141" height="80" y="475" source="assets/comp/TULI/KTFJPGN.png" scaleX="0.5"/>
    <KTFJPGA scaleY="0.4" group="tuli" width="80" x="1141" height="80" y="510" source="assets/comp/TULI/KTFJPGA.png" scaleX="0.5"/>
    <KTFJPGR scaleY="0.4" group="tuli" width="80" x="1141" height="80" y="544" source="assets/comp/TULI/KTFJPGR.png" scaleX="0.5"/>
    <TEXT x="1014" param="" deviceID="" text="风机盘管正常" sizeAuto="true" borderColor="0xffffff" group="commonComp" source="assets/comp/TEXTINPUT/label.png" textAlign="center" height="19" y="480" widthInChars="4" width="92" color="0x444444" fontWeight="normal" contentBackgroundAlpha="0" fontSize="14" fontFamily="微软雅黑" borderVisible="false"/>
    <TEXT x="1014" param="" deviceID="" text="风机盘管报警" sizeAuto="true" borderColor="0xffffff" group="commonComp" source="assets/comp/TEXTINPUT/label.png" textAlign="center" height="19" y="514" widthInChars="4" width="92" color="0x444444" fontWeight="normal" contentBackgroundAlpha="0" fontSize="14" fontFamily="微软雅黑" borderVisible="false"/>
    <TEXT x="1015" param="" deviceID="" text="风机盘管运行" sizeAuto="true" borderColor="0xffffff" group="commonComp" source="assets/comp/TEXTINPUT/label.png" textAlign="center" height="19" y="548" widthInChars="4" width="92" color="0x444444" fontWeight="normal" contentBackgroundAlpha="0" fontSize="14" fontFamily="微软雅黑" borderVisible="false"/>
    <KTFJPG scaleY="0.7" deviceID="170032" mark="FPG" group="deviceComp" width="80" x="262" height="80" y="229.35000000000002" source="assets/comp/KTFJPG/bg.png" deviceName="3层1_1组风机盘管" scaleX="0.8"/>
  </Components>
</Configration>