<?xml version="1.0" encoding="utf-8"?>
<Configration Width="1749" Height="729">
  <LIST>
    <Component>
      <KTTB/>
    </Component>
    <Image>
      <F3NODE source="mapAssets/mapImages/F3Node.png" group="map"/>
      <LCF3 source="assets/comp/LCF3.png"/>
      <TULI source="assets/comp/TULI/TULI.png"/>
      <KTYX source="assets/comp/kt_yx.png"/>
      <KTBJ source="assets/comp/kt_bj.png"/>
      <KTTZ source="assets/comp/kttz.png"/>
      <ZNZTL source="assets/comp/ZNZTL.png"/>
    </Image>
  </LIST>
  <Components>
    <F3NODE y="0" x="0" width="1434" height="714" source="mapAssets/mapImages/F3Node.png"/>
    <KTTB scaleY="0.8500000000000001" scaleX="0.8500000000000001" deviceID="200012" x="297.44999999999993" mark="FPG" y="278.09999999999997" width="80" deviceName="12#风机盘管" height="80" source="assets/comp/KTTB/bg.png"/>
    <KTTB scaleY="0.8500000000000001" scaleX="0.8500000000000001" deviceID="200014" x="1095.4" mark="FPG" y="240.95" width="80" deviceName="14#风机盘管" height="80" source="assets/comp/KTTB/bg.png"/>
    <LCF3 scaleY="0.8" scaleX="0.8" x="50" y="30" width="110" height="92" source="assets/comp/LCF3.png"/>
    <TULI scaleY="1.5" scaleX="1.5" rotation="0" x="1410.85" y="503.4" height="150" source="assets/comp/TULI/TULI.png"/>
    <TEXT scaleX="1" fontSize="20" rotation="0" deviceID="" param="" scaleY="1" fontWeight="normal" width="170" height="25" source="assets/comp/TEXTINPUT/label.png" color="0" borderColor="0xffffff" sizeAuto="true" contentBackgroundAlpha="0" text="风机盘管（开启）" borderVisible="false" x="1546.65" y="559.8" fontFamily="微软雅黑" widthInChars="2" textAlign="center"/>
    <KTYX scaleY="0.7" scaleX="0.7" x="1466" y="552.7" width="80" height="80" source="assets/comp/kt_yx.png"/>
    <KTBJ scaleY="0.7" scaleX="0.7" x="1464.35" y="655.5" width="80" height="80" source="assets/comp/kt_bj.png"/>
    <KTTZ scaleY="0.7" scaleX="0.7" x="1464.75" y="605.4" width="80" height="80" source="assets/comp/kttz.png"/>
    <TEXT scaleX="1" fontSize="20" rotation="0" deviceID="" param="" scaleY="1" fontWeight="normal" width="170" height="25" source="assets/comp/TEXTINPUT/label.png" color="0" borderColor="0xffffff" sizeAuto="true" contentBackgroundAlpha="0" text="风机盘管（关闭）" borderVisible="false" x="1548" y="614" fontFamily="微软雅黑" widthInChars="2" textAlign="center"/>
    <TEXT scaleX="1" fontSize="20" rotation="0" deviceID="" param="" scaleY="1" fontWeight="normal" width="170" height="25" source="assets/comp/TEXTINPUT/label.png" color="0" borderColor="0xffffff" sizeAuto="true" contentBackgroundAlpha="0" text="风机盘管（报警）" borderVisible="false" x="1546" y="667" fontFamily="微软雅黑" widthInChars="2" textAlign="center"/>
    <ZNZTL scaleY="0.5" scaleX="0.5" x="1186.05" y="40" width="184" height="184" source="assets/comp/ZNZTL.png"/>
    <KTTB scaleY="0.8500000000000001" scaleX="0.8500000000000001" deviceID="200013" x="715.65" mark="FPG" y="215.15" width="80" deviceName="13#风机盘管" height="80" source="assets/comp/KTTB/bg.png"/>
  </Components>
</Configration>