<?xml version="1.0" encoding="utf-8"?>
<Configration Width="1434" Height="714">
  <LIST>
    <Component>
      <LIFTF2/>
      <RUNING/>
      <HANDTZ/>
    </Component>
    <Image>
      <F3NODE source="mapAssets/mapImages/F3Node.png" group="map"/>
      <TULI source="assets/comp/TULI/TULI.png"/>
      <FTN source="assets/comp/TULI/FTN.png"/>
      <FTA source="assets/comp/TULI/FTA.png"/>
      <FTR source="assets/comp/TULI/FTR.png"/>
      <LCF3 source="assets/comp/LCF3.png"/>
    </Image>
  </LIST>
  <Components>
    <F3NODE y="0" width="1434" x="0" group="map" source="mapAssets/mapImages/F3Node.png" height="714"/>
    <TEXT group="commonComp" fontFamily="微软雅黑" y="200" x="210" fontWeight="normal" color="0x444444" param="" fontSize="20" borderColor="0xffffff" widthInChars="4" contentBackgroundAlpha="0" textAlign="center" width="107" borderVisible="false" text="四号门扶梯" deviceID="" source="assets/comp/TEXTINPUT/label.png" height="25" sizeAuto="true"/>
    <TULI x="1063" group="tuli" y="481" scaleY="1.2" width="225" source="assets/comp/TULI/TULI.png" height="124"/>
    <FTN x="1221" group="tuli" y="514.05" scaleX="0.7" scaleY="0.6" width="36" source="assets/comp/TULI/FTN.png" height="52"/>
    <FTA x="1221" group="tuli" y="547.8499999999999" scaleX="0.7" scaleY="0.6" width="36" source="assets/comp/TULI/FTA.png" height="52"/>
    <FTR x="1221" group="tuli" y="581.3" scaleX="0.7" scaleY="0.6" width="36" source="assets/comp/TULI/FTR.png" height="52"/>
    <TEXT group="commonComp" fontFamily="微软雅黑" y="520" x="1092" fontWeight="normal" color="0x444444" param="" fontSize="14" borderColor="0xffffff" widthInChars="4" contentBackgroundAlpha="0" textAlign="center" width="62" borderVisible="false" text="扶梯正常" deviceID="" source="assets/comp/TEXTINPUT/label.png" height="19" sizeAuto="true"/>
    <TEXT group="commonComp" fontFamily="微软雅黑" y="555" x="1092" fontWeight="normal" color="0x444444" param="" fontSize="14" borderColor="0xffffff" widthInChars="4" contentBackgroundAlpha="0" textAlign="center" width="62" borderVisible="false" text="扶梯报警" deviceID="" source="assets/comp/TEXTINPUT/label.png" height="19" sizeAuto="true"/>
    <TEXT group="commonComp" fontFamily="微软雅黑" y="590" x="1092" fontWeight="normal" color="0x444444" param="" fontSize="14" borderColor="0xffffff" widthInChars="4" contentBackgroundAlpha="0" textAlign="center" width="62" borderVisible="false" text="扶梯运行" deviceID="" source="assets/comp/TEXTINPUT/label.png" height="19" sizeAuto="true"/>
    <LCF3 y="10" width="110" x="10" group="bg" source="assets/comp/LCF3.png" height="92"/>
    <LIFTF2 group="deviceComp" deviceName="三层至四层FT-3F4F-11" x="1102" y="208" mark="LIFTF" width="36" deviceID="850025" source="assets/comp/LIFTF2/bg.png" height="52"/>
    <LIFTF2 group="deviceComp" deviceName="三层至四层FT-3F4F-11" x="1067" y="209" mark="LIFTF" width="36" deviceID="850025" source="assets/comp/LIFTF2/bg.png" height="52"/>
    <RUNING group="commonComp" deviceName="三层至四层FT-3F4F-11" y="207" x="1139" mark="LIFTF" width="58" deviceID="850025" source="assets/comp/RUNING/runing/0/1.png" height="25"/>
    <HANDTZ group="commonComp" paramID="2" mark="LIFTF" alarm="HANDTZ" x="1140" y="232" deviceName="三层至四层FT-3F4F-11" param="alarm" width="58" deviceID="850025" source="assets/comp/HANDTZ/sdtzstatus/0/1.png" height="25"/>
    <RUNING group="commonComp" deviceName="三层至四层FT-3F4F-11" y="208" x="1008" mark="LIFTF" width="58" deviceID="850025" source="assets/comp/RUNING/runing/0/1.png" height="25"/>
    <HANDTZ group="commonComp" paramID="2" mark="LIFTF" alarm="HANDTZ" x="1011" y="232" deviceName="三层至四层FT-3F4F-11" param="alarm" width="58" deviceID="850025" source="assets/comp/HANDTZ/sdtzstatus/0/1.png" height="25"/>
  </Components>
</Configration>