<?xml version="1.0" encoding="utf-8"?>
<Configration Width="1434" Height="714">
  <LIST>
    <Component>
      <ALARMTB/>
    </Component>
    <Image>
      <F3NODE source="mapAssets/mapImages/F3Node.png" group="map"/>
      <TULI source="assets/comp/TULI/TULI.png"/>
      <LCF3 source="assets/comp/LCF3.png"/>
      <BJN source="assets/comp/TULI/BJN.png"/>
      <BJA source="assets/comp/TULI/BJA.png"/>
    </Image>
  </LIST>
  <Components>
    <F3NODE x="0" y="0" height="714" source="mapAssets/mapImages/F3Node.png" width="1434" group="map"/>
    <TULI x="1198" y="579" height="124" source="assets/comp/TULI/TULI.png" width="225" group="tuli"/>
    <LCF3 x="10" y="10" height="92" source="assets/comp/LCF3.png" width="110" group="bg"/>
    <TEXT x="1263" group="commonComp" textAlign="center" fontSize="16" fontFamily="微软雅黑" width="121" height="21" deviceID="" text="客流摄像头正常" borderColor="0xffffff" source="assets/comp/TEXTINPUT/label.png" fontWeight="normal" widthInChars="4" contentBackgroundAlpha="0" borderVisible="false" y="614" param="" contentBackgroundColor="16777215" color="0" sizeAuto="true"/>
    <TEXT x="1263" group="commonComp" textAlign="center" fontSize="16" fontFamily="微软雅黑" width="121" height="21" deviceID="" text="客流摄像头报警" borderColor="0xffffff" source="assets/comp/TEXTINPUT/label.png" fontWeight="normal" widthInChars="4" contentBackgroundAlpha="0" borderVisible="false" y="644" param="" contentBackgroundColor="16777215" color="0" sizeAuto="true"/>
    <ALARMTB alarm="ALARMTB" source="assets/comp/ALARMTB/alarm/0/1.png" deviceID="1450013" y="112" mark="KLTCQ" deviceName="3F货梯HT-17靠金街出入口" x="921" width="16" group="commonComp" height="16" param="alarm" paramID="2"/>
    <TEXT x="898" group="commonComp" textAlign="center" fontSize="12" scaleY="0.9" fontFamily="微软雅黑" width="152" height="17" deviceID="" text="3F货梯HT-17靠金街出入口" borderColor="0xffffff" source="assets/comp/TEXTINPUT/label.png" fontWeight="normal" widthInChars="4" contentBackgroundAlpha="0" borderVisible="false" y="134.7" param="" contentBackgroundColor="16777215" color="255" sizeAuto="true"/>
    <BJN x="1238" y="619" height="16" source="assets/comp/TULI/BJN.png" width="16" group="tuli"/>
    <BJA x="1238" y="649" height="16" source="assets/comp/TULI/BJA.png" width="16" group="tuli"/>
    <TEXT x="20" group="commonComp" textAlign="center" fontSize="12" fontFamily="微软雅黑" width="41" height="17" deviceID="" text="多奇妙" borderColor="0xffffff" source="assets/comp/TEXTINPUT/label.png" fontWeight="normal" widthInChars="4" contentBackgroundAlpha="0" borderVisible="false" y="575" param="" contentBackgroundColor="16777215" color="13408512" sizeAuto="true"/>
    <TEXT x="20" group="commonComp" textAlign="center" fontSize="12" fontFamily="微软雅黑" width="54" height="17" deviceID="" text="恒记饭店" borderColor="0xffffff" source="assets/comp/TEXTINPUT/label.png" fontWeight="normal" widthInChars="4" contentBackgroundAlpha="0" borderVisible="false" y="560" param="" contentBackgroundColor="16777215" color="13408512" sizeAuto="true"/>
    <TEXT x="20" group="commonComp" textAlign="center" fontSize="12" fontFamily="微软雅黑" width="41" height="17" deviceID="" text="大玩家" borderColor="0xffffff" source="assets/comp/TEXTINPUT/label.png" fontWeight="normal" widthInChars="4" contentBackgroundAlpha="0" borderVisible="false" y="590" param="" contentBackgroundColor="16777215" color="13408512" sizeAuto="true"/>
    <TEXT x="115" group="commonComp" textAlign="center" fontSize="12" fontFamily="微软雅黑" width="26" height="17" deviceID="" text="3001" borderColor="0xffffff" source="assets/comp/TEXTINPUT/label.png" fontWeight="normal" widthInChars="4" contentBackgroundAlpha="0" borderVisible="false" y="560" param="" contentBackgroundColor="16777215" color="13408512" sizeAuto="true"/>
    <TEXT x="115" group="commonComp" textAlign="center" fontSize="12" fontFamily="微软雅黑" width="26" height="17" deviceID="" text="3019" borderColor="0xffffff" source="assets/comp/TEXTINPUT/label.png" fontWeight="normal" widthInChars="4" contentBackgroundAlpha="0" borderVisible="false" y="578" param="" contentBackgroundColor="16777215" color="13408512" sizeAuto="true"/>
    <TEXT x="115" group="commonComp" textAlign="center" fontSize="12" fontFamily="微软雅黑" width="26" height="17" deviceID="" text="3020" borderColor="0xffffff" source="assets/comp/TEXTINPUT/label.png" fontWeight="normal" widthInChars="4" contentBackgroundAlpha="0" borderVisible="false" y="592" param="" contentBackgroundColor="16777215" color="13408512" sizeAuto="true"/>
    <TEXT x="20" group="commonComp" textAlign="center" fontSize="12" fontFamily="微软雅黑" width="82" height="17" deviceID="" text="3MM吃货联盟" borderColor="0xffffff" source="assets/comp/TEXTINPUT/label.png" fontWeight="normal" widthInChars="4" contentBackgroundAlpha="0" borderVisible="false" y="605" param="" contentBackgroundColor="16777215" color="13369497" sizeAuto="true"/>
    <TEXT x="114" group="commonComp" textAlign="center" fontSize="12" fontFamily="微软雅黑" width="29" height="17" deviceID="" text="3017" borderColor="0xffffff" source="assets/comp/TEXTINPUT/label.png" fontWeight="normal" widthInChars="4" contentBackgroundAlpha="0" borderVisible="false" y="606" param="" contentBackgroundColor="16777215" color="13369497" sizeAuto="false"/>
    <TEXT x="20" group="commonComp" textAlign="center" fontSize="12" fontFamily="微软雅黑" width="54" height="17" deviceID="" text="云歌琴行" borderColor="0xffffff" source="assets/comp/TEXTINPUT/label.png" fontWeight="normal" widthInChars="4" contentBackgroundAlpha="0" borderVisible="false" y="620" param="" contentBackgroundColor="16777215" color="255" sizeAuto="true"/>
    <TEXT x="20" group="commonComp" textAlign="center" fontSize="12" fontFamily="微软雅黑" width="54" height="17" deviceID="" text="维意定制" borderColor="0xffffff" source="assets/comp/TEXTINPUT/label.png" fontWeight="normal" widthInChars="4" contentBackgroundAlpha="0" borderVisible="false" y="635" param="" contentBackgroundColor="16777215" color="255" sizeAuto="true"/>
    <TEXT x="19" group="commonComp" textAlign="center" fontSize="12" fontFamily="微软雅黑" width="67" height="17" deviceID="" text="菜咔千丝秀" borderColor="0xffffff" source="assets/comp/TEXTINPUT/label.png" fontWeight="normal" widthInChars="4" contentBackgroundAlpha="0" borderVisible="false" y="650" param="" contentBackgroundColor="16777215" color="255" sizeAuto="true"/>
    <TEXT x="21" group="commonComp" textAlign="center" fontSize="12" fontFamily="微软雅黑" width="28" height="17" deviceID="" text="南冰" borderColor="0xffffff" source="assets/comp/TEXTINPUT/label.png" fontWeight="normal" widthInChars="4" contentBackgroundAlpha="0" borderVisible="false" y="664" param="" contentBackgroundColor="16777215" color="255" sizeAuto="true"/>
    <TEXT x="20" group="commonComp" textAlign="center" fontSize="12" fontFamily="微软雅黑" width="80" height="17" deviceID="" text="大黄蜂电竞馆" borderColor="0xffffff" source="assets/comp/TEXTINPUT/label.png" fontWeight="normal" widthInChars="4" contentBackgroundAlpha="0" borderVisible="false" y="679" param="" contentBackgroundColor="16777215" color="255" sizeAuto="true"/>
    <TEXT x="114" group="commonComp" textAlign="center" fontSize="12" fontFamily="微软雅黑" width="29" height="17" deviceID="" text="3002" borderColor="0xffffff" source="assets/comp/TEXTINPUT/label.png" fontWeight="normal" widthInChars="4" contentBackgroundAlpha="0" borderVisible="false" y="621" param="" contentBackgroundColor="16777215" color="255" sizeAuto="false"/>
    <TEXT x="115" group="commonComp" textAlign="center" fontSize="12" fontFamily="微软雅黑" width="40" height="17" deviceID="" text="3012-2" borderColor="0xffffff" source="assets/comp/TEXTINPUT/label.png" fontWeight="normal" widthInChars="4" contentBackgroundAlpha="0" borderVisible="false" y="637" param="" contentBackgroundColor="16777215" color="255" sizeAuto="false"/>
    <TEXT x="115" group="commonComp" textAlign="center" fontSize="12" fontFamily="微软雅黑" width="42" height="17" deviceID="" text="3018-2" borderColor="0xffffff" source="assets/comp/TEXTINPUT/label.png" fontWeight="normal" widthInChars="4" contentBackgroundAlpha="0" borderVisible="false" y="650" param="" contentBackgroundColor="16777215" color="255" sizeAuto="false"/>
    <TEXT x="115" group="commonComp" textAlign="center" fontSize="12" fontFamily="微软雅黑" width="41" height="17" deviceID="" text="3018-3" borderColor="0xffffff" source="assets/comp/TEXTINPUT/label.png" fontWeight="normal" widthInChars="4" contentBackgroundAlpha="0" borderVisible="false" y="664" param="" contentBackgroundColor="16777215" color="255" sizeAuto="false"/>
    <TEXT x="115" group="commonComp" textAlign="center" fontSize="12" fontFamily="微软雅黑" width="41" height="17" deviceID="" text="3021-2" borderColor="0xffffff" source="assets/comp/TEXTINPUT/label.png" fontWeight="normal" widthInChars="4" contentBackgroundAlpha="0" borderVisible="false" y="679" param="" contentBackgroundColor="16777215" color="255" sizeAuto="false"/>
    <TEXT x="185" group="commonComp" textAlign="center" fontSize="12" fontFamily="微软雅黑" width="54" height="17" deviceID="" text="诺丁牛排" borderColor="0xffffff" source="assets/comp/TEXTINPUT/label.png" fontWeight="normal" widthInChars="4" contentBackgroundAlpha="0" borderVisible="false" y="560" param="" contentBackgroundColor="16777215" color="13382400" sizeAuto="true"/>
    <TEXT x="185" group="commonComp" textAlign="center" fontSize="12" fontFamily="微软雅黑" width="54" height="17" deviceID="" text="一捞一汤" borderColor="0xffffff" source="assets/comp/TEXTINPUT/label.png" fontWeight="normal" widthInChars="4" contentBackgroundAlpha="0" borderVisible="false" y="576" param="" contentBackgroundColor="16777215" color="13382400" sizeAuto="true"/>
    <TEXT x="185" group="commonComp" textAlign="center" fontSize="12" fontFamily="微软雅黑" width="54" height="17" deviceID="" text="鲈鱼来了" borderColor="0xffffff" source="assets/comp/TEXTINPUT/label.png" fontWeight="normal" widthInChars="4" contentBackgroundAlpha="0" borderVisible="false" y="591" param="" contentBackgroundColor="16777215" color="13382400" sizeAuto="true"/>
    <TEXT x="185" group="commonComp" textAlign="center" fontSize="12" fontFamily="微软雅黑" width="41" height="17" deviceID="" text="大白鲨" borderColor="0xffffff" source="assets/comp/TEXTINPUT/label.png" fontWeight="normal" widthInChars="4" contentBackgroundAlpha="0" borderVisible="false" y="607" param="" contentBackgroundColor="16777215" color="13382400" sizeAuto="true"/>
    <TEXT x="270" group="commonComp" textAlign="center" fontSize="12" fontFamily="微软雅黑" width="29" height="17" deviceID="" text="3003" borderColor="0xffffff" source="assets/comp/TEXTINPUT/label.png" fontWeight="normal" widthInChars="4" contentBackgroundAlpha="0" borderVisible="false" y="560" param="" contentBackgroundColor="16777215" color="13382400" sizeAuto="false"/>
    <TEXT x="335" group="commonComp" textAlign="center" fontSize="12" fontFamily="微软雅黑" width="54" height="17" deviceID="" text="龙田料理" borderColor="0xffffff" source="assets/comp/TEXTINPUT/label.png" fontWeight="normal" widthInChars="4" contentBackgroundAlpha="0" borderVisible="false" y="484" param="" contentBackgroundColor="16777215" color="13382400" sizeAuto="true"/>
    <TEXT x="185" group="commonComp" textAlign="center" fontSize="12" fontFamily="微软雅黑" width="54" height="17" deviceID="" text="西域味道" borderColor="0xffffff" source="assets/comp/TEXTINPUT/label.png" fontWeight="normal" widthInChars="4" contentBackgroundAlpha="0" borderVisible="false" y="652" param="" contentBackgroundColor="16777215" color="13382400" sizeAuto="true"/>
    <TEXT x="185" group="commonComp" textAlign="center" fontSize="12" fontFamily="微软雅黑" width="41" height="17" deviceID="" text="九鼎轩" borderColor="0xffffff" source="assets/comp/TEXTINPUT/label.png" fontWeight="normal" widthInChars="4" contentBackgroundAlpha="0" borderVisible="false" y="665" param="" contentBackgroundColor="16777215" color="13382400" sizeAuto="true"/>
    <TEXT x="185" group="commonComp" textAlign="center" fontSize="12" fontFamily="微软雅黑" width="54" height="17" deviceID="" text="左邻右礼" borderColor="0xffffff" source="assets/comp/TEXTINPUT/label.png" fontWeight="normal" widthInChars="4" contentBackgroundAlpha="0" borderVisible="false" y="680" param="" contentBackgroundColor="16777215" color="13382400" sizeAuto="true"/>
    <TEXT x="185" group="commonComp" textAlign="center" fontSize="12" fontFamily="微软雅黑" width="41" height="17" deviceID="" text="大白鲨" borderColor="0xffffff" source="assets/comp/TEXTINPUT/label.png" fontWeight="normal" widthInChars="4" contentBackgroundAlpha="0" borderVisible="false" y="622" param="" contentBackgroundColor="16777215" color="13382400" sizeAuto="true"/>
    <TEXT x="185" group="commonComp" textAlign="center" fontSize="12" fontFamily="微软雅黑" width="41" height="17" deviceID="" text="大白鲨" borderColor="0xffffff" source="assets/comp/TEXTINPUT/label.png" fontWeight="normal" widthInChars="4" contentBackgroundAlpha="0" borderVisible="false" y="637" param="" contentBackgroundColor="16777215" color="13382400" sizeAuto="true"/>
    <TEXT x="270" group="commonComp" textAlign="center" fontSize="12" fontFamily="微软雅黑" width="29" height="17" deviceID="" text="3004" borderColor="0xffffff" source="assets/comp/TEXTINPUT/label.png" fontWeight="normal" widthInChars="4" contentBackgroundAlpha="0" borderVisible="false" y="575" param="" contentBackgroundColor="16777215" color="13382400" sizeAuto="false"/>
    <TEXT x="270" group="commonComp" textAlign="center" fontSize="12" fontFamily="微软雅黑" width="29" height="17" deviceID="" text="3005" borderColor="0xffffff" source="assets/comp/TEXTINPUT/label.png" fontWeight="normal" widthInChars="4" contentBackgroundAlpha="0" borderVisible="false" y="591" param="" contentBackgroundColor="16777215" color="13382400" sizeAuto="false"/>
    <TEXT x="270" group="commonComp" textAlign="center" fontSize="12" fontFamily="微软雅黑" width="29" height="17" deviceID="" text="3006" borderColor="0xffffff" source="assets/comp/TEXTINPUT/label.png" fontWeight="normal" widthInChars="4" contentBackgroundAlpha="0" borderVisible="false" y="607" param="" contentBackgroundColor="16777215" color="13382400" sizeAuto="false"/>
    <TEXT x="270" group="commonComp" textAlign="center" fontSize="12" fontFamily="微软雅黑" width="42" height="17" deviceID="" text="3007-1" borderColor="0xffffff" source="assets/comp/TEXTINPUT/label.png" fontWeight="normal" widthInChars="4" contentBackgroundAlpha="0" borderVisible="false" y="623" param="" contentBackgroundColor="16777215" color="13382400" sizeAuto="false"/>
    <TEXT x="270" group="commonComp" textAlign="center" fontSize="12" fontFamily="微软雅黑" width="29" height="17" deviceID="" text="3008" borderColor="0xffffff" source="assets/comp/TEXTINPUT/label.png" fontWeight="normal" widthInChars="4" contentBackgroundAlpha="0" borderVisible="false" y="652" param="" contentBackgroundColor="16777215" color="13382400" sizeAuto="false"/>
    <TEXT x="270" group="commonComp" textAlign="center" fontSize="12" fontFamily="微软雅黑" width="40" height="17" deviceID="" text="3007-2" borderColor="0xffffff" source="assets/comp/TEXTINPUT/label.png" fontWeight="normal" widthInChars="4" contentBackgroundAlpha="0" borderVisible="false" y="638" param="" contentBackgroundColor="16777215" color="13382400" sizeAuto="false"/>
    <TEXT x="270" group="commonComp" textAlign="center" fontSize="12" fontFamily="微软雅黑" width="29" height="17" deviceID="" text="3009" borderColor="0xffffff" source="assets/comp/TEXTINPUT/label.png" fontWeight="normal" widthInChars="4" contentBackgroundAlpha="0" borderVisible="false" y="667" param="" contentBackgroundColor="16777215" color="13382400" sizeAuto="false"/>
    <TEXT x="269" group="commonComp" textAlign="center" fontSize="12" fontFamily="微软雅黑" width="42" height="17" deviceID="" text="3010-1" borderColor="0xffffff" source="assets/comp/TEXTINPUT/label.png" fontWeight="normal" widthInChars="4" contentBackgroundAlpha="0" borderVisible="false" y="681" param="" contentBackgroundColor="16777215" color="13382400" sizeAuto="false"/>
    <TEXT x="335" group="commonComp" textAlign="center" fontSize="12" fontFamily="微软雅黑" width="80" height="17" deviceID="" text="蓓美滋毛山王" borderColor="0xffffff" source="assets/comp/TEXTINPUT/label.png" fontWeight="normal" widthInChars="4" contentBackgroundAlpha="0" borderVisible="false" y="495" param="" contentBackgroundColor="16777215" color="13382400" sizeAuto="true"/>
    <TEXT x="335" group="commonComp" textAlign="center" fontSize="12" fontFamily="微软雅黑" width="80" height="17" deviceID="" text="杨国福麻辣烫" borderColor="0xffffff" source="assets/comp/TEXTINPUT/label.png" fontWeight="normal" widthInChars="4" contentBackgroundAlpha="0" borderVisible="false" y="511" param="" contentBackgroundColor="16777215" color="13382400" sizeAuto="true"/>
    <TEXT x="335" group="commonComp" textAlign="center" fontSize="12" fontFamily="微软雅黑" width="41" height="17" deviceID="" text="牛太郎" borderColor="0xffffff" source="assets/comp/TEXTINPUT/label.png" fontWeight="normal" widthInChars="4" contentBackgroundAlpha="0" borderVisible="false" y="525" param="" contentBackgroundColor="16777215" color="13382400" sizeAuto="true"/>
    <TEXT x="335" group="commonComp" textAlign="center" fontSize="12" fontFamily="微软雅黑" width="41" height="17" deviceID="" text="青豆家" borderColor="0xffffff" source="assets/comp/TEXTINPUT/label.png" fontWeight="normal" widthInChars="4" contentBackgroundAlpha="0" borderVisible="false" y="539" param="" contentBackgroundColor="16777215" color="13382400" sizeAuto="true"/>
    <TEXT x="335" group="commonComp" textAlign="center" fontSize="12" fontFamily="微软雅黑" width="40" height="17" deviceID="" text="COCO" borderColor="0xffffff" source="assets/comp/TEXTINPUT/label.png" fontWeight="normal" widthInChars="4" contentBackgroundAlpha="0" borderVisible="false" y="551" param="" contentBackgroundColor="16777215" color="13382400" sizeAuto="true"/>
    <TEXT x="335" group="commonComp" textAlign="center" fontSize="12" fontFamily="微软雅黑" width="41" height="17" deviceID="" text="八分饱" borderColor="0xffffff" source="assets/comp/TEXTINPUT/label.png" fontWeight="normal" widthInChars="4" contentBackgroundAlpha="0" borderVisible="false" y="563" param="" contentBackgroundColor="16777215" color="13382400" sizeAuto="true"/>
    <TEXT x="545" group="commonComp" textAlign="center" fontSize="12" fontFamily="微软雅黑" width="28" height="17" deviceID="" text="禧座" borderColor="0xffffff" source="assets/comp/TEXTINPUT/label.png" fontWeight="normal" widthInChars="4" contentBackgroundAlpha="0" borderVisible="false" y="480" param="" contentBackgroundColor="16777215" color="13382400" sizeAuto="true"/>
    <TEXT x="335" group="commonComp" textAlign="center" fontSize="12" fontFamily="微软雅黑" width="41" height="17" deviceID="" text="一把骨" borderColor="0xffffff" source="assets/comp/TEXTINPUT/label.png" fontWeight="normal" widthInChars="4" contentBackgroundAlpha="0" borderVisible="false" y="591" param="" contentBackgroundColor="16777215" color="13382400" sizeAuto="true"/>
    <TEXT x="335" group="commonComp" textAlign="center" fontSize="12" fontFamily="微软雅黑" width="28" height="17" deviceID="" text="贡茶" borderColor="0xffffff" source="assets/comp/TEXTINPUT/label.png" fontWeight="normal" widthInChars="4" contentBackgroundAlpha="0" borderVisible="false" y="606" param="" contentBackgroundColor="16777215" color="13382400" sizeAuto="true"/>
    <TEXT x="333" group="commonComp" textAlign="center" fontSize="12" fontFamily="微软雅黑" width="106" height="17" deviceID="" text="珍珠会所仙道寿司" borderColor="0xffffff" source="assets/comp/TEXTINPUT/label.png" fontWeight="normal" widthInChars="4" contentBackgroundAlpha="0" borderVisible="false" y="621" param="" contentBackgroundColor="16777215" color="13382400" sizeAuto="true"/>
    <TEXT x="335" group="commonComp" textAlign="center" fontSize="12" fontFamily="微软雅黑" width="54" height="17" deviceID="" text="正新鸡排" borderColor="0xffffff" source="assets/comp/TEXTINPUT/label.png" fontWeight="normal" widthInChars="4" contentBackgroundAlpha="0" borderVisible="false" y="637" param="" contentBackgroundColor="16777215" color="13382400" sizeAuto="true"/>
    <TEXT x="335" group="commonComp" textAlign="center" fontSize="12" fontFamily="微软雅黑" width="54" height="17" deviceID="" text="韩一拌饭" borderColor="0xffffff" source="assets/comp/TEXTINPUT/label.png" fontWeight="normal" widthInChars="4" contentBackgroundAlpha="0" borderVisible="false" y="653" param="" contentBackgroundColor="16777215" color="13382400" sizeAuto="true"/>
    <TEXT x="335" group="commonComp" textAlign="center" fontSize="12" fontFamily="微软雅黑" width="41" height="17" deviceID="" text="米芝莲" borderColor="0xffffff" source="assets/comp/TEXTINPUT/label.png" fontWeight="normal" widthInChars="4" contentBackgroundAlpha="0" borderVisible="false" y="667" param="" contentBackgroundColor="16777215" color="13382400" sizeAuto="true"/>
    <TEXT x="334" group="commonComp" textAlign="center" fontSize="12" fontFamily="微软雅黑" width="80" height="17" deviceID="" text="漫滩边纸包鱼" borderColor="0xffffff" source="assets/comp/TEXTINPUT/label.png" fontWeight="normal" widthInChars="4" contentBackgroundAlpha="0" borderVisible="false" y="680" param="" contentBackgroundColor="16777215" color="13382400" sizeAuto="true"/>
    <TEXT x="335" group="commonComp" textAlign="center" fontSize="12" fontFamily="微软雅黑" width="41" height="17" deviceID="" text="八分饱" borderColor="0xffffff" source="assets/comp/TEXTINPUT/label.png" fontWeight="normal" widthInChars="4" contentBackgroundAlpha="0" borderVisible="false" y="577" param="" contentBackgroundColor="16777215" color="13382400" sizeAuto="true"/>
    <TEXT x="450" group="commonComp" textAlign="center" fontSize="12" fontFamily="微软雅黑" width="28" height="17" deviceID="" text="3011" borderColor="0xffffff" source="assets/comp/TEXTINPUT/label.png" fontWeight="normal" widthInChars="4" contentBackgroundAlpha="0" borderVisible="false" y="480" param="" contentBackgroundColor="16777215" color="13382400" sizeAuto="false"/>
    <TEXT x="448" group="commonComp" textAlign="center" fontSize="12" fontFamily="微软雅黑" width="55" height="17" deviceID="" text="3012-1-1" borderColor="0xffffff" source="assets/comp/TEXTINPUT/label.png" fontWeight="normal" widthInChars="4" contentBackgroundAlpha="0" borderVisible="false" y="496" param="" contentBackgroundColor="16777215" color="13382400" sizeAuto="false"/>
    <TEXT x="885" group="commonComp" textAlign="center" fontSize="12" fontFamily="微软雅黑" width="28" height="17" deviceID="" text="3041" borderColor="0xffffff" source="assets/comp/TEXTINPUT/label.png" fontWeight="normal" widthInChars="4" contentBackgroundAlpha="0" borderVisible="false" y="499" param="" contentBackgroundColor="16777215" color="13382400" sizeAuto="false"/>
    <TEXT x="450" group="commonComp" textAlign="center" fontSize="12" fontFamily="微软雅黑" width="28" height="17" deviceID="" text="3013" borderColor="0xffffff" source="assets/comp/TEXTINPUT/label.png" fontWeight="normal" widthInChars="4" contentBackgroundAlpha="0" borderVisible="false" y="525" param="" contentBackgroundColor="16777215" color="13382400" sizeAuto="false"/>
    <TEXT x="450" group="commonComp" textAlign="center" fontSize="12" fontFamily="微软雅黑" width="28" height="17" deviceID="" text="3014" borderColor="0xffffff" source="assets/comp/TEXTINPUT/label.png" fontWeight="normal" widthInChars="4" contentBackgroundAlpha="0" borderVisible="false" y="540" param="" contentBackgroundColor="16777215" color="13382400" sizeAuto="false"/>
    <TEXT x="450" group="commonComp" textAlign="center" fontSize="12" fontFamily="微软雅黑" width="28" height="17" deviceID="" text="3015" borderColor="0xffffff" source="assets/comp/TEXTINPUT/label.png" fontWeight="normal" widthInChars="4" contentBackgroundAlpha="0" borderVisible="false" y="553" param="" contentBackgroundColor="16777215" color="13382400" sizeAuto="false"/>
    <TEXT x="449" group="commonComp" textAlign="center" fontSize="12" fontFamily="微软雅黑" width="42" height="17" deviceID="" text="3016-1" borderColor="0xffffff" source="assets/comp/TEXTINPUT/label.png" fontWeight="normal" widthInChars="4" contentBackgroundAlpha="0" borderVisible="false" y="567" param="" contentBackgroundColor="16777215" color="13382400" sizeAuto="false"/>
    <TEXT x="885" group="commonComp" textAlign="center" fontSize="12" fontFamily="微软雅黑" width="28" height="17" deviceID="" text="3040" borderColor="0xffffff" source="assets/comp/TEXTINPUT/label.png" fontWeight="normal" widthInChars="4" contentBackgroundAlpha="0" borderVisible="false" y="482" param="" contentBackgroundColor="16777215" color="13382400" sizeAuto="false"/>
    <TEXT x="447" group="commonComp" textAlign="center" fontSize="12" fontFamily="微软雅黑" width="45" height="17" deviceID="" text="3018-4" borderColor="0xffffff" source="assets/comp/TEXTINPUT/label.png" fontWeight="normal" widthInChars="4" contentBackgroundAlpha="0" borderVisible="false" y="593" param="" contentBackgroundColor="16777215" color="13382400" sizeAuto="false"/>
    <TEXT x="450" group="commonComp" textAlign="center" fontSize="12" fontFamily="微软雅黑" width="41" height="17" deviceID="" text="3021-1" borderColor="0xffffff" source="assets/comp/TEXTINPUT/label.png" fontWeight="normal" widthInChars="4" contentBackgroundAlpha="0" borderVisible="false" y="607" param="" contentBackgroundColor="16777215" color="13382400" sizeAuto="false"/>
    <TEXT x="450" group="commonComp" textAlign="center" fontSize="12" fontFamily="微软雅黑" width="28" height="17" deviceID="" text="3022" borderColor="0xffffff" source="assets/comp/TEXTINPUT/label.png" fontWeight="normal" widthInChars="4" contentBackgroundAlpha="0" borderVisible="false" y="622" param="" contentBackgroundColor="16777215" color="13382400" sizeAuto="false"/>
    <TEXT x="450" group="commonComp" textAlign="center" fontSize="12" fontFamily="微软雅黑" width="28" height="17" deviceID="" text="3023" borderColor="0xffffff" source="assets/comp/TEXTINPUT/label.png" fontWeight="normal" widthInChars="4" contentBackgroundAlpha="0" borderVisible="false" y="638" param="" contentBackgroundColor="16777215" color="13382400" sizeAuto="false"/>
    <TEXT x="450" group="commonComp" textAlign="center" fontSize="12" fontFamily="微软雅黑" width="28" height="17" deviceID="" text="3024" borderColor="0xffffff" source="assets/comp/TEXTINPUT/label.png" fontWeight="normal" widthInChars="4" contentBackgroundAlpha="0" borderVisible="false" y="652" param="" contentBackgroundColor="16777215" color="13382400" sizeAuto="false"/>
    <TEXT x="449" group="commonComp" textAlign="center" fontSize="12" fontFamily="微软雅黑" width="41" height="17" deviceID="" text="3025-1" borderColor="0xffffff" source="assets/comp/TEXTINPUT/label.png" fontWeight="normal" widthInChars="4" contentBackgroundAlpha="0" borderVisible="false" y="667" param="" contentBackgroundColor="16777215" color="13382400" sizeAuto="false"/>
    <TEXT x="448" group="commonComp" textAlign="center" fontSize="12" fontFamily="微软雅黑" width="55" height="17" deviceID="" text="3012-1-2" borderColor="0xffffff" source="assets/comp/TEXTINPUT/label.png" fontWeight="normal" widthInChars="4" contentBackgroundAlpha="0" borderVisible="false" y="512" param="" contentBackgroundColor="16777215" color="13382400" sizeAuto="false"/>
    <TEXT x="449" group="commonComp" textAlign="center" fontSize="12" fontFamily="微软雅黑" width="42" height="17" deviceID="" text="3016-2" borderColor="0xffffff" source="assets/comp/TEXTINPUT/label.png" fontWeight="normal" widthInChars="4" contentBackgroundAlpha="0" borderVisible="false" y="580" param="" contentBackgroundColor="16777215" color="13382400" sizeAuto="false"/>
    <TEXT x="449" group="commonComp" textAlign="center" fontSize="12" fontFamily="微软雅黑" width="41" height="17" deviceID="" text="3025-2" borderColor="0xffffff" source="assets/comp/TEXTINPUT/label.png" fontWeight="normal" widthInChars="4" contentBackgroundAlpha="0" borderVisible="false" y="681" param="" contentBackgroundColor="16777215" color="13382400" sizeAuto="false"/>
    <TEXT x="543" group="commonComp" textAlign="center" fontSize="12" fontFamily="微软雅黑" width="67" height="17" deviceID="" text="奥克士西餐" borderColor="0xffffff" source="assets/comp/TEXTINPUT/label.png" fontWeight="normal" widthInChars="4" contentBackgroundAlpha="0" borderVisible="false" y="496" param="" contentBackgroundColor="16777215" color="13382400" sizeAuto="true"/>
    <TEXT x="541" group="commonComp" textAlign="center" fontSize="12" fontFamily="微软雅黑" width="132" height="17" deviceID="" text="隔壁子董妈豆花酸菜鱼" borderColor="0xffffff" source="assets/comp/TEXTINPUT/label.png" fontWeight="normal" widthInChars="4" contentBackgroundAlpha="0" borderVisible="false" y="510" param="" contentBackgroundColor="16777215" color="13382400" sizeAuto="true"/>
    <TEXT x="544" group="commonComp" textAlign="center" fontSize="12" fontFamily="微软雅黑" width="54" height="17" deviceID="" text="大鼓米线" borderColor="0xffffff" source="assets/comp/TEXTINPUT/label.png" fontWeight="normal" widthInChars="4" contentBackgroundAlpha="0" borderVisible="false" y="523" param="" contentBackgroundColor="16777215" color="13382400" sizeAuto="true"/>
    <TEXT x="547" group="commonComp" textAlign="center" fontSize="12" fontFamily="微软雅黑" width="91" height="17" deviceID="" text="THANK U MOM" borderColor="0xffffff" source="assets/comp/TEXTINPUT/label.png" fontWeight="normal" widthInChars="4" contentBackgroundAlpha="0" borderVisible="false" y="537" param="" contentBackgroundColor="16777215" color="13382400" sizeAuto="true"/>
    <TEXT x="544" group="commonComp" textAlign="center" fontSize="12" fontFamily="微软雅黑" width="41" height="17" deviceID="" text="小螺号" borderColor="0xffffff" source="assets/comp/TEXTINPUT/label.png" fontWeight="normal" widthInChars="4" contentBackgroundAlpha="0" borderVisible="false" y="551" param="" contentBackgroundColor="16777215" color="13382400" sizeAuto="true"/>
    <TEXT x="543" group="commonComp" textAlign="center" fontSize="12" fontFamily="微软雅黑" width="80" height="17" deviceID="" text="家门口老九门" borderColor="0xffffff" source="assets/comp/TEXTINPUT/label.png" fontWeight="normal" widthInChars="4" contentBackgroundAlpha="0" borderVisible="false" y="565" param="" contentBackgroundColor="16777215" color="13382400" sizeAuto="true"/>
    <TEXT x="545" group="commonComp" textAlign="center" fontSize="12" fontFamily="微软雅黑" width="41" height="17" deviceID="" text="酥香汇" borderColor="0xffffff" source="assets/comp/TEXTINPUT/label.png" fontWeight="normal" widthInChars="4" contentBackgroundAlpha="0" borderVisible="false" y="580" param="" contentBackgroundColor="16777215" color="13382400" sizeAuto="true"/>
    <TEXT x="545" group="commonComp" textAlign="center" fontSize="12" fontFamily="微软雅黑" width="28" height="17" deviceID="" text="赶蟹" borderColor="0xffffff" source="assets/comp/TEXTINPUT/label.png" fontWeight="normal" widthInChars="4" contentBackgroundAlpha="0" borderVisible="false" y="594" param="" contentBackgroundColor="16777215" color="13382400" sizeAuto="true"/>
    <TEXT x="545" group="commonComp" textAlign="center" fontSize="12" fontFamily="微软雅黑" width="80" height="17" deviceID="" text="张记北京烤鸭" borderColor="0xffffff" source="assets/comp/TEXTINPUT/label.png" fontWeight="normal" widthInChars="4" contentBackgroundAlpha="0" borderVisible="false" y="608" param="" contentBackgroundColor="16777215" color="13382400" sizeAuto="true"/>
    <TEXT x="545" group="commonComp" textAlign="center" fontSize="12" fontFamily="微软雅黑" width="54" height="17" deviceID="" text="鲜芋传奇" borderColor="0xffffff" source="assets/comp/TEXTINPUT/label.png" fontWeight="normal" widthInChars="4" contentBackgroundAlpha="0" borderVisible="false" y="623" param="" contentBackgroundColor="16777215" color="13382400" sizeAuto="true"/>
    <TEXT x="545" group="commonComp" textAlign="center" fontSize="12" fontFamily="微软雅黑" width="80" height="17" deviceID="" text="赖胖子肉蟹煲" borderColor="0xffffff" source="assets/comp/TEXTINPUT/label.png" fontWeight="normal" widthInChars="4" contentBackgroundAlpha="0" borderVisible="false" y="637" param="" contentBackgroundColor="16777215" color="13382400" sizeAuto="true"/>
    <TEXT x="545" group="commonComp" textAlign="center" fontSize="12" fontFamily="微软雅黑" width="41" height="17" deviceID="" text="蘭沁園" borderColor="0xffffff" source="assets/comp/TEXTINPUT/label.png" fontWeight="normal" widthInChars="4" contentBackgroundAlpha="0" borderVisible="false" y="667" param="" contentBackgroundColor="16777215" color="13382400" sizeAuto="true"/>
    <TEXT x="545" group="commonComp" textAlign="center" fontSize="12" fontFamily="微软雅黑" width="41" height="17" deviceID="" text="一条鱼" borderColor="0xffffff" source="assets/comp/TEXTINPUT/label.png" fontWeight="normal" widthInChars="4" contentBackgroundAlpha="0" borderVisible="false" y="681" param="" contentBackgroundColor="16777215" color="13382400" sizeAuto="true"/>
    <TEXT x="545" group="commonComp" textAlign="center" fontSize="12" fontFamily="微软雅黑" width="54" height="17" deviceID="" text="里可焖虾" borderColor="0xffffff" source="assets/comp/TEXTINPUT/label.png" fontWeight="normal" widthInChars="4" contentBackgroundAlpha="0" borderVisible="false" y="652" param="" contentBackgroundColor="16777215" color="13382400" sizeAuto="true"/>
    <TEXT x="690" group="commonComp" textAlign="center" fontSize="12" fontFamily="微软雅黑" width="28" height="17" deviceID="" text="3026" borderColor="0xffffff" source="assets/comp/TEXTINPUT/label.png" fontWeight="normal" widthInChars="4" contentBackgroundAlpha="0" borderVisible="false" y="480" param="" contentBackgroundColor="16777215" color="13382400" sizeAuto="false"/>
    <TEXT x="690" group="commonComp" textAlign="center" fontSize="12" fontFamily="微软雅黑" width="28" height="17" deviceID="" text="3027" borderColor="0xffffff" source="assets/comp/TEXTINPUT/label.png" fontWeight="normal" widthInChars="4" contentBackgroundAlpha="0" borderVisible="false" y="494" param="" contentBackgroundColor="16777215" color="13382400" sizeAuto="false"/>
    <TEXT x="690" group="commonComp" textAlign="center" fontSize="12" fontFamily="微软雅黑" width="28" height="17" deviceID="" text="3028" borderColor="0xffffff" source="assets/comp/TEXTINPUT/label.png" fontWeight="normal" widthInChars="4" contentBackgroundAlpha="0" borderVisible="false" y="510" param="" contentBackgroundColor="16777215" color="13382400" sizeAuto="false"/>
    <TEXT x="690" group="commonComp" textAlign="center" fontSize="12" fontFamily="微软雅黑" width="28" height="17" deviceID="" text="3029" borderColor="0xffffff" source="assets/comp/TEXTINPUT/label.png" fontWeight="normal" widthInChars="4" contentBackgroundAlpha="0" borderVisible="false" y="524" param="" contentBackgroundColor="16777215" color="13382400" sizeAuto="false"/>
    <TEXT x="690" group="commonComp" textAlign="center" fontSize="12" fontFamily="微软雅黑" width="28" height="17" deviceID="" text="3030" borderColor="0xffffff" source="assets/comp/TEXTINPUT/label.png" fontWeight="normal" widthInChars="4" contentBackgroundAlpha="0" borderVisible="false" y="539" param="" contentBackgroundColor="16777215" color="13382400" sizeAuto="false"/>
    <TEXT x="690" group="commonComp" textAlign="center" fontSize="12" fontFamily="微软雅黑" width="28" height="17" deviceID="" text="3031" borderColor="0xffffff" source="assets/comp/TEXTINPUT/label.png" fontWeight="normal" widthInChars="4" contentBackgroundAlpha="0" borderVisible="false" y="553" param="" contentBackgroundColor="16777215" color="13382400" sizeAuto="false"/>
    <TEXT x="690" group="commonComp" textAlign="center" fontSize="12" fontFamily="微软雅黑" width="28" height="17" deviceID="" text="3032" borderColor="0xffffff" source="assets/comp/TEXTINPUT/label.png" fontWeight="normal" widthInChars="4" contentBackgroundAlpha="0" borderVisible="false" y="567" param="" contentBackgroundColor="16777215" color="13382400" sizeAuto="false"/>
    <TEXT x="690" group="commonComp" textAlign="center" fontSize="12" fontFamily="微软雅黑" width="41" height="17" deviceID="" text="3033-1" borderColor="0xffffff" source="assets/comp/TEXTINPUT/label.png" fontWeight="normal" widthInChars="4" contentBackgroundAlpha="0" borderVisible="false" y="582" param="" contentBackgroundColor="16777215" color="13382400" sizeAuto="false"/>
    <TEXT x="885" group="commonComp" textAlign="center" fontSize="12" fontFamily="微软雅黑" width="40" height="17" deviceID="" text="3042-1" borderColor="0xffffff" source="assets/comp/TEXTINPUT/label.png" fontWeight="normal" widthInChars="4" contentBackgroundAlpha="0" borderVisible="false" y="515" param="" contentBackgroundColor="16777215" color="13382400" sizeAuto="false"/>
    <TEXT x="690" group="commonComp" textAlign="center" fontSize="12" fontFamily="微软雅黑" width="28" height="17" deviceID="" text="3034" borderColor="0xffffff" source="assets/comp/TEXTINPUT/label.png" fontWeight="normal" widthInChars="4" contentBackgroundAlpha="0" borderVisible="false" y="610" param="" contentBackgroundColor="16777215" color="13382400" sizeAuto="false"/>
    <TEXT x="690" group="commonComp" textAlign="center" fontSize="12" fontFamily="微软雅黑" width="28" height="17" deviceID="" text="3035" borderColor="0xffffff" source="assets/comp/TEXTINPUT/label.png" fontWeight="normal" widthInChars="4" contentBackgroundAlpha="0" borderVisible="false" y="624" param="" contentBackgroundColor="16777215" color="13382400" sizeAuto="false"/>
    <TEXT x="691" group="commonComp" textAlign="center" fontSize="12" fontFamily="微软雅黑" width="28" height="17" deviceID="" text="3036" borderColor="0xffffff" source="assets/comp/TEXTINPUT/label.png" fontWeight="normal" widthInChars="4" contentBackgroundAlpha="0" borderVisible="false" y="639" param="" contentBackgroundColor="16777215" color="13382400" sizeAuto="false"/>
    <TEXT x="690" group="commonComp" textAlign="center" fontSize="12" fontFamily="微软雅黑" width="28" height="17" deviceID="" text="3037" borderColor="0xffffff" source="assets/comp/TEXTINPUT/label.png" fontWeight="normal" widthInChars="4" contentBackgroundAlpha="0" borderVisible="false" y="654" param="" contentBackgroundColor="16777215" color="13382400" sizeAuto="false"/>
    <TEXT x="690" group="commonComp" textAlign="center" fontSize="12" fontFamily="微软雅黑" width="28" height="17" deviceID="" text="3038" borderColor="0xffffff" source="assets/comp/TEXTINPUT/label.png" fontWeight="normal" widthInChars="4" contentBackgroundAlpha="0" borderVisible="false" y="668" param="" contentBackgroundColor="16777215" color="13382400" sizeAuto="false"/>
    <TEXT x="690" group="commonComp" textAlign="center" fontSize="12" fontFamily="微软雅黑" width="28" height="17" deviceID="" text="3039" borderColor="0xffffff" source="assets/comp/TEXTINPUT/label.png" fontWeight="normal" widthInChars="4" contentBackgroundAlpha="0" borderVisible="false" y="682" param="" contentBackgroundColor="16777215" color="13382400" sizeAuto="false"/>
    <TEXT x="690" group="commonComp" textAlign="center" fontSize="12" fontFamily="微软雅黑" width="41" height="17" deviceID="" text="3033-2" borderColor="0xffffff" source="assets/comp/TEXTINPUT/label.png" fontWeight="normal" widthInChars="4" contentBackgroundAlpha="0" borderVisible="false" y="596" param="" contentBackgroundColor="16777215" color="13382400" sizeAuto="false"/>
    <TEXT x="780" group="commonComp" textAlign="center" fontSize="12" fontFamily="微软雅黑" width="41" height="17" deviceID="" text="游湘记" borderColor="0xffffff" source="assets/comp/TEXTINPUT/label.png" fontWeight="normal" widthInChars="4" contentBackgroundAlpha="0" borderVisible="false" y="480" param="" contentBackgroundColor="16777215" color="13382400" sizeAuto="true"/>
    <TEXT x="780" group="commonComp" textAlign="center" fontSize="12" fontFamily="微软雅黑" width="41" height="17" deviceID="" text="秀江南" borderColor="0xffffff" source="assets/comp/TEXTINPUT/label.png" fontWeight="normal" widthInChars="4" contentBackgroundAlpha="0" borderVisible="false" y="497" param="" contentBackgroundColor="16777215" color="13382400" sizeAuto="true"/>
    <TEXT x="780" group="commonComp" textAlign="center" fontSize="12" fontFamily="微软雅黑" width="67" height="17" deviceID="" text="香港鸡蛋仔" borderColor="0xffffff" source="assets/comp/TEXTINPUT/label.png" fontWeight="normal" widthInChars="4" contentBackgroundAlpha="0" borderVisible="false" y="529" param="" contentBackgroundColor="16777215" color="13382400" sizeAuto="true"/>
    <TEXT x="782" group="commonComp" textAlign="center" fontSize="12" fontFamily="微软雅黑" width="54" height="17" deviceID="" text="天语雅阁" borderColor="0xffffff" source="assets/comp/TEXTINPUT/label.png" fontWeight="normal" widthInChars="4" contentBackgroundAlpha="0" borderVisible="false" y="547" param="" contentBackgroundColor="16777215" color="13382400" sizeAuto="true"/>
    <TEXT x="885" group="commonComp" textAlign="center" fontSize="12" fontFamily="微软雅黑" width="40" height="17" deviceID="" text="3042-2" borderColor="0xffffff" source="assets/comp/TEXTINPUT/label.png" fontWeight="normal" widthInChars="4" contentBackgroundAlpha="0" borderVisible="false" y="531" param="" contentBackgroundColor="16777215" color="13382400" sizeAuto="false"/>
    <TEXT x="886" group="commonComp" textAlign="center" fontSize="12" fontFamily="微软雅黑" width="28" height="17" deviceID="" text="3043" borderColor="0xffffff" source="assets/comp/TEXTINPUT/label.png" fontWeight="normal" widthInChars="4" contentBackgroundAlpha="0" borderVisible="false" y="548" param="" contentBackgroundColor="16777215" color="13382400" sizeAuto="false"/>
    <TEXT x="780" group="commonComp" textAlign="center" fontSize="12" fontFamily="微软雅黑" width="41" height="17" deviceID="" text="秀江南" borderColor="0xffffff" source="assets/comp/TEXTINPUT/label.png" fontWeight="normal" widthInChars="4" contentBackgroundAlpha="0" borderVisible="false" y="514" param="" contentBackgroundColor="16777215" color="13382400" sizeAuto="true"/>
    <TEXT x="112" group="commonComp" textAlign="center" fontSize="12" fontFamily="微软雅黑" width="28" height="17" deviceID="" text="3043" borderColor="0xffffff" source="assets/comp/TEXTINPUT/label.png" fontWeight="normal" widthInChars="4" contentBackgroundAlpha="0" borderVisible="false" y="180" param="" contentBackgroundColor="16777215" color="13382400" sizeAuto="false"/>
    <TEXT x="138" group="commonComp" textAlign="center" fontSize="12" fontFamily="微软雅黑" width="40" height="17" deviceID="" text="3042-2" borderColor="0xffffff" source="assets/comp/TEXTINPUT/label.png" fontWeight="normal" widthInChars="4" contentBackgroundAlpha="0" borderVisible="false" y="228" param="" contentBackgroundColor="16777215" color="13382400" sizeAuto="false"/>
    <TEXT x="213" group="commonComp" textAlign="center" fontSize="12" fontFamily="微软雅黑" width="40" height="17" deviceID="" text="3042-1" borderColor="0xffffff" source="assets/comp/TEXTINPUT/label.png" fontWeight="normal" widthInChars="4" contentBackgroundAlpha="0" borderVisible="false" y="184" param="" contentBackgroundColor="16777215" color="13382400" sizeAuto="false"/>
    <TEXT x="203" group="commonComp" textAlign="center" fontSize="12" fontFamily="微软雅黑" width="28" height="17" deviceID="" text="3041" borderColor="0xffffff" source="assets/comp/TEXTINPUT/label.png" fontWeight="normal" widthInChars="4" contentBackgroundAlpha="0" borderVisible="false" y="234" param="" contentBackgroundColor="16777215" color="13382400" sizeAuto="false"/>
    <TEXT x="280" group="commonComp" textAlign="center" fontSize="12" fontFamily="微软雅黑" width="28" height="17" deviceID="" text="3040" borderColor="0xffffff" source="assets/comp/TEXTINPUT/label.png" fontWeight="normal" widthInChars="4" contentBackgroundAlpha="0" borderVisible="false" y="206" param="" contentBackgroundColor="16777215" color="13382400" sizeAuto="false"/>
    <TEXT x="319" group="commonComp" textAlign="center" fontSize="12" fontFamily="微软雅黑" width="28" height="17" deviceID="" text="3039" borderColor="0xffffff" source="assets/comp/TEXTINPUT/label.png" fontWeight="normal" widthInChars="4" contentBackgroundAlpha="0" borderVisible="false" y="216" param="" contentBackgroundColor="16777215" color="13382400" sizeAuto="false"/>
    <TEXT x="385" group="commonComp" textAlign="center" fontSize="12" fontFamily="微软雅黑" width="28" height="17" deviceID="" text="3038" borderColor="0xffffff" source="assets/comp/TEXTINPUT/label.png" fontWeight="normal" widthInChars="4" contentBackgroundAlpha="0" borderVisible="false" y="219" param="" contentBackgroundColor="16777215" color="13382400" sizeAuto="false"/>
    <TEXT x="408" group="commonComp" textAlign="center" fontSize="12" fontFamily="微软雅黑" width="28" height="17" deviceID="" text="3037" borderColor="0xffffff" source="assets/comp/TEXTINPUT/label.png" fontWeight="normal" widthInChars="4" contentBackgroundAlpha="0" borderVisible="false" y="207" param="" contentBackgroundColor="16777215" color="13382400" sizeAuto="false"/>
    <TEXT x="439" group="commonComp" textAlign="center" fontSize="12" fontFamily="微软雅黑" width="28" height="17" deviceID="" text="3036" borderColor="0xffffff" source="assets/comp/TEXTINPUT/label.png" fontWeight="normal" widthInChars="4" contentBackgroundAlpha="0" borderVisible="false" y="177" param="" contentBackgroundColor="16777215" color="13382400" sizeAuto="false"/>
    <TEXT x="470" group="commonComp" textAlign="center" fontSize="12" fontFamily="微软雅黑" width="28" height="17" deviceID="" text="3035" borderColor="0xffffff" source="assets/comp/TEXTINPUT/label.png" fontWeight="normal" widthInChars="4" contentBackgroundAlpha="0" borderVisible="false" y="222" param="" contentBackgroundColor="16777215" color="13382400" sizeAuto="false"/>
    <TEXT x="491" group="commonComp" textAlign="center" fontSize="12" fontFamily="微软雅黑" width="28" height="17" deviceID="" text="3034" borderColor="0xffffff" source="assets/comp/TEXTINPUT/label.png" fontWeight="normal" widthInChars="4" contentBackgroundAlpha="0" borderVisible="false" y="185" param="" contentBackgroundColor="16777215" color="13382400" sizeAuto="false"/>
    <TEXT x="546" group="commonComp" textAlign="center" fontSize="12" fontFamily="微软雅黑" width="41" height="17" deviceID="" text="3033-2" borderColor="0xffffff" source="assets/comp/TEXTINPUT/label.png" fontWeight="normal" widthInChars="4" contentBackgroundAlpha="0" borderVisible="false" y="196" param="" contentBackgroundColor="16777215" color="13382400" sizeAuto="false"/>
    <TEXT x="586" group="commonComp" textAlign="center" fontSize="12" fontFamily="微软雅黑" width="41" height="17" deviceID="" text="3033-1" borderColor="0xffffff" source="assets/comp/TEXTINPUT/label.png" fontWeight="normal" widthInChars="4" contentBackgroundAlpha="0" borderVisible="false" y="220" param="" contentBackgroundColor="16777215" color="13382400" sizeAuto="false"/>
    <TEXT x="650" group="commonComp" textAlign="center" fontSize="12" fontFamily="微软雅黑" width="28" height="17" deviceID="" text="3032" borderColor="0xffffff" source="assets/comp/TEXTINPUT/label.png" fontWeight="normal" widthInChars="4" contentBackgroundAlpha="0" borderVisible="false" y="215" param="" contentBackgroundColor="16777215" color="13382400" sizeAuto="false"/>
    <TEXT x="694" group="commonComp" textAlign="center" fontSize="12" fontFamily="微软雅黑" width="28" height="17" deviceID="" text="3031" borderColor="0xffffff" source="assets/comp/TEXTINPUT/label.png" fontWeight="normal" widthInChars="4" contentBackgroundAlpha="0" borderVisible="false" y="220" param="" contentBackgroundColor="16777215" color="13382400" sizeAuto="false"/>
    <TEXT x="735" group="commonComp" textAlign="center" fontSize="12" fontFamily="微软雅黑" width="28" height="17" deviceID="" text="3030" borderColor="0xffffff" source="assets/comp/TEXTINPUT/label.png" fontWeight="normal" widthInChars="4" contentBackgroundAlpha="0" borderVisible="false" y="214" param="" contentBackgroundColor="16777215" color="13382400" sizeAuto="false"/>
    <TEXT x="772" group="commonComp" textAlign="center" fontSize="12" fontFamily="微软雅黑" width="28" height="17" deviceID="" text="3029" borderColor="0xffffff" source="assets/comp/TEXTINPUT/label.png" fontWeight="normal" widthInChars="4" contentBackgroundAlpha="0" borderVisible="false" y="224" param="" contentBackgroundColor="16777215" color="13382400" sizeAuto="false"/>
    <TEXT x="833" group="commonComp" textAlign="center" fontSize="12" fontFamily="微软雅黑" width="28" height="17" deviceID="" text="3028" borderColor="0xffffff" source="assets/comp/TEXTINPUT/label.png" fontWeight="normal" widthInChars="4" contentBackgroundAlpha="0" borderVisible="false" y="201" param="" contentBackgroundColor="16777215" color="13382400" sizeAuto="false"/>
    <TEXT x="908" group="commonComp" textAlign="center" fontSize="12" fontFamily="微软雅黑" width="28" height="17" deviceID="" text="3027" borderColor="0xffffff" source="assets/comp/TEXTINPUT/label.png" fontWeight="normal" widthInChars="4" contentBackgroundAlpha="0" borderVisible="false" y="203" param="" contentBackgroundColor="16777215" color="13382400" sizeAuto="false"/>
    <TEXT x="953" group="commonComp" textAlign="center" fontSize="12" fontFamily="微软雅黑" width="28" height="17" deviceID="" text="3026" borderColor="0xffffff" source="assets/comp/TEXTINPUT/label.png" fontWeight="normal" widthInChars="4" contentBackgroundAlpha="0" borderVisible="false" y="226" param="" contentBackgroundColor="16777215" color="13382400" sizeAuto="false"/>
    <TEXT x="1017" group="commonComp" textAlign="center" fontSize="12" fontFamily="微软雅黑" width="41" height="17" deviceID="" text="3025-2" borderColor="0xffffff" source="assets/comp/TEXTINPUT/label.png" fontWeight="normal" widthInChars="4" contentBackgroundAlpha="0" borderVisible="false" y="188" param="" contentBackgroundColor="16777215" color="13382400" sizeAuto="false"/>
    <TEXT x="1016" group="commonComp" textAlign="center" fontSize="12" fontFamily="微软雅黑" width="41" height="17" deviceID="" text="3025-1" borderColor="0xffffff" source="assets/comp/TEXTINPUT/label.png" fontWeight="normal" widthInChars="4" contentBackgroundAlpha="0" borderVisible="false" y="223" param="" contentBackgroundColor="16777215" color="13382400" sizeAuto="false"/>
    <TEXT x="1075" group="commonComp" textAlign="center" fontSize="12" fontFamily="微软雅黑" width="28" height="17" deviceID="" text="3024" borderColor="0xffffff" source="assets/comp/TEXTINPUT/label.png" fontWeight="normal" widthInChars="4" contentBackgroundAlpha="0" borderVisible="false" y="225" param="" contentBackgroundColor="16777215" color="13382400" sizeAuto="false"/>
    <TEXT x="1119" group="commonComp" textAlign="center" fontSize="12" fontFamily="微软雅黑" width="28" height="17" deviceID="" text="3023" borderColor="0xffffff" source="assets/comp/TEXTINPUT/label.png" fontWeight="normal" widthInChars="4" contentBackgroundAlpha="0" borderVisible="false" y="227" param="" contentBackgroundColor="16777215" color="13382400" sizeAuto="false"/>
    <TEXT x="1151" group="commonComp" textAlign="center" fontSize="12" fontFamily="微软雅黑" width="28" height="17" deviceID="" text="3022" borderColor="0xffffff" source="assets/comp/TEXTINPUT/label.png" fontWeight="normal" widthInChars="4" contentBackgroundAlpha="0" borderVisible="false" y="227" param="" contentBackgroundColor="16777215" color="13382400" sizeAuto="false"/>
    <TEXT x="1182" group="commonComp" textAlign="center" fontSize="12" fontFamily="微软雅黑" width="41" height="17" deviceID="" text="3021-2" borderColor="0xffffff" source="assets/comp/TEXTINPUT/label.png" fontWeight="normal" widthInChars="4" contentBackgroundAlpha="0" borderVisible="false" y="208" param="" contentBackgroundColor="16777215" color="255" sizeAuto="false"/>
    <TEXT x="1229" group="commonComp" textAlign="center" fontSize="12" fontFamily="微软雅黑" width="41" height="17" deviceID="" text="3021-1" borderColor="0xffffff" source="assets/comp/TEXTINPUT/label.png" fontWeight="normal" widthInChars="4" contentBackgroundAlpha="0" borderVisible="false" y="230" param="" contentBackgroundColor="16777215" color="13382400" sizeAuto="false"/>
    <TEXT x="1298" group="commonComp" textAlign="center" fontSize="12" fontFamily="微软雅黑" width="26" height="17" deviceID="" text="3020" borderColor="0xffffff" source="assets/comp/TEXTINPUT/label.png" fontWeight="normal" widthInChars="4" contentBackgroundAlpha="0" borderVisible="false" y="202" param="" contentBackgroundColor="16777215" color="13408512" sizeAuto="true"/>
    <TEXT x="1312" group="commonComp" textAlign="center" fontSize="12" fontFamily="微软雅黑" width="26" height="17" deviceID="" text="3019" borderColor="0xffffff" source="assets/comp/TEXTINPUT/label.png" fontWeight="normal" widthInChars="4" contentBackgroundAlpha="0" borderVisible="false" y="335" param="" contentBackgroundColor="16777215" color="13408512" sizeAuto="true"/>
    <TEXT x="1240" group="commonComp" textAlign="center" fontSize="12" fontFamily="微软雅黑" width="42" height="17" deviceID="" text="3018-2" borderColor="0xffffff" source="assets/comp/TEXTINPUT/label.png" fontWeight="normal" widthInChars="4" contentBackgroundAlpha="0" borderVisible="false" y="317" param="" contentBackgroundColor="16777215" color="255" sizeAuto="false"/>
    <TEXT x="1177" group="commonComp" textAlign="center" fontSize="12" fontFamily="微软雅黑" width="41" height="17" deviceID="" text="3018-3" borderColor="0xffffff" source="assets/comp/TEXTINPUT/label.png" fontWeight="normal" widthInChars="4" contentBackgroundAlpha="0" borderVisible="false" y="317" param="" contentBackgroundColor="16777215" color="255" sizeAuto="false"/>
    <TEXT x="1113" group="commonComp" textAlign="center" fontSize="12" fontFamily="微软雅黑" width="45" height="17" deviceID="" text="3018-4" borderColor="0xffffff" source="assets/comp/TEXTINPUT/label.png" fontWeight="normal" widthInChars="4" contentBackgroundAlpha="0" borderVisible="false" y="317" param="" contentBackgroundColor="16777215" color="13382400" sizeAuto="false"/>
    <TEXT x="1077" group="commonComp" textAlign="center" fontSize="12" fontFamily="微软雅黑" width="29" height="17" deviceID="" text="3017" borderColor="0xffffff" source="assets/comp/TEXTINPUT/label.png" fontWeight="normal" widthInChars="4" contentBackgroundAlpha="0" borderVisible="false" y="321" param="" contentBackgroundColor="16777215" color="13369497" sizeAuto="false"/>
    <TEXT x="1021" group="commonComp" textAlign="center" fontSize="12" fontFamily="微软雅黑" width="42" height="17" deviceID="" text="3016-2" borderColor="0xffffff" source="assets/comp/TEXTINPUT/label.png" fontWeight="normal" widthInChars="4" contentBackgroundAlpha="0" borderVisible="false" y="312" param="" contentBackgroundColor="16777215" color="13382400" sizeAuto="false"/>
    <TEXT x="1023" group="commonComp" textAlign="center" fontSize="12" fontFamily="微软雅黑" width="42" height="17" deviceID="" text="3016-1" borderColor="0xffffff" source="assets/comp/TEXTINPUT/label.png" fontWeight="normal" widthInChars="4" contentBackgroundAlpha="0" borderVisible="false" y="335" param="" contentBackgroundColor="16777215" color="13382400" sizeAuto="false"/>
    <TEXT x="990" group="commonComp" textAlign="center" fontSize="12" fontFamily="微软雅黑" width="28" height="17" deviceID="" text="3015" borderColor="0xffffff" source="assets/comp/TEXTINPUT/label.png" fontWeight="normal" widthInChars="4" contentBackgroundAlpha="0" borderVisible="false" y="318" param="" contentBackgroundColor="16777215" color="13382400" sizeAuto="false"/>
    <TEXT x="963" group="commonComp" textAlign="center" fontSize="12" fontFamily="微软雅黑" width="28" height="17" deviceID="" text="3014" borderColor="0xffffff" source="assets/comp/TEXTINPUT/label.png" fontWeight="normal" widthInChars="4" contentBackgroundAlpha="0" borderVisible="false" y="309" param="" contentBackgroundColor="16777215" color="13382400" sizeAuto="false"/>
    <TEXT x="906" group="commonComp" textAlign="center" fontSize="12" fontFamily="微软雅黑" width="28" height="17" deviceID="" text="3013" borderColor="0xffffff" source="assets/comp/TEXTINPUT/label.png" fontWeight="normal" widthInChars="4" contentBackgroundAlpha="0" borderVisible="false" y="337" param="" contentBackgroundColor="16777215" color="13382400" sizeAuto="false"/>
    <TEXT x="807" group="commonComp" textAlign="center" fontSize="12" fontFamily="微软雅黑" width="40" height="17" deviceID="" text="3012-2" borderColor="0xffffff" source="assets/comp/TEXTINPUT/label.png" fontWeight="normal" widthInChars="4" contentBackgroundAlpha="0" borderVisible="false" y="401" param="" contentBackgroundColor="16777215" color="255" sizeAuto="false"/>
    <TEXT x="789" group="commonComp" textAlign="center" fontSize="12" fontFamily="微软雅黑" width="55" height="17" deviceID="" text="3012-1-1" borderColor="0xffffff" source="assets/comp/TEXTINPUT/label.png" fontWeight="normal" widthInChars="4" contentBackgroundAlpha="0" borderVisible="false" y="337" param="" contentBackgroundColor="16777215" color="13382400" sizeAuto="false"/>
    <TEXT x="785" group="commonComp" textAlign="center" fontSize="12" fontFamily="微软雅黑" width="55" height="17" deviceID="" text="3012-1-2" borderColor="0xffffff" source="assets/comp/TEXTINPUT/label.png" fontWeight="normal" widthInChars="4" contentBackgroundAlpha="0" borderVisible="false" y="320" param="" contentBackgroundColor="16777215" color="13382400" sizeAuto="false"/>
    <TEXT x="740" group="commonComp" textAlign="center" fontSize="12" fontFamily="微软雅黑" width="28" height="17" deviceID="" text="3011" borderColor="0xffffff" source="assets/comp/TEXTINPUT/label.png" fontWeight="normal" widthInChars="4" contentBackgroundAlpha="0" borderVisible="false" y="332" param="" contentBackgroundColor="16777215" color="13382400" sizeAuto="false"/>
    <TEXT x="684" group="commonComp" textAlign="center" fontSize="12" fontFamily="微软雅黑" width="29" height="17" deviceID="" text="3010" borderColor="0xffffff" source="assets/comp/TEXTINPUT/label.png" fontWeight="normal" widthInChars="4" contentBackgroundAlpha="0" borderVisible="false" y="324" param="" contentBackgroundColor="16777215" color="13382400" sizeAuto="false"/>
    <TEXT x="636" group="commonComp" textAlign="center" fontSize="12" fontFamily="微软雅黑" width="29" height="17" deviceID="" text="3009" borderColor="0xffffff" source="assets/comp/TEXTINPUT/label.png" fontWeight="normal" widthInChars="4" contentBackgroundAlpha="0" borderVisible="false" y="332" param="" contentBackgroundColor="16777215" color="13382400" sizeAuto="false"/>
    <TEXT x="578" group="commonComp" textAlign="center" fontSize="12" fontFamily="微软雅黑" width="29" height="17" deviceID="" text="3008" borderColor="0xffffff" source="assets/comp/TEXTINPUT/label.png" fontWeight="normal" widthInChars="4" contentBackgroundAlpha="0" borderVisible="false" y="324" param="" contentBackgroundColor="16777215" color="13382400" sizeAuto="false"/>
    <TEXT x="481" group="commonComp" textAlign="center" fontSize="12" fontFamily="微软雅黑" width="40" height="17" deviceID="" text="3007-2" borderColor="0xffffff" source="assets/comp/TEXTINPUT/label.png" fontWeight="normal" widthInChars="4" contentBackgroundAlpha="0" borderVisible="false" y="335" param="" contentBackgroundColor="16777215" color="13382400" sizeAuto="false"/>
    <TEXT x="480" group="commonComp" textAlign="center" fontSize="12" fontFamily="微软雅黑" width="42" height="17" deviceID="" text="3007-1" borderColor="0xffffff" source="assets/comp/TEXTINPUT/label.png" fontWeight="normal" widthInChars="4" contentBackgroundAlpha="0" borderVisible="false" y="316" param="" contentBackgroundColor="16777215" color="13382400" sizeAuto="false"/>
    <TEXT x="442" group="commonComp" textAlign="center" fontSize="12" fontFamily="微软雅黑" width="29" height="17" deviceID="" text="3006" borderColor="0xffffff" source="assets/comp/TEXTINPUT/label.png" fontWeight="normal" widthInChars="4" contentBackgroundAlpha="0" borderVisible="false" y="320" param="" contentBackgroundColor="16777215" color="13382400" sizeAuto="false"/>
    <TEXT x="396" group="commonComp" textAlign="center" fontSize="12" fontFamily="微软雅黑" width="29" height="17" deviceID="" text="3005" borderColor="0xffffff" source="assets/comp/TEXTINPUT/label.png" fontWeight="normal" widthInChars="4" contentBackgroundAlpha="0" borderVisible="false" y="331" param="" contentBackgroundColor="16777215" color="13382400" sizeAuto="false"/>
    <TEXT x="349" group="commonComp" textAlign="center" fontSize="12" fontFamily="微软雅黑" width="29" height="17" deviceID="" text="3004" borderColor="0xffffff" source="assets/comp/TEXTINPUT/label.png" fontWeight="normal" widthInChars="4" contentBackgroundAlpha="0" borderVisible="false" y="320" param="" contentBackgroundColor="16777215" color="13382400" sizeAuto="false"/>
    <TEXT x="297" group="commonComp" textAlign="center" fontSize="12" fontFamily="微软雅黑" width="29" height="17" deviceID="" text="3003" borderColor="0xffffff" source="assets/comp/TEXTINPUT/label.png" fontWeight="normal" widthInChars="4" contentBackgroundAlpha="0" borderVisible="false" y="328" param="" contentBackgroundColor="16777215" color="13382400" sizeAuto="false"/>
    <TEXT x="265" group="commonComp" textAlign="center" fontSize="12" fontFamily="微软雅黑" width="29" height="17" deviceID="" text="3002" borderColor="0xffffff" source="assets/comp/TEXTINPUT/label.png" fontWeight="normal" widthInChars="4" contentBackgroundAlpha="0" borderVisible="false" y="385" param="" contentBackgroundColor="16777215" color="255" sizeAuto="false"/>
    <TEXT x="108" group="commonComp" textAlign="center" fontSize="12" fontFamily="微软雅黑" width="26" height="17" deviceID="" text="3001" borderColor="0xffffff" source="assets/comp/TEXTINPUT/label.png" fontWeight="normal" widthInChars="4" contentBackgroundAlpha="0" borderVisible="false" y="427" param="" contentBackgroundColor="16777215" color="13408512" sizeAuto="true"/>
  </Components>
</Configration>