<?xml version="1.0" encoding="utf-8"?>
<Configration Width="1434" Height="714">
  <LIST>
    <Component>
      <MJ/>
    </Component>
    <Image>
      <F3NODE source="mapAssets/mapImages/F3Node.png" group="map"/>
      <TULI source="assets/comp/TULI/TULI.png"/>
      <LCF3 source="assets/comp/LCF3.png"/>
      <MJN source="assets/comp/TULI/MJN.png"/>
      <MJA source="assets/comp/TULI/MJA.png"/>
      <MJOPEN source="assets/comp/MJOPEN.png"/>
    </Image>
  </LIST>
  <Components>
    <F3NODE x="0" y="0" height="714" source="mapAssets/mapImages/F3Node.png" width="1434" group="map"/>
    <TULI x="1202" y="579" height="124" source="assets/comp/TULI/TULI.png" width="225" group="tuli"/>
    <LCF3 x="10" y="10" height="92" source="assets/comp/LCF3.png" width="110" group="bg"/>
    <MJN source="assets/comp/TULI/MJN.png" scaleY="0.5" x="1237" y="634" scaleX="0.5" width="80" group="tuli" height="80"/>
    <MJA source="assets/comp/TULI/MJA.png" scaleY="0.5" x="1352" y="634" scaleX="0.5" width="80" group="tuli" height="80"/>
    <TEXT width="32" height="19" text="关门" borderColor="0xffffff" source="assets/comp/TEXTINPUT/label.png" fontSize="14" fontWeight="normal" widthInChars="4" contentBackgroundAlpha="0" y="609" borderVisible="false" color="0x444444" param="" fontFamily="微软雅黑" x="1240" textAlign="center" group="commonComp" deviceID="" sizeAuto="true"/>
    <TEXT width="32" height="19" text="报警" borderColor="0xffffff" source="assets/comp/TEXTINPUT/label.png" fontSize="14" fontWeight="normal" widthInChars="4" contentBackgroundAlpha="0" y="609" borderVisible="false" color="0x444444" param="" fontFamily="微软雅黑" x="1355" textAlign="center" group="commonComp" deviceID="" sizeAuto="true"/>
    <TEXT group="commonComp" textAlign="center" fontSize="12" contentBackgroundColor="16777215" fontFamily="微软雅黑" width="29" height="17" deviceID="" text="LT30" borderColor="0xffffff" source="assets/comp/TEXTINPUT/label.png" fontWeight="normal" widthInChars="4" contentBackgroundAlpha="1" borderVisible="false" y="404" param="" x="1177" color="255" sizeAuto="true"/>
    <TEXT width="32" height="19" text="开门" borderColor="0xffffff" source="assets/comp/TEXTINPUT/label.png" fontSize="14" fontWeight="normal" widthInChars="4" contentBackgroundAlpha="0" y="609" borderVisible="false" color="0x444444" param="" fontFamily="微软雅黑" x="1298" textAlign="center" group="commonComp" deviceID="" sizeAuto="true"/>
    <MJOPEN source="assets/comp/MJOPEN.png" scaleY="0.5" x="1293" y="634" scaleX="0.5" width="80" group="bg" height="80"/>
    <TEXT group="commonComp" textAlign="center" fontSize="12" contentBackgroundColor="16777215" fontFamily="微软雅黑" width="41" height="17" deviceID="" text="多奇妙" borderColor="0xffffff" source="assets/comp/TEXTINPUT/label.png" fontWeight="normal" widthInChars="4" contentBackgroundAlpha="0" borderVisible="false" y="575" param="" x="20" color="13408512" sizeAuto="true"/>
    <TEXT group="commonComp" textAlign="center" fontSize="12" contentBackgroundColor="16777215" fontFamily="微软雅黑" width="54" height="17" deviceID="" text="恒记饭店" borderColor="0xffffff" source="assets/comp/TEXTINPUT/label.png" fontWeight="normal" widthInChars="4" contentBackgroundAlpha="0" borderVisible="false" y="560" param="" x="20" color="13408512" sizeAuto="true"/>
    <TEXT group="commonComp" textAlign="center" fontSize="12" contentBackgroundColor="16777215" fontFamily="微软雅黑" width="41" height="17" deviceID="" text="大玩家" borderColor="0xffffff" source="assets/comp/TEXTINPUT/label.png" fontWeight="normal" widthInChars="4" contentBackgroundAlpha="0" borderVisible="false" y="590" param="" x="20" color="13408512" sizeAuto="true"/>
    <TEXT group="commonComp" textAlign="center" fontSize="12" contentBackgroundColor="16777215" fontFamily="微软雅黑" width="26" height="17" deviceID="" text="3001" borderColor="0xffffff" source="assets/comp/TEXTINPUT/label.png" fontWeight="normal" widthInChars="4" contentBackgroundAlpha="0" borderVisible="false" y="560" param="" x="115" color="13408512" sizeAuto="true"/>
    <TEXT group="commonComp" textAlign="center" fontSize="12" contentBackgroundColor="16777215" fontFamily="微软雅黑" width="26" height="17" deviceID="" text="3019" borderColor="0xffffff" source="assets/comp/TEXTINPUT/label.png" fontWeight="normal" widthInChars="4" contentBackgroundAlpha="0" borderVisible="false" y="578" param="" x="115" color="13408512" sizeAuto="true"/>
    <TEXT group="commonComp" textAlign="center" fontSize="12" contentBackgroundColor="16777215" fontFamily="微软雅黑" width="26" height="17" deviceID="" text="3020" borderColor="0xffffff" source="assets/comp/TEXTINPUT/label.png" fontWeight="normal" widthInChars="4" contentBackgroundAlpha="0" borderVisible="false" y="592" param="" x="115" color="13408512" sizeAuto="true"/>
    <TEXT group="commonComp" textAlign="center" fontSize="12" contentBackgroundColor="16777215" fontFamily="微软雅黑" width="82" height="17" deviceID="" text="3MM吃货联盟" borderColor="0xffffff" source="assets/comp/TEXTINPUT/label.png" fontWeight="normal" widthInChars="4" contentBackgroundAlpha="0" borderVisible="false" y="605" param="" x="20" color="13369497" sizeAuto="true"/>
    <TEXT group="commonComp" textAlign="center" fontSize="12" contentBackgroundColor="16777215" fontFamily="微软雅黑" width="29" height="17" deviceID="" text="3017" borderColor="0xffffff" source="assets/comp/TEXTINPUT/label.png" fontWeight="normal" widthInChars="4" contentBackgroundAlpha="0" borderVisible="false" y="606" param="" x="114" color="13369497" sizeAuto="false"/>
    <TEXT group="commonComp" textAlign="center" fontSize="12" contentBackgroundColor="16777215" fontFamily="微软雅黑" width="54" height="17" deviceID="" text="云歌琴行" borderColor="0xffffff" source="assets/comp/TEXTINPUT/label.png" fontWeight="normal" widthInChars="4" contentBackgroundAlpha="0" borderVisible="false" y="620" param="" x="20" color="255" sizeAuto="true"/>
    <TEXT group="commonComp" textAlign="center" fontSize="12" contentBackgroundColor="16777215" fontFamily="微软雅黑" width="54" height="17" deviceID="" text="维意定制" borderColor="0xffffff" source="assets/comp/TEXTINPUT/label.png" fontWeight="normal" widthInChars="4" contentBackgroundAlpha="0" borderVisible="false" y="635" param="" x="20" color="255" sizeAuto="true"/>
    <TEXT group="commonComp" textAlign="center" fontSize="12" contentBackgroundColor="16777215" fontFamily="微软雅黑" width="67" height="17" deviceID="" text="菜咔千丝秀" borderColor="0xffffff" source="assets/comp/TEXTINPUT/label.png" fontWeight="normal" widthInChars="4" contentBackgroundAlpha="0" borderVisible="false" y="650" param="" x="19" color="255" sizeAuto="true"/>
    <TEXT group="commonComp" textAlign="center" fontSize="12" contentBackgroundColor="16777215" fontFamily="微软雅黑" width="28" height="17" deviceID="" text="南冰" borderColor="0xffffff" source="assets/comp/TEXTINPUT/label.png" fontWeight="normal" widthInChars="4" contentBackgroundAlpha="0" borderVisible="false" y="664" param="" x="21" color="255" sizeAuto="true"/>
    <TEXT group="commonComp" textAlign="center" fontSize="12" contentBackgroundColor="16777215" fontFamily="微软雅黑" width="80" height="17" deviceID="" text="大黄蜂电竞馆" borderColor="0xffffff" source="assets/comp/TEXTINPUT/label.png" fontWeight="normal" widthInChars="4" contentBackgroundAlpha="0" borderVisible="false" y="679" param="" x="20" color="255" sizeAuto="true"/>
    <TEXT group="commonComp" textAlign="center" fontSize="12" contentBackgroundColor="16777215" fontFamily="微软雅黑" width="29" height="17" deviceID="" text="3002" borderColor="0xffffff" source="assets/comp/TEXTINPUT/label.png" fontWeight="normal" widthInChars="4" contentBackgroundAlpha="0" borderVisible="false" y="621" param="" x="114" color="255" sizeAuto="false"/>
    <TEXT group="commonComp" textAlign="center" fontSize="12" contentBackgroundColor="16777215" fontFamily="微软雅黑" width="40" height="17" deviceID="" text="3012-2" borderColor="0xffffff" source="assets/comp/TEXTINPUT/label.png" fontWeight="normal" widthInChars="4" contentBackgroundAlpha="0" borderVisible="false" y="637" param="" x="115" color="255" sizeAuto="false"/>
    <TEXT group="commonComp" textAlign="center" fontSize="12" contentBackgroundColor="16777215" fontFamily="微软雅黑" width="42" height="17" deviceID="" text="3018-2" borderColor="0xffffff" source="assets/comp/TEXTINPUT/label.png" fontWeight="normal" widthInChars="4" contentBackgroundAlpha="0" borderVisible="false" y="650" param="" x="115" color="255" sizeAuto="false"/>
    <TEXT group="commonComp" textAlign="center" fontSize="12" contentBackgroundColor="16777215" fontFamily="微软雅黑" width="41" height="17" deviceID="" text="3018-3" borderColor="0xffffff" source="assets/comp/TEXTINPUT/label.png" fontWeight="normal" widthInChars="4" contentBackgroundAlpha="0" borderVisible="false" y="664" param="" x="115" color="255" sizeAuto="false"/>
    <TEXT group="commonComp" textAlign="center" fontSize="12" contentBackgroundColor="16777215" fontFamily="微软雅黑" width="41" height="17" deviceID="" text="3021-2" borderColor="0xffffff" source="assets/comp/TEXTINPUT/label.png" fontWeight="normal" widthInChars="4" contentBackgroundAlpha="0" borderVisible="false" y="679" param="" x="115" color="255" sizeAuto="false"/>
    <TEXT group="commonComp" textAlign="center" fontSize="12" contentBackgroundColor="16777215" fontFamily="微软雅黑" width="54" height="17" deviceID="" text="诺丁牛排" borderColor="0xffffff" source="assets/comp/TEXTINPUT/label.png" fontWeight="normal" widthInChars="4" contentBackgroundAlpha="0" borderVisible="false" y="560" param="" x="185" color="13382400" sizeAuto="true"/>
    <TEXT group="commonComp" textAlign="center" fontSize="12" contentBackgroundColor="16777215" fontFamily="微软雅黑" width="54" height="17" deviceID="" text="一捞一汤" borderColor="0xffffff" source="assets/comp/TEXTINPUT/label.png" fontWeight="normal" widthInChars="4" contentBackgroundAlpha="0" borderVisible="false" y="576" param="" x="185" color="13382400" sizeAuto="true"/>
    <TEXT group="commonComp" textAlign="center" fontSize="12" contentBackgroundColor="16777215" fontFamily="微软雅黑" width="54" height="17" deviceID="" text="鲈鱼来了" borderColor="0xffffff" source="assets/comp/TEXTINPUT/label.png" fontWeight="normal" widthInChars="4" contentBackgroundAlpha="0" borderVisible="false" y="591" param="" x="185" color="13382400" sizeAuto="true"/>
    <TEXT group="commonComp" textAlign="center" fontSize="12" contentBackgroundColor="16777215" fontFamily="微软雅黑" width="41" height="17" deviceID="" text="大白鲨" borderColor="0xffffff" source="assets/comp/TEXTINPUT/label.png" fontWeight="normal" widthInChars="4" contentBackgroundAlpha="0" borderVisible="false" y="607" param="" x="185" color="13382400" sizeAuto="true"/>
    <TEXT group="commonComp" textAlign="center" fontSize="12" contentBackgroundColor="16777215" fontFamily="微软雅黑" width="29" height="17" deviceID="" text="3003" borderColor="0xffffff" source="assets/comp/TEXTINPUT/label.png" fontWeight="normal" widthInChars="4" contentBackgroundAlpha="0" borderVisible="false" y="560" param="" x="270" color="13382400" sizeAuto="false"/>
    <TEXT group="commonComp" textAlign="center" fontSize="12" contentBackgroundColor="16777215" fontFamily="微软雅黑" width="54" height="17" deviceID="" text="龙田料理" borderColor="0xffffff" source="assets/comp/TEXTINPUT/label.png" fontWeight="normal" widthInChars="4" contentBackgroundAlpha="0" borderVisible="false" y="484" param="" x="335" color="13382400" sizeAuto="true"/>
    <TEXT group="commonComp" textAlign="center" fontSize="12" contentBackgroundColor="16777215" fontFamily="微软雅黑" width="54" height="17" deviceID="" text="西域味道" borderColor="0xffffff" source="assets/comp/TEXTINPUT/label.png" fontWeight="normal" widthInChars="4" contentBackgroundAlpha="0" borderVisible="false" y="652" param="" x="185" color="13382400" sizeAuto="true"/>
    <TEXT group="commonComp" textAlign="center" fontSize="12" contentBackgroundColor="16777215" fontFamily="微软雅黑" width="41" height="17" deviceID="" text="九鼎轩" borderColor="0xffffff" source="assets/comp/TEXTINPUT/label.png" fontWeight="normal" widthInChars="4" contentBackgroundAlpha="0" borderVisible="false" y="665" param="" x="185" color="13382400" sizeAuto="true"/>
    <TEXT group="commonComp" textAlign="center" fontSize="12" contentBackgroundColor="16777215" fontFamily="微软雅黑" width="54" height="17" deviceID="" text="左邻右礼" borderColor="0xffffff" source="assets/comp/TEXTINPUT/label.png" fontWeight="normal" widthInChars="4" contentBackgroundAlpha="0" borderVisible="false" y="680" param="" x="185" color="13382400" sizeAuto="true"/>
    <TEXT group="commonComp" textAlign="center" fontSize="12" contentBackgroundColor="16777215" fontFamily="微软雅黑" width="41" height="17" deviceID="" text="大白鲨" borderColor="0xffffff" source="assets/comp/TEXTINPUT/label.png" fontWeight="normal" widthInChars="4" contentBackgroundAlpha="0" borderVisible="false" y="622" param="" x="185" color="13382400" sizeAuto="true"/>
    <TEXT group="commonComp" textAlign="center" fontSize="12" contentBackgroundColor="16777215" fontFamily="微软雅黑" width="41" height="17" deviceID="" text="大白鲨" borderColor="0xffffff" source="assets/comp/TEXTINPUT/label.png" fontWeight="normal" widthInChars="4" contentBackgroundAlpha="0" borderVisible="false" y="637" param="" x="185" color="13382400" sizeAuto="true"/>
    <TEXT group="commonComp" textAlign="center" fontSize="12" contentBackgroundColor="16777215" fontFamily="微软雅黑" width="29" height="17" deviceID="" text="3004" borderColor="0xffffff" source="assets/comp/TEXTINPUT/label.png" fontWeight="normal" widthInChars="4" contentBackgroundAlpha="0" borderVisible="false" y="575" param="" x="270" color="13382400" sizeAuto="false"/>
    <TEXT group="commonComp" textAlign="center" fontSize="12" contentBackgroundColor="16777215" fontFamily="微软雅黑" width="29" height="17" deviceID="" text="3005" borderColor="0xffffff" source="assets/comp/TEXTINPUT/label.png" fontWeight="normal" widthInChars="4" contentBackgroundAlpha="0" borderVisible="false" y="591" param="" x="270" color="13382400" sizeAuto="false"/>
    <TEXT group="commonComp" textAlign="center" fontSize="12" contentBackgroundColor="16777215" fontFamily="微软雅黑" width="29" height="17" deviceID="" text="3006" borderColor="0xffffff" source="assets/comp/TEXTINPUT/label.png" fontWeight="normal" widthInChars="4" contentBackgroundAlpha="0" borderVisible="false" y="607" param="" x="270" color="13382400" sizeAuto="false"/>
    <TEXT group="commonComp" textAlign="center" fontSize="12" contentBackgroundColor="16777215" fontFamily="微软雅黑" width="42" height="17" deviceID="" text="3007-1" borderColor="0xffffff" source="assets/comp/TEXTINPUT/label.png" fontWeight="normal" widthInChars="4" contentBackgroundAlpha="0" borderVisible="false" y="623" param="" x="270" color="13382400" sizeAuto="false"/>
    <TEXT group="commonComp" textAlign="center" fontSize="12" contentBackgroundColor="16777215" fontFamily="微软雅黑" width="29" height="17" deviceID="" text="3008" borderColor="0xffffff" source="assets/comp/TEXTINPUT/label.png" fontWeight="normal" widthInChars="4" contentBackgroundAlpha="0" borderVisible="false" y="652" param="" x="270" color="13382400" sizeAuto="false"/>
    <TEXT group="commonComp" textAlign="center" fontSize="12" contentBackgroundColor="16777215" fontFamily="微软雅黑" width="40" height="17" deviceID="" text="3007-2" borderColor="0xffffff" source="assets/comp/TEXTINPUT/label.png" fontWeight="normal" widthInChars="4" contentBackgroundAlpha="0" borderVisible="false" y="638" param="" x="270" color="13382400" sizeAuto="false"/>
    <TEXT group="commonComp" textAlign="center" fontSize="12" contentBackgroundColor="16777215" fontFamily="微软雅黑" width="29" height="17" deviceID="" text="3009" borderColor="0xffffff" source="assets/comp/TEXTINPUT/label.png" fontWeight="normal" widthInChars="4" contentBackgroundAlpha="0" borderVisible="false" y="667" param="" x="270" color="13382400" sizeAuto="false"/>
    <TEXT group="commonComp" textAlign="center" fontSize="12" contentBackgroundColor="16777215" fontFamily="微软雅黑" width="42" height="17" deviceID="" text="3010-1" borderColor="0xffffff" source="assets/comp/TEXTINPUT/label.png" fontWeight="normal" widthInChars="4" contentBackgroundAlpha="0" borderVisible="false" y="681" param="" x="269" color="13382400" sizeAuto="false"/>
    <TEXT group="commonComp" textAlign="center" fontSize="12" contentBackgroundColor="16777215" fontFamily="微软雅黑" width="80" height="17" deviceID="" text="蓓美滋毛山王" borderColor="0xffffff" source="assets/comp/TEXTINPUT/label.png" fontWeight="normal" widthInChars="4" contentBackgroundAlpha="0" borderVisible="false" y="495" param="" x="335" color="13382400" sizeAuto="true"/>
    <TEXT group="commonComp" textAlign="center" fontSize="12" contentBackgroundColor="16777215" fontFamily="微软雅黑" width="80" height="17" deviceID="" text="杨国福麻辣烫" borderColor="0xffffff" source="assets/comp/TEXTINPUT/label.png" fontWeight="normal" widthInChars="4" contentBackgroundAlpha="0" borderVisible="false" y="511" param="" x="335" color="13382400" sizeAuto="true"/>
    <TEXT group="commonComp" textAlign="center" fontSize="12" contentBackgroundColor="16777215" fontFamily="微软雅黑" width="41" height="17" deviceID="" text="牛太郎" borderColor="0xffffff" source="assets/comp/TEXTINPUT/label.png" fontWeight="normal" widthInChars="4" contentBackgroundAlpha="0" borderVisible="false" y="525" param="" x="335" color="13382400" sizeAuto="true"/>
    <TEXT group="commonComp" textAlign="center" fontSize="12" contentBackgroundColor="16777215" fontFamily="微软雅黑" width="41" height="17" deviceID="" text="青豆家" borderColor="0xffffff" source="assets/comp/TEXTINPUT/label.png" fontWeight="normal" widthInChars="4" contentBackgroundAlpha="0" borderVisible="false" y="539" param="" x="335" color="13382400" sizeAuto="true"/>
    <TEXT group="commonComp" textAlign="center" fontSize="12" contentBackgroundColor="16777215" fontFamily="微软雅黑" width="40" height="17" deviceID="" text="COCO" borderColor="0xffffff" source="assets/comp/TEXTINPUT/label.png" fontWeight="normal" widthInChars="4" contentBackgroundAlpha="0" borderVisible="false" y="551" param="" x="335" color="13382400" sizeAuto="true"/>
    <TEXT group="commonComp" textAlign="center" fontSize="12" contentBackgroundColor="16777215" fontFamily="微软雅黑" width="41" height="17" deviceID="" text="八分饱" borderColor="0xffffff" source="assets/comp/TEXTINPUT/label.png" fontWeight="normal" widthInChars="4" contentBackgroundAlpha="0" borderVisible="false" y="563" param="" x="335" color="13382400" sizeAuto="true"/>
    <TEXT group="commonComp" textAlign="center" fontSize="12" contentBackgroundColor="16777215" fontFamily="微软雅黑" width="28" height="17" deviceID="" text="禧座" borderColor="0xffffff" source="assets/comp/TEXTINPUT/label.png" fontWeight="normal" widthInChars="4" contentBackgroundAlpha="0" borderVisible="false" y="480" param="" x="545" color="13382400" sizeAuto="true"/>
    <TEXT group="commonComp" textAlign="center" fontSize="12" contentBackgroundColor="16777215" fontFamily="微软雅黑" width="41" height="17" deviceID="" text="一把骨" borderColor="0xffffff" source="assets/comp/TEXTINPUT/label.png" fontWeight="normal" widthInChars="4" contentBackgroundAlpha="0" borderVisible="false" y="591" param="" x="335" color="13382400" sizeAuto="true"/>
    <TEXT group="commonComp" textAlign="center" fontSize="12" contentBackgroundColor="16777215" fontFamily="微软雅黑" width="28" height="17" deviceID="" text="贡茶" borderColor="0xffffff" source="assets/comp/TEXTINPUT/label.png" fontWeight="normal" widthInChars="4" contentBackgroundAlpha="0" borderVisible="false" y="606" param="" x="335" color="13382400" sizeAuto="true"/>
    <TEXT group="commonComp" textAlign="center" fontSize="12" contentBackgroundColor="16777215" fontFamily="微软雅黑" width="106" height="17" deviceID="" text="珍珠会所仙道寿司" borderColor="0xffffff" source="assets/comp/TEXTINPUT/label.png" fontWeight="normal" widthInChars="4" contentBackgroundAlpha="0" borderVisible="false" y="621" param="" x="333" color="13382400" sizeAuto="true"/>
    <TEXT group="commonComp" textAlign="center" fontSize="12" contentBackgroundColor="16777215" fontFamily="微软雅黑" width="54" height="17" deviceID="" text="正新鸡排" borderColor="0xffffff" source="assets/comp/TEXTINPUT/label.png" fontWeight="normal" widthInChars="4" contentBackgroundAlpha="0" borderVisible="false" y="637" param="" x="335" color="13382400" sizeAuto="true"/>
    <TEXT group="commonComp" textAlign="center" fontSize="12" contentBackgroundColor="16777215" fontFamily="微软雅黑" width="54" height="17" deviceID="" text="韩一拌饭" borderColor="0xffffff" source="assets/comp/TEXTINPUT/label.png" fontWeight="normal" widthInChars="4" contentBackgroundAlpha="0" borderVisible="false" y="653" param="" x="335" color="13382400" sizeAuto="true"/>
    <TEXT group="commonComp" textAlign="center" fontSize="12" contentBackgroundColor="16777215" fontFamily="微软雅黑" width="41" height="17" deviceID="" text="米芝莲" borderColor="0xffffff" source="assets/comp/TEXTINPUT/label.png" fontWeight="normal" widthInChars="4" contentBackgroundAlpha="0" borderVisible="false" y="667" param="" x="335" color="13382400" sizeAuto="true"/>
    <TEXT group="commonComp" textAlign="center" fontSize="12" contentBackgroundColor="16777215" fontFamily="微软雅黑" width="80" height="17" deviceID="" text="漫滩边纸包鱼" borderColor="0xffffff" source="assets/comp/TEXTINPUT/label.png" fontWeight="normal" widthInChars="4" contentBackgroundAlpha="0" borderVisible="false" y="680" param="" x="334" color="13382400" sizeAuto="true"/>
    <TEXT group="commonComp" textAlign="center" fontSize="12" contentBackgroundColor="16777215" fontFamily="微软雅黑" width="41" height="17" deviceID="" text="八分饱" borderColor="0xffffff" source="assets/comp/TEXTINPUT/label.png" fontWeight="normal" widthInChars="4" contentBackgroundAlpha="0" borderVisible="false" y="577" param="" x="335" color="13382400" sizeAuto="true"/>
    <TEXT group="commonComp" textAlign="center" fontSize="12" contentBackgroundColor="16777215" fontFamily="微软雅黑" width="28" height="17" deviceID="" text="3011" borderColor="0xffffff" source="assets/comp/TEXTINPUT/label.png" fontWeight="normal" widthInChars="4" contentBackgroundAlpha="0" borderVisible="false" y="480" param="" x="450" color="13382400" sizeAuto="false"/>
    <TEXT group="commonComp" textAlign="center" fontSize="12" contentBackgroundColor="16777215" fontFamily="微软雅黑" width="55" height="17" deviceID="" text="3012-1-1" borderColor="0xffffff" source="assets/comp/TEXTINPUT/label.png" fontWeight="normal" widthInChars="4" contentBackgroundAlpha="0" borderVisible="false" y="496" param="" x="448" color="13382400" sizeAuto="false"/>
    <TEXT group="commonComp" textAlign="center" fontSize="12" contentBackgroundColor="16777215" fontFamily="微软雅黑" width="28" height="17" deviceID="" text="3041" borderColor="0xffffff" source="assets/comp/TEXTINPUT/label.png" fontWeight="normal" widthInChars="4" contentBackgroundAlpha="0" borderVisible="false" y="499" param="" x="885" color="13382400" sizeAuto="false"/>
    <TEXT group="commonComp" textAlign="center" fontSize="12" contentBackgroundColor="16777215" fontFamily="微软雅黑" width="28" height="17" deviceID="" text="3013" borderColor="0xffffff" source="assets/comp/TEXTINPUT/label.png" fontWeight="normal" widthInChars="4" contentBackgroundAlpha="0" borderVisible="false" y="525" param="" x="450" color="13382400" sizeAuto="false"/>
    <TEXT group="commonComp" textAlign="center" fontSize="12" contentBackgroundColor="16777215" fontFamily="微软雅黑" width="28" height="17" deviceID="" text="3014" borderColor="0xffffff" source="assets/comp/TEXTINPUT/label.png" fontWeight="normal" widthInChars="4" contentBackgroundAlpha="0" borderVisible="false" y="540" param="" x="450" color="13382400" sizeAuto="false"/>
    <TEXT group="commonComp" textAlign="center" fontSize="12" contentBackgroundColor="16777215" fontFamily="微软雅黑" width="28" height="17" deviceID="" text="3015" borderColor="0xffffff" source="assets/comp/TEXTINPUT/label.png" fontWeight="normal" widthInChars="4" contentBackgroundAlpha="0" borderVisible="false" y="553" param="" x="450" color="13382400" sizeAuto="false"/>
    <TEXT group="commonComp" textAlign="center" fontSize="12" contentBackgroundColor="16777215" fontFamily="微软雅黑" width="42" height="17" deviceID="" text="3016-1" borderColor="0xffffff" source="assets/comp/TEXTINPUT/label.png" fontWeight="normal" widthInChars="4" contentBackgroundAlpha="0" borderVisible="false" y="567" param="" x="449" color="13382400" sizeAuto="false"/>
    <TEXT group="commonComp" textAlign="center" fontSize="12" contentBackgroundColor="16777215" fontFamily="微软雅黑" width="28" height="17" deviceID="" text="3040" borderColor="0xffffff" source="assets/comp/TEXTINPUT/label.png" fontWeight="normal" widthInChars="4" contentBackgroundAlpha="0" borderVisible="false" y="482" param="" x="885" color="13382400" sizeAuto="false"/>
    <TEXT group="commonComp" textAlign="center" fontSize="12" contentBackgroundColor="16777215" fontFamily="微软雅黑" width="45" height="17" deviceID="" text="3018-4" borderColor="0xffffff" source="assets/comp/TEXTINPUT/label.png" fontWeight="normal" widthInChars="4" contentBackgroundAlpha="0" borderVisible="false" y="593" param="" x="447" color="13382400" sizeAuto="false"/>
    <TEXT group="commonComp" textAlign="center" fontSize="12" contentBackgroundColor="16777215" fontFamily="微软雅黑" width="41" height="17" deviceID="" text="3021-1" borderColor="0xffffff" source="assets/comp/TEXTINPUT/label.png" fontWeight="normal" widthInChars="4" contentBackgroundAlpha="0" borderVisible="false" y="607" param="" x="450" color="13382400" sizeAuto="false"/>
    <TEXT group="commonComp" textAlign="center" fontSize="12" contentBackgroundColor="16777215" fontFamily="微软雅黑" width="28" height="17" deviceID="" text="3022" borderColor="0xffffff" source="assets/comp/TEXTINPUT/label.png" fontWeight="normal" widthInChars="4" contentBackgroundAlpha="0" borderVisible="false" y="622" param="" x="450" color="13382400" sizeAuto="false"/>
    <TEXT group="commonComp" textAlign="center" fontSize="12" contentBackgroundColor="16777215" fontFamily="微软雅黑" width="28" height="17" deviceID="" text="3023" borderColor="0xffffff" source="assets/comp/TEXTINPUT/label.png" fontWeight="normal" widthInChars="4" contentBackgroundAlpha="0" borderVisible="false" y="638" param="" x="450" color="13382400" sizeAuto="false"/>
    <TEXT group="commonComp" textAlign="center" fontSize="12" contentBackgroundColor="16777215" fontFamily="微软雅黑" width="28" height="17" deviceID="" text="3024" borderColor="0xffffff" source="assets/comp/TEXTINPUT/label.png" fontWeight="normal" widthInChars="4" contentBackgroundAlpha="0" borderVisible="false" y="652" param="" x="450" color="13382400" sizeAuto="false"/>
    <TEXT group="commonComp" textAlign="center" fontSize="12" contentBackgroundColor="16777215" fontFamily="微软雅黑" width="41" height="17" deviceID="" text="3025-1" borderColor="0xffffff" source="assets/comp/TEXTINPUT/label.png" fontWeight="normal" widthInChars="4" contentBackgroundAlpha="0" borderVisible="false" y="667" param="" x="449" color="13382400" sizeAuto="false"/>
    <TEXT group="commonComp" textAlign="center" fontSize="12" contentBackgroundColor="16777215" fontFamily="微软雅黑" width="55" height="17" deviceID="" text="3012-1-2" borderColor="0xffffff" source="assets/comp/TEXTINPUT/label.png" fontWeight="normal" widthInChars="4" contentBackgroundAlpha="0" borderVisible="false" y="512" param="" x="448" color="13382400" sizeAuto="false"/>
    <TEXT group="commonComp" textAlign="center" fontSize="12" contentBackgroundColor="16777215" fontFamily="微软雅黑" width="42" height="17" deviceID="" text="3016-2" borderColor="0xffffff" source="assets/comp/TEXTINPUT/label.png" fontWeight="normal" widthInChars="4" contentBackgroundAlpha="0" borderVisible="false" y="580" param="" x="449" color="13382400" sizeAuto="false"/>
    <TEXT group="commonComp" textAlign="center" fontSize="12" contentBackgroundColor="16777215" fontFamily="微软雅黑" width="41" height="17" deviceID="" text="3025-2" borderColor="0xffffff" source="assets/comp/TEXTINPUT/label.png" fontWeight="normal" widthInChars="4" contentBackgroundAlpha="0" borderVisible="false" y="681" param="" x="449" color="13382400" sizeAuto="false"/>
    <TEXT group="commonComp" textAlign="center" fontSize="12" contentBackgroundColor="16777215" fontFamily="微软雅黑" width="67" height="17" deviceID="" text="奥克士西餐" borderColor="0xffffff" source="assets/comp/TEXTINPUT/label.png" fontWeight="normal" widthInChars="4" contentBackgroundAlpha="0" borderVisible="false" y="497" param="" x="543" color="13382400" sizeAuto="true"/>
    <TEXT group="commonComp" textAlign="center" fontSize="12" contentBackgroundColor="16777215" fontFamily="微软雅黑" width="132" height="17" deviceID="" text="隔壁子董妈豆花酸菜鱼" borderColor="0xffffff" source="assets/comp/TEXTINPUT/label.png" fontWeight="normal" widthInChars="4" contentBackgroundAlpha="0" borderVisible="false" y="509" param="" x="541" color="13382400" sizeAuto="true"/>
    <TEXT group="commonComp" textAlign="center" fontSize="12" contentBackgroundColor="16777215" fontFamily="微软雅黑" width="54" height="17" deviceID="" text="大鼓米线" borderColor="0xffffff" source="assets/comp/TEXTINPUT/label.png" fontWeight="normal" widthInChars="4" contentBackgroundAlpha="0" borderVisible="false" y="523" param="" x="544" color="13382400" sizeAuto="true"/>
    <TEXT group="commonComp" textAlign="center" fontSize="12" contentBackgroundColor="16777215" fontFamily="微软雅黑" width="91" height="17" deviceID="" text="THANK U MOM" borderColor="0xffffff" source="assets/comp/TEXTINPUT/label.png" fontWeight="normal" widthInChars="4" contentBackgroundAlpha="0" borderVisible="false" y="537" param="" x="547" color="13382400" sizeAuto="true"/>
    <TEXT group="commonComp" textAlign="center" fontSize="12" contentBackgroundColor="16777215" fontFamily="微软雅黑" width="41" height="17" deviceID="" text="小螺号" borderColor="0xffffff" source="assets/comp/TEXTINPUT/label.png" fontWeight="normal" widthInChars="4" contentBackgroundAlpha="0" borderVisible="false" y="551" param="" x="544" color="13382400" sizeAuto="true"/>
    <TEXT group="commonComp" textAlign="center" fontSize="12" contentBackgroundColor="16777215" fontFamily="微软雅黑" width="80" height="17" deviceID="" text="家门口老九门" borderColor="0xffffff" source="assets/comp/TEXTINPUT/label.png" fontWeight="normal" widthInChars="4" contentBackgroundAlpha="0" borderVisible="false" y="565" param="" x="543" color="13382400" sizeAuto="true"/>
    <TEXT group="commonComp" textAlign="center" fontSize="12" contentBackgroundColor="16777215" fontFamily="微软雅黑" width="41" height="17" deviceID="" text="酥香汇" borderColor="0xffffff" source="assets/comp/TEXTINPUT/label.png" fontWeight="normal" widthInChars="4" contentBackgroundAlpha="0" borderVisible="false" y="580" param="" x="545" color="13382400" sizeAuto="true"/>
    <TEXT group="commonComp" textAlign="center" fontSize="12" contentBackgroundColor="16777215" fontFamily="微软雅黑" width="28" height="17" deviceID="" text="赶蟹" borderColor="0xffffff" source="assets/comp/TEXTINPUT/label.png" fontWeight="normal" widthInChars="4" contentBackgroundAlpha="0" borderVisible="false" y="594" param="" x="545" color="13382400" sizeAuto="true"/>
    <TEXT group="commonComp" textAlign="center" fontSize="12" contentBackgroundColor="16777215" fontFamily="微软雅黑" width="80" height="17" deviceID="" text="张记北京烤鸭" borderColor="0xffffff" source="assets/comp/TEXTINPUT/label.png" fontWeight="normal" widthInChars="4" contentBackgroundAlpha="0" borderVisible="false" y="608" param="" x="545" color="13382400" sizeAuto="true"/>
    <TEXT group="commonComp" textAlign="center" fontSize="12" contentBackgroundColor="16777215" fontFamily="微软雅黑" width="54" height="17" deviceID="" text="鲜芋传奇" borderColor="0xffffff" source="assets/comp/TEXTINPUT/label.png" fontWeight="normal" widthInChars="4" contentBackgroundAlpha="0" borderVisible="false" y="623" param="" x="545" color="13382400" sizeAuto="true"/>
    <TEXT group="commonComp" textAlign="center" fontSize="12" contentBackgroundColor="16777215" fontFamily="微软雅黑" width="80" height="17" deviceID="" text="赖胖子肉蟹煲" borderColor="0xffffff" source="assets/comp/TEXTINPUT/label.png" fontWeight="normal" widthInChars="4" contentBackgroundAlpha="0" borderVisible="false" y="637" param="" x="545" color="13382400" sizeAuto="true"/>
    <TEXT group="commonComp" textAlign="center" fontSize="12" contentBackgroundColor="16777215" fontFamily="微软雅黑" width="41" height="17" deviceID="" text="蘭沁園" borderColor="0xffffff" source="assets/comp/TEXTINPUT/label.png" fontWeight="normal" widthInChars="4" contentBackgroundAlpha="0" borderVisible="false" y="667" param="" x="545" color="13382400" sizeAuto="true"/>
    <TEXT group="commonComp" textAlign="center" fontSize="12" contentBackgroundColor="16777215" fontFamily="微软雅黑" width="41" height="17" deviceID="" text="一条鱼" borderColor="0xffffff" source="assets/comp/TEXTINPUT/label.png" fontWeight="normal" widthInChars="4" contentBackgroundAlpha="0" borderVisible="false" y="681" param="" x="545" color="13382400" sizeAuto="true"/>
    <TEXT group="commonComp" textAlign="center" fontSize="12" contentBackgroundColor="16777215" fontFamily="微软雅黑" width="54" height="17" deviceID="" text="里可焖虾" borderColor="0xffffff" source="assets/comp/TEXTINPUT/label.png" fontWeight="normal" widthInChars="4" contentBackgroundAlpha="0" borderVisible="false" y="652" param="" x="545" color="13382400" sizeAuto="true"/>
    <TEXT group="commonComp" textAlign="center" fontSize="12" contentBackgroundColor="16777215" fontFamily="微软雅黑" width="28" height="17" deviceID="" text="3026" borderColor="0xffffff" source="assets/comp/TEXTINPUT/label.png" fontWeight="normal" widthInChars="4" contentBackgroundAlpha="0" borderVisible="false" y="480" param="" x="690" color="13382400" sizeAuto="false"/>
    <TEXT group="commonComp" textAlign="center" fontSize="12" contentBackgroundColor="16777215" fontFamily="微软雅黑" width="28" height="17" deviceID="" text="3027" borderColor="0xffffff" source="assets/comp/TEXTINPUT/label.png" fontWeight="normal" widthInChars="4" contentBackgroundAlpha="0" borderVisible="false" y="494" param="" x="690" color="13382400" sizeAuto="false"/>
    <TEXT group="commonComp" textAlign="center" fontSize="12" contentBackgroundColor="16777215" fontFamily="微软雅黑" width="28" height="17" deviceID="" text="3028" borderColor="0xffffff" source="assets/comp/TEXTINPUT/label.png" fontWeight="normal" widthInChars="4" contentBackgroundAlpha="0" borderVisible="false" y="510" param="" x="690" color="13382400" sizeAuto="false"/>
    <TEXT group="commonComp" textAlign="center" fontSize="12" contentBackgroundColor="16777215" fontFamily="微软雅黑" width="28" height="17" deviceID="" text="3029" borderColor="0xffffff" source="assets/comp/TEXTINPUT/label.png" fontWeight="normal" widthInChars="4" contentBackgroundAlpha="0" borderVisible="false" y="524" param="" x="690" color="13382400" sizeAuto="false"/>
    <TEXT group="commonComp" textAlign="center" fontSize="12" contentBackgroundColor="16777215" fontFamily="微软雅黑" width="28" height="17" deviceID="" text="3030" borderColor="0xffffff" source="assets/comp/TEXTINPUT/label.png" fontWeight="normal" widthInChars="4" contentBackgroundAlpha="0" borderVisible="false" y="539" param="" x="690" color="13382400" sizeAuto="false"/>
    <TEXT group="commonComp" textAlign="center" fontSize="12" contentBackgroundColor="16777215" fontFamily="微软雅黑" width="28" height="17" deviceID="" text="3031" borderColor="0xffffff" source="assets/comp/TEXTINPUT/label.png" fontWeight="normal" widthInChars="4" contentBackgroundAlpha="0" borderVisible="false" y="553" param="" x="690" color="13382400" sizeAuto="false"/>
    <TEXT group="commonComp" textAlign="center" fontSize="12" contentBackgroundColor="16777215" fontFamily="微软雅黑" width="28" height="17" deviceID="" text="3032" borderColor="0xffffff" source="assets/comp/TEXTINPUT/label.png" fontWeight="normal" widthInChars="4" contentBackgroundAlpha="0" borderVisible="false" y="567" param="" x="690" color="13382400" sizeAuto="false"/>
    <TEXT group="commonComp" textAlign="center" fontSize="12" contentBackgroundColor="16777215" fontFamily="微软雅黑" width="41" height="17" deviceID="" text="3033-1" borderColor="0xffffff" source="assets/comp/TEXTINPUT/label.png" fontWeight="normal" widthInChars="4" contentBackgroundAlpha="0" borderVisible="false" y="582" param="" x="690" color="13382400" sizeAuto="false"/>
    <TEXT group="commonComp" textAlign="center" fontSize="12" contentBackgroundColor="16777215" fontFamily="微软雅黑" width="40" height="17" deviceID="" text="3042-1" borderColor="0xffffff" source="assets/comp/TEXTINPUT/label.png" fontWeight="normal" widthInChars="4" contentBackgroundAlpha="0" borderVisible="false" y="515" param="" x="885" color="13382400" sizeAuto="false"/>
    <TEXT group="commonComp" textAlign="center" fontSize="12" contentBackgroundColor="16777215" fontFamily="微软雅黑" width="28" height="17" deviceID="" text="3034" borderColor="0xffffff" source="assets/comp/TEXTINPUT/label.png" fontWeight="normal" widthInChars="4" contentBackgroundAlpha="0" borderVisible="false" y="610" param="" x="690" color="13382400" sizeAuto="false"/>
    <TEXT group="commonComp" textAlign="center" fontSize="12" contentBackgroundColor="16777215" fontFamily="微软雅黑" width="28" height="17" deviceID="" text="3035" borderColor="0xffffff" source="assets/comp/TEXTINPUT/label.png" fontWeight="normal" widthInChars="4" contentBackgroundAlpha="0" borderVisible="false" y="624" param="" x="690" color="13382400" sizeAuto="false"/>
    <TEXT group="commonComp" textAlign="center" fontSize="12" contentBackgroundColor="16777215" fontFamily="微软雅黑" width="28" height="17" deviceID="" text="3036" borderColor="0xffffff" source="assets/comp/TEXTINPUT/label.png" fontWeight="normal" widthInChars="4" contentBackgroundAlpha="0" borderVisible="false" y="639" param="" x="691" color="13382400" sizeAuto="false"/>
    <TEXT group="commonComp" textAlign="center" fontSize="12" contentBackgroundColor="16777215" fontFamily="微软雅黑" width="28" height="17" deviceID="" text="3037" borderColor="0xffffff" source="assets/comp/TEXTINPUT/label.png" fontWeight="normal" widthInChars="4" contentBackgroundAlpha="0" borderVisible="false" y="654" param="" x="690" color="13382400" sizeAuto="false"/>
    <TEXT group="commonComp" textAlign="center" fontSize="12" contentBackgroundColor="16777215" fontFamily="微软雅黑" width="28" height="17" deviceID="" text="3038" borderColor="0xffffff" source="assets/comp/TEXTINPUT/label.png" fontWeight="normal" widthInChars="4" contentBackgroundAlpha="0" borderVisible="false" y="668" param="" x="690" color="13382400" sizeAuto="false"/>
    <TEXT group="commonComp" textAlign="center" fontSize="12" contentBackgroundColor="16777215" fontFamily="微软雅黑" width="28" height="17" deviceID="" text="3039" borderColor="0xffffff" source="assets/comp/TEXTINPUT/label.png" fontWeight="normal" widthInChars="4" contentBackgroundAlpha="0" borderVisible="false" y="682" param="" x="690" color="13382400" sizeAuto="false"/>
    <TEXT group="commonComp" textAlign="center" fontSize="12" contentBackgroundColor="16777215" fontFamily="微软雅黑" width="41" height="17" deviceID="" text="3033-2" borderColor="0xffffff" source="assets/comp/TEXTINPUT/label.png" fontWeight="normal" widthInChars="4" contentBackgroundAlpha="0" borderVisible="false" y="596" param="" x="690" color="13382400" sizeAuto="false"/>
    <TEXT group="commonComp" textAlign="center" fontSize="12" contentBackgroundColor="16777215" fontFamily="微软雅黑" width="41" height="17" deviceID="" text="游湘记" borderColor="0xffffff" source="assets/comp/TEXTINPUT/label.png" fontWeight="normal" widthInChars="4" contentBackgroundAlpha="0" borderVisible="false" y="480" param="" x="780" color="13382400" sizeAuto="true"/>
    <TEXT group="commonComp" textAlign="center" fontSize="12" contentBackgroundColor="16777215" fontFamily="微软雅黑" width="41" height="17" deviceID="" text="秀江南" borderColor="0xffffff" source="assets/comp/TEXTINPUT/label.png" fontWeight="normal" widthInChars="4" contentBackgroundAlpha="0" borderVisible="false" y="497" param="" x="780" color="13382400" sizeAuto="true"/>
    <TEXT group="commonComp" textAlign="center" fontSize="12" contentBackgroundColor="16777215" fontFamily="微软雅黑" width="67" height="17" deviceID="" text="香港鸡蛋仔" borderColor="0xffffff" source="assets/comp/TEXTINPUT/label.png" fontWeight="normal" widthInChars="4" contentBackgroundAlpha="0" borderVisible="false" y="529" param="" x="780" color="13382400" sizeAuto="true"/>
    <TEXT group="commonComp" textAlign="center" fontSize="12" contentBackgroundColor="16777215" fontFamily="微软雅黑" width="54" height="17" deviceID="" text="天语雅阁" borderColor="0xffffff" source="assets/comp/TEXTINPUT/label.png" fontWeight="normal" widthInChars="4" contentBackgroundAlpha="0" borderVisible="false" y="547" param="" x="782" color="13382400" sizeAuto="true"/>
    <TEXT group="commonComp" textAlign="center" fontSize="12" contentBackgroundColor="16777215" fontFamily="微软雅黑" width="40" height="17" deviceID="" text="3042-2" borderColor="0xffffff" source="assets/comp/TEXTINPUT/label.png" fontWeight="normal" widthInChars="4" contentBackgroundAlpha="0" borderVisible="false" y="531" param="" x="885" color="13382400" sizeAuto="false"/>
    <TEXT group="commonComp" textAlign="center" fontSize="12" contentBackgroundColor="16777215" fontFamily="微软雅黑" width="28" height="17" deviceID="" text="3043" borderColor="0xffffff" source="assets/comp/TEXTINPUT/label.png" fontWeight="normal" widthInChars="4" contentBackgroundAlpha="0" borderVisible="false" y="548" param="" x="886" color="13382400" sizeAuto="false"/>
    <TEXT group="commonComp" textAlign="center" fontSize="12" contentBackgroundColor="16777215" fontFamily="微软雅黑" width="41" height="17" deviceID="" text="秀江南" borderColor="0xffffff" source="assets/comp/TEXTINPUT/label.png" fontWeight="normal" widthInChars="4" contentBackgroundAlpha="0" borderVisible="false" y="514" param="" x="780" color="13382400" sizeAuto="true"/>
    <TEXT group="commonComp" textAlign="center" fontSize="12" contentBackgroundColor="16777215" fontFamily="微软雅黑" width="28" height="17" deviceID="" text="3043" borderColor="0xffffff" source="assets/comp/TEXTINPUT/label.png" fontWeight="normal" widthInChars="4" contentBackgroundAlpha="0" borderVisible="false" y="180" param="" x="112" color="13382400" sizeAuto="false"/>
    <TEXT group="commonComp" textAlign="center" fontSize="12" contentBackgroundColor="16777215" fontFamily="微软雅黑" width="40" height="17" deviceID="" text="3042-2" borderColor="0xffffff" source="assets/comp/TEXTINPUT/label.png" fontWeight="normal" widthInChars="4" contentBackgroundAlpha="0" borderVisible="false" y="228" param="" x="138" color="13382400" sizeAuto="false"/>
    <TEXT group="commonComp" textAlign="center" fontSize="12" contentBackgroundColor="16777215" fontFamily="微软雅黑" width="40" height="17" deviceID="" text="3042-1" borderColor="0xffffff" source="assets/comp/TEXTINPUT/label.png" fontWeight="normal" widthInChars="4" contentBackgroundAlpha="0" borderVisible="false" y="184" param="" x="213" color="13382400" sizeAuto="false"/>
    <TEXT group="commonComp" textAlign="center" fontSize="12" contentBackgroundColor="16777215" fontFamily="微软雅黑" width="28" height="17" deviceID="" text="3041" borderColor="0xffffff" source="assets/comp/TEXTINPUT/label.png" fontWeight="normal" widthInChars="4" contentBackgroundAlpha="0" borderVisible="false" y="234" param="" x="203" color="13382400" sizeAuto="false"/>
    <TEXT group="commonComp" textAlign="center" fontSize="12" contentBackgroundColor="16777215" fontFamily="微软雅黑" width="28" height="17" deviceID="" text="3040" borderColor="0xffffff" source="assets/comp/TEXTINPUT/label.png" fontWeight="normal" widthInChars="4" contentBackgroundAlpha="0" borderVisible="false" y="206" param="" x="280" color="13382400" sizeAuto="false"/>
    <TEXT group="commonComp" textAlign="center" fontSize="12" contentBackgroundColor="16777215" fontFamily="微软雅黑" width="28" height="17" deviceID="" text="3039" borderColor="0xffffff" source="assets/comp/TEXTINPUT/label.png" fontWeight="normal" widthInChars="4" contentBackgroundAlpha="0" borderVisible="false" y="216" param="" x="319" color="13382400" sizeAuto="false"/>
    <TEXT group="commonComp" textAlign="center" fontSize="12" contentBackgroundColor="16777215" fontFamily="微软雅黑" width="28" height="17" deviceID="" text="3038" borderColor="0xffffff" source="assets/comp/TEXTINPUT/label.png" fontWeight="normal" widthInChars="4" contentBackgroundAlpha="0" borderVisible="false" y="219" param="" x="385" color="13382400" sizeAuto="false"/>
    <TEXT group="commonComp" textAlign="center" fontSize="12" contentBackgroundColor="16777215" fontFamily="微软雅黑" width="28" height="17" deviceID="" text="3037" borderColor="0xffffff" source="assets/comp/TEXTINPUT/label.png" fontWeight="normal" widthInChars="4" contentBackgroundAlpha="0" borderVisible="false" y="207" param="" x="408" color="13382400" sizeAuto="false"/>
    <TEXT group="commonComp" textAlign="center" fontSize="12" contentBackgroundColor="16777215" fontFamily="微软雅黑" width="28" height="17" deviceID="" text="3036" borderColor="0xffffff" source="assets/comp/TEXTINPUT/label.png" fontWeight="normal" widthInChars="4" contentBackgroundAlpha="0" borderVisible="false" y="177" param="" x="439" color="13382400" sizeAuto="false"/>
    <TEXT group="commonComp" textAlign="center" fontSize="12" contentBackgroundColor="16777215" fontFamily="微软雅黑" width="28" height="17" deviceID="" text="3035" borderColor="0xffffff" source="assets/comp/TEXTINPUT/label.png" fontWeight="normal" widthInChars="4" contentBackgroundAlpha="0" borderVisible="false" y="222" param="" x="470" color="13382400" sizeAuto="false"/>
    <TEXT group="commonComp" textAlign="center" fontSize="12" contentBackgroundColor="16777215" fontFamily="微软雅黑" width="28" height="17" deviceID="" text="3034" borderColor="0xffffff" source="assets/comp/TEXTINPUT/label.png" fontWeight="normal" widthInChars="4" contentBackgroundAlpha="0" borderVisible="false" y="185" param="" x="491" color="13382400" sizeAuto="false"/>
    <TEXT group="commonComp" textAlign="center" fontSize="12" contentBackgroundColor="16777215" fontFamily="微软雅黑" width="41" height="17" deviceID="" text="3033-2" borderColor="0xffffff" source="assets/comp/TEXTINPUT/label.png" fontWeight="normal" widthInChars="4" contentBackgroundAlpha="0" borderVisible="false" y="196" param="" x="546" color="13382400" sizeAuto="false"/>
    <TEXT group="commonComp" textAlign="center" fontSize="12" contentBackgroundColor="16777215" fontFamily="微软雅黑" width="41" height="17" deviceID="" text="3033-1" borderColor="0xffffff" source="assets/comp/TEXTINPUT/label.png" fontWeight="normal" widthInChars="4" contentBackgroundAlpha="0" borderVisible="false" y="220" param="" x="586" color="13382400" sizeAuto="false"/>
    <TEXT group="commonComp" textAlign="center" fontSize="12" contentBackgroundColor="16777215" fontFamily="微软雅黑" width="28" height="17" deviceID="" text="3032" borderColor="0xffffff" source="assets/comp/TEXTINPUT/label.png" fontWeight="normal" widthInChars="4" contentBackgroundAlpha="0" borderVisible="false" y="215" param="" x="650" color="13382400" sizeAuto="false"/>
    <TEXT group="commonComp" textAlign="center" fontSize="12" contentBackgroundColor="16777215" fontFamily="微软雅黑" width="28" height="17" deviceID="" text="3031" borderColor="0xffffff" source="assets/comp/TEXTINPUT/label.png" fontWeight="normal" widthInChars="4" contentBackgroundAlpha="0" borderVisible="false" y="220" param="" x="694" color="13382400" sizeAuto="false"/>
    <TEXT group="commonComp" textAlign="center" fontSize="12" contentBackgroundColor="16777215" fontFamily="微软雅黑" width="28" height="17" deviceID="" text="3030" borderColor="0xffffff" source="assets/comp/TEXTINPUT/label.png" fontWeight="normal" widthInChars="4" contentBackgroundAlpha="0" borderVisible="false" y="214" param="" x="735" color="13382400" sizeAuto="false"/>
    <TEXT group="commonComp" textAlign="center" fontSize="12" contentBackgroundColor="16777215" fontFamily="微软雅黑" width="28" height="17" deviceID="" text="3029" borderColor="0xffffff" source="assets/comp/TEXTINPUT/label.png" fontWeight="normal" widthInChars="4" contentBackgroundAlpha="0" borderVisible="false" y="224" param="" x="772" color="13382400" sizeAuto="false"/>
    <TEXT group="commonComp" textAlign="center" fontSize="12" contentBackgroundColor="16777215" fontFamily="微软雅黑" width="28" height="17" deviceID="" text="3028" borderColor="0xffffff" source="assets/comp/TEXTINPUT/label.png" fontWeight="normal" widthInChars="4" contentBackgroundAlpha="0" borderVisible="false" y="201" param="" x="833" color="13382400" sizeAuto="false"/>
    <TEXT group="commonComp" textAlign="center" fontSize="12" contentBackgroundColor="16777215" fontFamily="微软雅黑" width="28" height="17" deviceID="" text="3027" borderColor="0xffffff" source="assets/comp/TEXTINPUT/label.png" fontWeight="normal" widthInChars="4" contentBackgroundAlpha="0" borderVisible="false" y="203" param="" x="908" color="13382400" sizeAuto="false"/>
    <TEXT group="commonComp" textAlign="center" fontSize="12" contentBackgroundColor="16777215" fontFamily="微软雅黑" width="28" height="17" deviceID="" text="3026" borderColor="0xffffff" source="assets/comp/TEXTINPUT/label.png" fontWeight="normal" widthInChars="4" contentBackgroundAlpha="0" borderVisible="false" y="226" param="" x="953" color="13382400" sizeAuto="false"/>
    <TEXT group="commonComp" textAlign="center" fontSize="12" contentBackgroundColor="16777215" fontFamily="微软雅黑" width="41" height="17" deviceID="" text="3025-2" borderColor="0xffffff" source="assets/comp/TEXTINPUT/label.png" fontWeight="normal" widthInChars="4" contentBackgroundAlpha="0" borderVisible="false" y="188" param="" x="1017" color="13382400" sizeAuto="false"/>
    <TEXT group="commonComp" textAlign="center" fontSize="12" contentBackgroundColor="16777215" fontFamily="微软雅黑" width="41" height="17" deviceID="" text="3025-1" borderColor="0xffffff" source="assets/comp/TEXTINPUT/label.png" fontWeight="normal" widthInChars="4" contentBackgroundAlpha="0" borderVisible="false" y="223" param="" x="1016" color="13382400" sizeAuto="false"/>
    <TEXT group="commonComp" textAlign="center" fontSize="12" contentBackgroundColor="16777215" fontFamily="微软雅黑" width="28" height="17" deviceID="" text="3024" borderColor="0xffffff" source="assets/comp/TEXTINPUT/label.png" fontWeight="normal" widthInChars="4" contentBackgroundAlpha="0" borderVisible="false" y="225" param="" x="1075" color="13382400" sizeAuto="false"/>
    <TEXT group="commonComp" textAlign="center" fontSize="12" contentBackgroundColor="16777215" fontFamily="微软雅黑" width="28" height="17" deviceID="" text="3023" borderColor="0xffffff" source="assets/comp/TEXTINPUT/label.png" fontWeight="normal" widthInChars="4" contentBackgroundAlpha="0" borderVisible="false" y="227" param="" x="1119" color="13382400" sizeAuto="false"/>
    <TEXT group="commonComp" textAlign="center" fontSize="12" contentBackgroundColor="16777215" fontFamily="微软雅黑" width="28" height="17" deviceID="" text="3022" borderColor="0xffffff" source="assets/comp/TEXTINPUT/label.png" fontWeight="normal" widthInChars="4" contentBackgroundAlpha="0" borderVisible="false" y="227" param="" x="1151" color="13382400" sizeAuto="false"/>
    <TEXT group="commonComp" textAlign="center" fontSize="12" contentBackgroundColor="16777215" fontFamily="微软雅黑" width="41" height="17" deviceID="" text="3021-2" borderColor="0xffffff" source="assets/comp/TEXTINPUT/label.png" fontWeight="normal" widthInChars="4" contentBackgroundAlpha="0" borderVisible="false" y="208" param="" x="1182" color="255" sizeAuto="false"/>
    <TEXT group="commonComp" textAlign="center" fontSize="12" contentBackgroundColor="16777215" fontFamily="微软雅黑" width="41" height="17" deviceID="" text="3021-1" borderColor="0xffffff" source="assets/comp/TEXTINPUT/label.png" fontWeight="normal" widthInChars="4" contentBackgroundAlpha="0" borderVisible="false" y="230" param="" x="1229" color="13382400" sizeAuto="false"/>
    <TEXT group="commonComp" textAlign="center" fontSize="12" contentBackgroundColor="16777215" fontFamily="微软雅黑" width="26" height="17" deviceID="" text="3020" borderColor="0xffffff" source="assets/comp/TEXTINPUT/label.png" fontWeight="normal" widthInChars="4" contentBackgroundAlpha="0" borderVisible="false" y="202" param="" x="1298" color="13408512" sizeAuto="true"/>
    <TEXT group="commonComp" textAlign="center" fontSize="12" contentBackgroundColor="16777215" fontFamily="微软雅黑" width="26" height="17" deviceID="" text="3019" borderColor="0xffffff" source="assets/comp/TEXTINPUT/label.png" fontWeight="normal" widthInChars="4" contentBackgroundAlpha="0" borderVisible="false" y="335" param="" x="1312" color="13408512" sizeAuto="true"/>
    <TEXT group="commonComp" textAlign="center" fontSize="12" contentBackgroundColor="16777215" fontFamily="微软雅黑" width="42" height="17" deviceID="" text="3018-2" borderColor="0xffffff" source="assets/comp/TEXTINPUT/label.png" fontWeight="normal" widthInChars="4" contentBackgroundAlpha="0" borderVisible="false" y="317" param="" x="1240" color="255" sizeAuto="false"/>
    <TEXT group="commonComp" textAlign="center" fontSize="12" contentBackgroundColor="16777215" fontFamily="微软雅黑" width="41" height="17" deviceID="" text="3018-3" borderColor="0xffffff" source="assets/comp/TEXTINPUT/label.png" fontWeight="normal" widthInChars="4" contentBackgroundAlpha="0" borderVisible="false" y="317" param="" x="1177" color="255" sizeAuto="false"/>
    <TEXT group="commonComp" textAlign="center" fontSize="12" contentBackgroundColor="16777215" fontFamily="微软雅黑" width="45" height="17" deviceID="" text="3018-4" borderColor="0xffffff" source="assets/comp/TEXTINPUT/label.png" fontWeight="normal" widthInChars="4" contentBackgroundAlpha="0" borderVisible="false" y="317" param="" x="1113" color="13382400" sizeAuto="false"/>
    <TEXT group="commonComp" textAlign="center" fontSize="12" contentBackgroundColor="16777215" fontFamily="微软雅黑" width="29" height="17" deviceID="" text="3017" borderColor="0xffffff" source="assets/comp/TEXTINPUT/label.png" fontWeight="normal" widthInChars="4" contentBackgroundAlpha="0" borderVisible="false" y="321" param="" x="1077" color="13369497" sizeAuto="false"/>
    <TEXT group="commonComp" textAlign="center" fontSize="12" contentBackgroundColor="16777215" fontFamily="微软雅黑" width="42" height="17" deviceID="" text="3016-2" borderColor="0xffffff" source="assets/comp/TEXTINPUT/label.png" fontWeight="normal" widthInChars="4" contentBackgroundAlpha="0" borderVisible="false" y="312" param="" x="1021" color="13382400" sizeAuto="false"/>
    <TEXT group="commonComp" textAlign="center" fontSize="12" contentBackgroundColor="16777215" fontFamily="微软雅黑" width="42" height="17" deviceID="" text="3016-1" borderColor="0xffffff" source="assets/comp/TEXTINPUT/label.png" fontWeight="normal" widthInChars="4" contentBackgroundAlpha="0" borderVisible="false" y="335" param="" x="1023" color="13382400" sizeAuto="false"/>
    <TEXT group="commonComp" textAlign="center" fontSize="12" contentBackgroundColor="16777215" fontFamily="微软雅黑" width="28" height="17" deviceID="" text="3015" borderColor="0xffffff" source="assets/comp/TEXTINPUT/label.png" fontWeight="normal" widthInChars="4" contentBackgroundAlpha="0" borderVisible="false" y="318" param="" x="990" color="13382400" sizeAuto="false"/>
    <TEXT group="commonComp" textAlign="center" fontSize="12" contentBackgroundColor="16777215" fontFamily="微软雅黑" width="28" height="17" deviceID="" text="3014" borderColor="0xffffff" source="assets/comp/TEXTINPUT/label.png" fontWeight="normal" widthInChars="4" contentBackgroundAlpha="0" borderVisible="false" y="309" param="" x="963" color="13382400" sizeAuto="false"/>
    <TEXT group="commonComp" textAlign="center" fontSize="12" contentBackgroundColor="16777215" fontFamily="微软雅黑" width="28" height="17" deviceID="" text="3013" borderColor="0xffffff" source="assets/comp/TEXTINPUT/label.png" fontWeight="normal" widthInChars="4" contentBackgroundAlpha="0" borderVisible="false" y="337" param="" x="906" color="13382400" sizeAuto="false"/>
    <TEXT group="commonComp" textAlign="center" fontSize="12" contentBackgroundColor="16777215" fontFamily="微软雅黑" width="40" height="17" deviceID="" text="3012-2" borderColor="0xffffff" source="assets/comp/TEXTINPUT/label.png" fontWeight="normal" widthInChars="4" contentBackgroundAlpha="0" borderVisible="false" y="401" param="" x="807" color="255" sizeAuto="false"/>
    <TEXT group="commonComp" textAlign="center" fontSize="12" contentBackgroundColor="16777215" fontFamily="微软雅黑" width="55" height="17" deviceID="" text="3012-1-1" borderColor="0xffffff" source="assets/comp/TEXTINPUT/label.png" fontWeight="normal" widthInChars="4" contentBackgroundAlpha="0" borderVisible="false" y="337" param="" x="789" color="13382400" sizeAuto="false"/>
    <TEXT group="commonComp" textAlign="center" fontSize="12" contentBackgroundColor="16777215" fontFamily="微软雅黑" width="55" height="17" deviceID="" text="3012-1-2" borderColor="0xffffff" source="assets/comp/TEXTINPUT/label.png" fontWeight="normal" widthInChars="4" contentBackgroundAlpha="0" borderVisible="false" y="320" param="" x="785" color="13382400" sizeAuto="false"/>
    <TEXT group="commonComp" textAlign="center" fontSize="12" contentBackgroundColor="16777215" fontFamily="微软雅黑" width="28" height="17" deviceID="" text="3011" borderColor="0xffffff" source="assets/comp/TEXTINPUT/label.png" fontWeight="normal" widthInChars="4" contentBackgroundAlpha="0" borderVisible="false" y="332" param="" x="740" color="13382400" sizeAuto="false"/>
    <TEXT group="commonComp" textAlign="center" fontSize="12" contentBackgroundColor="16777215" fontFamily="微软雅黑" width="29" height="17" deviceID="" text="3010" borderColor="0xffffff" source="assets/comp/TEXTINPUT/label.png" fontWeight="normal" widthInChars="4" contentBackgroundAlpha="0" borderVisible="false" y="324" param="" x="684" color="13382400" sizeAuto="false"/>
    <TEXT group="commonComp" textAlign="center" fontSize="12" contentBackgroundColor="16777215" fontFamily="微软雅黑" width="29" height="17" deviceID="" text="3009" borderColor="0xffffff" source="assets/comp/TEXTINPUT/label.png" fontWeight="normal" widthInChars="4" contentBackgroundAlpha="0" borderVisible="false" y="332" param="" x="636" color="13382400" sizeAuto="false"/>
    <TEXT group="commonComp" textAlign="center" fontSize="12" contentBackgroundColor="16777215" fontFamily="微软雅黑" width="29" height="17" deviceID="" text="3008" borderColor="0xffffff" source="assets/comp/TEXTINPUT/label.png" fontWeight="normal" widthInChars="4" contentBackgroundAlpha="0" borderVisible="false" y="324" param="" x="578" color="13382400" sizeAuto="false"/>
    <TEXT group="commonComp" textAlign="center" fontSize="12" contentBackgroundColor="16777215" fontFamily="微软雅黑" width="40" height="17" deviceID="" text="3007-2" borderColor="0xffffff" source="assets/comp/TEXTINPUT/label.png" fontWeight="normal" widthInChars="4" contentBackgroundAlpha="0" borderVisible="false" y="335" param="" x="481" color="13382400" sizeAuto="false"/>
    <TEXT group="commonComp" textAlign="center" fontSize="12" contentBackgroundColor="16777215" fontFamily="微软雅黑" width="42" height="17" deviceID="" text="3007-1" borderColor="0xffffff" source="assets/comp/TEXTINPUT/label.png" fontWeight="normal" widthInChars="4" contentBackgroundAlpha="0" borderVisible="false" y="316" param="" x="480" color="13382400" sizeAuto="false"/>
    <TEXT group="commonComp" textAlign="center" fontSize="12" contentBackgroundColor="16777215" fontFamily="微软雅黑" width="29" height="17" deviceID="" text="3006" borderColor="0xffffff" source="assets/comp/TEXTINPUT/label.png" fontWeight="normal" widthInChars="4" contentBackgroundAlpha="0" borderVisible="false" y="320" param="" x="442" color="13382400" sizeAuto="false"/>
    <TEXT group="commonComp" textAlign="center" fontSize="12" contentBackgroundColor="16777215" fontFamily="微软雅黑" width="29" height="17" deviceID="" text="3005" borderColor="0xffffff" source="assets/comp/TEXTINPUT/label.png" fontWeight="normal" widthInChars="4" contentBackgroundAlpha="0" borderVisible="false" y="331" param="" x="396" color="13382400" sizeAuto="false"/>
    <TEXT group="commonComp" textAlign="center" fontSize="12" contentBackgroundColor="16777215" fontFamily="微软雅黑" width="29" height="17" deviceID="" text="3004" borderColor="0xffffff" source="assets/comp/TEXTINPUT/label.png" fontWeight="normal" widthInChars="4" contentBackgroundAlpha="0" borderVisible="false" y="318" param="" x="345" color="13382400" sizeAuto="false"/>
    <TEXT group="commonComp" textAlign="center" fontSize="12" contentBackgroundColor="16777215" fontFamily="微软雅黑" width="29" height="17" deviceID="" text="3003" borderColor="0xffffff" source="assets/comp/TEXTINPUT/label.png" fontWeight="normal" widthInChars="4" contentBackgroundAlpha="0" borderVisible="false" y="328" param="" x="297" color="13382400" sizeAuto="false"/>
    <TEXT group="commonComp" textAlign="center" fontSize="12" contentBackgroundColor="16777215" fontFamily="微软雅黑" width="29" height="17" deviceID="" text="3002" borderColor="0xffffff" source="assets/comp/TEXTINPUT/label.png" fontWeight="normal" widthInChars="4" contentBackgroundAlpha="0" borderVisible="false" y="385" param="" x="265" color="255" sizeAuto="false"/>
    <TEXT group="commonComp" textAlign="center" fontSize="12" contentBackgroundColor="16777215" fontFamily="微软雅黑" width="26" height="17" deviceID="" text="3001" borderColor="0xffffff" source="assets/comp/TEXTINPUT/label.png" fontWeight="normal" widthInChars="4" contentBackgroundAlpha="0" borderVisible="false" y="427" param="" x="108" color="13408512" sizeAuto="true"/>
    <MJ deviceID="1390040" source="assets/comp/MJ/bg.png" deviceName="MJ-3H-S01" scaleY="0.3" y="377" scaleX="0.3" x="1184" width="80" group="deviceComp" height="80" mark="MJ"/>
    <MJ deviceID="1390041" source="assets/comp/MJ/bg.png" deviceName="MJ-3H-S02" scaleY="0.3" y="370" scaleX="0.3" x="1219" width="80" group="deviceComp" height="80" mark="MJ"/>
    <TEXT group="commonComp" textAlign="center" fontSize="12" contentBackgroundColor="16777215" fontFamily="微软雅黑" width="29" height="17" deviceID="" text="LT30" borderColor="0xffffff" source="assets/comp/TEXTINPUT/label.png" fontWeight="normal" widthInChars="4" contentBackgroundAlpha="1" borderVisible="false" y="396" param="" x="1217" color="255" sizeAuto="true"/>
    <MJ deviceID="1390046" source="assets/comp/MJ/bg.png" deviceName="MJ-3F-05-S01" scaleY="0.3" y="164" scaleX="0.3" x="1056" width="80" group="deviceComp" height="80" mark="MJ"/>
    <MJ deviceID="1390047" source="assets/comp/MJ/bg.png" deviceName="MJ-3F-05-S02" scaleY="0.3" y="160" scaleX="0.3" x="1100" width="80" group="deviceComp" height="80" mark="MJ"/>
    <MJ deviceID="1390048" source="assets/comp/MJ/bg.png" deviceName="MJ-3F-05-S03" scaleY="0.3" y="170" scaleX="0.3" x="1224" width="80" group="deviceComp" height="80" mark="MJ"/>
    <MJ deviceID="1390049" source="assets/comp/MJ/bg.png" deviceName="MJ-3F-05-S04" scaleY="0.3" y="162" scaleX="0.3" x="1255" width="80" group="deviceComp" height="80" mark="MJ"/>
    <TEXT group="commonComp" textAlign="center" fontSize="12" contentBackgroundColor="16777215" fontFamily="微软雅黑" width="29" height="17" deviceID="" text="LT21" borderColor="0xffffff" source="assets/comp/TEXTINPUT/label.png" fontWeight="normal" widthInChars="4" contentBackgroundAlpha="1" borderVisible="false" y="143" param="" x="1051" color="255" sizeAuto="true"/>
    <TEXT group="commonComp" textAlign="center" fontSize="12" contentBackgroundColor="16777215" fontFamily="微软雅黑" width="29" height="17" deviceID="" text="LT21" borderColor="0xffffff" source="assets/comp/TEXTINPUT/label.png" fontWeight="normal" widthInChars="4" contentBackgroundAlpha="1" borderVisible="false" y="139" param="" x="1097" color="255" sizeAuto="true"/>
    <TEXT group="commonComp" textAlign="center" fontSize="12" contentBackgroundColor="16777215" fontFamily="微软雅黑" width="29" height="17" deviceID="" text="LT23" borderColor="0xffffff" source="assets/comp/TEXTINPUT/label.png" fontWeight="normal" widthInChars="4" contentBackgroundAlpha="1" borderVisible="false" y="147" param="" x="1214" color="255" sizeAuto="true"/>
    <TEXT group="commonComp" textAlign="center" fontSize="12" contentBackgroundColor="16777215" fontFamily="微软雅黑" width="29" height="17" deviceID="" text="LT23" borderColor="0xffffff" source="assets/comp/TEXTINPUT/label.png" fontWeight="normal" widthInChars="4" contentBackgroundAlpha="1" borderVisible="false" y="142" param="" x="1254" color="255" sizeAuto="true"/>
  </Components>
</Configration>