<?xml version="1.0" encoding="utf-8"?><Configration Width="1076.8187919463087" Height="542">
  <LIST>
    <Component>
      <BLIGHT/>
      <CLIGHT/>
      <ADE/>
      <G1G2/>
      <HLIGHT/>
      <DE/>
      <G2/>
    </Component>
    <Image>
      <GGZMSY3F1 source="assets/comp/ggzmsy3f1.png"/>
      <JXK source="assets/comp/jxk.png"/>
      <GGZMSY3F source="assets/comp/ggzmsy3f.png"/>
    </Image>
  </LIST>
  <Components>
    <GGZMSY3F1 scale="1" rotation="0" scaleX="1" scaleY="1" x="14" y="8"/>
    <JXK scale="0.9" rotation="0" scaleX="0.9" scaleY="0.9" x="594" y="8"/>
    <TEXT scaleY="1" deviceID="" scale="1" fontWeight="normal" fontFamily="黑体" text="A 应急照明" scaleX="1" color="16777215" widthInChars="5" param="" rotation="0" fontSize="14" textAlign="right" x="690" y="20"/>
    <TEXT scaleY="1" deviceID="" scale="1" fontWeight="normal" fontFamily="黑体" text="D 走廊照明50%" scaleX="1" color="16777215" widthInChars="7" param="" rotation="0" fontSize="14" textAlign="right" x="686" y="155"/>
    <TEXT scaleY="1" deviceID="" scale="1" fontWeight="normal" fontFamily="黑体" text="E 走廊照明50%" scaleX="1" color="16777215" widthInChars="7" param="" rotation="0" fontSize="14" textAlign="right" x="688" y="200"/>
    <TEXT scaleY="1" deviceID="" scale="1" fontWeight="normal" fontFamily="黑体" text="B 小走道照明" scaleX="1" color="16777215" widthInChars="6" param="" rotation="0" fontSize="14" textAlign="right" x="690" y="65"/>
    <TEXT scaleY="1" deviceID="" scale="1" fontWeight="normal" fontFamily="黑体" text="H 导向标识" scaleX="1" color="16777215" widthInChars="5" param="" rotation="0" fontSize="14" textAlign="right" x="970" y="198"/>
    <TEXT scaleY="1" deviceID="" scale="1" fontWeight="normal" fontFamily="黑体" text="C 平台照明" scaleX="1" color="16777215" widthInChars="5" param="" rotation="0" fontSize="14" textAlign="right" x="692" y="110"/>
    <TEXT scaleY="1" deviceID="" scale="1" fontWeight="normal" fontFamily="黑体" text="G1 T5装饰灯" scaleX="1" color="16777215" widthInChars="6" param="" rotation="0" fontSize="14" textAlign="right" x="832" y="155"/>
    <TEXT scaleY="1" deviceID="" scale="1" fontWeight="normal" fontFamily="黑体" text="G2 LED装饰灯" scaleX="1" color="16777215" widthInChars="6" param="" rotation="0" fontSize="14" textAlign="right" x="838" y="199"/>
    <BLIGHT deviceID="6901" scale="1" scaleX="1" scaleY="1" rotation="0" isPop="true" popType="list" x="605" y="55"/>
    <CLIGHT deviceID="6907" scale="1.2" scaleX="1.2" scaleY="1.2" rotation="0" isPop="true" popType="list" x="617" y="88"/>
    <ADE deviceID="6913" scale="1" scaleX="1" scaleY="1" rotation="0" isPop="true" popType="list" x="605" y="145"/>
    <ADE deviceID="6919" scale="1" scaleX="1" scaleY="1" rotation="0" isPop="true" popType="list" x="605" y="190"/>
    <G1G2 deviceID="6925" scale="1" scaleX="1" scaleY="1" rotation="0" isPop="true" popType="list" x="780" y="145"/>
    <HLIGHT deviceID="6841" scale="0.7" scaleX="0.7" scaleY="0.7" rotation="0" isPop="true" popType="list" x="923" y="190"/>
    <ADE deviceID="6919" scale="1" scaleX="1" scaleY="1" rotation="90" isPop="true" popType="list" x="338" y="90"/>
    <ADE deviceID="6919" scale="1" scaleX="1" scaleY="1" rotation="90" isPop="true" popType="list" x="182" y="408"/>
    <HLIGHT deviceID="6841" scale="0.7" scaleX="0.7" scaleY="0.7" rotation="0" isPop="true" popType="list" x="153" y="347"/>
    <ADE deviceID="6919" scale="1" scaleX="1" scaleY="1" rotation="90" isPop="true" popType="list" x="335" y="328"/>
    <ADE deviceID="6919" scale="1" scaleX="1" scaleY="1" rotation="90" isPop="true" popType="list" x="183" y="164"/>
    <HLIGHT deviceID="6841" scale="0.7" scaleX="0.7" scaleY="0.7" rotation="180" isPop="true" popType="list" x="319" y="241"/>
    <BLIGHT deviceID="6901" scale="1" scaleX="1" scaleY="1" rotation="0" isPop="true" popType="list" x="319" y="337"/>
    <BLIGHT deviceID="6901" scale="1" scaleX="1" scaleY="1" rotation="0" isPop="true" popType="list" x="315" y="147"/>
    <G1G2 deviceID="6925" scale="1" scaleX="1" scaleY="1" rotation="90" isPop="true" popType="list" x="199" y="142"/>
    <CLIGHT deviceID="6907" scale="1.2" scaleX="1.2" scaleY="1.2" rotation="0" isPop="true" popType="list" x="199" y="125"/>
    <G1G2 deviceID="6925" scale="1" scaleX="1" scaleY="1" rotation="90" isPop="true" popType="list" x="310" y="225"/>
    <G1G2 deviceID="6925" scale="1" scaleX="1" scaleY="1" rotation="90" isPop="true" popType="list" x="198" y="305"/>
    <G1G2 deviceID="6925" scale="1" scaleX="1" scaleY="1" rotation="90" isPop="true" popType="list" x="307" y="387"/>
    <HLIGHT deviceID="6841" scale="0.7" scaleX="0.7" scaleY="0.7" rotation="180" isPop="true" popType="list" x="314" y="480"/>
    <HLIGHT deviceID="6841" scale="0.7" scaleX="0.7" scaleY="0.7" rotation="0" isPop="true" popType="list" x="155" y="103"/>
    <ADE deviceID="6913" scale="1" scaleX="1" scaleY="1" rotation="90" isPop="true" popType="list" x="184" y="329"/>
    <BLIGHT deviceID="6901" scale="1" scaleX="1" scaleY="1" rotation="0" isPop="true" popType="list" x="38" y="238"/>
    <ADE deviceID="6913" scale="1" scaleX="1" scaleY="1" rotation="90" isPop="true" popType="list" x="183" y="90"/>
    <ADE deviceID="6913" scale="1" scaleX="1" scaleY="1" rotation="90" isPop="true" popType="list" x="335" y="164"/>
    <ADE deviceID="6913" scale="1" scaleX="1" scaleY="1" rotation="90" isPop="true" popType="list" x="332" y="409"/>
    <GGZMSY3F scale="1.2" rotation="0" scaleX="1.2" scaleY="1.2" x="800" y="8"/>
    <TEXT scaleY="1" deviceID="" scale="1" fontWeight="bold" fontFamily="Arial" text="1" scaleX="1" color="0" widthInChars="1" param="" rotation="0" fontSize="20" textAlign="right" x="824" y="37"/>
    <DE deviceID="6895" scale="1" scaleX="1" scaleY="1" rotation="0" isPop="true" popType="list" x="605" y="10"/>
    <DE deviceID="6895" scale="1" scaleX="1" scaleY="1" rotation="90" isPop="true" popType="list" x="335" y="248"/>
    <DE deviceID="6895" scale="1" scaleX="1" scaleY="1" rotation="90" isPop="true" popType="list" x="182" y="243"/>
    <G2 deviceID="6931" scale="1" scaleX="1" scaleY="1" rotation="0" isPop="true" popType="list" x="780" y="190"/>
    <G2 deviceID="6931" scale="1" scaleX="1" scaleY="1" rotation="90" isPop="true" popType="list" x="309" y="143"/>
    <G2 deviceID="6931" scale="1" scaleX="1" scaleY="1" rotation="90" isPop="true" popType="list" x="202" y="221"/>
    <G2 deviceID="6931" scale="1" scaleX="1" scaleY="1" rotation="90" isPop="true" popType="list" x="306" y="305"/>
    <G2 deviceID="6931" scale="1" scaleX="1" scaleY="1" rotation="90" isPop="true" popType="list" x="203" y="386"/>
  </Components>
</Configration>