<?xml version="1.0" encoding="utf-8"?><Configration Width="1076.8187919463087" Height="542">
  <LIST>
    <Component>
      <BLIGHT/>
      <ADE/>
      <G1G2/>
      <HLIGHT/>
      <DE/>
      <G2/>
    </Component>
    <Image>
      <GGZMSY3F3 source="assets/comp/ggzmsy3f3.png"/>
      <JXK source="assets/comp/jxk.png"/>
      <GGZMSY3F source="assets/comp/ggzmsy3f.png"/>
    </Image>
  </LIST>
  <Components>
    <GGZMSY3F3 scale="1" rotation="0" scaleX="1" scaleY="1" x="14" y="8"/>
    <JXK scale="0.9" rotation="0" scaleX="0.9" scaleY="0.9" x="594" y="8"/>
    <TEXT scaleY="1" deviceID="" scale="1" fontWeight="normal" fontFamily="黑体" text="A 应急照明" scaleX="1" color="16777215" widthInChars="5" param="" rotation="0" fontSize="14" textAlign="right" x="690" y="65"/>
    <TEXT scaleY="1" deviceID="" scale="1" fontWeight="normal" fontFamily="黑体" text="D 走廊照明50%" scaleX="1" color="16777215" widthInChars="7" param="" rotation="0" fontSize="14" textAlign="right" x="686" y="155"/>
    <TEXT scaleY="1" deviceID="" scale="1" fontWeight="normal" fontFamily="黑体" text="E 走廊照明50%" scaleX="1" color="16777215" widthInChars="7" param="" rotation="0" fontSize="14" textAlign="right" x="688" y="200"/>
    <TEXT scaleY="1" deviceID="" scale="1" fontWeight="normal" fontFamily="黑体" text="B 小走道照明" scaleX="1" color="16777215" widthInChars="6" param="" rotation="0" fontSize="14" textAlign="right" x="690" y="110"/>
    <TEXT scaleY="1" deviceID="" scale="1" fontWeight="normal" fontFamily="黑体" text="H 导向标识" scaleX="1" color="16777215" widthInChars="5" param="" rotation="0" fontSize="14" textAlign="right" x="969" y="192"/>
    <TEXT scaleY="1" deviceID="" scale="1" fontWeight="normal" fontFamily="黑体" text="G1 T5装饰灯" scaleX="1" color="16777215" widthInChars="6" param="" rotation="0" fontSize="14" textAlign="right" x="830" y="152"/>
    <TEXT scaleY="1" deviceID="" scale="1" fontWeight="normal" fontFamily="黑体" text="G2 LED装饰灯" scaleX="1" color="16777215" widthInChars="6" param="" rotation="0" fontSize="14" textAlign="right" x="837" y="196"/>
    <BLIGHT deviceID="6903" scale="1" scaleX="1" scaleY="1" rotation="0" isPop="true" popType="list" x="605" y="100"/>
    <ADE deviceID="6915" scale="1" scaleX="1" scaleY="1" rotation="0" isPop="true" popType="list" x="605" y="145"/>
    <ADE deviceID="6921" scale="1" scaleX="1" scaleY="1" rotation="0" isPop="true" popType="list" x="605" y="190"/>
    <G1G2 deviceID="6927" scale="1" scaleX="1" scaleY="1" rotation="0" isPop="true" popType="list" x="780" y="145"/>
    <HLIGHT deviceID="6841" scale="0.7" scaleX="0.7" scaleY="0.7" rotation="0" isPop="true" popType="list" x="919" y="185"/>
    <HLIGHT deviceID="6841" scale="0.7" scaleX="0.7" scaleY="0.7" rotation="-75" isPop="true" popType="list" x="37" y="338"/>
    <BLIGHT deviceID="6903" scale="1" scaleX="1" scaleY="1" rotation="90" isPop="true" popType="list" x="208" y="382"/>
    <HLIGHT deviceID="6841" scale="0.7" scaleX="0.7" scaleY="0.7" rotation="-90" isPop="true" popType="list" x="338" y="397"/>
    <ADE deviceID="6915" scale="1" scaleX="1" scaleY="1" rotation="5" isPop="true" popType="list" x="377" y="364"/>
    <ADE deviceID="6915" scale="1" scaleX="1" scaleY="1" rotation="0" isPop="true" popType="list" x="483" y="219"/>
    <ADE deviceID="6921" scale="1" scaleX="1" scaleY="1" rotation="0" isPop="true" popType="list" x="483" y="373"/>
    <ADE deviceID="6921" scale="1" scaleX="1" scaleY="1" rotation="5" isPop="true" popType="list" x="388" y="210"/>
    <HLIGHT deviceID="6841" scale="0.7" scaleX="0.7" scaleY="0.7" rotation="90" isPop="true" popType="list" x="595" y="236"/>
    <HLIGHT deviceID="6841" scale="0.7" scaleX="0.7" scaleY="0.7" rotation="95" isPop="true" popType="list" x="304" y="221"/>
    <G1G2 deviceID="6927" scale="1" scaleX="1" scaleY="1" rotation="10" isPop="true" popType="list" x="225" y="324"/>
    <G1G2 deviceID="6927" scale="1" scaleX="1" scaleY="1" rotation="0" isPop="true" popType="list" x="443" y="243"/>
    <G1G2 deviceID="6927" scale="1" scaleX="1" scaleY="1" rotation="15" isPop="true" popType="list" x="153" y="203"/>
    <ADE deviceID="6921" scale="1" scaleX="1" scaleY="1" rotation="15" isPop="true" popType="list" x="94" y="163"/>
    <ADE deviceID="6921" scale="1" scaleX="1" scaleY="1" rotation="10" isPop="true" popType="list" x="154" y="330"/>
    <ADE deviceID="6915" scale="1" scaleX="1" scaleY="1" rotation="15" isPop="true" popType="list" x="57" y="311"/>
    <ADE deviceID="6915" scale="1" scaleX="1" scaleY="1" rotation="10" isPop="true" popType="list" x="193" y="185"/>
    <GGZMSY3F scale="1.2" rotation="0" scaleX="1.2" scaleY="1.2" x="800" y="8"/>
    <TEXT scaleY="1" deviceID="" scale="1" fontWeight="bold" fontFamily="Arial" text="3" scaleX="1" color="0" widthInChars="1" param="" rotation="0" fontSize="20" textAlign="right" x="865" y="75"/>
    <DE deviceID="6897" scale="1" scaleX="1" scaleY="1" rotation="0" isPop="true" popType="list" x="605" y="55"/>
    <DE deviceID="6897" scale="1" scaleX="1" scaleY="1" rotation="10" isPop="true" popType="list" x="291" y="198"/>
    <DE deviceID="6897" scale="1" scaleX="1" scaleY="1" rotation="10" isPop="true" popType="list" x="262" y="348"/>
    <G2 deviceID="6933" scale="1" scaleX="1" scaleY="1" rotation="0" isPop="true" popType="list" x="780" y="190"/>
    <G2 deviceID="6933" scale="1" scaleX="1" scaleY="1" rotation="15" isPop="true" popType="list" x="128" y="304"/>
    <G2 deviceID="6933" scale="1" scaleX="1" scaleY="1" rotation="10" isPop="true" popType="list" x="348" y="233"/>
    <G2 deviceID="6933" scale="1" scaleX="1" scaleY="1" rotation="0" isPop="true" popType="list" x="447" y="352"/>
  </Components>
</Configration>