<?xml version="1.0" encoding="utf-8"?><Configration Width="1076.8187919463087" Height="542">
  <LIST>
    <Component>
      <BLIGHT/>
      <ADE/>
      <G1G2/>
      <HLIGHT/>
      <DE/>
      <G2/>
    </Component>
    <Image>
      <GGZMSY3F4 source="assets/comp/ggzmsy3f4.png"/>
      <JXK source="assets/comp/jxk.png"/>
      <GGZMSY3F source="assets/comp/ggzmsy3f.png"/>
    </Image>
  </LIST>
  <Components>
    <GGZMSY3F4 scale="1" rotation="0" scaleX="1" scaleY="1" x="14" y="8"/>
    <JXK scale="0.9" rotation="0" scaleX="0.9" scaleY="0.9" x="594" y="8"/>
    <TEXT scaleY="1" deviceID="" scale="1" fontWeight="normal" fontFamily="黑体" text="A 应急照明" scaleX="1" color="16777215" widthInChars="5" param="" rotation="0" fontSize="14" textAlign="right" x="690" y="65"/>
    <TEXT scaleY="1" deviceID="" scale="1" fontWeight="normal" fontFamily="黑体" text="D 走廊照明50%" scaleX="1" color="16777215" widthInChars="7" param="" rotation="0" fontSize="14" textAlign="right" x="686" y="155"/>
    <TEXT scaleY="1" deviceID="" scale="1" fontWeight="normal" fontFamily="黑体" text="E 走廊照明50%" scaleX="1" color="16777215" widthInChars="7" param="" rotation="0" fontSize="14" textAlign="right" x="688" y="200"/>
    <TEXT scaleY="1" deviceID="" scale="1" fontWeight="normal" fontFamily="黑体" text="B 小走道照明" scaleX="1" color="16777215" widthInChars="6" param="" rotation="0" fontSize="14" textAlign="right" x="690" y="110"/>
    <TEXT scaleY="1" deviceID="" scale="1" fontWeight="normal" fontFamily="黑体" text="H 导向标识" scaleX="1" color="16777215" widthInChars="5" param="" rotation="0" fontSize="14" textAlign="right" x="968" y="195"/>
    <TEXT scaleY="1" deviceID="" scale="1" fontWeight="normal" fontFamily="黑体" text="G1 T5装饰灯" scaleX="1" color="16777215" widthInChars="6" param="" rotation="0" fontSize="14" textAlign="right" x="825" y="152"/>
    <TEXT scaleY="1" deviceID="" scale="1" fontWeight="normal" fontFamily="黑体" text="G2 LED装饰灯" scaleX="1" color="16777215" widthInChars="6" param="" rotation="0" fontSize="14" textAlign="right" x="833" y="197"/>
    <BLIGHT deviceID="6904" scale="1" scaleX="1" scaleY="1" rotation="0" isPop="true" popType="list" x="605" y="100"/>
    <ADE deviceID="6916" scale="1" scaleX="1" scaleY="1" rotation="0" isPop="true" popType="list" x="605" y="145"/>
    <ADE deviceID="6922" scale="1" scaleX="1" scaleY="1" rotation="0" isPop="true" popType="list" x="605" y="190"/>
    <G1G2 deviceID="6928" scale="1" scaleX="1" scaleY="1" rotation="0" isPop="true" popType="list" x="780" y="145"/>
    <HLIGHT deviceID="6841" scale="0.7" scaleX="0.7" scaleY="0.7" rotation="0" isPop="true" popType="list" x="919" y="185"/>
    <HLIGHT deviceID="6841" scale="0.7" scaleX="0.7" scaleY="0.7" rotation="-90" isPop="true" popType="list" x="33" y="404"/>
    <BLIGHT deviceID="6904" scale="1" scaleX="1" scaleY="1" rotation="90" isPop="true" popType="list" x="161" y="399"/>
    <HLIGHT deviceID="6841" scale="0.7" scaleX="0.7" scaleY="0.7" rotation="-90" isPop="true" popType="list" x="388" y="406"/>
    <BLIGHT deviceID="6904" scale="1" scaleX="1" scaleY="1" rotation="90" isPop="true" popType="list" x="514" y="411"/>
    <ADE deviceID="6916" scale="1" scaleX="1" scaleY="1" rotation="5" isPop="true" popType="list" x="439" y="378"/>
    <ADE deviceID="6922" scale="1" scaleX="1" scaleY="1" rotation="10" isPop="true" popType="list" x="566" y="395"/>
    <ADE deviceID="6922" scale="1" scaleX="1" scaleY="1" rotation="5" isPop="true" popType="list" x="465" y="231"/>
    <HLIGHT deviceID="6841" scale="0.7" scaleX="0.7" scaleY="0.7" rotation="90" isPop="true" popType="list" x="339" y="229"/>
    <G1G2 deviceID="6928" scale="1" scaleX="1" scaleY="1" rotation="0" isPop="true" popType="list" x="275" y="349"/>
    <G1G2 deviceID="6928" scale="1" scaleX="1" scaleY="1" rotation="10" isPop="true" popType="list" x="545" y="261"/>
    <G1G2 deviceID="6928" scale="1" scaleX="1" scaleY="1" rotation="0" isPop="true" popType="list" x="141" y="238"/>
    <ADE deviceID="6922" scale="1" scaleX="1" scaleY="1" rotation="0" isPop="true" popType="list" x="65" y="217"/>
    <ADE deviceID="6916" scale="1" scaleX="1" scaleY="1" rotation="0" isPop="true" popType="list" x="201" y="216"/>
    <BLIGHT deviceID="6904" scale="1" scaleX="1" scaleY="1" rotation="90" isPop="true" popType="list" x="263" y="137"/>
    <BLIGHT deviceID="6904" scale="1" scaleX="1" scaleY="1" rotation="0" isPop="true" popType="list" x="105" y="123"/>
    <HLIGHT deviceID="6841" scale="0.7" scaleX="0.7" scaleY="0.7" rotation="95" isPop="true" popType="list" x="707" y="272"/>
    <ADE deviceID="6916" scale="1" scaleX="1" scaleY="1" rotation="10" isPop="true" popType="list" x="592" y="245"/>
    <ADE deviceID="6922" scale="1" scaleX="1" scaleY="1" rotation="0" isPop="true" popType="list" x="193" y="363"/>
    <ADE deviceID="6916" scale="1" scaleX="1" scaleY="1" rotation="0" isPop="true" popType="list" x="59" y="367"/>
    <GGZMSY3F scale="1.2" rotation="0" scaleX="1.2" scaleY="1.2" x="800" y="8"/>
    <TEXT scaleY="1" deviceID="" scale="1" fontWeight="bold" fontFamily="Arial" text="4" scaleX="1" color="0" widthInChars="1" param="" rotation="0" fontSize="20" textAlign="right" x="910" y="76"/>
    <DE deviceID="6898" scale="1" scaleX="1" scaleY="1" rotation="0" isPop="true" popType="list" x="605" y="55"/>
    <DE deviceID="6898" scale="1" scaleX="1" scaleY="1" rotation="5" isPop="true" popType="list" x="343" y="216"/>
    <DE deviceID="6898" scale="1" scaleX="1" scaleY="1" rotation="5" isPop="true" popType="list" x="319" y="365"/>
    <G2 deviceID="6934" scale="1" scaleX="1" scaleY="1" rotation="0" isPop="true" popType="list" x="780" y="190"/>
    <G2 deviceID="6934" scale="1" scaleX="1" scaleY="1" rotation="10" isPop="true" popType="list" x="417" y="244"/>
    <G2 deviceID="6934" scale="1" scaleX="1" scaleY="1" rotation="10" isPop="true" popType="list" x="530" y="367"/>
    <G2 deviceID="6934" scale="1" scaleX="1" scaleY="1" rotation="0" isPop="true" popType="list" x="138" y="349"/>
  </Components>
</Configration>