<?xml version="1.0" encoding="utf-8"?><Configration Width="1076.8187919463087" Height="542">
  <LIST>
    <Component>
      <BLIGHT/>
      <CLIGHT/>
      <ADE/>
      <G1G2/>
      <HLIGHT/>
      <DE/>
      <G2/>
    </Component>
    <Image>
      <GGZMSY3F6 source="assets/comp/ggzmsy3f6.png"/>
      <JXK source="assets/comp/jxk.png"/>
      <GGZMSY3F source="assets/comp/ggzmsy3f.png"/>
    </Image>
  </LIST>
  <Components>
    <GGZMSY3F6 scale="1" rotation="0" scaleX="1" scaleY="1" x="14" y="8"/>
    <JXK scale="0.9" rotation="0" scaleX="0.9" scaleY="0.9" x="594" y="8"/>
    <TEXT scaleY="1" deviceID="" scale="1" fontWeight="normal" fontFamily="黑体" text="A 应急照明" scaleX="1" color="16777215" widthInChars="5" param="" rotation="0" fontSize="14" textAlign="right" x="690" y="20"/>
    <TEXT scaleY="1" deviceID="" scale="1" fontWeight="normal" fontFamily="黑体" text="D 走廊照明50%" scaleX="1" color="16777215" widthInChars="7" param="" rotation="0" fontSize="14" textAlign="right" x="686" y="155"/>
    <TEXT scaleY="1" deviceID="" scale="1" fontWeight="normal" fontFamily="黑体" text="E 走廊照明50%" scaleX="1" color="16777215" widthInChars="7" param="" rotation="0" fontSize="14" textAlign="right" x="688" y="200"/>
    <TEXT scaleY="1" deviceID="" scale="1" fontWeight="normal" fontFamily="黑体" text="B 小走道照明" scaleX="1" color="16777215" widthInChars="6" param="" rotation="0" fontSize="14" textAlign="right" x="690" y="65"/>
    <TEXT scaleY="1" deviceID="" scale="1" fontWeight="normal" fontFamily="黑体" text="H 导向标识" scaleX="1" color="16777215" widthInChars="5" param="" rotation="0" fontSize="14" textAlign="right" x="966" y="194"/>
    <TEXT scaleY="1" deviceID="" scale="1" fontWeight="normal" fontFamily="黑体" text="C 平台照明" scaleX="1" color="16777215" widthInChars="5" param="" rotation="0" fontSize="14" textAlign="right" x="692" y="110"/>
    <TEXT scaleY="1" deviceID="" scale="1" fontWeight="normal" fontFamily="黑体" text="G1 T5装饰灯" scaleX="1" color="16777215" widthInChars="6" param="" rotation="0" fontSize="14" textAlign="right" x="830" y="150"/>
    <TEXT scaleY="1" deviceID="" scale="1" fontWeight="normal" fontFamily="黑体" text="G2 LED装饰灯" scaleX="1" color="16777215" widthInChars="6" param="" rotation="0" fontSize="14" textAlign="right" x="838" y="195"/>
    <BLIGHT deviceID="6906" scale="1" scaleX="1" scaleY="1" rotation="0" isPop="true" popType="list" x="605" y="55"/>
    <CLIGHT deviceID="6912" scale="1.2" scaleX="1.2" scaleY="1.2" rotation="0" isPop="true" popType="list" x="625" y="95"/>
    <ADE deviceID="6918" scale="1" scaleX="1" scaleY="1" rotation="0" isPop="true" popType="list" x="605" y="145"/>
    <ADE deviceID="6924" scale="1" scaleX="1" scaleY="1" rotation="0" isPop="true" popType="list" x="605" y="190"/>
    <G1G2 deviceID="6930" scale="1" scaleX="1" scaleY="1" rotation="0" isPop="true" popType="list" x="780" y="145"/>
    <HLIGHT deviceID="6841" scale="0.7" scaleX="0.7" scaleY="0.7" rotation="0" isPop="true" popType="list" x="920" y="185"/>
    <HLIGHT deviceID="6841" scale="0.7" scaleX="0.7" scaleY="0.7" rotation="25" isPop="true" popType="list" x="190" y="290"/>
    <BLIGHT deviceID="6906" scale="1" scaleX="1" scaleY="1" rotation="25" isPop="true" popType="list" x="399" y="268"/>
    <CLIGHT deviceID="6912" scale="1.2" scaleX="1.2" scaleY="1.2" rotation="0" isPop="true" popType="list" x="345" y="63"/>
    <HLIGHT deviceID="6841" scale="0.7" scaleX="0.7" scaleY="0.7" rotation="-155" isPop="true" popType="list" x="287" y="490"/>
    <HLIGHT deviceID="6841" scale="0.7" scaleX="0.7" scaleY="0.7" rotation="-155" isPop="true" popType="list" x="399" y="243"/>
    <BLIGHT deviceID="6906" scale="1" scaleX="1" scaleY="1" rotation="25" isPop="true" popType="list" x="133" y="143"/>
    <HLIGHT deviceID="6841" scale="0.7" scaleX="0.7" scaleY="0.7" rotation="25" isPop="true" popType="list" x="298" y="51"/>
    <ADE deviceID="6924" scale="1" scaleX="1" scaleY="1" rotation="115" isPop="true" popType="list" x="483" y="95"/>
    <ADE deviceID="6924" scale="1" scaleX="1" scaleY="1" rotation="115" isPop="true" popType="list" x="375" y="339"/>
    <ADE deviceID="6924" scale="1" scaleX="1" scaleY="1" rotation="115" isPop="true" popType="list" x="196" y="370"/>
    <ADE deviceID="6924" scale="1" scaleX="1" scaleY="1" rotation="115" isPop="true" popType="list" x="300" y="129"/>
    <G1G2 deviceID="6930" scale="1" scaleX="1" scaleY="1" rotation="115" isPop="true" popType="list" x="329" y="110"/>
    <G1G2 deviceID="6930" scale="1" scaleX="1" scaleY="1" rotation="115" isPop="true" popType="list" x="392" y="233"/>
    <G1G2 deviceID="6930" scale="1" scaleX="1" scaleY="1" rotation="115" isPop="true" popType="list" x="324" y="386"/>
    <ADE deviceID="6918" scale="1" scaleX="1" scaleY="1" rotation="115" isPop="true" popType="list" x="232" y="283"/>
    <G1G2 deviceID="6930" scale="1" scaleX="1" scaleY="1" rotation="115" isPop="true" popType="list" x="261" y="262"/>
    <ADE deviceID="6918" scale="1" scaleX="1" scaleY="1" rotation="115" isPop="true" popType="list" x="336" y="48"/>
    <ADE deviceID="6918" scale="1" scaleX="1" scaleY="1" rotation="115" isPop="true" popType="list" x="447" y="179"/>
    <ADE deviceID="6918" scale="1" scaleX="1" scaleY="1" rotation="115" isPop="true" popType="list" x="336" y="426"/>
    <GGZMSY3F scale="1.2" rotation="0" scaleX="1.2" scaleY="1.2" x="800" y="8"/>
    <TEXT scaleY="1" deviceID="" scale="1" fontWeight="bold" fontFamily="Arial" text="6" scaleX="1" color="0" widthInChars="1" param="" rotation="0" fontSize="20" textAlign="right" x="972" y="52"/>
    <DE deviceID="6900" scale="1" scaleX="1" scaleY="1" rotation="0" isPop="true" popType="list" x="605" y="10"/>
    <DE deviceID="6900" scale="1" scaleX="1" scaleY="1" rotation="115" isPop="true" popType="list" x="409" y="265"/>
    <DE deviceID="6900" scale="1" scaleX="1" scaleY="1" rotation="115" isPop="true" popType="list" x="267" y="208"/>
    <G2 deviceID="6936" scale="1" scaleX="1" scaleY="1" rotation="0" isPop="true" popType="list" x="780" y="190"/>
    <G2 deviceID="6936" scale="1" scaleX="1" scaleY="1" rotation="115" isPop="true" popType="list" x="431" y="144"/>
    <G2 deviceID="6936" scale="1" scaleX="1" scaleY="1" rotation="115" isPop="true" popType="list" x="292" y="194"/>
    <G2 deviceID="6936" scale="1" scaleX="1" scaleY="1" rotation="115" isPop="true" popType="list" x="356" y="305"/>
    <G2 deviceID="6936" scale="1" scaleX="1" scaleY="1" rotation="115" isPop="true" popType="list" x="221" y="351"/>
  </Components>
</Configration>