<?xml version="1.0" encoding="utf-8"?><Configration Width="1061.8187919463087" Height="541">
  <LIST>
    <Component>
      <KTTB/>
    </Component>
    <Image>
      <F4NODE source="assets/comp/F4Node.png"/>
      <TULI source="assets/comp/TULI/TULI.png"/>
      <KTN source="assets/comp/TULI/KTN.png"/>
      <KTA source="assets/comp/TULI/KTA.png"/>
      <COMPASS source="assets/comp/compass.png"/>
    </Image>
  </LIST>
  <Components>
    <F4NODE scaleX="0.7" scaleY="0.7" rotation="0" scale="0.7" x="30" y="0"/>
    <KTTB scaleX="0.4" scaleY="0.4" isPop="true" deviceID="7258" scale="0.4" rotation="0" popType="redirect" x="95" y="68"/>
    <TEXT text="XF-4-3" textAlign="right" rotation="0" scaleY="1" fontFamily="Arial" deviceID="" widthInChars="3" color="0" param="" fontWeight="bold" fontSize="12" scaleX="1" scale="1" x="89" y="55"/>
    <KTTB scaleX="0.4" scaleY="0.4" isPop="true" deviceID="7256" scale="0.4" rotation="0" popType="redirect" x="889" y="143"/>
    <KTTB scaleX="0.4" scaleY="0.4" isPop="true" deviceID="7257" scale="0.4" rotation="0" popType="redirect" x="854" y="166"/>
    <TEXT text="XF-4-1" textAlign="right" rotation="0" scaleY="1" fontFamily="Arial" deviceID="" widthInChars="3" color="0" param="" fontWeight="bold" fontSize="12" scaleX="1" scale="1" x="884" y="128"/>
    <TEXT text="XF-4-2" textAlign="right" rotation="0" scaleY="1" fontFamily="Arial" deviceID="" widthInChars="3" color="0" param="" fontWeight="bold" fontSize="12" scaleX="1" scale="1" x="847" y="151"/>
    <TULI scaleX="0.9" scaleY="0.9" rotation="0" scale="0.9" x="840" y="415"/>
    <TEXT text="正常" textAlign="right" rotation="0" scaleY="1" fontFamily="Arial" deviceID="" widthInChars="2" color="16777215" param="" fontWeight="normal" fontSize="16" scaleX="1" scale="1" x="885" y="440"/>
    <TEXT text="报警" textAlign="right" rotation="0" scaleY="1" fontFamily="Arial" deviceID="" widthInChars="2" color="16777215" param="" fontWeight="normal" fontSize="16" scaleX="1" scale="1" x="960" y="440"/>
    <KTN scaleX="0.5" scaleY="0.5" rotation="0" scale="0.5" x="885" y="470"/>
    <KTA scaleX="0.5" scaleY="0.5" rotation="0" scale="0.5" x="960" y="470"/>
    <COMPASS scale="0.5" scaleX="0.5" scaleY="0.5" x="916" y="412" rotation="-90"/>
  </Components>
</Configration>