<?xml version="1.0" encoding="utf-8"?>
<Configration Width="1434" Height="714">
  <LIST>
    <Component>
      <BURGLAR/>
      <BFSTATE/>
    </Component>
    <Image>
      <F4NODE source="mapAssets/mapImages/F4Node.png" group="map"/>
      <TULI source="assets/comp/TULI/TULI.png"/>
      <SBN source="assets/comp/TULI/SBN.png"/>
      <SBA source="assets/comp/TULI/SBA.png"/>
      <ALARMR source="assets/comp/alarm_r.png"/>
      <ALARMG source="assets/comp/alarm_g.png"/>
      <LCF4 source="assets/comp/LCF4.png"/>
    </Image>
  </LIST>
  <Components>
    <F4NODE scaleY="1" group="map" rotation="0" x="0" y="0" source="mapAssets/mapImages/F4Node.png" scaleX="1"/>
    <TULI scaleY="1" group="tuli" rotation="0" x="1205" y="584" source="assets/comp/TULI/TULI.png" scaleX="1"/>
    <TEXT x="1234" deviceID="" fontFamily="微软雅黑" borderColor="0xffffff" rotation="0" widthInChars="2" contentBackgroundAlpha="0" fontSize="16" scaleX="1" scaleY="1" param="" text="正常" borderVisible="false" sizeAuto="true" group="commonComp" source="assets/comp/TEXTINPUT/label.png" textAlign="right" height="21" y="630.8" width="36" color="0" fontWeight="normal"/>
    <TEXT x="1234" deviceID="" fontFamily="微软雅黑" borderColor="0xffffff" rotation="0" widthInChars="2" contentBackgroundAlpha="0" fontSize="16" scaleX="1" scaleY="1" param="" text="报警" borderVisible="false" sizeAuto="true" group="commonComp" source="assets/comp/TEXTINPUT/label.png" textAlign="right" height="21" y="657" width="36" color="0" fontWeight="normal"/>
    <SBN scaleY="0.35" group="tuli" rotation="0" x="1358" y="630" source="assets/comp/TULI/SBN.png" scaleX="0.35"/>
    <SBA scaleY="0.35" group="tuli" rotation="0" x="1358" y="660.8" source="assets/comp/TULI/SBA.png" scaleX="0.35"/>
    <ALARMR scaleY="0.35" group="bg" rotation="0" x="1275" y="660.8" source="assets/comp/alarm_r.png" scaleX="0.35"/>
    <TEXT x="1270" deviceID="" fontFamily="微软雅黑" borderColor="0xffffff" rotation="0" widthInChars="2" contentBackgroundAlpha="0" fontSize="16" scaleX="1" scaleY="1" param="" text="红外" borderVisible="false" sizeAuto="true" group="commonComp" source="assets/comp/TEXTINPUT/label.png" textAlign="right" height="21" y="605.8" width="36" color="0" fontWeight="normal"/>
    <TEXT x="1353" deviceID="" fontFamily="微软雅黑" borderColor="0xffffff" rotation="0" widthInChars="2" contentBackgroundAlpha="0" fontSize="16" scaleX="1" scaleY="1" param="" text="手按" borderVisible="false" sizeAuto="true" group="commonComp" source="assets/comp/TEXTINPUT/label.png" textAlign="right" height="21" y="608" width="36" color="0" fontWeight="normal"/>
    <ALARMG scaleY="0.35" group="bg" rotation="0" x="1276" y="629.95" source="assets/comp/alarm_g.png" scaleX="0.35"/>
    <LCF4 scaleY="1" group="bg" width="110" x="10" height="92" y="10" source="assets/comp/LCF4.png" scaleX="1"/>
    <BURGLAR scaleY="0.25" deviceID="700007" mark="HWBJ" group="commonComp" width="80" x="1302" height="80" y="98" source="assets/comp/BURGLAR/alarm/0/1.png" deviceName="4FRD9出屋面红外" scaleX="0.25"/>
    <TEXT deviceID="" fontFamily="微软雅黑" borderColor="0xffffff" widthInChars="4" contentBackgroundAlpha="0" fontSize="14" borderVisible="false" param="" text="4FRD9出屋面红外" sizeAuto="true" group="commonComp" contentBackgroundColor="16777215" source="assets/comp/TEXTINPUT/label.png" x="1246.4500000000003" height="19" y="74.14999999999999" width="119" textAlign="center" color="255" fontWeight="normal"/>
    <BFSTATE scaleY="1.5" deviceID="690001" mark="BJX" group="commonComp" width="58" x="200" height="25" y="100" source="assets/comp/BFSTATE/bfState/0/1.png" deviceName="防盗报警主机" scaleX="1.5"/>
    <TEXT deviceID="" fontFamily="微软雅黑" borderColor="0xffffff" widthInChars="4" contentBackgroundAlpha="0" fontSize="12" borderVisible="false" param="" text="爱上铜锣湾KTV" sizeAuto="true" group="commonComp" contentBackgroundColor="16777215" source="assets/comp/TEXTINPUT/label.png" textAlign="center" height="17" y="461" width="92" x="838" color="13408512" fontWeight="normal"/>
    <TEXT deviceID="" fontFamily="微软雅黑" borderColor="0xffffff" widthInChars="4" contentBackgroundAlpha="0" fontSize="12" borderVisible="false" param="" text="金仕堡健身" sizeAuto="true" group="commonComp" contentBackgroundColor="16777215" source="assets/comp/TEXTINPUT/label.png" textAlign="center" height="17" y="476" width="67" x="838" color="13408512" fontWeight="normal"/>
    <TEXT deviceID="" fontFamily="微软雅黑" borderColor="0xffffff" widthInChars="4" contentBackgroundAlpha="0" fontSize="12" borderVisible="false" param="" text="星轶国际影城" sizeAuto="true" group="commonComp" contentBackgroundColor="16777215" source="assets/comp/TEXTINPUT/label.png" textAlign="center" height="17" y="491" width="80" x="838" color="13408512" fontWeight="normal"/>
    <TEXT deviceID="" fontFamily="微软雅黑" borderColor="0xffffff" widthInChars="4" contentBackgroundAlpha="0" fontSize="12" borderVisible="false" param="" text="4001" sizeAuto="false" group="commonComp" contentBackgroundColor="16777215" source="assets/comp/TEXTINPUT/label.png" textAlign="center" height="17" y="461" width="29" x="968" color="13408512" fontWeight="normal"/>
    <TEXT deviceID="" fontFamily="微软雅黑" borderColor="0xffffff" widthInChars="4" contentBackgroundAlpha="0" fontSize="12" borderVisible="false" param="" text="4002" sizeAuto="false" group="commonComp" contentBackgroundColor="16777215" source="assets/comp/TEXTINPUT/label.png" textAlign="center" height="17" y="476" width="30" x="968" color="13408512" fontWeight="normal"/>
    <TEXT deviceID="" fontFamily="微软雅黑" borderColor="0xffffff" widthInChars="4" contentBackgroundAlpha="0" fontSize="12" borderVisible="false" param="" text="4003" sizeAuto="false" group="commonComp" contentBackgroundColor="16777215" source="assets/comp/TEXTINPUT/label.png" textAlign="center" height="17" y="491" width="30" x="968" color="13408512" fontWeight="normal"/>
    <TEXT deviceID="" fontFamily="微软雅黑" borderColor="0xffffff" widthInChars="4" contentBackgroundAlpha="0" fontSize="12" borderVisible="false" param="" text="4001" sizeAuto="false" group="commonComp" contentBackgroundColor="16777215" source="assets/comp/TEXTINPUT/label.png" textAlign="center" height="17" y="231" width="29" x="1095" color="13408512" fontWeight="normal"/>
    <TEXT deviceID="" fontFamily="微软雅黑" borderColor="0xffffff" widthInChars="4" contentBackgroundAlpha="0" fontSize="12" borderVisible="false" param="" text="4002" sizeAuto="false" group="commonComp" contentBackgroundColor="16777215" source="assets/comp/TEXTINPUT/label.png" textAlign="center" height="17" y="332" width="30" x="1086" color="13408512" fontWeight="normal"/>
    <TEXT deviceID="" fontFamily="微软雅黑" borderColor="0xffffff" widthInChars="4" contentBackgroundAlpha="0" fontSize="12" borderVisible="false" param="" text="4003" sizeAuto="false" group="commonComp" contentBackgroundColor="16777215" source="assets/comp/TEXTINPUT/label.png" textAlign="center" height="17" y="319" width="30" x="1254" color="13408512" fontWeight="normal"/>
  </Components>
</Configration>