<?xml version="1.0" encoding="utf-8"?>
<Configration Width="1434" Height="714">
  <LIST>
    <Component>
      <YELLOWBTN/>
      <ORGBTN/>
      <REDBTN/>
    </Component>
    <Image>
      <F4NODE source="mapAssets/mapImages/F4Node.png" group="map"/>
      <COMPASS source="assets/comp/compass.png"/>
      <LCF4 source="assets/comp/LCF4.png"/>
    </Image>
  </LIST>
  <Components>
    <F4NODE x="0" source="mapAssets/mapImages/F4Node.png" width="1434" group="map" y="0" height="714"/>
    <COMPASS x="0" y="99" width="255" height="250" group="bg" source="assets/comp/compass.png" scaleX="0.5" scaleY="0.5"/>
    <LCF4 x="0" source="assets/comp/LCF4.png" width="110" group="bg" y="0" height="92"/>
    <YELLOWBTN x="1090" y="606" deviceID="" width="48" group="commonComp" height="48" source="assets/comp/YELLOWBTN/bg.png" scaleX="0.5" scaleY="0.5"/>
    <ORGBTN x="1090" y="636" deviceID="" width="48" group="commonComp" height="48" source="assets/comp/ORGBTN/bg.png" scaleX="0.5" scaleY="0.5"/>
    <REDBTN x="1090" y="665" deviceID="" width="48" group="commonComp" height="48" source="assets/comp/REDBTN/bg.png" scaleX="0.5" scaleY="0.5"/>
    <TEXT x="1130" y="606" fontSize="16" width="138" group="commonComp" height="21" param="" sizeAuto="true" contentBackgroundAlpha="0" deviceID="" borderVisible="false" widthInChars="4" textAlign="center" contentBackgroundColor="16777215" color="0" source="assets/comp/TEXTINPUT/label.png" fontWeight="normal" fontFamily="微软雅黑" borderColor="0xffffff" text="客流黄色预警方案"/>
    <TEXT x="1130" y="636" fontSize="16" width="138" group="commonComp" height="21" param="" sizeAuto="true" contentBackgroundAlpha="0" deviceID="" borderVisible="false" widthInChars="4" textAlign="center" contentBackgroundColor="16777215" color="0" source="assets/comp/TEXTINPUT/label.png" fontWeight="normal" fontFamily="微软雅黑" borderColor="0xffffff" text="客流橙色预警方案"/>
    <TEXT x="1130" y="666" fontSize="16" width="138" group="commonComp" height="21" param="" sizeAuto="true" contentBackgroundAlpha="0" deviceID="" borderVisible="false" widthInChars="4" textAlign="center" contentBackgroundColor="16777215" color="0" source="assets/comp/TEXTINPUT/label.png" fontWeight="normal" fontFamily="微软雅黑" borderColor="0xffffff" text="客流红色预警方案"/>
	<TEXT param="" fontFamily="微软雅黑" group="commonComp" sizeAuto="true" width="33" height="19" source="assets/comp/TEXTINPUT/label.png" fontWeight="normal" deviceID="" textAlign="center" color="255" text="C211" contentBackgroundColor="16777215" x="369" y="206" widthInChars="4" borderVisible="false" fontSize="14" borderColor="0xffffff" contentBackgroundAlpha="0"/>
    <TEXT param="" fontFamily="微软雅黑" group="commonComp" sizeAuto="true" width="33" height="19" source="assets/comp/TEXTINPUT/label.png" fontWeight="normal" deviceID="" textAlign="center" color="255" text="C210" contentBackgroundColor="16777215" x="294" y="162" widthInChars="4" borderVisible="false" fontSize="14" borderColor="0xffffff" contentBackgroundAlpha="0"/>
    <TEXT param="" fontFamily="微软雅黑" group="commonComp" sizeAuto="true" width="33" height="19" source="assets/comp/TEXTINPUT/label.png" fontWeight="normal" deviceID="" textAlign="center" color="255" text="C209" contentBackgroundColor="16777215" x="264" y="238" widthInChars="4" borderVisible="false" fontSize="14" borderColor="0xffffff" contentBackgroundAlpha="0"/>
    <TEXT param="" fontFamily="微软雅黑" group="commonComp" sizeAuto="true" width="33" height="19" source="assets/comp/TEXTINPUT/label.png" fontWeight="normal" deviceID="" textAlign="center" color="255" text="C195" contentBackgroundColor="16777215" x="185" y="223" widthInChars="4" borderVisible="false" fontSize="14" borderColor="0xffffff" contentBackgroundAlpha="0"/>
    <TEXT param="" fontFamily="微软雅黑" group="commonComp" sizeAuto="true" width="33" height="19" source="assets/comp/TEXTINPUT/label.png" fontWeight="normal" deviceID="" textAlign="center" color="255" text="C030" contentBackgroundColor="16777215" x="141" y="238" widthInChars="4" borderVisible="false" fontSize="14" borderColor="0xffffff" contentBackgroundAlpha="0"/>
    <TEXT param="" fontFamily="微软雅黑" group="commonComp" sizeAuto="true" width="33" height="19" source="assets/comp/TEXTINPUT/label.png" fontWeight="normal" deviceID="" textAlign="center" color="255" text="C194" contentBackgroundColor="16777215" x="84" y="211" widthInChars="4" borderVisible="false" fontSize="14" borderColor="0xffffff" contentBackgroundAlpha="0"/>
    <TEXT param="" fontFamily="微软雅黑" group="commonComp" sizeAuto="true" width="33" height="19" source="assets/comp/TEXTINPUT/label.png" fontWeight="normal" deviceID="" textAlign="center" color="255" text="C029" contentBackgroundColor="16777215" x="83" y="231" widthInChars="4" borderVisible="false" fontSize="14" borderColor="0xffffff" contentBackgroundAlpha="0"/>
    <TEXT param="" fontFamily="微软雅黑" group="commonComp" sizeAuto="true" width="33" height="19" source="assets/comp/TEXTINPUT/label.png" fontWeight="normal" deviceID="" textAlign="center" color="255" text="C196" contentBackgroundColor="16777215" x="138" y="288" widthInChars="4" borderVisible="false" fontSize="14" borderColor="0xffffff" contentBackgroundAlpha="0"/>
    <TEXT param="" fontFamily="微软雅黑" group="commonComp" sizeAuto="true" width="33" height="19" source="assets/comp/TEXTINPUT/label.png" fontWeight="normal" deviceID="" textAlign="center" color="255" text="C197" contentBackgroundColor="16777215" x="306" y="383.7" widthInChars="4" borderVisible="false" fontSize="14" borderColor="0xffffff" contentBackgroundAlpha="0"/>
    <TEXT param="" fontFamily="微软雅黑" group="commonComp" sizeAuto="true" width="33" height="19" source="assets/comp/TEXTINPUT/label.png" fontWeight="normal" deviceID="" textAlign="center" color="255" text="C202" contentBackgroundColor="16777215" x="221" y="464" widthInChars="4" borderVisible="false" fontSize="14" borderColor="0xffffff" contentBackgroundAlpha="0"/>
    <TEXT param="" fontFamily="微软雅黑" group="commonComp" sizeAuto="true" width="33" height="19" source="assets/comp/TEXTINPUT/label.png" fontWeight="normal" deviceID="" textAlign="center" color="255" text="C203" contentBackgroundColor="16777215" x="354" y="464" widthInChars="4" borderVisible="false" fontSize="14" borderColor="0xffffff" contentBackgroundAlpha="0"/>
    <TEXT param="" fontFamily="微软雅黑" group="commonComp" sizeAuto="true" width="33" height="19" source="assets/comp/TEXTINPUT/label.png" fontWeight="normal" deviceID="" textAlign="center" color="255" text="C198" contentBackgroundColor="16777215" x="96" y="395" widthInChars="4" borderVisible="false" fontSize="14" borderColor="0xffffff" contentBackgroundAlpha="0"/>
    <TEXT param="" fontFamily="微软雅黑" group="commonComp" sizeAuto="true" width="33" height="19" source="assets/comp/TEXTINPUT/label.png" fontWeight="normal" deviceID="" textAlign="center" color="255" text="C199" contentBackgroundColor="16777215" x="35" y="424" widthInChars="4" borderVisible="false" fontSize="14" borderColor="0xffffff" contentBackgroundAlpha="0"/>
    <TEXT param="" fontFamily="微软雅黑" group="commonComp" sizeAuto="true" width="33" height="19" source="assets/comp/TEXTINPUT/label.png" fontWeight="normal" deviceID="" textAlign="center" color="255" text="C200" contentBackgroundColor="16777215" x="30" y="448" widthInChars="4" borderVisible="false" fontSize="14" borderColor="0xffffff" contentBackgroundAlpha="0"/>
    <TEXT param="" fontFamily="微软雅黑" group="commonComp" sizeAuto="true" width="33" height="19" source="assets/comp/TEXTINPUT/label.png" fontWeight="normal" deviceID="" textAlign="center" color="255" text="C201" contentBackgroundColor="16777215" x="202" y="538" widthInChars="4" borderVisible="false" fontSize="14" borderColor="0xffffff" contentBackgroundAlpha="0"/>
    <TEXT param="" fontFamily="微软雅黑" group="commonComp" sizeAuto="true" width="33" height="19" source="assets/comp/TEXTINPUT/label.png" fontWeight="normal" deviceID="" textAlign="center" color="255" text="C204" contentBackgroundColor="16777215" x="436" y="543" widthInChars="4" borderVisible="false" fontSize="14" borderColor="0xffffff" contentBackgroundAlpha="0"/>
    <TEXT param="" fontFamily="微软雅黑" group="commonComp" sizeAuto="true" width="33" height="19" source="assets/comp/TEXTINPUT/label.png" fontWeight="normal" deviceID="" textAlign="center" color="255" text="C205" contentBackgroundColor="16777215" x="511" y="521" widthInChars="4" borderVisible="false" fontSize="14" borderColor="0xffffff" contentBackgroundAlpha="0"/>
    <TEXT param="" fontFamily="微软雅黑" group="commonComp" sizeAuto="true" width="33" height="19" source="assets/comp/TEXTINPUT/label.png" fontWeight="normal" deviceID="" textAlign="center" color="255" text="C206" contentBackgroundColor="16777215" x="557" y="575" widthInChars="4" borderVisible="false" fontSize="14" borderColor="0xffffff" contentBackgroundAlpha="0"/>
    <TEXT param="" fontFamily="微软雅黑" group="commonComp" sizeAuto="true" width="33" height="19" source="assets/comp/TEXTINPUT/label.png" fontWeight="normal" deviceID="" textAlign="center" color="255" text="C207" contentBackgroundColor="16777215" x="609" y="558" widthInChars="4" borderVisible="false" fontSize="14" borderColor="0xffffff" contentBackgroundAlpha="0"/>
    <TEXT param="" fontFamily="微软雅黑" group="commonComp" sizeAuto="true" width="33" height="19" source="assets/comp/TEXTINPUT/label.png" fontWeight="normal" deviceID="" textAlign="center" color="255" text="C208" contentBackgroundColor="16777215" x="665" y="542" widthInChars="4" borderVisible="false" fontSize="14" borderColor="0xffffff" contentBackgroundAlpha="0"/>
    <TEXT param="" fontFamily="微软雅黑" group="commonComp" sizeAuto="true" width="33" height="19" source="assets/comp/TEXTINPUT/label.png" fontWeight="normal" deviceID="" textAlign="center" color="255" text="C225" contentBackgroundColor="16777215" x="936" y="331" widthInChars="4" borderVisible="false" fontSize="14" borderColor="0xffffff" contentBackgroundAlpha="0"/>
    <TEXT param="" fontFamily="微软雅黑" group="commonComp" sizeAuto="true" width="33" height="19" source="assets/comp/TEXTINPUT/label.png" fontWeight="normal" deviceID="" textAlign="center" color="255" text="C226" contentBackgroundColor="16777215" x="1190" y="317" widthInChars="4" borderVisible="false" fontSize="14" borderColor="0xffffff" contentBackgroundAlpha="0"/>
    <TULI source="assets/comp/TULI/TULI.png" group="tuli" x="1160" y="555" width="225" height="124"/>
    <TEXT param="" fontFamily="微软雅黑" group="commonComp" sizeAuto="true" width="32" height="19" source="assets/comp/TEXTINPUT/label.png" fontWeight="normal" deviceID="" textAlign="center" color="255" text="正常" contentBackgroundColor="16777215" x="1195" y="570" widthInChars="4" borderVisible="false" fontSize="14" borderColor="0xffffff" contentBackgroundAlpha="0"/>
    <TEXT param="" fontFamily="微软雅黑" group="commonComp" sizeAuto="true" width="32" height="19" source="assets/comp/TEXTINPUT/label.png" fontWeight="normal" deviceID="" textAlign="center" color="255" text="报警" contentBackgroundColor="16777215" x="1315" y="570" widthInChars="4" borderVisible="false" fontSize="14" borderColor="0xffffff" contentBackgroundAlpha="0"/>
    <QSXZCTULI source="assets/comp/TULI/QSXZC.png" group="tuli" x="1200" scaleX="0.3" scaleY="0.3" y="590" width="80" height="80"/>
    <QSXBJTULI source="assets/comp/TULI/QSXBJ.png" group="tuli" x="1320" scaleX="0.3" scaleY="0.3" y="590" width="80" height="80"/>
    <BQSXZCTULI source="assets/comp/TULI/BQSXZC.png" group="tuli" x="1200" scaleX="0.3" scaleY="0.3" y="615" width="80" height="80"/>
    <BQSXBJTULI source="assets/comp/TULI/BQSXBJ.png" group="tuli" x="1320" scaleX="0.3" scaleY="0.3" y="615" width="80" height="80"/>
    <ZNSXZCTULI source="assets/comp/TULI/ZNSXZC.png" group="tuli" x="1200" scaleX="0.3" scaleY="0.3" y="640" width="80" height="80"/>
    <ZNSXBJTULI source="assets/comp/TULI/ZNSXBJ.png" group="tuli" x="1320" scaleX="0.3" scaleY="0.3" y="640" width="80" height="80"/>
    <BQSX mark="TSX" source="assets/comp/BQSX/alarm/0/1.png" group="commonComp" deviceID="10226" x="1216" scaleX="0.3" scaleY="0.3" deviceName="C227_西提门前扶梯" y="262" width="80" height="80"/>
    <TEXT param="" fontFamily="微软雅黑" group="commonComp" sizeAuto="true" width="33" height="19" source="assets/comp/TEXTINPUT/label.png" fontWeight="normal" deviceID="" textAlign="center" color="255" text="C227" contentBackgroundColor="16777215" x="1209" y="244" widthInChars="4" borderVisible="false" fontSize="14" borderColor="0xffffff" contentBackgroundAlpha="0"/>
    <TEXT param="" fontFamily="微软雅黑" group="commonComp" sizeAuto="true" width="28" height="17" source="assets/comp/TEXTINPUT/label.png" fontWeight="normal" deviceID="" textAlign="center" color="16737792" text="西堤" contentBackgroundColor="16777215" x="1265" y="287" widthInChars="4" borderVisible="false" fontSize="12" borderColor="0xffffff" contentBackgroundAlpha="0"/>
    <TEXT param="" fontFamily="微软雅黑" group="commonComp" sizeAuto="true" width="28" height="17" source="assets/comp/TEXTINPUT/label.png" fontWeight="normal" deviceID="" textAlign="center" color="16737792" text="韩旭" contentBackgroundColor="16777215" x="1114" y="349" widthInChars="4" borderVisible="false" fontSize="12" borderColor="0xffffff" contentBackgroundAlpha="0"/>
    <TEXT param="" fontFamily="微软雅黑" group="commonComp" sizeAuto="true" width="41" height="17" source="assets/comp/TEXTINPUT/label.png" fontWeight="normal" deviceID="" textAlign="center" color="16737792" text="新贝乐" contentBackgroundColor="16777215" x="999" y="375" widthInChars="4" borderVisible="false" fontSize="12" borderColor="0xffffff" contentBackgroundAlpha="0"/>
    <TEXT param="" fontFamily="微软雅黑" group="commonComp" sizeAuto="true" width="93" height="17" source="assets/comp/TEXTINPUT/label.png" fontWeight="normal" deviceID="" textAlign="center" color="16737792" text="詹姆仕芝士排骨" contentBackgroundColor="16777215" x="808" y="435" widthInChars="4" borderVisible="false" fontSize="12" borderColor="0xffffff" contentBackgroundAlpha="0"/>
    <TEXT param="" fontFamily="微软雅黑" group="commonComp" sizeAuto="true" width="28" height="17" source="assets/comp/TEXTINPUT/label.png" fontWeight="normal" deviceID="" textAlign="center" color="16737792" text="鱼酷" contentBackgroundColor="16777215" x="772" y="469" widthInChars="4" borderVisible="false" fontSize="12" borderColor="0xffffff" contentBackgroundAlpha="0"/>
    <TEXT param="" fontFamily="微软雅黑" group="commonComp" sizeAuto="true" width="41" height="17" source="assets/comp/TEXTINPUT/label.png" fontWeight="normal" deviceID="" textAlign="center" color="16737792" text="小果酱" contentBackgroundColor="16777215" x="724" y="440" widthInChars="4" borderVisible="false" fontSize="12" borderColor="0xffffff" contentBackgroundAlpha="0"/>
    <TEXT param="" fontFamily="微软雅黑" group="commonComp" sizeAuto="true" width="41" height="17" source="assets/comp/TEXTINPUT/label.png" fontWeight="normal" deviceID="" textAlign="center" color="16737792" text="新石器" contentBackgroundColor="16777215" x="681" y="464" widthInChars="4" borderVisible="false" fontSize="12" borderColor="0xffffff" contentBackgroundAlpha="0"/>
    <TEXT param="" fontFamily="微软雅黑" group="commonComp" sizeAuto="true" width="41" height="17" source="assets/comp/TEXTINPUT/label.png" fontWeight="normal" deviceID="" textAlign="center" color="16737792" text="蜀公馆" contentBackgroundColor="16777215" x="611" y="469" widthInChars="4" borderVisible="false" fontSize="12" borderColor="0xffffff" contentBackgroundAlpha="0"/>
    <TEXT param="" fontFamily="微软雅黑" group="commonComp" sizeAuto="true" width="41" height="17" source="assets/comp/TEXTINPUT/label.png" fontWeight="normal" deviceID="" textAlign="center" color="16737792" text="丰收日" contentBackgroundColor="16777215" x="448" y="483" widthInChars="4" borderVisible="false" fontSize="12" borderColor="0xffffff" contentBackgroundAlpha="0"/>
    <TEXT param="" fontFamily="微软雅黑" group="commonComp" sizeAuto="true" width="41" height="17" source="assets/comp/TEXTINPUT/label.png" fontWeight="normal" deviceID="" textAlign="center" color="16737792" text="萨莉亚" contentBackgroundColor="16777215" x="308" y="459" widthInChars="4" borderVisible="false" fontSize="12" borderColor="0xffffff" contentBackgroundAlpha="0"/>
    <TEXT param="" fontFamily="微软雅黑" group="commonComp" sizeAuto="true" width="54" height="17" source="assets/comp/TEXTINPUT/label.png" fontWeight="normal" deviceID="" textAlign="center" color="16737792" text="今年牛事" contentBackgroundColor="16777215" x="128" y="531" widthInChars="4" borderVisible="false" fontSize="12" borderColor="0xffffff" contentBackgroundAlpha="0"/>
    <TEXT param="" fontFamily="微软雅黑" group="commonComp" sizeAuto="true" width="28" height="17" source="assets/comp/TEXTINPUT/label.png" fontWeight="normal" deviceID="" textAlign="center" color="16737792" text="椰园" contentBackgroundColor="16777215" x="99" y="486" widthInChars="4" borderVisible="false" fontSize="12" borderColor="0xffffff" contentBackgroundAlpha="0"/>
    <TEXT param="" fontFamily="微软雅黑" group="commonComp" sizeAuto="true" width="80" height="17" source="assets/comp/TEXTINPUT/label.png" fontWeight="normal" deviceID="" textAlign="center" color="16737792" text="绿色吴家粥铺" contentBackgroundColor="16777215" x="137" y="403" widthInChars="4" borderVisible="false" fontSize="12" borderColor="0xffffff" contentBackgroundAlpha="0"/>
    <TEXT param="" fontFamily="微软雅黑" group="commonComp" sizeAuto="true" width="54" height="17" source="assets/comp/TEXTINPUT/label.png" fontWeight="normal" deviceID="" textAlign="center" color="16737792" text="艾爵牛排" contentBackgroundColor="16777215" x="121" y="363" widthInChars="4" borderVisible="false" fontSize="12" borderColor="0xffffff" contentBackgroundAlpha="0"/>
    <TEXT param="" fontFamily="微软雅黑" group="commonComp" sizeAuto="true" width="41" height="17" source="assets/comp/TEXTINPUT/label.png" fontWeight="normal" deviceID="" textAlign="center" color="16737792" text="避风塘" contentBackgroundColor="16777215" x="154" y="310" widthInChars="4" borderVisible="false" fontSize="12" borderColor="0xffffff" contentBackgroundAlpha="0"/>
    <TEXT param="" fontFamily="微软雅黑" group="commonComp" sizeAuto="true" width="41" height="17" source="assets/comp/TEXTINPUT/label.png" fontWeight="normal" deviceID="" textAlign="center" color="16737792" text="古丽仙" contentBackgroundColor="16777215" x="151" y="154" widthInChars="4" borderVisible="false" fontSize="12" borderColor="0xffffff" contentBackgroundAlpha="0"/>
    <TEXT param="" fontFamily="微软雅黑" group="commonComp" sizeAuto="true" width="41" height="17" source="assets/comp/TEXTINPUT/label.png" fontWeight="normal" deviceID="" textAlign="center" color="16737792" text="胖哥两" contentBackgroundColor="16777215" x="262" y="131" widthInChars="4" borderVisible="false" fontSize="12" borderColor="0xffffff" contentBackgroundAlpha="0"/>
    <TEXT param="" fontFamily="微软雅黑" group="commonComp" sizeAuto="true" width="80" height="17" source="assets/comp/TEXTINPUT/label.png" fontWeight="normal" deviceID="" textAlign="center" color="16737792" text="禾绿回转寿司" contentBackgroundColor="16777215" x="323" y="248" widthInChars="4" borderVisible="false" fontSize="12" borderColor="0xffffff" contentBackgroundAlpha="0"/>
    <TEXT param="" fontFamily="微软雅黑" group="commonComp" sizeAuto="true" width="41" height="17" source="assets/comp/TEXTINPUT/label.png" fontWeight="normal" deviceID="" textAlign="center" color="16737792" text="铜锣湾" contentBackgroundColor="16777215" x="623" y="268" widthInChars="4" borderVisible="false" fontSize="12" borderColor="0xffffff" contentBackgroundAlpha="0"/>
    <TEXT param="" fontFamily="微软雅黑" group="commonComp" sizeAuto="true" width="54" height="17" source="assets/comp/TEXTINPUT/label.png" fontWeight="normal" deviceID="" textAlign="center" color="16737792" text="正才味道" contentBackgroundColor="16777215" x="474" y="326" widthInChars="4" borderVisible="false" fontSize="12" borderColor="0xffffff" contentBackgroundAlpha="0"/>
    <TEXT param="" fontFamily="微软雅黑" group="commonComp" sizeAuto="true" width="54" height="17" source="assets/comp/TEXTINPUT/label.png" fontWeight="normal" deviceID="" textAlign="center" color="16737792" text="成久厨坊" contentBackgroundColor="16777215" x="578" y="347" widthInChars="4" borderVisible="false" fontSize="12" borderColor="0xffffff" contentBackgroundAlpha="0"/>
    <TEXT param="" fontFamily="微软雅黑" group="commonComp" sizeAuto="true" width="41" height="17" source="assets/comp/TEXTINPUT/label.png" fontWeight="normal" deviceID="" textAlign="center" color="16737792" text="太麻里" contentBackgroundColor="16777215" x="689" y="345" widthInChars="4" borderVisible="false" fontSize="12" borderColor="0xffffff" contentBackgroundAlpha="0"/>
    <TEXT param="" fontFamily="微软雅黑" group="commonComp" sizeAuto="true" width="67" height="17" source="assets/comp/TEXTINPUT/label.png" fontWeight="normal" deviceID="" textAlign="center" color="16737792" text="乐伯部队锅" contentBackgroundColor="16777215" x="769" y="295" widthInChars="4" borderVisible="false" fontSize="12" borderColor="0xffffff" contentBackgroundAlpha="0"/>
    <TEXT param="" fontFamily="微软雅黑" group="commonComp" sizeAuto="true" width="41" height="17" source="assets/comp/TEXTINPUT/label.png" fontWeight="normal" deviceID="" textAlign="center" color="16737792" text="赤坂亭" contentBackgroundColor="16777215" x="857" y="306" widthInChars="4" borderVisible="false" fontSize="12" borderColor="0xffffff" contentBackgroundAlpha="0"/>
    <TEXT param="" fontFamily="微软雅黑" group="commonComp" sizeAuto="true" width="41" height="17" source="assets/comp/TEXTINPUT/label.png" fontWeight="normal" deviceID="" textAlign="center" color="16737792" text="醉亭记" contentBackgroundColor="16777215" x="1014" y="249" widthInChars="4" borderVisible="false" fontSize="12" borderColor="0xffffff" contentBackgroundAlpha="0"/>
    <TEXT param="" fontFamily="微软雅黑" group="commonComp" sizeAuto="true" width="41" height="17" source="assets/comp/TEXTINPUT/label.png" fontWeight="normal" deviceID="" textAlign="center" color="16737792" text="外婆家" contentBackgroundColor="16777215" x="1226" y="201" widthInChars="4" borderVisible="false" fontSize="12" borderColor="0xffffff" contentBackgroundAlpha="0"/>
    <TEXT param="" fontFamily="微软雅黑" group="commonComp" sizeAuto="true" width="54" height="17" source="assets/comp/TEXTINPUT/label.png" fontWeight="normal" deviceID="" textAlign="center" color="16737792" text="快乐柠檬" contentBackgroundColor="16777215" x="253" y="470" widthInChars="4" borderVisible="false" fontSize="12" borderColor="0xffffff" contentBackgroundAlpha="0"/>
    <TEXT param="" fontFamily="微软雅黑" group="commonComp" sizeAuto="true" width="54" height="17" source="assets/comp/TEXTINPUT/label.png" fontWeight="normal" deviceID="" textAlign="center" color="16737792" text="天香豆蔻" contentBackgroundColor="16777215" x="225" y="492" widthInChars="4" borderVisible="false" fontSize="12" borderColor="0xffffff" contentBackgroundAlpha="0"/>
    <TEXT param="" fontFamily="微软雅黑" group="commonComp" sizeAuto="true" width="41" height="17" source="assets/comp/TEXTINPUT/label.png" fontWeight="normal" deviceID="" textAlign="center" color="16737792" text="砖房子" contentBackgroundColor="16777215" x="182" y="243" widthInChars="4" borderVisible="false" fontSize="12" borderColor="0xffffff" contentBackgroundAlpha="0"/>
    <TEXT param="" fontFamily="微软雅黑" group="commonComp" sizeAuto="true" width="67" height="17" source="assets/comp/TEXTINPUT/label.png" fontWeight="normal" deviceID="" textAlign="center" color="16737792" text="老成都串串" contentBackgroundColor="16777215" x="146" y="194" widthInChars="4" borderVisible="false" fontSize="12" borderColor="0xffffff" contentBackgroundAlpha="0"/>
  </Components>
</Configration>