<?xml version="1.0" encoding="utf-8"?>
<Configration Width="1434" Height="714">
  <LIST>
    <Component>
      <MJ/>
    </Component>
    <Image>
      <F4NODE source="mapAssets/mapImages/F4Node.png" group="map"/>
      <TULI source="assets/comp/TULI/TULI.png"/>
      <LCF4 source="assets/comp/LCF4.png"/>
      <MJN source="assets/comp/TULI/MJN.png"/>
      <MJA source="assets/comp/TULI/MJA.png"/>
      <MJOPEN source="assets/comp/MJOPEN.png"/>
    </Image>
  </LIST>
  <Components>
    <F4NODE x="0" y="0" height="714" source="mapAssets/mapImages/F4Node.png" width="1434" group="map"/>
    <TULI x="1203" y="586" height="124" source="assets/comp/TULI/TULI.png" width="225" group="tuli"/>
    <LCF4 x="10" y="10" height="92" source="assets/comp/LCF4.png" width="110" group="bg"/>
    <MJ deviceID="1390018" source="assets/comp/MJ/bg.png" deviceName="MJ-4B-D01" scaleY="0.4" y="164" scaleX="0.4" x="335" width="80" group="deviceComp" height="80" mark="MJ"/>
    <TEXT group="commonComp" textAlign="center" fontSize="14" contentBackgroundColor="16777215" fontFamily="微软雅黑" width="62" height="19" deviceID="" text="电梯机房" borderColor="0xffffff" source="assets/comp/TEXTINPUT/label.png" fontWeight="normal" widthInChars="4" contentBackgroundAlpha="1" borderVisible="false" y="197" param="" x="304" color="255" sizeAuto="true"/>
    <MJN source="assets/comp/TULI/MJN.png" scaleY="0.5" x="1238" y="641" scaleX="0.5" width="80" group="tuli" height="80"/>
    <MJA source="assets/comp/TULI/MJA.png" scaleY="0.5" x="1353" y="641" scaleX="0.5" width="80" group="tuli" height="80"/>
    <TEXT width="32" height="19" text="关门" borderColor="0xffffff" source="assets/comp/TEXTINPUT/label.png" fontSize="14" fontWeight="normal" widthInChars="4" contentBackgroundAlpha="0" y="616" borderVisible="false" color="0x444444" param="" fontFamily="微软雅黑" x="1241" textAlign="center" group="commonComp" deviceID="" sizeAuto="true"/>
    <TEXT width="32" height="19" text="报警" borderColor="0xffffff" source="assets/comp/TEXTINPUT/label.png" fontSize="14" fontWeight="normal" widthInChars="4" contentBackgroundAlpha="0" y="616" borderVisible="false" color="0x444444" param="" fontFamily="微软雅黑" x="1356" textAlign="center" group="commonComp" deviceID="" sizeAuto="true"/>
    <TEXT width="32" height="19" text="开门" borderColor="0xffffff" source="assets/comp/TEXTINPUT/label.png" fontSize="14" fontWeight="normal" widthInChars="4" contentBackgroundAlpha="0" y="616" borderVisible="false" color="0x444444" param="" fontFamily="微软雅黑" x="1299" textAlign="center" group="commonComp" deviceID="" sizeAuto="true"/>
    <MJOPEN source="assets/comp/MJOPEN.png" scaleY="0.5" x="1295" y="641" scaleX="0.5" width="80" group="bg" height="80"/>
    <TEXT group="commonComp" textAlign="center" fontSize="12" contentBackgroundColor="16777215" fontFamily="微软雅黑" width="92" height="17" deviceID="" text="爱上铜锣湾KTV" borderColor="0xffffff" source="assets/comp/TEXTINPUT/label.png" fontWeight="normal" widthInChars="4" contentBackgroundAlpha="0" borderVisible="false" y="461" param="" x="838" color="13408512" sizeAuto="true"/>
    <TEXT group="commonComp" textAlign="center" fontSize="12" contentBackgroundColor="16777215" fontFamily="微软雅黑" width="67" height="17" deviceID="" text="金仕堡健身" borderColor="0xffffff" source="assets/comp/TEXTINPUT/label.png" fontWeight="normal" widthInChars="4" contentBackgroundAlpha="0" borderVisible="false" y="476" param="" x="838" color="13408512" sizeAuto="true"/>
    <TEXT group="commonComp" textAlign="center" fontSize="12" contentBackgroundColor="16777215" fontFamily="微软雅黑" width="80" height="17" deviceID="" text="星轶国际影城" borderColor="0xffffff" source="assets/comp/TEXTINPUT/label.png" fontWeight="normal" widthInChars="4" contentBackgroundAlpha="0" borderVisible="false" y="491" param="" x="838" color="13408512" sizeAuto="true"/>
    <TEXT group="commonComp" textAlign="center" fontSize="12" contentBackgroundColor="16777215" fontFamily="微软雅黑" width="29" height="17" deviceID="" text="4001" borderColor="0xffffff" source="assets/comp/TEXTINPUT/label.png" fontWeight="normal" widthInChars="4" contentBackgroundAlpha="0" borderVisible="false" y="461" param="" x="968" color="13408512" sizeAuto="false"/>
    <TEXT group="commonComp" textAlign="center" fontSize="12" contentBackgroundColor="16777215" fontFamily="微软雅黑" width="30" height="17" deviceID="" text="4002" borderColor="0xffffff" source="assets/comp/TEXTINPUT/label.png" fontWeight="normal" widthInChars="4" contentBackgroundAlpha="0" borderVisible="false" y="476" param="" x="968" color="13408512" sizeAuto="false"/>
    <TEXT group="commonComp" textAlign="center" fontSize="12" contentBackgroundColor="16777215" fontFamily="微软雅黑" width="30" height="17" deviceID="" text="4003" borderColor="0xffffff" source="assets/comp/TEXTINPUT/label.png" fontWeight="normal" widthInChars="4" contentBackgroundAlpha="0" borderVisible="false" y="491" param="" x="968" color="13408512" sizeAuto="false"/>
    <TEXT group="commonComp" textAlign="center" fontSize="12" contentBackgroundColor="16777215" fontFamily="微软雅黑" width="29" height="17" deviceID="" text="4001" borderColor="0xffffff" source="assets/comp/TEXTINPUT/label.png" fontWeight="normal" widthInChars="4" contentBackgroundAlpha="0" borderVisible="false" y="231" param="" x="1095" color="13408512" sizeAuto="false"/>
    <TEXT group="commonComp" textAlign="center" fontSize="12" contentBackgroundColor="16777215" fontFamily="微软雅黑" width="30" height="17" deviceID="" text="4002" borderColor="0xffffff" source="assets/comp/TEXTINPUT/label.png" fontWeight="normal" widthInChars="4" contentBackgroundAlpha="0" borderVisible="false" y="332" param="" x="1086" color="13408512" sizeAuto="false"/>
    <TEXT group="commonComp" textAlign="center" fontSize="12" contentBackgroundColor="16777215" fontFamily="微软雅黑" width="30" height="17" deviceID="" text="4003" borderColor="0xffffff" source="assets/comp/TEXTINPUT/label.png" fontWeight="normal" widthInChars="4" contentBackgroundAlpha="0" borderVisible="false" y="319" param="" x="1254" color="13408512" sizeAuto="false"/>
    <MJ deviceID="1390022" source="assets/comp/MJ/bg.png" deviceName="MJ-4C-D01" scaleY="0.4" y="165" scaleX="0.4" x="621" width="80" group="deviceComp" height="80" mark="MJ"/>
    <TEXT group="commonComp" textAlign="center" fontSize="14" contentBackgroundColor="16777215" fontFamily="微软雅黑" width="62" height="19" deviceID="" text="电梯机房" borderColor="0xffffff" source="assets/comp/TEXTINPUT/label.png" fontWeight="normal" widthInChars="4" contentBackgroundAlpha="1" borderVisible="false" y="199" param="" x="603" color="255" sizeAuto="true"/>
    <MJ deviceID="1390029" source="assets/comp/MJ/bg.png" deviceName="MJ-4F-D01" scaleY="0.4" y="392" scaleX="0.4" x="375" width="80" group="deviceComp" height="80" mark="MJ"/>
    <MJ deviceID="1390030" source="assets/comp/MJ/bg.png" deviceName="MJ-4F-D02" scaleY="0.4" y="328" scaleX="0.4" x="395" width="80" group="deviceComp" height="80" mark="MJ"/>
    <MJ deviceID="1390031" source="assets/comp/MJ/bg.png" deviceName="MJ-4F-D03" scaleY="0.4" y="357" scaleX="0.4" x="453" width="80" group="deviceComp" height="80" mark="MJ"/>
    <MJ deviceID="1390032" source="assets/comp/MJ/bg.png" deviceName="MJ-4F-D04" scaleY="0.4" y="391" scaleX="0.4" x="451" width="80" group="deviceComp" height="80" mark="MJ"/>
    <TEXT group="commonComp" textAlign="center" fontSize="14" contentBackgroundColor="16777215" fontFamily="微软雅黑" width="62" height="19" deviceID="" text="电梯机房" borderColor="0xffffff" source="assets/comp/TEXTINPUT/label.png" fontWeight="normal" widthInChars="4" contentBackgroundAlpha="1" borderVisible="false" y="426" param="" x="358" color="255" sizeAuto="true"/>
    <TEXT group="commonComp" textAlign="center" fontSize="14" contentBackgroundColor="16777215" fontFamily="微软雅黑" width="92" height="19" deviceID="" text="商业热水机房" borderColor="0xffffff" source="assets/comp/TEXTINPUT/label.png" fontWeight="normal" widthInChars="4" contentBackgroundAlpha="1" borderVisible="false" y="307" param="" x="374" color="255" sizeAuto="true"/>
    <TEXT group="commonComp" textAlign="center" fontSize="14" contentBackgroundColor="16777215" fontFamily="微软雅黑" width="47" height="19" deviceID="" text="水泵房" borderColor="0xffffff" source="assets/comp/TEXTINPUT/label.png" fontWeight="normal" widthInChars="4" contentBackgroundAlpha="1" borderVisible="false" y="336" param="" x="446" color="255" sizeAuto="true"/>
    <TEXT group="commonComp" textAlign="center" fontSize="14" contentBackgroundColor="16777215" fontFamily="微软雅黑" width="47" height="19" deviceID="" text="操作室" borderColor="0xffffff" source="assets/comp/TEXTINPUT/label.png" fontWeight="normal" widthInChars="4" contentBackgroundAlpha="1" borderVisible="false" y="425" param="" x="442" color="255" sizeAuto="true"/>
    <MJ deviceID="1390033" source="assets/comp/MJ/bg.png" deviceName="MJ-4F-D05" scaleY="0.4" y="484" scaleX="0.4" x="151" width="80" group="deviceComp" height="80" mark="MJ"/>
    <MJ deviceID="1390034" source="assets/comp/MJ/bg.png" deviceName="MJ-4F-S06" scaleY="0.4" y="503" scaleX="0.4" x="214" width="80" group="deviceComp" height="80" mark="MJ"/>
    <TEXT group="commonComp" textAlign="center" fontSize="14" contentBackgroundColor="16777215" fontFamily="微软雅黑" width="62" height="19" deviceID="" text="电梯机房" borderColor="0xffffff" source="assets/comp/TEXTINPUT/label.png" fontWeight="normal" widthInChars="4" contentBackgroundAlpha="1" borderVisible="false" y="519" param="" x="121" color="255" sizeAuto="true"/>
    <TEXT group="commonComp" textAlign="center" fontSize="14" contentBackgroundColor="16777215" fontFamily="微软雅黑" width="33" height="19" deviceID="" text="LT12" borderColor="0xffffff" source="assets/comp/TEXTINPUT/label.png" fontWeight="normal" widthInChars="4" contentBackgroundAlpha="1" borderVisible="false" y="539" param="" x="216" color="255" sizeAuto="true"/>
    <MJ deviceID="1390038" source="assets/comp/MJ/bg.png" deviceName="MJ-4G-D01" scaleY="0.4" y="367" scaleX="0.4" x="813" width="80" group="deviceComp" height="80" mark="MJ"/>
    <MJ deviceID="1390039" source="assets/comp/MJ/bg.png" deviceName="MJ-4G-S02" scaleY="0.4" y="392" scaleX="0.4" x="782" width="80" group="deviceComp" height="80" mark="MJ"/>
    <TEXT group="commonComp" textAlign="center" fontSize="14" contentBackgroundColor="16777215" fontFamily="微软雅黑" width="33" height="19" deviceID="" text="LT18" borderColor="0xffffff" source="assets/comp/TEXTINPUT/label.png" fontWeight="normal" widthInChars="4" contentBackgroundAlpha="1" borderVisible="false" y="428" param="" x="776" color="255" sizeAuto="true"/>
    <TEXT group="commonComp" textAlign="center" fontSize="14" contentBackgroundColor="16777215" fontFamily="微软雅黑" width="62" height="19" deviceID="" text="电梯机房" borderColor="0xffffff" source="assets/comp/TEXTINPUT/label.png" fontWeight="normal" widthInChars="4" contentBackgroundAlpha="1" borderVisible="false" y="344" param="" x="801" color="255" sizeAuto="true"/>
  </Components>
</Configration>