<?xml version="1.0" encoding="utf-8"?><Configration Width="1076.8187919463087" Height="542">
  <LIST>
    <Component>
      <BLIGHT/>
      <CLIGHT/>
      <ADE/>
      <G1G2/>
      <HLIGHT/>
      <DE/>
      <G2/>
    </Component>
    <Image>
      <GGZMSY4F1 source="assets/comp/ggzmsy4f1.png"/>
      <JXK source="assets/comp/jxk.png"/>
      <GGZMSY4F source="assets/comp/ggzmsy4f.png"/>
    </Image>
  </LIST>
  <Components>
    <GGZMSY4F1 scale="1" rotation="0" scaleX="1" scaleY="1" x="14" y="8"/>
    <JXK scale="0.9" rotation="0" scaleX="0.9" scaleY="0.9" x="594" y="8"/>
    <TEXT scaleY="1" deviceID="" scale="1" fontWeight="normal" fontFamily="黑体" text="A 应急照明" scaleX="1" color="16777215" widthInChars="5" param="" rotation="0" fontSize="14" textAlign="right" x="690" y="20"/>
    <TEXT scaleY="1" deviceID="" scale="1" fontWeight="normal" fontFamily="黑体" text="D 走廊照明50%" scaleX="1" color="16777215" widthInChars="7" param="" rotation="0" fontSize="14" textAlign="right" x="686" y="155"/>
    <TEXT scaleY="1" deviceID="" scale="1" fontWeight="normal" fontFamily="黑体" text="E 走廊照明50%" scaleX="1" color="16777215" widthInChars="7" param="" rotation="0" fontSize="14" textAlign="right" x="688" y="200"/>
    <TEXT scaleY="1" deviceID="" scale="1" fontWeight="normal" fontFamily="黑体" text="B 小走道照明" scaleX="1" color="16777215" widthInChars="6" param="" rotation="0" fontSize="14" textAlign="right" x="690" y="65"/>
    <TEXT scaleY="1" deviceID="" scale="1" fontWeight="normal" fontFamily="黑体" text="H 导向标识" scaleX="1" color="16777215" widthInChars="5" param="" rotation="0" fontSize="14" textAlign="right" x="969" y="196"/>
    <TEXT scaleY="1" deviceID="" scale="1" fontWeight="normal" fontFamily="黑体" text="C 平台照明" scaleX="1" color="16777215" widthInChars="5" param="" rotation="0" fontSize="14" textAlign="right" x="692" y="110"/>
    <TEXT scaleY="1" deviceID="" scale="1" fontWeight="normal" fontFamily="黑体" text="G1 T5装饰灯" scaleX="1" color="16777215" widthInChars="6" param="" rotation="0" fontSize="14" textAlign="right" x="827" y="152"/>
    <TEXT scaleY="1" deviceID="" scale="1" fontWeight="normal" fontFamily="黑体" text="G2 LED装饰灯" scaleX="1" color="16777215" widthInChars="6" param="" rotation="0" fontSize="14" textAlign="right" x="835" y="195"/>
    <BLIGHT deviceID="6949" scale="1" scaleX="1" scaleY="1" rotation="0" isPop="true" popType="list" x="605" y="55"/>
    <CLIGHT deviceID="6955" scale="1.2" scaleX="1.2" scaleY="1.2" rotation="0" isPop="true" popType="list" x="620" y="94"/>
    <ADE deviceID="6961" scale="1" scaleX="1" scaleY="1" rotation="0" isPop="true" popType="list" x="605" y="145"/>
    <ADE deviceID="6967" scale="1" scaleX="1" scaleY="1" rotation="0" isPop="true" popType="list" x="605" y="190"/>
    <G1G2 deviceID="6973" scale="1" scaleX="1" scaleY="1" rotation="0" isPop="true" popType="list" x="780" y="145"/>
    <HLIGHT deviceID="6841" scale="0.7" scaleX="0.7" scaleY="0.7" rotation="0" isPop="true" popType="list" x="920" y="190"/>
    <ADE deviceID="6967" scale="1" scaleX="1" scaleY="1" rotation="90" isPop="true" popType="list" x="356" y="94"/>
    <ADE deviceID="6967" scale="1" scaleX="1" scaleY="1" rotation="90" isPop="true" popType="list" x="204" y="415"/>
    <HLIGHT deviceID="6841" scale="0.7" scaleX="0.7" scaleY="0.7" rotation="0" isPop="true" popType="list" x="170" y="277"/>
    <ADE deviceID="6967" scale="1" scaleX="1" scaleY="1" rotation="90" isPop="true" popType="list" x="356" y="335"/>
    <ADE deviceID="6967" scale="1" scaleX="1" scaleY="1" rotation="90" isPop="true" popType="list" x="202" y="174"/>
    <HLIGHT deviceID="6841" scale="0.7" scaleX="0.7" scaleY="0.7" rotation="180" isPop="true" popType="list" x="341" y="250"/>
    <BLIGHT deviceID="6949" scale="1" scaleX="1" scaleY="1" rotation="0" isPop="true" popType="list" x="344" y="334"/>
    <BLIGHT deviceID="6949" scale="1" scaleX="1" scaleY="1" rotation="0" isPop="true" popType="list" x="338" y="187"/>
    <G1G2 deviceID="6973" scale="1" scaleX="1" scaleY="1" rotation="90" isPop="true" popType="list" x="220" y="147"/>
    <CLIGHT deviceID="6955" scale="1.2" scaleX="1.2" scaleY="1.2" rotation="0" isPop="true" popType="list" x="223" y="131"/>
    <G1G2 deviceID="6973" scale="1" scaleX="1" scaleY="1" rotation="90" isPop="true" popType="list" x="330" y="227"/>
    <G1G2 deviceID="6973" scale="1" scaleX="1" scaleY="1" rotation="90" isPop="true" popType="list" x="218" y="314"/>
    <G1G2 deviceID="6973" scale="1" scaleX="1" scaleY="1" rotation="90" isPop="true" popType="list" x="328" y="391"/>
    <HLIGHT deviceID="6841" scale="0.7" scaleX="0.7" scaleY="0.7" rotation="180" isPop="true" popType="list" x="334" y="491"/>
    <HLIGHT deviceID="6841" scale="0.7" scaleX="0.7" scaleY="0.7" rotation="0" isPop="true" popType="list" x="173" y="112"/>
    <ADE deviceID="6961" scale="1" scaleX="1" scaleY="1" rotation="90" isPop="true" popType="list" x="203" y="335"/>
    <BLIGHT deviceID="6949" scale="1" scaleX="1" scaleY="1" rotation="0" isPop="true" popType="list" x="60" y="243"/>
    <ADE deviceID="6961" scale="1" scaleX="1" scaleY="1" rotation="90" isPop="true" popType="list" x="202" y="94"/>
    <ADE deviceID="6961" scale="1" scaleX="1" scaleY="1" rotation="90" isPop="true" popType="list" x="357" y="173"/>
    <ADE deviceID="6961" scale="1" scaleX="1" scaleY="1" rotation="90" isPop="true" popType="list" x="357" y="415"/>
    <BLIGHT deviceID="6949" scale="1" scaleX="1" scaleY="1" rotation="0" isPop="true" popType="list" x="339" y="99"/>
    <GGZMSY4F scale="1.2" rotation="0" scaleX="1.2" scaleY="1.2" x="800" y="8"/>
    <TEXT scaleY="1" deviceID="" scale="1" fontWeight="bold" fontFamily="Arial" text="1" scaleX="1" color="0" widthInChars="1" param="" rotation="0" fontSize="20" textAlign="right" x="823" y="33"/>
    <DE deviceID="6943" scale="1" scaleX="1" scaleY="1" rotation="0" isPop="true" popType="list" x="605" y="10"/>
    <DE deviceID="6943" scale="1" scaleX="1" scaleY="1" rotation="90" isPop="true" popType="list" x="354" y="253"/>
    <DE deviceID="6943" scale="1" scaleX="1" scaleY="1" rotation="90" isPop="true" popType="list" x="202" y="257"/>
    <G2 deviceID="6979" scale="1" scaleX="1" scaleY="1" rotation="0" isPop="true" popType="list" x="780" y="190"/>
    <G2 deviceID="6979" scale="1" scaleX="1" scaleY="1" rotation="90" isPop="true" popType="list" x="328" y="147"/>
    <G2 deviceID="6979" scale="1" scaleX="1" scaleY="1" rotation="90" isPop="true" popType="list" x="327" y="312"/>
    <G2 deviceID="6979" scale="1" scaleX="1" scaleY="1" rotation="90" isPop="true" popType="list" x="222" y="223"/>
    <G2 deviceID="6979" scale="1" scaleX="1" scaleY="1" rotation="90" isPop="true" popType="list" x="222" y="391"/>
  </Components>
</Configration>