<?xml version="1.0" encoding="utf-8"?><Configration Width="1076.8187919463087" Height="542">
  <LIST>
    <Component>
      <BLIGHT/>
      <ADE/>
      <G1G2/>
      <HLIGHT/>
      <DE/>
      <G2/>
    </Component>
    <Image>
      <GGZMSY4F4 source="assets/comp/ggzmsy4f4.png"/>
      <JXK source="assets/comp/jxk.png"/>
      <GGZMSY4F source="assets/comp/ggzmsy4f.png"/>
    </Image>
  </LIST>
  <Components>
    <GGZMSY4F4 scale="1" rotation="0" scaleX="1" scaleY="1" x="14" y="8"/>
    <JXK scale="0.9" rotation="0" scaleX="0.9" scaleY="0.9" x="594" y="8"/>
    <TEXT scaleY="1" deviceID="" scale="1" fontWeight="normal" fontFamily="黑体" text="A 应急照明" scaleX="1" color="16777215" widthInChars="5" param="" rotation="0" fontSize="14" textAlign="right" x="690" y="65"/>
    <TEXT scaleY="1" deviceID="" scale="1" fontWeight="normal" fontFamily="黑体" text="D 走廊照明50%" scaleX="1" color="16777215" widthInChars="7" param="" rotation="0" fontSize="14" textAlign="right" x="686" y="155"/>
    <TEXT scaleY="1" deviceID="" scale="1" fontWeight="normal" fontFamily="黑体" text="E 走廊照明50%" scaleX="1" color="16777215" widthInChars="7" param="" rotation="0" fontSize="14" textAlign="right" x="688" y="200"/>
    <TEXT scaleY="1" deviceID="" scale="1" fontWeight="normal" fontFamily="黑体" text="B 小走道照明" scaleX="1" color="16777215" widthInChars="6" param="" rotation="0" fontSize="14" textAlign="right" x="690" y="110"/>
    <TEXT scaleY="1" deviceID="" scale="1" fontWeight="normal" fontFamily="黑体" text="H 导向标识" scaleX="1" color="16777215" widthInChars="5" param="" rotation="0" fontSize="14" textAlign="right" x="971" y="194"/>
    <TEXT scaleY="1" deviceID="" scale="1" fontWeight="normal" fontFamily="黑体" text="G1 T5装饰灯" scaleX="1" color="16777215" widthInChars="6" param="" rotation="0" fontSize="14" textAlign="right" x="830" y="152"/>
    <TEXT scaleY="1" deviceID="" scale="1" fontWeight="normal" fontFamily="黑体" text="G2 LED装饰灯" scaleX="1" color="16777215" widthInChars="6" param="" rotation="0" fontSize="14" textAlign="right" x="838" y="195"/>
    <BLIGHT deviceID="6952" scale="1" scaleX="1" scaleY="1" rotation="0" isPop="true" popType="list" x="605" y="100"/>
    <ADE deviceID="6964" scale="1" scaleX="1" scaleY="1" rotation="0" isPop="true" popType="list" x="605" y="145"/>
    <ADE deviceID="6970" scale="1" scaleX="1" scaleY="1" rotation="0" isPop="true" popType="list" x="605" y="190"/>
    <G1G2 deviceID="6976" scale="1" scaleX="1" scaleY="1" rotation="0" isPop="true" popType="list" x="780" y="145"/>
    <HLIGHT deviceID="6841" scale="0.7" scaleX="0.7" scaleY="0.7" rotation="0" isPop="true" popType="list" x="924" y="185"/>
    <HLIGHT deviceID="6841" scale="0.7" scaleX="0.7" scaleY="0.7" rotation="-90" isPop="true" popType="list" x="25" y="399"/>
    <BLIGHT deviceID="6952" scale="1" scaleX="1" scaleY="1" rotation="90" isPop="true" popType="list" x="151" y="399"/>
    <HLIGHT deviceID="6841" scale="0.7" scaleX="0.7" scaleY="0.7" rotation="-90" isPop="true" popType="list" x="379" y="400"/>
    <BLIGHT deviceID="6952" scale="1" scaleX="1" scaleY="1" rotation="90" isPop="true" popType="list" x="498" y="409"/>
    <ADE deviceID="6964" scale="1" scaleX="1" scaleY="1" rotation="5" isPop="true" popType="list" x="410" y="370"/>
    <ADE deviceID="6970" scale="1" scaleX="1" scaleY="1" rotation="10" isPop="true" popType="list" x="543" y="388"/>
    <ADE deviceID="6970" scale="1" scaleX="1" scaleY="1" rotation="5" isPop="true" popType="list" x="446" y="224"/>
    <HLIGHT deviceID="6841" scale="0.7" scaleX="0.7" scaleY="0.7" rotation="90" isPop="true" popType="list" x="318" y="220"/>
    <G1G2 deviceID="6976" scale="1" scaleX="1" scaleY="1" rotation="10" isPop="true" popType="list" x="517" y="251"/>
    <G1G2 deviceID="6976" scale="1" scaleX="1" scaleY="1" rotation="0" isPop="true" popType="list" x="127" y="234"/>
    <ADE deviceID="6970" scale="1" scaleX="1" scaleY="1" rotation="0" isPop="true" popType="list" x="53" y="210"/>
    <ADE deviceID="6964" scale="1" scaleX="1" scaleY="1" rotation="0" isPop="true" popType="list" x="185" y="207"/>
    <BLIGHT deviceID="6952" scale="1" scaleX="1" scaleY="1" rotation="90" isPop="true" popType="list" x="246" y="130"/>
    <BLIGHT deviceID="6952" scale="1" scaleX="1" scaleY="1" rotation="0" isPop="true" popType="list" x="90" y="117"/>
    <HLIGHT deviceID="6841" scale="0.7" scaleX="0.7" scaleY="0.7" rotation="95" isPop="true" popType="list" x="683" y="267"/>
    <ADE deviceID="6964" scale="1" scaleX="1" scaleY="1" rotation="10" isPop="true" popType="list" x="566" y="238"/>
    <ADE deviceID="6970" scale="1" scaleX="1" scaleY="1" rotation="0" isPop="true" popType="list" x="182" y="359"/>
    <ADE deviceID="6964" scale="1" scaleX="1" scaleY="1" rotation="0" isPop="true" popType="list" x="47" y="363"/>
    <GGZMSY4F scale="1.2" rotation="0" scaleX="1.2" scaleY="1.2" x="800" y="8"/>
    <TEXT scaleY="1" deviceID="" scale="1" fontWeight="bold" fontFamily="Arial" text="4" scaleX="1" color="0" widthInChars="1" param="" rotation="0" fontSize="20" textAlign="right" x="909" y="75"/>
    <DE deviceID="6946" scale="1" scaleX="1" scaleY="1" rotation="0" isPop="true" popType="list" x="605" y="55"/>
    <DE deviceID="6946" scale="1" scaleX="1" scaleY="1" rotation="5" isPop="true" popType="list" x="319" y="209"/>
    <DE deviceID="6946" scale="1" scaleX="1" scaleY="1" rotation="5" isPop="true" popType="list" x="292" y="360"/>
    <G2 deviceID="6982" scale="1" scaleX="1" scaleY="1" rotation="0" isPop="true" popType="list" x="780" y="190"/>
    <G2 deviceID="6982" scale="1" scaleX="1" scaleY="1" rotation="0" isPop="true" popType="list" x="128" y="342"/>
    <G2 deviceID="6982" scale="1" scaleX="1" scaleY="1" rotation="10" isPop="true" popType="list" x="507" y="365"/>
    <G2 deviceID="6982" scale="1" scaleX="1" scaleY="1" rotation="10" isPop="true" popType="list" x="395" y="241"/>
    <G1G2 deviceID="6976" scale="1" scaleX="1" scaleY="1" rotation="5" isPop="true" popType="list" x="259" y="340"/>
  </Components>
</Configration>