<?xml version="1.0" encoding="utf-8"?><Configration Width="1061.8187919463087" Height="541">
  <LIST>
    <Component>
      <KTTB/>
    </Component>
    <Image>
      <F4NODE source="assets/comp/F4Node.png"/>
      <TULI source="assets/comp/TULI/TULI.png"/>
      <KTN source="assets/comp/TULI/KTN.png"/>
      <KTA source="assets/comp/TULI/KTA.png"/>
      <COMPASS source="assets/comp/compass.png"/>
    </Image>
  </LIST>
  <Components>
    <F4NODE scaleX="0.7" scaleY="0.7" rotation="0" scale="0.7" x="30" y="0"/>
    <KTTB scaleX="0.35" scaleY="0.35" rotation="0" isPop="true" scale="0.35" deviceID="497" popType="redirect" x="778" y="96"/>
    <TEXT text="XF-W-2" textAlign="right" rotation="0" scaleY="1" fontFamily="Arial" deviceID="" widthInChars="4" color="0" param="" fontWeight="bold" fontSize="12" scaleX="1" scale="1" x="760" y="80"/>
    <KTTB scaleX="0.35" scaleY="0.35" rotation="0" isPop="true" scale="0.35" deviceID="496" popType="redirect" x="840" y="188"/>
    <TEXT text="XF-W-3" textAlign="right" rotation="0" scaleY="1" fontFamily="Arial" deviceID="" widthInChars="4" color="0" param="" fontWeight="bold" fontSize="12" scaleX="1" scale="1" x="823" y="167"/>
    <KTTB scaleX="0.35" scaleY="0.35" rotation="0" isPop="true" scale="0.35" deviceID="495" popType="redirect" x="767" y="364"/>
    <TEXT text="XF-W-4" textAlign="right" rotation="0" scaleY="1" fontFamily="Arial" deviceID="" widthInChars="4" color="0" param="" fontWeight="bold" fontSize="12" scaleX="1" scale="1" x="748" y="347"/>
    <KTTB scaleX="0.35" scaleY="0.35" rotation="0" isPop="true" scale="0.35" deviceID="494" popType="redirect" x="429" y="364"/>
    <TEXT text="XF-W-5" textAlign="right" rotation="0" scaleY="1" fontFamily="Arial" deviceID="" widthInChars="4" color="0" param="" fontWeight="bold" fontSize="12" scaleX="1" scale="1" x="410" y="348"/>
    <KTTB scaleX="0.35" scaleY="0.35" rotation="0" isPop="true" scale="0.35" deviceID="492" popType="redirect" x="92" y="82"/>
    <TEXT text="XF-W-6" textAlign="right" rotation="0" scaleY="1" fontFamily="Arial" deviceID="" widthInChars="4" color="0" param="" fontWeight="bold" fontSize="12" scaleX="1" scale="1" x="98" y="314"/>
    <KTTB scaleX="0.35" scaleY="0.35" rotation="0" isPop="true" scale="0.35" deviceID="493" popType="redirect" x="115" y="330"/>
    <TEXT text="XF-W-7" textAlign="right" rotation="0" scaleY="1" fontFamily="Arial" deviceID="" widthInChars="4" color="0" param="" fontWeight="bold" fontSize="12" scaleX="1" scale="1" x="76" y="66"/>
    <KTTB scaleX="0.35" scaleY="0.35" rotation="0" isPop="true" scale="0.35" deviceID="7135" popType="redirect" x="434" y="238"/>
    <TEXT text="XF-W-8" textAlign="right" rotation="0" scaleY="1" fontFamily="Arial" deviceID="" widthInChars="4" color="0" param="" fontWeight="bold" fontSize="12" scaleX="1" scale="1" x="418" y="261"/>
    <KTTB scaleX="0.35" scaleY="0.35" rotation="0" isPop="true" scale="0.35" deviceID="498" popType="redirect" x="605" y="233"/>
    <TEXT text="XF-W-1" textAlign="right" rotation="0" scaleY="1" fontFamily="Arial" deviceID="" widthInChars="4" color="0" param="" fontWeight="bold" fontSize="12" scaleX="1" scale="1" x="594" y="260"/>
    <TULI scaleX="0.9" scaleY="0.9" rotation="0" scale="0.9" x="840" y="415"/>
    <TEXT text="正常" textAlign="right" rotation="0" scaleY="1" fontFamily="Arial" deviceID="" widthInChars="2" color="16777215" param="" fontWeight="normal" fontSize="16" scaleX="1" scale="1" x="885" y="440"/>
    <TEXT text="报警" textAlign="right" rotation="0" scaleY="1" fontFamily="Arial" deviceID="" widthInChars="2" color="16777215" param="" fontWeight="normal" fontSize="16" scaleX="1" scale="1" x="960" y="440"/>
    <KTN scaleX="0.5" scaleY="0.5" rotation="0" scale="0.5" x="885" y="470"/>
    <KTA scaleX="0.5" scaleY="0.5" rotation="0" scale="0.5" x="960" y="470"/>
    <COMPASS scale="0.5" scaleX="0.5" scaleY="0.5" x="916" y="410" rotation="-90"/>
  </Components>
</Configration>