<?xml version="1.0" encoding="utf-8"?>
<Configration Width="1434" Height="714">
  <LIST>
    <Component>
      <BQSX/>
      <QSX/>
    </Component>
    <Image>
      <F4NODE source="mapAssets/mapImages/F4Node.png" group="map"/>
      <LCF4 source="assets/comp/LCF4.png"/>
      <TULI source="assets/comp/TULI/TULI.png"/>
      <QSXZCTULI source="assets/comp/TULI/QSXZC.png"/>
      <QSXBJTULI source="assets/comp/TULI/QSXBJ.png"/>
      <BQSXZCTULI source="assets/comp/TULI/BQSXZC.png"/>
      <BQSXBJTULI source="assets/comp/TULI/BQSXBJ.png"/>
      <ZNSXZCTULI source="assets/comp/TULI/ZNSXZC.png"/>
      <ZNSXBJTULI source="assets/comp/TULI/ZNSXBJ.png"/>
    </Image>
  </LIST>
  <Components>
    <F4NODE x="0" y="0" height="714" source="mapAssets/mapImages/F4Node.png" width="1434" group="map"/>
    <LCF4 x="10" y="10" height="92" source="assets/comp/LCF4.png" width="110" group="bg"/>
    <BQSX source="assets/comp/BQSX/alarm/0/1.png" height="80" deviceName="JK-4F-05-BD03" scaleY="0.3" y="141.45" scaleX="0.3" x="1136.35" width="80" group="commonComp" deviceID="640324" mark="TSX"/>
    <QSX source="assets/comp/QSX/alarm/0/1.png" height="80" deviceName="JK-4F-K01" scaleY="0.3" y="372.54999999999995" scaleX="0.3" x="781.15" width="80" group="commonComp" deviceID="640313" mark="TSX"/>
    <TULI source="assets/comp/TULI/TULI.png" scaleY="1.2" x="1161" y="556" scaleX="1.2" width="225" group="tuli" height="124"/>
    <TEXT group="commonComp" textAlign="center" fontSize="14" fontFamily="微软雅黑" width="32" height="19" contentBackgroundColor="16777215" deviceID="" text="正常" borderColor="0xffffff" source="assets/comp/TEXTINPUT/label.png" fontWeight="normal" widthInChars="4" contentBackgroundAlpha="0" borderVisible="false" y="590" param="" x="1284" color="255" sizeAuto="true"/>
    <TEXT group="commonComp" textAlign="center" fontSize="14" fontFamily="微软雅黑" width="32" height="19" contentBackgroundColor="16777215" deviceID="" text="报警" borderColor="0xffffff" source="assets/comp/TEXTINPUT/label.png" fontWeight="normal" widthInChars="4" contentBackgroundAlpha="0" borderVisible="false" y="591" param="" x="1352" color="255" sizeAuto="true"/>
    <QSXZCTULI source="assets/comp/TULI/QSXZC.png" scaleY="0.3" x="1289" y="610" scaleX="0.3" width="80" group="tuli" height="80"/>
    <QSXBJTULI source="assets/comp/TULI/QSXBJ.png" scaleY="0.3" x="1357" y="610" scaleX="0.3" width="80" group="tuli" height="80"/>
    <BQSXZCTULI source="assets/comp/TULI/BQSXZC.png" scaleY="0.3" x="1289" y="635" scaleX="0.3" width="80" group="tuli" height="80"/>
    <BQSXBJTULI source="assets/comp/TULI/BQSXBJ.png" scaleY="0.3" x="1357" y="635" scaleX="0.3" width="80" group="tuli" height="80"/>
    <ZNSXZCTULI source="assets/comp/TULI/ZNSXZC.png" scaleY="0.3" x="1289" y="660" scaleX="0.3" width="80" group="tuli" height="80"/>
    <ZNSXBJTULI source="assets/comp/TULI/ZNSXBJ.png" scaleY="0.3" x="1357" y="660" scaleX="0.3" width="80" group="tuli" height="80"/>
    <TEXT group="commonComp" textAlign="center" fontSize="14" fontFamily="微软雅黑" width="32" height="19" contentBackgroundColor="16777215" deviceID="" text="枪机" borderColor="0xffffff" source="assets/comp/TEXTINPUT/label.png" fontWeight="normal" widthInChars="4" contentBackgroundAlpha="0" borderVisible="false" y="612" param="" x="1219" color="255" sizeAuto="true"/>
    <TEXT group="commonComp" textAlign="center" fontSize="14" fontFamily="微软雅黑" width="32" height="19" contentBackgroundColor="16777215" deviceID="" text="半球" borderColor="0xffffff" source="assets/comp/TEXTINPUT/label.png" fontWeight="normal" widthInChars="4" contentBackgroundAlpha="0" borderVisible="false" y="636" param="" x="1220" color="255" sizeAuto="true"/>
    <TEXT group="commonComp" textAlign="center" fontSize="14" fontFamily="微软雅黑" width="32" height="19" contentBackgroundColor="16777215" deviceID="" text="云台" borderColor="0xffffff" source="assets/comp/TEXTINPUT/label.png" fontWeight="normal" widthInChars="4" contentBackgroundAlpha="0" borderVisible="false" y="660" param="" x="1221" color="255" sizeAuto="true"/>
    <TEXT group="commonComp" textAlign="center" fontSize="12" fontFamily="微软雅黑" width="92" height="17" contentBackgroundColor="16777215" deviceID="" text="爱上铜锣湾KTV" borderColor="0xffffff" source="assets/comp/TEXTINPUT/label.png" fontWeight="normal" widthInChars="4" contentBackgroundAlpha="0" borderVisible="false" y="461" param="" x="838" color="13408512" sizeAuto="true"/>
    <TEXT group="commonComp" textAlign="center" fontSize="12" fontFamily="微软雅黑" width="67" height="17" contentBackgroundColor="16777215" deviceID="" text="金仕堡健身" borderColor="0xffffff" source="assets/comp/TEXTINPUT/label.png" fontWeight="normal" widthInChars="4" contentBackgroundAlpha="0" borderVisible="false" y="476" param="" x="838" color="13408512" sizeAuto="true"/>
    <TEXT group="commonComp" textAlign="center" fontSize="12" fontFamily="微软雅黑" width="80" height="17" contentBackgroundColor="16777215" deviceID="" text="星轶国际影城" borderColor="0xffffff" source="assets/comp/TEXTINPUT/label.png" fontWeight="normal" widthInChars="4" contentBackgroundAlpha="0" borderVisible="false" y="491" param="" x="838" color="13408512" sizeAuto="true"/>
    <TEXT group="commonComp" textAlign="center" fontSize="12" fontFamily="微软雅黑" width="29" height="17" contentBackgroundColor="16777215" deviceID="" text="4001" borderColor="0xffffff" source="assets/comp/TEXTINPUT/label.png" fontWeight="normal" widthInChars="4" contentBackgroundAlpha="0" borderVisible="false" y="461" param="" x="968" color="13408512" sizeAuto="false"/>
    <TEXT group="commonComp" textAlign="center" fontSize="12" fontFamily="微软雅黑" width="30" height="17" contentBackgroundColor="16777215" deviceID="" text="4002" borderColor="0xffffff" source="assets/comp/TEXTINPUT/label.png" fontWeight="normal" widthInChars="4" contentBackgroundAlpha="0" borderVisible="false" y="476" param="" x="968" color="13408512" sizeAuto="false"/>
    <TEXT group="commonComp" textAlign="center" fontSize="12" fontFamily="微软雅黑" width="30" height="17" contentBackgroundColor="16777215" deviceID="" text="4003" borderColor="0xffffff" source="assets/comp/TEXTINPUT/label.png" fontWeight="normal" widthInChars="4" contentBackgroundAlpha="0" borderVisible="false" y="491" param="" x="968" color="13408512" sizeAuto="false"/>
    <TEXT group="commonComp" textAlign="center" fontSize="12" fontFamily="微软雅黑" width="29" height="17" contentBackgroundColor="16777215" deviceID="" text="4001" borderColor="0xffffff" source="assets/comp/TEXTINPUT/label.png" fontWeight="normal" widthInChars="4" contentBackgroundAlpha="0" borderVisible="false" y="231" param="" x="1095" color="13408512" sizeAuto="false"/>
    <TEXT group="commonComp" textAlign="center" fontSize="12" fontFamily="微软雅黑" width="30" height="17" contentBackgroundColor="16777215" deviceID="" text="4002" borderColor="0xffffff" source="assets/comp/TEXTINPUT/label.png" fontWeight="normal" widthInChars="4" contentBackgroundAlpha="0" borderVisible="false" y="332" param="" x="1086" color="13408512" sizeAuto="false"/>
    <TEXT group="commonComp" textAlign="center" fontSize="12" fontFamily="微软雅黑" width="30" height="17" contentBackgroundColor="16777215" deviceID="" text="4003" borderColor="0xffffff" source="assets/comp/TEXTINPUT/label.png" fontWeight="normal" widthInChars="4" contentBackgroundAlpha="0" borderVisible="false" y="319" param="" x="1254" color="13408512" sizeAuto="false"/>
    <BQSX source="assets/comp/BQSX/alarm/0/1.png" height="80" deviceName="JK-4F-05-DT04" scaleY="0.3" y="173.35" scaleX="0.3" x="1123.45" width="80" group="commonComp" deviceID="640325" mark="TSX"/>
    <BQSX source="assets/comp/BQSX/alarm/0/1.png" height="80" deviceName="JK-4F-05-DT05" scaleY="0.3" y="201.35" scaleX="0.3" x="1119.35" width="80" group="commonComp" deviceID="640326" mark="TSX"/>
    <BQSX source="assets/comp/BQSX/alarm/0/1.png" height="80" deviceName="JK-4F-05-DT06" scaleY="0.3" y="158.3" scaleX="0.3" x="1179" width="80" group="commonComp" deviceID="640327" mark="TSX"/>
    <BQSX source="assets/comp/BQSX/alarm/0/1.png" height="80" deviceName="JK-4F-05-DT07" scaleY="0.3" y="186.35" scaleX="0.3" x="1178.35" width="80" group="commonComp" deviceID="640328" mark="TSX"/>
    <BQSX source="assets/comp/BQSX/alarm/0/1.png" height="80" deviceName="JK-4F-05-BD08" scaleY="0.3" y="266.35" scaleX="0.3" x="1157.65" width="80" group="commonComp" deviceID="640329" mark="TSX"/>
    <BQSX source="assets/comp/BQSX/alarm/0/1.png" height="80" deviceName="JK-4F-05-BD01" scaleY="0.3" y="151.65" scaleX="0.3" x="992.95" width="80" group="commonComp" deviceID="640322" mark="TSX"/>
    <BQSX source="assets/comp/BQSX/alarm/0/1.png" height="80" deviceName="JK-4F-05-DT02" scaleY="0.3" y="170.3" scaleX="0.3" x="1017.7" width="80" group="commonComp" deviceID="640323" mark="TSX"/>
    <BQSX source="assets/comp/BQSX/alarm/0/1.png" height="80" deviceName="JK-4H-BD01" scaleY="0.3" y="407.4" scaleX="0.3" x="1076.1999999999998" width="80" group="commonComp" deviceID="640317" mark="TSX"/>
    <BQSX source="assets/comp/BQSX/alarm/0/1.png" height="80" deviceName="JK-4H-DT02" scaleY="0.3" y="381" scaleX="0.3" x="1052.35" width="80" group="commonComp" deviceID="640318" mark="TSX"/>
    <BQSX source="assets/comp/BQSX/alarm/0/1.png" height="80" deviceName="JK-4H-DT03" scaleY="0.3" y="383.65" scaleX="0.3" x="1141.65" width="80" group="commonComp" deviceID="640319" mark="TSX"/>
    <BQSX source="assets/comp/BQSX/alarm/0/1.png" height="80" deviceName="JK-4H-BD04" scaleY="0.3" y="375.65" scaleX="0.3" x="1169.65" width="80" group="commonComp" deviceID="640320" mark="TSX"/>
    <BQSX source="assets/comp/BQSX/alarm/0/1.png" height="80" deviceName="JK-4H-BD05" scaleY="0.3" y="375.65" scaleX="0.3" x="1240.35" width="80" group="commonComp" deviceID="640321" mark="TSX"/>
    <QSX source="assets/comp/QSX/alarm/0/1.png" height="80" deviceName="JK-4F-K02" scaleY="0.3" y="365" scaleX="0.3" x="352.35" width="80" group="commonComp" deviceID="640314" mark="TSX"/>
    <QSX source="assets/comp/QSX/alarm/0/1.png" height="80" deviceName="JK-4G-K01" scaleY="0.3" y="474.35" scaleX="0.3" x="185.65" width="80" group="commonComp" deviceID="640315" mark="TSX"/>
    <TEXT group="commonComp" textAlign="center" fontSize="12" fontFamily="微软雅黑" width="79" height="17" contentBackgroundColor="16777215" deviceID="" text="18号楼梯门口" borderColor="0xffffff" source="assets/comp/TEXTINPUT/label.png" fontWeight="normal" widthInChars="4" contentBackgroundAlpha="1" borderVisible="false" y="504" param="" x="164" color="0x444444" sizeAuto="true"/>
    <TEXT group="commonComp" textAlign="center" fontSize="12" fontFamily="微软雅黑" width="59" height="17" contentBackgroundColor="16777215" deviceID="" text="JK-4F-K01" borderColor="0xffffff" source="assets/comp/TEXTINPUT/label.png" fontWeight="normal" widthInChars="4" contentBackgroundAlpha="1" borderVisible="false" y="394" param="" x="334" color="0x444444" sizeAuto="true"/>
    <TEXT group="commonComp" textAlign="center" fontSize="12" fontFamily="微软雅黑" width="59" height="17" contentBackgroundColor="16777215" deviceID="" text="JK-4F-K02" borderColor="0xffffff" source="assets/comp/TEXTINPUT/label.png" fontWeight="normal" widthInChars="4" contentBackgroundAlpha="1" borderVisible="false" y="402" param="" x="767" color="0x444444" sizeAuto="true"/>
    <TEXT group="commonComp" textAlign="center" fontSize="12" fontFamily="微软雅黑" width="99" height="17" contentBackgroundColor="16777215" deviceID="" text="9号货梯合用前室" borderColor="0xffffff" source="assets/comp/TEXTINPUT/label.png" fontWeight="normal" widthInChars="4" contentBackgroundAlpha="1" borderVisible="false" y="433" param="" x="1057" color="0x444444" sizeAuto="true"/>
    <TEXT group="commonComp" textAlign="center" fontSize="12" fontFamily="微软雅黑" width="47" height="17" contentBackgroundColor="16777215" deviceID="" text="9号货梯" borderColor="0xffffff" source="assets/comp/TEXTINPUT/label.png" fontWeight="normal" widthInChars="4" contentBackgroundAlpha="1" borderVisible="false" y="361" param="" x="1038" color="0x444444" sizeAuto="true"/>
    <TEXT group="commonComp" textAlign="center" fontSize="12" fontFamily="微软雅黑" width="53" height="17" contentBackgroundColor="16777215" deviceID="" text="11号客梯" borderColor="0xffffff" source="assets/comp/TEXTINPUT/label.png" fontWeight="normal" widthInChars="4" contentBackgroundAlpha="1" borderVisible="false" y="410" param="" x="1132" color="0x444444" sizeAuto="true"/>
    <TEXT group="commonComp" textAlign="center" fontSize="12" fontFamily="微软雅黑" width="79" height="17" contentBackgroundColor="16777215" deviceID="" text="11号客梯门口" borderColor="0xffffff" source="assets/comp/TEXTINPUT/label.png" fontWeight="normal" widthInChars="4" contentBackgroundAlpha="1" borderVisible="false" y="355" param="" x="1152" color="0x444444" sizeAuto="true"/>
    <TEXT group="commonComp" textAlign="center" fontSize="12" fontFamily="微软雅黑" width="120" height="17" contentBackgroundColor="16777215" deviceID="" text="10,11号货梯合用前室" borderColor="0xffffff" source="assets/comp/TEXTINPUT/label.png" fontWeight="normal" widthInChars="4" contentBackgroundAlpha="1" borderVisible="false" y="403" param="" x="1221" color="0x444444" sizeAuto="true"/>
    <TEXT group="commonComp" textAlign="center" fontSize="12" fontFamily="微软雅黑" width="99" height="17" contentBackgroundColor="16777215" deviceID="" text="8号货梯合用前室" borderColor="0xffffff" source="assets/comp/TEXTINPUT/label.png" fontWeight="normal" widthInChars="4" contentBackgroundAlpha="1" borderVisible="false" y="132" param="" x="953" color="0x444444" sizeAuto="true"/>
    <TEXT group="commonComp" textAlign="center" fontSize="12" fontFamily="微软雅黑" width="47" height="17" contentBackgroundColor="16777215" deviceID="" text="8号货梯" borderColor="0xffffff" source="assets/comp/TEXTINPUT/label.png" fontWeight="normal" widthInChars="4" contentBackgroundAlpha="1" borderVisible="false" y="196" param="" x="1007" color="0x444444" sizeAuto="true"/>
    <TEXT group="commonComp" textAlign="center" fontSize="12" fontFamily="微软雅黑" width="108" height="17" contentBackgroundColor="16777215" deviceID="" text="3,4号客梯消防前室" borderColor="0xffffff" source="assets/comp/TEXTINPUT/label.png" fontWeight="normal" widthInChars="4" contentBackgroundAlpha="1" borderVisible="false" y="122" param="" x="1114" color="0x444444" sizeAuto="true"/>
    <TEXT group="commonComp" textAlign="center" fontSize="12" fontFamily="微软雅黑" width="47" height="17" contentBackgroundColor="16777215" deviceID="" text="3号客梯" borderColor="0xffffff" source="assets/comp/TEXTINPUT/label.png" fontWeight="normal" widthInChars="4" contentBackgroundAlpha="1" borderVisible="false" y="177" param="" x="1075" color="0x444444" sizeAuto="true"/>
    <TEXT group="commonComp" textAlign="center" fontSize="12" fontFamily="微软雅黑" width="47" height="17" contentBackgroundColor="16777215" deviceID="" text="4号客梯" borderColor="0xffffff" source="assets/comp/TEXTINPUT/label.png" fontWeight="normal" widthInChars="4" contentBackgroundAlpha="1" borderVisible="false" y="204" param="" x="1071" color="0x444444" sizeAuto="true"/>
    <TEXT group="commonComp" textAlign="center" fontSize="12" fontFamily="微软雅黑" width="47" height="17" contentBackgroundColor="16777215" deviceID="" text="5号客梯" borderColor="0xffffff" source="assets/comp/TEXTINPUT/label.png" fontWeight="normal" widthInChars="4" contentBackgroundAlpha="1" borderVisible="false" y="161" param="" x="1205" color="0x444444" sizeAuto="true"/>
    <TEXT group="commonComp" textAlign="center" fontSize="12" fontFamily="微软雅黑" width="47" height="17" contentBackgroundColor="16777215" deviceID="" text="6号客梯" borderColor="0xffffff" source="assets/comp/TEXTINPUT/label.png" fontWeight="normal" widthInChars="4" contentBackgroundAlpha="1" borderVisible="false" y="188" param="" x="1206" color="0x444444" sizeAuto="true"/>
    <TEXT group="commonComp" textAlign="center" fontSize="12" fontFamily="微软雅黑" width="47" height="17" contentBackgroundColor="16777215" deviceID="" text="7号客梯" borderColor="0xffffff" source="assets/comp/TEXTINPUT/label.png" fontWeight="normal" widthInChars="4" contentBackgroundAlpha="1" borderVisible="false" y="245" param="" x="1151" color="0x444444" sizeAuto="true"/>
  </Components>
</Configration>