<?xml version="1.0" encoding="utf-8"?><Configration Width="1052.6912751677853" Height="528">
  <LIST>
    <Component>
      <KTTB/>
    </Component>
    <Image>
      <F5NODE source="assets/comp/F5Node.png"/>
    </Image>
  </LIST>
  <Components>
    <F5NODE scale="0.7" rotation="0" x="50" y="0"/>
    <KTTB deviceID="369" scale="0.4" isPop="true" popType="redirect" rotation="0" x="237" y="97"/>
    <TEXT widthInChars="4" deviceID="" textAlign="right" fontWeight="bold" fontSize="12" rotation="0" fontFamily="Arial" scale="1" text="XF-5-1" param="" color="0" x="220" y="125"/>
    <KTTB deviceID="370" scale="0.4" isPop="true" popType="redirect" rotation="0" x="488" y="100"/>
    <TEXT widthInChars="4" deviceID="" textAlign="right" fontWeight="bold" fontSize="12" rotation="0" fontFamily="Arial" scale="1" text="XF-5-2" param="" color="0" x="474" y="128"/>
  </Components>
</Configration>