<?xml version="1.0" encoding="utf-8"?>
<Configration Width="1434" Height="714">
  <LIST>
    <Component>
      <BURGLAR/>
      <BFSTATE/>
    </Component>
    <Image>
      <F5NODE source="mapAssets/mapImages/F5Node.png" group="map"/>
      <LCF5 source="assets/comp/LCF5.png"/>
      <TULI source="assets/comp/TULI/TULI.png"/>
      <SBN source="assets/comp/TULI/SBN.png"/>
      <SBA source="assets/comp/TULI/SBA.png"/>
      <ALARMR source="assets/comp/alarm_r.png"/>
      <ALARMG source="assets/comp/alarm_g.png"/>
    </Image>
  </LIST>
  <Components>
    <F5NODE y="0" rotation="0" group="map" source="mapAssets/mapImages/F5Node.png" x="0"/>
    <LCF5 scaleY="1" group="bg" width="110" x="10" height="92" y="10" source="assets/comp/LCF5.png" scaleX="1"/>
    <BURGLAR scaleY="0.3" deviceID="700051" mark="HWBJ" rotation="0" group="commonComp" width="80" x="1093.95" height="80" y="231.95" source="assets/comp/BURGLAR/alarm/0/1.png" deviceName="5F夹红外" scaleX="0.3"/>
    <TEXT deviceID="" fontFamily="微软雅黑" borderColor="0xffffff" widthInChars="4" contentBackgroundAlpha="0" fontSize="12" borderVisible="false" param="" text="5F夹红外" sizeAuto="true" group="commonComp" contentBackgroundColor="16777215" source="assets/comp/TEXTINPUT/label.png" textAlign="center" height="17" y="212.7" width="54" x="1082.65" color="255" fontWeight="normal"/>
    <TULI scaleY="1" group="tuli" rotation="0" x="1199" y="581" source="assets/comp/TULI/TULI.png" scaleX="1"/>
    <TEXT deviceID="" fontFamily="微软雅黑" borderColor="0xffffff" rotation="0" widthInChars="4" contentBackgroundAlpha="0" fontSize="16" scaleX="1" scaleY="1" param="" text="正常" borderVisible="false" sizeAuto="true" group="commonComp" width="36" x="1233" height="21" y="629" source="assets/comp/TEXTINPUT/label.png" textAlign="center" color="0" fontWeight="normal"/>
    <TEXT deviceID="" fontFamily="微软雅黑" borderColor="0xffffff" rotation="0" widthInChars="4" contentBackgroundAlpha="0" fontSize="16" scaleX="1" scaleY="1" param="" text="报警" borderVisible="false" sizeAuto="true" group="commonComp" width="36" x="1233" height="21" y="657" source="assets/comp/TEXTINPUT/label.png" textAlign="center" color="0" fontWeight="normal"/>
    <SBN scaleY="0.35" group="tuli" rotation="0" x="1358" y="627" source="assets/comp/TULI/SBN.png" scaleX="0.35"/>
    <SBA scaleY="0.35" group="tuli" rotation="0" x="1358" y="657" source="assets/comp/TULI/SBA.png" scaleX="0.35"/>
    <ALARMR scaleY="0.35" group="bg" rotation="0" x="1278" y="657" source="assets/comp/alarm_r.png" scaleX="0.35"/>
    <TEXT deviceID="" fontFamily="微软雅黑" borderColor="0xffffff" rotation="0" widthInChars="4" contentBackgroundAlpha="0" fontSize="16" scaleX="1" scaleY="1" param="" text="红外" borderVisible="false" sizeAuto="true" group="commonComp" width="36" x="1273" height="21" y="607" source="assets/comp/TEXTINPUT/label.png" textAlign="center" color="0" fontWeight="normal"/>
    <TEXT deviceID="" fontFamily="微软雅黑" borderColor="0xffffff" rotation="0" widthInChars="4" contentBackgroundAlpha="0" fontSize="16" scaleX="1" scaleY="1" param="" text="手按" borderVisible="false" sizeAuto="true" group="commonComp" width="36" x="1353" height="21" y="607" source="assets/comp/TEXTINPUT/label.png" textAlign="center" color="0" fontWeight="normal"/>
    <ALARMG scaleY="0.35" group="bg" rotation="0" x="1278" y="627" source="assets/comp/alarm_g.png" scaleX="0.35"/>
    <BFSTATE scaleY="1.5" deviceID="690001" mark="BJX" group="commonComp" width="58" x="200" height="25" y="100" source="assets/comp/BFSTATE/bfState/0/1.png" deviceName="防盗报警主机" scaleX="1.5"/>
  </Components>
</Configration>