<?xml version="1.0" encoding="utf-8"?>
<Configration Width="1434" Height="720">
  <LIST>
    <Component>
      <QSX/>
      <ZNSX/>
    </Component>
    <Image>
      <F5NODE source="mapAssets/mapImages/F5Node.png" group="map"/>
      <LCF5 source="assets/comp/LCF5.png"/>
      <TULI source="assets/comp/TULI/TULI.png"/>
      <QSXZCTULI source="assets/comp/TULI/QSXZC.png"/>
      <QSXBJTULI source="assets/comp/TULI/QSXBJ.png"/>
      <BQSXZCTULI source="assets/comp/TULI/BQSXZC.png"/>
      <BQSXBJTULI source="assets/comp/TULI/BQSXBJ.png"/>
      <ZNSXZCTULI source="assets/comp/TULI/ZNSXZC.png"/>
      <ZNSXBJTULI source="assets/comp/TULI/ZNSXBJ.png"/>
    </Image>
  </LIST>
  <Components>
    <F5NODE x="0" y="0" height="714" source="mapAssets/mapImages/F5Node.png" width="1434" group="map"/>
    <LCF5 x="10" y="10" height="92" source="assets/comp/LCF5.png" width="110" group="bg"/>
    <QSX source="assets/comp/QSX/alarm/0/1.png" height="80" deviceName="JK-5H-K04" scaleY="0.3" y="387.75" scaleX="0.29999999999999993" x="1063.8" width="80" group="commonComp" deviceID="640333" mark="TSX"/>
    <ZNSX source="assets/comp/ZNSX/alarm/0/1.png" height="80" deviceName="JK-5H-BD01" scaleY="0.3" y="358.9" scaleX="0.29999999999999993" x="1241.6000000000001" width="80" group="commonComp" deviceID="640330" mark="TSX"/>
    <TULI x="1188" y="596" height="124" source="assets/comp/TULI/TULI.png" width="225" group="tuli"/>
    <TEXT group="commonComp" textAlign="center" fontSize="14" fontFamily="微软雅黑" width="32" height="19" contentBackgroundColor="16777215" deviceID="" text="正常" borderColor="0xffffff" source="assets/comp/TEXTINPUT/label.png" fontWeight="normal" widthInChars="4" contentBackgroundAlpha="0" borderVisible="false" y="607" param="" x="1222" color="255" sizeAuto="true"/>
    <TEXT group="commonComp" textAlign="center" fontSize="14" fontFamily="微软雅黑" width="32" height="19" contentBackgroundColor="16777215" deviceID="" text="报警" borderColor="0xffffff" source="assets/comp/TEXTINPUT/label.png" fontWeight="normal" widthInChars="4" contentBackgroundAlpha="0" borderVisible="false" y="609" param="" x="1342" color="255" sizeAuto="true"/>
    <QSXZCTULI source="assets/comp/TULI/QSXZC.png" scaleY="0.3" x="1224" y="630" scaleX="0.3" width="80" group="tuli" height="80"/>
    <QSXBJTULI source="assets/comp/TULI/QSXBJ.png" scaleY="0.3" x="1346" y="632" scaleX="0.3" width="80" group="tuli" height="80"/>
    <BQSXZCTULI source="assets/comp/TULI/BQSXZC.png" scaleY="0.3" x="1224" y="654" scaleX="0.3" width="80" group="tuli" height="80"/>
    <BQSXBJTULI source="assets/comp/TULI/BQSXBJ.png" scaleY="0.3" x="1347" y="656" scaleX="0.3" width="80" group="tuli" height="80"/>
    <ZNSXZCTULI source="assets/comp/TULI/ZNSXZC.png" scaleY="0.3" x="1224" y="680" scaleX="0.3" width="80" group="tuli" height="80"/>
    <ZNSXBJTULI source="assets/comp/TULI/ZNSXBJ.png" scaleY="0.3" x="1348" y="681" scaleX="0.3" width="80" group="tuli" height="80"/>
    <ZNSX source="assets/comp/ZNSX/alarm/0/1.png" height="80" deviceName="JK-5H-DT02" scaleY="0.3" y="382.35" scaleX="0.29999999999999993" x="1253.65" width="80" group="commonComp" deviceID="640331" mark="TSX"/>
    <ZNSX source="assets/comp/ZNSX/alarm/0/1.png" height="80" deviceName="JK-5H-DT03" scaleY="0.3" y="408.65" scaleX="0.29999999999999993" x="1253.6999999999998" width="80" group="commonComp" deviceID="640332" mark="TSX"/>
    <QSX source="assets/comp/QSX/alarm/0/1.png" height="80" deviceName="JK-5F-05-K01" scaleY="0.3" y="173" scaleX="0.29999999999999993" x="980.35" width="80" group="commonComp" deviceID="640334" mark="TSX"/>
    <ZNSX source="assets/comp/ZNSX/alarm/0/1.png" height="80" deviceName="JK-5G-QG01" scaleY="0.3" y="354.25" scaleX="0.3" x="430.7499999999999" width="80" group="commonComp" deviceID="640316" mark="TSX"/>
    <TEXT group="commonComp" textAlign="center" fontSize="12" fontFamily="微软雅黑" width="67" height="17" contentBackgroundColor="16777215" deviceID="" text="选取制高点" borderColor="0xffffff" source="assets/comp/TEXTINPUT/label.png" fontWeight="normal" widthInChars="4" contentBackgroundAlpha="1" borderVisible="false" y="380" param="" x="414" color="0x444444" sizeAuto="true"/>
    <TEXT group="commonComp" textAlign="center" fontSize="12" fontFamily="微软雅黑" width="79" height="17" contentBackgroundColor="16777215" deviceID="" text="19号楼梯门口" borderColor="0xffffff" source="assets/comp/TEXTINPUT/label.png" fontWeight="normal" widthInChars="4" contentBackgroundAlpha="1" borderVisible="false" y="198" param="" x="960" color="0x444444" sizeAuto="true"/>
    <TEXT group="commonComp" textAlign="center" fontSize="12" fontFamily="微软雅黑" width="79" height="17" contentBackgroundColor="16777215" deviceID="" text="28号楼梯门口" borderColor="0xffffff" source="assets/comp/TEXTINPUT/label.png" fontWeight="normal" widthInChars="4" contentBackgroundAlpha="1" borderVisible="false" y="365" param="" x="1038" color="0x444444" sizeAuto="true"/>
    <TEXT group="commonComp" textAlign="center" fontSize="12" fontFamily="微软雅黑" width="120" height="17" contentBackgroundColor="16777215" deviceID="" text="10,11号货梯合用前室" borderColor="0xffffff" source="assets/comp/TEXTINPUT/label.png" fontWeight="normal" widthInChars="4" contentBackgroundAlpha="1" borderVisible="false" y="337" param="" x="1197" color="0x444444" sizeAuto="true"/>
    <TEXT group="commonComp" textAlign="center" fontSize="12" fontFamily="微软雅黑" width="53" height="17" contentBackgroundColor="16777215" deviceID="" text="10号货梯" borderColor="0xffffff" source="assets/comp/TEXTINPUT/label.png" fontWeight="normal" widthInChars="4" contentBackgroundAlpha="1" borderVisible="false" y="385" param="" x="1280" color="0x444444" sizeAuto="true"/>
    <TEXT group="commonComp" textAlign="center" fontSize="12" fontFamily="微软雅黑" width="53" height="17" contentBackgroundColor="16777215" deviceID="" text="11号货梯" borderColor="0xffffff" source="assets/comp/TEXTINPUT/label.png" fontWeight="normal" widthInChars="4" contentBackgroundAlpha="1" borderVisible="false" y="435" param="" x="1242" color="0x444444" sizeAuto="true"/>
  </Components>
</Configration>