<?xml version="1.0" encoding="utf-8"?><Configration Width="1052.6912751677853" Height="528">
  <LIST>
    <Component>
      <KTTB/>
    </Component>
    <Image>
      <F6NODE source="assets/comp/F6Node.png"/>
    </Image>
  </LIST>
  <Components>
    <F6NODE scale="0.7" rotation="0" x="40" y="0"/>
    <KTTB deviceID="336" scale="0.4" isPop="true" popType="redirect" rotation="0" x="201" y="98"/>
    <TEXT widthInChars="4" deviceID="" textAlign="right" fontWeight="bold" fontSize="12" rotation="0" fontFamily="Arial" scale="1" text="KT-YT-1" param="" color="0" x="151" y="104"/>
    <KTTB deviceID="337" scale="0.4" isPop="true" popType="redirect" rotation="0" x="215" y="37"/>
    <TEXT widthInChars="4" deviceID="" textAlign="right" fontWeight="bold" fontSize="12" rotation="0" fontFamily="Arial" scale="1" text="KT-YT-2" param="" color="0" x="206" y="21"/>
    <KTTB deviceID="339" scale="0.4" isPop="true" popType="redirect" rotation="0" x="256" y="96"/>
    <TEXT widthInChars="4" deviceID="" textAlign="right" fontWeight="bold" fontSize="12" rotation="0" fontFamily="Arial" scale="1" text="KT-YT-3" param="" color="0" x="246" y="124"/>
    <KTTB deviceID="341" scale="0.4" isPop="true" popType="redirect" rotation="0" x="305" y="96"/>
    <TEXT widthInChars="4" deviceID="" textAlign="right" fontWeight="bold" fontSize="12" rotation="0" fontFamily="Arial" scale="1" text="KT-YT-4" param="" color="0" x="297" y="123"/>
    <KTTB deviceID="342" scale="0.4" isPop="true" popType="redirect" rotation="0" x="348" y="97"/>
    <TEXT widthInChars="4" deviceID="" textAlign="right" fontWeight="bold" fontSize="12" rotation="0" fontFamily="Arial" scale="1" text="KT-YT-5" param="" color="0" x="346" y="123"/>
    <KTTB deviceID="343" scale="0.4" isPop="true" popType="redirect" rotation="0" x="380" y="19"/>
    <TEXT widthInChars="4" deviceID="" textAlign="right" fontWeight="bold" fontSize="12" rotation="0" fontFamily="Arial" scale="1" text="KT-YT-6" param="" color="0" x="372" y="47"/>
    <KTTB deviceID="338" scale="0.4" isPop="true" popType="redirect" rotation="0" x="203" y="66"/>
    <TEXT widthInChars="4" deviceID="" textAlign="right" fontWeight="bold" fontSize="12" rotation="0" fontFamily="Arial" scale="1" text="KT-YT-13" param="" color="0" x="153" y="70"/>
    <KTTB deviceID="340" scale="0.4" isPop="true" popType="redirect" rotation="0" x="325" y="6"/>
    <TEXT widthInChars="4" deviceID="" textAlign="right" fontWeight="bold" fontSize="12" rotation="0" fontFamily="Arial" scale="1" text="KT-YT-11" param="" color="0" x="313" y="35"/>
    <KTTB deviceID="344" scale="0.4" isPop="true" popType="redirect" rotation="0" x="436" y="10"/>
    <TEXT widthInChars="4" deviceID="" textAlign="right" fontWeight="bold" fontSize="12" rotation="0" fontFamily="Arial" scale="1" text="KT-YT-8" param="" color="0" x="427" y="39"/>
    <KTTB deviceID="345" scale="0.4" isPop="true" popType="redirect" rotation="0" x="396" y="195"/>
    <TEXT widthInChars="4" deviceID="" textAlign="right" fontWeight="bold" fontSize="12" rotation="0" fontFamily="Arial" scale="1" text="KT-YT-7" param="" color="0" x="386" y="223"/>
    <KTTB deviceID="346" scale="0.4" isPop="true" popType="redirect" rotation="0" x="444" y="202"/>
    <KTTB deviceID="347" scale="0.4" isPop="true" popType="redirect" rotation="0" x="476" y="203"/>
    <TEXT widthInChars="4" deviceID="" textAlign="right" fontWeight="bold" fontSize="12" rotation="0" fontFamily="Arial" scale="1" text="KT-YT-9" param="" color="0" x="432" y="230"/>
    <TEXT widthInChars="4" deviceID="" textAlign="right" fontWeight="bold" fontSize="12" rotation="0" fontFamily="Arial" scale="1" text="KT-YT-10" param="" color="0" x="471" y="184"/>
    <KTTB deviceID="348" scale="0.4" isPop="true" popType="redirect" rotation="0" x="516" y="95"/>
    <TEXT widthInChars="4" deviceID="" textAlign="right" fontWeight="bold" fontSize="12" rotation="0" fontFamily="Arial" scale="1" text="KT-YT-12" param="" color="0" x="506" y="123"/>
  </Components>
</Configration>