<?xml version="1.0" encoding="utf-8"?>
<Configration Width="1434" Height="714">
  <LIST>
    <Component>
      <ENTRANCE/>
      <BQSX/>
    </Component>
    <Image>
      <F6NODE source="mapAssets/mapImages/F6Node.png" group="map"/>
      <TULI source="assets/comp/TULI/TULI.png"/>
      <MJN source="assets/comp/TULI/MJN.png"/>
      <MJA source="assets/comp/TULI/MJA.png"/>
    </Image>
  </LIST>
  <Components>
    <F6NODE x="0" y="0" rotation="0" scaleX="1" scaleY="1"/>
    <ENTRANCE x="1151" deviceID="436" scaleX="0.3" rotation="0" y="544" scaleY="0.3" isPop="true" popType="list" width="80" height="80"/>
    <TEXT fontFamily="微软雅黑" x="995" y="531" scaleX="1" param="" height="24" color="255" sizeAuto="true" fontSize="16" scaleY="1" borderColor="0xffffff" text="百货南面楼梯西门" deviceID="" contentBackgroundAlpha="0" fontWeight="normal" borderVisible="false" rotation="0" textAlign="center" contentBackgroundColor="16777215" width="130" widthInChars="4"/>
    <BQSX x="1061" deviceID="179" scaleX="0.25" rotation="0" y="561" scaleY="0.25" isPop="true" popType="video" width="80" height="80"/>
    <TULI x="1230" y="600" rotation="0" scaleX="0.9" scaleY="0.9"/>
    <TEXT fontFamily="微软雅黑" x="1255" y="630" scaleX="1" param="" height="24" color="0" sizeAuto="true" fontSize="16" scaleY="1" borderColor="0xffffff" text="正常" deviceID="" contentBackgroundAlpha="0" fontWeight="normal" borderVisible="false" rotation="0" textAlign="center" width="34" widthInChars="4"/>
    <TEXT fontFamily="微软雅黑" x="1315" y="630" scaleX="1" param="" height="24" color="0" sizeAuto="true" fontSize="16" scaleY="1" borderColor="0xffffff" text="报警" deviceID="" contentBackgroundAlpha="0" fontWeight="normal" borderVisible="false" rotation="0" textAlign="center" width="34" widthInChars="4"/>
    <TEXT fontFamily="微软雅黑" x="1375" y="630" scaleX="1" param="" height="24" color="0" sizeAuto="true" fontSize="16" scaleY="1" borderColor="0xffffff" text="摄像" deviceID="" contentBackgroundAlpha="0" fontWeight="normal" borderVisible="false" rotation="0" textAlign="center" width="34" widthInChars="4"/>
    <MJN x="1255" y="655" rotation="0" scaleX="0.5" scaleY="0.5"/>
    <MJA x="1315" y="655" rotation="0" scaleX="0.5" scaleY="0.5"/>
    <BQSX x="1375" deviceID="" scaleX="0.5" rotation="0" y="655" scaleY="0.5" isPop="true" popType="video" width="80" height="80"/>
    <TEXT fontFamily="微软雅黑" x="1139" y="521" scaleX="1" param="" height="24" color="255" sizeAuto="true" fontSize="16" scaleY="1" borderColor="0xffffff" text="百货南面楼梯北门" deviceID="" contentBackgroundAlpha="0" fontWeight="normal" borderVisible="false" rotation="0" textAlign="center" contentBackgroundColor="16777215" width="130" widthInChars="4"/>
    <ENTRANCE x="1086" deviceID="435" scaleX="0.3" rotation="0" y="555" scaleY="0.3" isPop="true" popType="list" width="80" height="80"/>
  </Components>
</Configration>