<?xml version="1.0" encoding="utf-8"?><Configration Width="1052.6912751677853" Height="533">
  <LIST>
    <Component>
      <KTTB/>
    </Component>
    <Image>
      <F7NODE source="assets/comp/F7Node.png"/>
    </Image>
  </LIST>
  <Components>
    <F7NODE scale="0.7" rotation="0" x="50" y="0"/>
    <KTTB deviceID="481" scale="0.4" isPop="true" popType="redirect" rotation="0" x="297" y="12"/>
    <TEXT widthInChars="4" deviceID="" textAlign="right" fontWeight="bold" fontSize="12" rotation="0" fontFamily="Arial" scale="1" text="PFY-K-1" param="" color="0" x="288" y="38"/>
    <KTTB deviceID="482" scale="0.4" isPop="true" popType="redirect" rotation="0" x="363" y="12"/>
    <TEXT widthInChars="4" deviceID="" textAlign="right" fontWeight="bold" fontSize="12" rotation="0" fontFamily="Arial" scale="1" text="PFY-K-2" param="" color="0" x="355" y="38"/>
    <KTTB deviceID="483" scale="0.4" isPop="true" popType="redirect" rotation="0" x="358" y="70"/>
    <KTTB deviceID="484" scale="0.4" isPop="true" popType="redirect" rotation="0" x="358" y="100"/>
    <TEXT widthInChars="4" deviceID="" textAlign="right" fontWeight="bold" fontSize="12" rotation="0" fontFamily="Arial" scale="1" text="PFY-ST-3" param="" color="0" x="391" y="75"/>
    <TEXT widthInChars="4" deviceID="" textAlign="right" fontWeight="bold" fontSize="12" rotation="0" fontFamily="Arial" scale="1" text="PFY-ST-4" param="" color="0" x="392" y="106"/>
    <KTTB deviceID="484" scale="0.4" isPop="true" popType="redirect" rotation="0" x="279" y="158"/>
    <TEXT widthInChars="4" deviceID="" textAlign="right" fontWeight="bold" fontSize="12" rotation="0" fontFamily="Arial" scale="1" text="PFY-K-4" param="" color="0" x="269" y="186"/>
    <KTTB deviceID="34" scale="0.4" isPop="true" popType="redirect" rotation="0" x="500" y="213"/>
    <TEXT widthInChars="6" deviceID="" textAlign="right" fontWeight="bold" fontSize="12" rotation="0" fontFamily="Arial" scale="1" text="NB-AC-PF26" param="" color="0" x="475" y="240"/>
  </Components>
</Configration>