<?xml version="1.0" encoding="utf-8"?><Configration Width="1061.8187919463087" Height="542">
  <LIST>
    <Component>
      <ENTRANCE/>
    </Component>
    <Image>
      <F7NODE source="assets/comp/F7Node.png"/>
      <TULI source="assets/comp/TULI/TULI.png"/>
      <MJA source="assets/comp/TULI/MJA.png"/>
      <MJN source="assets/comp/TULI/MJN.png"/>
      <COMPASS source="assets/comp/compass.png"/>
    </Image>
  </LIST>
  <Components>
    <F7NODE scaleX="0.7" scaleY="0.7" rotation="0" scale="0.7" x="40" y="-15"/>
    <ENTRANCE scaleX="0.3" scaleY="0.3" isPop="true" deviceID="7445" scale="0.3" rotation="0" popType="list" x="468" y="17"/>
    <ENTRANCE scaleX="0.3" scaleY="0.3" isPop="true" deviceID="7444" scale="0.3" rotation="0" popType="list" x="468" y="49"/>
    <ENTRANCE scaleX="0.3" scaleY="0.3" isPop="true" deviceID="7450" scale="0.3" rotation="0" popType="list" x="479" y="210"/>
    <ENTRANCE scaleX="0.3" scaleY="0.3" isPop="true" deviceID="7448" scale="0.3" rotation="0" popType="list" x="450" y="211"/>
    <ENTRANCE scaleX="0.3" scaleY="0.3" isPop="true" deviceID="7447" scale="0.3" rotation="0" popType="list" x="450" y="188"/>
    <ENTRANCE scaleX="0.3" scaleY="0.3" isPop="true" deviceID="7449" scale="0.3" rotation="0" popType="list" x="478" y="188"/>
    <ENTRANCE scaleX="0.3" scaleY="0.3" isPop="true" deviceID="7446" scale="0.3" rotation="0" popType="list" x="490" y="18"/>
    <ENTRANCE scaleX="0.3" scaleY="0.3" isPop="true" deviceID="7443" scale="0.3" rotation="0" popType="list" x="445" y="49"/>
    <TEXT text="靠影城北梯道1、2" textAlign="right" scaleX="1" scaleY="1" fontFamily="Arial" deviceID="" widthInChars="8" color="0" param="" rotation="0" fontWeight="normal" fontSize="14" scale="1" x="515" y="17"/>
    <TEXT text="靠影城南梯道1、2" textAlign="right" scaleX="1" scaleY="1" fontFamily="Arial" deviceID="" widthInChars="8" color="0" param="" rotation="0" fontWeight="normal" fontSize="14" scale="1" x="418" y="72"/>
    <TEXT text="通平台南一号门1、2" textAlign="right" scaleX="1" scaleY="1" fontFamily="Arial" deviceID="" widthInChars="9" color="0" param="" rotation="0" fontWeight="normal" fontSize="14" scale="1" x="321" y="198"/>
    <TEXT text="通平台南二号门1、2" textAlign="right" scaleX="1" scaleY="1" fontFamily="Arial" deviceID="" widthInChars="9" color="0" param="" rotation="0" fontWeight="normal" fontSize="14" scale="1" x="501" y="197"/>
    <TULI scaleX="0.9" scaleY="0.9" rotation="0" scale="0.9" x="840" y="430"/>
    <TEXT text="正常" textAlign="right" scaleX="1" scaleY="1" fontFamily="Arial" deviceID="" widthInChars="2" color="16777215" param="" rotation="0" fontWeight="normal" fontSize="16" scale="1" x="880" y="460"/>
    <TEXT text="报警" textAlign="right" scaleX="1" scaleY="1" fontFamily="Arial" deviceID="" widthInChars="2" color="16777215" param="" rotation="0" fontWeight="normal" fontSize="16" scale="1" x="970" y="460"/>
    <MJA scaleX="0.5" scaleY="0.5" rotation="0" scale="0.5" x="970" y="480"/>
    <MJN scaleX="0.5" scaleY="0.5" rotation="0" scale="0.5" x="880" y="480"/>
    <COMPASS scale="0.5" scaleX="0.5" scaleY="0.5" x="898" y="422" rotation="-90"/>
  </Components>
</Configration>