<?xml version="1.0" encoding="utf-8"?>
<Configration Width="2001" Height="901">
  <LIST>
    <Component/>
    <Image>
      <GZDT source="assets/comp/gzdt.png"/>
      <PIPELINE2 source="assets/comp/PIPE/pipe1-2.png"/>
    </Image>
  </LIST>
  <Components>
    <GZDT x="0" source="assets/comp/gzdt.png" y="0" width="2000" group="bg" height="900"/>
    <TEXT widthInChars="4" fontWeight="normal" text="商管物业误差" sizeAuto="true" source="assets/comp/TEXTINPUT/label.png" y="150" fontFamily="微软雅黑" x="140" borderColor="0xffffff" color="0x444444" fontSize="20" textAlign="center" param="" height="24.85" deviceID="" contentBackgroundAlpha="0" width="127.7" group="commonComp" borderVisible="false"/>
    <TEXT widthInChars="4" fontWeight="normal" text="吾悦广场总电耗" sizeAuto="true" source="assets/comp/TEXTINPUT/label.png" y="50" fontFamily="微软雅黑" x="950" borderColor="0xffffff" color="0x444444" fontSize="20" textAlign="center" param="" height="25.1" deviceID="" contentBackgroundAlpha="0" width="152.75" group="commonComp" borderVisible="false"/>
    <TEXT widthInChars="4" fontWeight="normal" text="公共用电" sizeAuto="true" source="assets/comp/TEXTINPUT/label.png" y="150" fontFamily="微软雅黑" x="600" borderColor="0xffffff" color="0x444444" fontSize="20" textAlign="center" param="" height="24.85" deviceID="" contentBackgroundAlpha="0" width="85.8" group="commonComp" borderVisible="false"/>
    <TEXT widthInChars="4" fontWeight="normal" source="assets/comp/TEXTINPUT/label.png" fontFamily="微软雅黑" width="85.8" fontSize="20" height="24.85" color="0x444444" param="" deviceName="商户用电" group="commonComp" x="1400" mark="NYGLSB" sizeAuto="true" y="150" text="商户用电" borderColor="0xffffff" textAlign="center" deviceID="3120005" contentBackgroundAlpha="0" borderVisible="false"/>
    <TEXT widthInChars="4" fontWeight="normal" text="其他" sizeAuto="true" source="assets/comp/TEXTINPUT/label.png" y="150" fontFamily="微软雅黑" x="1600" borderColor="0xffffff" color="0x444444" fontSize="20" textAlign="center" param="" height="24.85" deviceID="" contentBackgroundAlpha="0" width="43.9" group="commonComp" borderVisible="false"/>
    <TEXT widthInChars="4" fontWeight="normal" text="电梯" sizeAuto="true" source="assets/comp/TEXTINPUT/label.png" y="250" fontFamily="微软雅黑" x="100" borderColor="0xffffff" color="0x444444" fontSize="20" textAlign="center" param="" height="24.85" deviceID="" contentBackgroundAlpha="0" width="43.9" group="commonComp" borderVisible="false"/>
    <TEXT widthInChars="4" fontWeight="normal" text="动力用电" sizeAuto="true" source="assets/comp/TEXTINPUT/label.png" y="250" fontFamily="微软雅黑" x="300" borderColor="0xffffff" color="0x444444" fontSize="20" textAlign="center" param="" height="24.85" deviceID="" contentBackgroundAlpha="0" width="85.8" group="commonComp" borderVisible="false"/>
    <TEXT widthInChars="4" fontWeight="normal" text="空调" sizeAuto="true" source="assets/comp/TEXTINPUT/label.png" y="250" fontFamily="微软雅黑" x="500" borderColor="0xffffff" color="0x444444" fontSize="20" textAlign="center" param="" height="24.85" deviceID="" contentBackgroundAlpha="0" width="43.9" group="commonComp" borderVisible="false"/>
    <TEXT widthInChars="4" fontWeight="normal" text="地下室" sizeAuto="true" source="assets/comp/TEXTINPUT/label.png" y="250" fontFamily="微软雅黑" x="800" borderColor="0xffffff" color="0x444444" fontSize="20" textAlign="center" param="" height="24.85" deviceID="" contentBackgroundAlpha="0" width="64.85" group="commonComp" borderVisible="false"/>
    <TEXT widthInChars="4" fontWeight="normal" text="公共照明" sizeAuto="true" source="assets/comp/TEXTINPUT/label.png" y="250" fontFamily="微软雅黑" x="1000" borderColor="0xffffff" color="0x444444" fontSize="20" textAlign="center" param="" height="24.85" deviceID="" contentBackgroundAlpha="0" width="85.8" group="commonComp" borderVisible="false"/>
    <TEXT widthInChars="4" fontWeight="normal" text="强弱电机房" sizeAuto="true" source="assets/comp/TEXTINPUT/label.png" y="250" fontFamily="微软雅黑" x="1200" borderColor="0xffffff" color="0x444444" fontSize="20" textAlign="center" param="" height="24.85" deviceID="" contentBackgroundAlpha="0" width="106.75" group="commonComp" borderVisible="false"/>
    <TEXT widthInChars="4" fontWeight="normal" text="主力店" sizeAuto="true" source="assets/comp/TEXTINPUT/label.png" y="250" fontFamily="微软雅黑" x="1450" borderColor="0xffffff" color="0x444444" fontSize="20" textAlign="center" param="" height="24.85" deviceID="" contentBackgroundAlpha="0" width="64.85" group="commonComp" borderVisible="false"/>
    <TEXT widthInChars="4" fontWeight="normal" text="次主力店" sizeAuto="true" source="assets/comp/TEXTINPUT/label.png" y="350" fontFamily="微软雅黑" x="1450" borderColor="0xffffff" color="0x444444" fontSize="20" textAlign="center" param="" height="24.85" deviceID="" contentBackgroundAlpha="0" width="85.8" group="commonComp" borderVisible="false"/>
    <TEXT widthInChars="4" fontWeight="normal" text="小商户" sizeAuto="true" source="assets/comp/TEXTINPUT/label.png" y="450" fontFamily="微软雅黑" x="1450" borderColor="0xffffff" color="0x444444" fontSize="20" textAlign="center" param="" height="24.85" deviceID="" contentBackgroundAlpha="0" width="64.85" group="commonComp" borderVisible="false"/>
    <TEXT widthInChars="4" fontWeight="normal" text="多经点位" sizeAuto="true" source="assets/comp/TEXTINPUT/label.png" y="550" fontFamily="微软雅黑" x="1450" borderColor="0xffffff" color="0x444444" fontSize="20" textAlign="center" param="" height="24.85" deviceID="" contentBackgroundAlpha="0" width="85.8" group="commonComp" borderVisible="false"/>
    <TEXT widthInChars="4" fontWeight="normal" text="广告位" sizeAuto="true" source="assets/comp/TEXTINPUT/label.png" y="750" fontFamily="微软雅黑" x="1450" borderColor="0xffffff" color="0x444444" fontSize="20" textAlign="center" param="" height="24.85" deviceID="" contentBackgroundAlpha="0" width="64.85" group="commonComp" borderVisible="false"/>
    <TEXT widthInChars="4" fontWeight="normal" text="LED大屏" sizeAuto="true" source="assets/comp/TEXTINPUT/label.png" y="650" fontFamily="微软雅黑" x="1450" borderColor="0xffffff" color="0x444444" fontSize="20" textAlign="center" param="" height="24.85" deviceID="" contentBackgroundAlpha="0" width="84.85" group="commonComp" borderVisible="false"/>
    <TEXT widthInChars="4" fontWeight="normal" text="客梯" sizeAuto="true" source="assets/comp/TEXTINPUT/label.png" y="350" fontFamily="微软雅黑" x="150" borderColor="0xffffff" color="0x444444" fontSize="20" textAlign="center" param="" height="24.85" deviceID="" contentBackgroundAlpha="0" width="43.9" group="commonComp" borderVisible="false"/>
    <TEXT widthInChars="4" fontWeight="normal" text="货梯" sizeAuto="true" source="assets/comp/TEXTINPUT/label.png" y="450" fontFamily="微软雅黑" x="150" borderColor="0xffffff" color="0x444444" fontSize="20" textAlign="center" param="" height="24.85" deviceID="" contentBackgroundAlpha="0" width="43.9" group="commonComp" borderVisible="false"/>
    <TEXT widthInChars="4" fontWeight="normal" text="扶梯" sizeAuto="true" source="assets/comp/TEXTINPUT/label.png" y="550" fontFamily="微软雅黑" x="150" borderColor="0xffffff" color="0x444444" fontSize="20" textAlign="center" param="" height="24.85" deviceID="" contentBackgroundAlpha="0" width="43.9" group="commonComp" borderVisible="false"/>
    <TEXT widthInChars="4" fontWeight="normal" text="消泵房" sizeAuto="true" source="assets/comp/TEXTINPUT/label.png" y="350" fontFamily="微软雅黑" x="350" borderColor="0xffffff" color="0x444444" fontSize="20" textAlign="center" param="" height="24.85" deviceID="" contentBackgroundAlpha="0" width="64.85" group="commonComp" borderVisible="false"/>
    <TEXT widthInChars="4" fontWeight="normal" text="强排烟机房" sizeAuto="true" source="assets/comp/TEXTINPUT/label.png" y="450" fontFamily="微软雅黑" x="350" borderColor="0xffffff" color="0x444444" fontSize="20" textAlign="center" param="" height="24.85" deviceID="" contentBackgroundAlpha="0" width="106.75" group="commonComp" borderVisible="false"/>
    <TEXT widthInChars="4" fontWeight="normal" text="生活水泵房" sizeAuto="true" source="assets/comp/TEXTINPUT/label.png" y="550" fontFamily="微软雅黑" x="350" borderColor="0xffffff" color="0x444444" fontSize="20" textAlign="center" param="" height="24.85" deviceID="" contentBackgroundAlpha="0" width="106.75" group="commonComp" borderVisible="false"/>
    <TEXT widthInChars="4" fontWeight="normal" text="排污泵" sizeAuto="true" source="assets/comp/TEXTINPUT/label.png" y="650" fontFamily="微软雅黑" x="350" borderColor="0xffffff" color="0x444444" fontSize="20" textAlign="center" param="" height="24.85" deviceID="" contentBackgroundAlpha="0" width="64.85" group="commonComp" borderVisible="false"/>
    <TEXT widthInChars="4" fontWeight="normal" text="人防用电" sizeAuto="true" source="assets/comp/TEXTINPUT/label.png" y="750" fontFamily="微软雅黑" x="350" borderColor="0xffffff" color="0x444444" fontSize="20" textAlign="center" param="" height="24.85" deviceID="" contentBackgroundAlpha="0" width="85.8" group="commonComp" borderVisible="false"/>
    <TEXT widthInChars="4" fontWeight="normal" text="冷冻站" sizeAuto="true" source="assets/comp/TEXTINPUT/label.png" y="350" fontFamily="微软雅黑" x="550" borderColor="0xffffff" color="0x444444" fontSize="20" textAlign="center" param="" height="24.85" deviceID="" contentBackgroundAlpha="0" width="64.85" group="commonComp" borderVisible="false"/>
    <TEXT widthInChars="4" fontWeight="normal" text="风机盘管及组合式空调" sizeAuto="true" source="assets/comp/TEXTINPUT/label.png" y="550" fontFamily="微软雅黑" x="550" borderColor="0xffffff" color="0x444444" fontSize="20" textAlign="center" param="" height="24.85" deviceID="" contentBackgroundAlpha="0" width="211.5" group="commonComp" borderVisible="false"/>
    <TEXT widthInChars="4" fontWeight="normal" text="水泵" sizeAuto="true" source="assets/comp/TEXTINPUT/label.png" y="650" fontFamily="微软雅黑" x="550" borderColor="0xffffff" color="0x444444" fontSize="20" textAlign="center" param="" height="24.85" deviceID="" contentBackgroundAlpha="0" width="43.9" group="commonComp" borderVisible="false"/>
    <TEXT widthInChars="4" fontWeight="normal" text="制热站" sizeAuto="true" source="assets/comp/TEXTINPUT/label.png" y="750" fontFamily="微软雅黑" x="550" borderColor="0xffffff" color="0x444444" fontSize="20" textAlign="center" param="" height="24.85" deviceID="" contentBackgroundAlpha="0" width="64.85" group="commonComp" borderVisible="false"/>
    <TEXT widthInChars="4" fontWeight="normal" text="照明" sizeAuto="true" source="assets/comp/TEXTINPUT/label.png" y="350" fontFamily="微软雅黑" x="850" borderColor="0xffffff" color="0x444444" fontSize="20" textAlign="center" param="" height="24.85" deviceID="" contentBackgroundAlpha="0" width="43.9" group="commonComp" borderVisible="false"/>
    <TEXT widthInChars="4" fontWeight="normal" text="送排风" sizeAuto="true" source="assets/comp/TEXTINPUT/label.png" y="450" fontFamily="微软雅黑" x="850" borderColor="0xffffff" color="0x444444" fontSize="20" textAlign="center" param="" height="24.85" deviceID="" contentBackgroundAlpha="0" width="64.85" group="commonComp" borderVisible="false"/>
    <TEXT widthInChars="4" fontWeight="normal" text="地下室广告位" sizeAuto="true" source="assets/comp/TEXTINPUT/label.png" y="550" fontFamily="微软雅黑" x="850" borderColor="0xffffff" color="0x444444" fontSize="20" textAlign="center" param="" height="24.85" deviceID="" contentBackgroundAlpha="0" width="127.7" group="commonComp" borderVisible="false"/>
    <TEXT widthInChars="4" fontWeight="normal" text="泛光照明" sizeAuto="true" source="assets/comp/TEXTINPUT/label.png" y="350" fontFamily="微软雅黑" x="1050" borderColor="0xffffff" color="0x444444" fontSize="20" textAlign="center" param="" height="24.85" deviceID="" contentBackgroundAlpha="0" width="85.8" group="commonComp" borderVisible="false"/>
    <TEXT widthInChars="4" fontWeight="normal" text="景观照明" sizeAuto="true" source="assets/comp/TEXTINPUT/label.png" y="450" fontFamily="微软雅黑" x="1050" borderColor="0xffffff" color="0x444444" fontSize="20" textAlign="center" param="" height="24.85" deviceID="" contentBackgroundAlpha="0" width="85.8" group="commonComp" borderVisible="false"/>
    <TEXT widthInChars="4" fontWeight="normal" text="步行街照明" sizeAuto="true" source="assets/comp/TEXTINPUT/label.png" y="550" fontFamily="微软雅黑" x="1050" borderColor="0xffffff" color="0x444444" fontSize="20" textAlign="center" param="" height="24.85" deviceID="" contentBackgroundAlpha="0" width="106.75" group="commonComp" borderVisible="false"/>
    <TEXT widthInChars="4" fontWeight="normal" text="制冷主机" sizeAuto="true" source="assets/comp/TEXTINPUT/label.png" y="320" fontFamily="微软雅黑" x="700" borderColor="0xffffff" color="0x444444" fontSize="20" textAlign="center" param="" height="24.85" deviceID="" contentBackgroundAlpha="0" width="85.8" group="commonComp" borderVisible="false"/>
    <TEXT widthInChars="4" fontWeight="normal" text="冷冻泵" sizeAuto="true" source="assets/comp/TEXTINPUT/label.png" y="370" fontFamily="微软雅黑" x="700" borderColor="0xffffff" color="0x444444" fontSize="20" textAlign="center" param="" height="24.85" deviceID="" contentBackgroundAlpha="0" width="64.85" group="commonComp" borderVisible="false"/>
    <TEXT widthInChars="4" fontWeight="normal" text="冷却泵" sizeAuto="true" source="assets/comp/TEXTINPUT/label.png" y="420" fontFamily="微软雅黑" x="700" borderColor="0xffffff" color="0x444444" fontSize="20" textAlign="center" param="" height="24.85" deviceID="" contentBackgroundAlpha="0" width="64.85" group="commonComp" borderVisible="false"/>
    <TEXT widthInChars="4" fontWeight="normal" text="冷却塔" sizeAuto="true" source="assets/comp/TEXTINPUT/label.png" y="470" fontFamily="微软雅黑" x="700" borderColor="0xffffff" color="0x444444" fontSize="20" textAlign="center" param="" height="24.85" deviceID="" contentBackgroundAlpha="0" width="64.85" group="commonComp" borderVisible="false"/>
    <TEXT widthInChars="4" fontWeight="normal" text="热水泵" sizeAuto="true" source="assets/comp/TEXTINPUT/label.png" y="750" fontFamily="微软雅黑" x="700" borderColor="0xffffff" color="0x444444" fontSize="20" textAlign="center" param="" height="24.85" deviceID="" contentBackgroundAlpha="0" width="64.85" group="commonComp" borderVisible="false"/>
    <LABEL widthInChars="4" fontWeight="normal" source="assets/comp/TEXTINPUT/text.png" fontFamily="digifaw" fontSize="12" color="3407616" param="dayEnergy" deviceName="吾悦广场总电耗" group="commonComp" contentBackgroundColor="000000" paramID="625" x="1110" mark="NYGLSB" sizeAuto="false" y="50" text="0101" borderColor="999999" textAlign="right" rotation="0" deviceID="3120002" contentBackgroundAlpha="1" borderVisible="true"/>
    <LABEL widthInChars="4" fontWeight="normal" source="assets/comp/TEXTINPUT/text.png" fontFamily="digifaw" fontSize="12" color="3407616" param="dayEnergy" deviceName="商管物业误差" group="commonComp" contentBackgroundColor="000000" paramID="625" x="281.9" mark="NYGLSB" sizeAuto="false" y="149.05" text="0101" borderColor="999999" textAlign="right" rotation="0" deviceID="3120003" contentBackgroundAlpha="1" borderVisible="true"/>
    <LABEL widthInChars="4" fontWeight="normal" source="assets/comp/TEXTINPUT/text.png" fontFamily="digifaw" fontSize="12" color="3407616" param="dayEnergy" deviceName="公共用电" group="commonComp" contentBackgroundColor="000000" paramID="625" x="695" mark="NYGLSB" sizeAuto="false" y="150" text="0101" borderColor="999999" textAlign="right" rotation="0" deviceID="3120004" contentBackgroundAlpha="1" borderVisible="true"/>
    <LABEL widthInChars="4" fontWeight="normal" source="assets/comp/TEXTINPUT/text.png" fontFamily="digifaw" fontSize="12" color="3407616" param="dayEnergy" deviceName="电梯" group="commonComp" contentBackgroundColor="000000" paramID="625" x="150" mark="NYGLSB" sizeAuto="false" y="250" text="0101" borderColor="999999" textAlign="right" rotation="0" deviceID="3120007" contentBackgroundAlpha="1" borderVisible="true"/>
    <LABEL widthInChars="4" fontWeight="normal" source="assets/comp/TEXTINPUT/text.png" fontFamily="digifaw" fontSize="12" color="3407616" param="dayEnergy" deviceName="客梯" group="commonComp" contentBackgroundColor="000000" paramID="625" x="150" mark="NYGLSB" sizeAuto="false" y="375" text="0101" borderColor="999999" textAlign="right" rotation="0" deviceID="3120019" contentBackgroundAlpha="1" borderVisible="true"/>
    <LABEL widthInChars="4" fontWeight="normal" source="assets/comp/TEXTINPUT/text.png" fontFamily="digifaw" fontSize="12" color="3407616" param="dayEnergy" deviceName="货梯" group="commonComp" contentBackgroundColor="000000" paramID="625" x="150" mark="NYGLSB" sizeAuto="false" y="475" text="0101" borderColor="999999" textAlign="right" rotation="0" deviceID="3120020" contentBackgroundAlpha="1" borderVisible="true"/>
    <LABEL widthInChars="4" fontWeight="normal" source="assets/comp/TEXTINPUT/text.png" fontFamily="digifaw" fontSize="12" color="3407616" param="dayEnergy" deviceName="扶梯" group="commonComp" contentBackgroundColor="000000" paramID="625" x="150" mark="NYGLSB" sizeAuto="false" y="575" text="0101" borderColor="999999" textAlign="right" rotation="0" deviceID="3120021" contentBackgroundAlpha="1" borderVisible="true"/>
    <LABEL widthInChars="4" fontWeight="normal" source="assets/comp/TEXTINPUT/text.png" fontFamily="digifaw" fontSize="12" color="3407616" param="dayEnergy" deviceName="动力用电" group="commonComp" contentBackgroundColor="000000" paramID="625" x="395" mark="NYGLSB" sizeAuto="false" y="250" text="0101" borderColor="999999" textAlign="right" rotation="0" deviceID="3120008" contentBackgroundAlpha="1" borderVisible="true"/>
    <LABEL widthInChars="4" fontWeight="normal" source="assets/comp/TEXTINPUT/text.png" fontFamily="digifaw" fontSize="12" color="3407616" param="dayEnergy" deviceName="空调" group="commonComp" contentBackgroundColor="000000" paramID="625" x="555" mark="NYGLSB" sizeAuto="false" y="250" text="0101" borderColor="999999" textAlign="right" rotation="0" deviceID="3120009" contentBackgroundAlpha="1" borderVisible="true"/>
    <LABEL widthInChars="4" fontWeight="normal" source="assets/comp/TEXTINPUT/text.png" fontFamily="digifaw" fontSize="12" color="3407616" param="dayEnergy" deviceName="地下室" group="commonComp" contentBackgroundColor="000000" paramID="625" x="875" mark="NYGLSB" sizeAuto="false" y="250" text="0101" borderColor="999999" textAlign="right" rotation="0" deviceID="3120010" contentBackgroundAlpha="1" borderVisible="true"/>
    <LABEL widthInChars="4" fontWeight="normal" source="assets/comp/TEXTINPUT/text.png" fontFamily="digifaw" fontSize="12" color="3407616" param="dayEnergy" deviceName="消泵房" group="commonComp" contentBackgroundColor="000000" paramID="625" x="350" mark="NYGLSB" sizeAuto="false" y="375" text="0101" borderColor="999999" textAlign="right" rotation="0" deviceID="3120022" contentBackgroundAlpha="1" borderVisible="true"/>
    <LABEL widthInChars="4" fontWeight="normal" source="assets/comp/TEXTINPUT/text.png" fontFamily="digifaw" fontSize="12" color="3407616" param="dayEnergy" deviceName="强排烟机房" group="commonComp" contentBackgroundColor="000000" paramID="625" x="350" mark="NYGLSB" sizeAuto="false" y="475" text="0101" borderColor="999999" textAlign="right" rotation="0" deviceID="3120023" contentBackgroundAlpha="1" borderVisible="true"/>
    <LABEL widthInChars="4" fontWeight="normal" source="assets/comp/TEXTINPUT/text.png" fontFamily="digifaw" fontSize="12" color="3407616" param="dayEnergy" deviceName="生活水泵房" group="commonComp" contentBackgroundColor="000000" paramID="625" x="350" mark="NYGLSB" sizeAuto="false" y="575" text="0101" borderColor="999999" textAlign="right" rotation="0" deviceID="3120024" contentBackgroundAlpha="1" borderVisible="true"/>
    <LABEL widthInChars="4" fontWeight="normal" source="assets/comp/TEXTINPUT/text.png" fontFamily="digifaw" fontSize="12" color="3407616" param="dayEnergy" deviceName="排污泵" group="commonComp" contentBackgroundColor="000000" paramID="625" x="350" mark="NYGLSB" sizeAuto="false" y="675" text="0101" borderColor="999999" textAlign="right" rotation="0" deviceID="3120025" contentBackgroundAlpha="1" borderVisible="true"/>
    <LABEL widthInChars="4" fontWeight="normal" source="assets/comp/TEXTINPUT/text.png" fontFamily="digifaw" fontSize="12" color="3407616" param="dayEnergy" deviceName="人防用电" group="commonComp" contentBackgroundColor="000000" paramID="625" x="350" mark="NYGLSB" sizeAuto="false" y="775" text="0101" borderColor="999999" textAlign="right" rotation="0" deviceID="3120026" contentBackgroundAlpha="1" borderVisible="true"/>
    <LABEL widthInChars="4" fontWeight="normal" source="assets/comp/TEXTINPUT/text.png" fontFamily="digifaw" fontSize="12" color="3407616" param="dayEnergy" deviceName="制热站" group="commonComp" contentBackgroundColor="000000" paramID="625" x="550" mark="NYGLSB" sizeAuto="false" y="775" text="0101" borderColor="999999" textAlign="right" rotation="0" deviceID="3120030" contentBackgroundAlpha="1" borderVisible="true"/>
    <LABEL widthInChars="4" fontWeight="normal" source="assets/comp/TEXTINPUT/text.png" fontFamily="digifaw" fontSize="12" color="3407616" param="dayEnergy" deviceName="热水泵" group="commonComp" contentBackgroundColor="000000" paramID="625" x="700" mark="NYGLSB" sizeAuto="false" y="775" text="0101" borderColor="999999" textAlign="right" rotation="0" deviceID="3120041" contentBackgroundAlpha="1" borderVisible="true"/>
    <LABEL widthInChars="4" fontWeight="normal" source="assets/comp/TEXTINPUT/text.png" fontFamily="digifaw" fontSize="12" color="3407616" param="dayEnergy" deviceName="水泵" group="commonComp" contentBackgroundColor="000000" paramID="625" x="550" mark="NYGLSB" sizeAuto="false" y="675" text="0101" borderColor="999999" textAlign="right" rotation="0" deviceID="3120029" contentBackgroundAlpha="1" borderVisible="true"/>
    <LABEL widthInChars="4" fontWeight="normal" source="assets/comp/TEXTINPUT/text.png" fontFamily="digifaw" fontSize="12" color="3407616" param="dayEnergy" deviceName="风机盘管及组合式空调" group="commonComp" contentBackgroundColor="000000" paramID="625" x="550" mark="NYGLSB" sizeAuto="false" y="575" text="0101" borderColor="999999" textAlign="right" rotation="0" deviceID="3120028" contentBackgroundAlpha="1" borderVisible="true"/>
    <LABEL widthInChars="4" fontWeight="normal" source="assets/comp/TEXTINPUT/text.png" fontFamily="digifaw" fontSize="12" color="3407616" param="dayEnergy" deviceName="冷冻站" group="commonComp" contentBackgroundColor="000000" paramID="625" x="550" mark="NYGLSB" sizeAuto="false" y="375" text="0101" borderColor="999999" textAlign="right" rotation="0" deviceID="3120027" contentBackgroundAlpha="1" borderVisible="true"/>
    <LABEL widthInChars="4" fontWeight="normal" source="assets/comp/TEXTINPUT/text.png" fontFamily="digifaw" fontSize="12" color="3407616" param="dayEnergy" deviceName="制冷主机" group="commonComp" contentBackgroundColor="000000" paramID="625" x="700" mark="NYGLSB" sizeAuto="false" y="345" text="0101" borderColor="999999" textAlign="right" rotation="0" deviceID="3120037" contentBackgroundAlpha="1" borderVisible="true"/>
    <LABEL widthInChars="4" fontWeight="normal" source="assets/comp/TEXTINPUT/text.png" fontFamily="digifaw" fontSize="12" color="3407616" param="dayEnergy" deviceName="冷冻泵" group="commonComp" contentBackgroundColor="000000" paramID="625" x="700" mark="NYGLSB" sizeAuto="false" y="395" text="0101" borderColor="999999" textAlign="right" rotation="0" deviceID="3120038" contentBackgroundAlpha="1" borderVisible="true"/>
    <LABEL widthInChars="4" fontWeight="normal" source="assets/comp/TEXTINPUT/text.png" fontFamily="digifaw" fontSize="12" color="3407616" param="dayEnergy" deviceName="冷却泵" group="commonComp" contentBackgroundColor="000000" paramID="625" x="700" mark="NYGLSB" sizeAuto="false" y="445" text="0101" borderColor="999999" textAlign="right" rotation="0" deviceID="3120039" contentBackgroundAlpha="1" borderVisible="true"/>
    <LABEL widthInChars="4" fontWeight="normal" source="assets/comp/TEXTINPUT/text.png" fontFamily="digifaw" fontSize="12" color="3407616" param="dayEnergy" deviceName="冷却塔" group="commonComp" contentBackgroundColor="000000" paramID="625" x="700" mark="NYGLSB" sizeAuto="false" y="495" text="0101" borderColor="999999" textAlign="right" rotation="0" deviceID="3120040" contentBackgroundAlpha="1" borderVisible="true"/>
    <LABEL widthInChars="4" fontWeight="normal" source="assets/comp/TEXTINPUT/text.png" fontFamily="digifaw" fontSize="12" color="3407616" param="dayEnergy" deviceName="地下室广告位" group="commonComp" contentBackgroundColor="000000" paramID="625" x="855" mark="NYGLSB" sizeAuto="false" y="575" text="0101" borderColor="999999" textAlign="right" rotation="0" deviceID="3120033" contentBackgroundAlpha="1" borderVisible="true"/>
    <LABEL widthInChars="4" fontWeight="normal" source="assets/comp/TEXTINPUT/text.png" fontFamily="digifaw" fontSize="12" color="3407616" param="dayEnergy" deviceName="送排风" group="commonComp" contentBackgroundColor="000000" paramID="625" x="850" mark="NYGLSB" sizeAuto="false" y="475" text="0101" borderColor="999999" textAlign="right" rotation="0" deviceID="3120032" contentBackgroundAlpha="1" borderVisible="true"/>
    <LABEL widthInChars="4" fontWeight="normal" source="assets/comp/TEXTINPUT/text.png" fontFamily="digifaw" fontSize="12" color="3407616" param="dayEnergy" deviceName="照明" group="commonComp" contentBackgroundColor="000000" paramID="625" x="850" mark="NYGLSB" sizeAuto="false" y="375" text="0101" borderColor="999999" textAlign="right" rotation="0" deviceID="3120031" contentBackgroundAlpha="1" borderVisible="true"/>
    <LABEL widthInChars="4" fontWeight="normal" source="assets/comp/TEXTINPUT/text.png" fontFamily="digifaw" fontSize="12" color="3407616" param="dayEnergy" deviceName="公共照明" group="commonComp" contentBackgroundColor="000000" paramID="625" x="1095" mark="NYGLSB" sizeAuto="false" y="250" text="0101" borderColor="999999" textAlign="right" rotation="0" deviceID="3120011" contentBackgroundAlpha="1" borderVisible="true"/>
    <LABEL widthInChars="4" fontWeight="normal" source="assets/comp/TEXTINPUT/text.png" fontFamily="digifaw" fontSize="12" color="3407616" param="dayEnergy" deviceName="泛光照明" group="commonComp" contentBackgroundColor="000000" paramID="625" x="1050" mark="NYGLSB" sizeAuto="false" y="375" text="0101" borderColor="999999" textAlign="right" rotation="0" deviceID="3120034" contentBackgroundAlpha="1" borderVisible="true"/>
    <LABEL widthInChars="4" fontWeight="normal" source="assets/comp/TEXTINPUT/text.png" fontFamily="digifaw" fontSize="12" color="3407616" param="dayEnergy" deviceName="景观照明" group="commonComp" contentBackgroundColor="000000" paramID="625" x="1050" mark="NYGLSB" sizeAuto="false" y="475" text="0101" borderColor="999999" textAlign="right" rotation="0" deviceID="3120035" contentBackgroundAlpha="1" borderVisible="true"/>
    <LABEL widthInChars="4" fontWeight="normal" source="assets/comp/TEXTINPUT/text.png" fontFamily="digifaw" fontSize="12" color="3407616" param="dayEnergy" deviceName="步行街照明" group="commonComp" contentBackgroundColor="000000" paramID="625" x="1050" mark="NYGLSB" sizeAuto="false" y="575" text="0101" borderColor="999999" textAlign="right" rotation="0" deviceID="3120036" contentBackgroundAlpha="1" borderVisible="true"/>
    <LABEL widthInChars="4" fontWeight="normal" source="assets/comp/TEXTINPUT/text.png" fontFamily="digifaw" fontSize="12" color="3407616" param="dayEnergy" deviceName="强弱电机房" group="commonComp" contentBackgroundColor="000000" paramID="625" x="1315" mark="NYGLSB" sizeAuto="false" y="250" text="0101" borderColor="999999" textAlign="right" rotation="0" deviceID="3120012" contentBackgroundAlpha="1" borderVisible="true"/>
    <LABEL widthInChars="4" fontWeight="normal" source="assets/comp/TEXTINPUT/text.png" fontFamily="digifaw" fontSize="12" color="3407616" param="dayEnergy" deviceName="广告位" group="commonComp" contentBackgroundColor="000000" paramID="625" x="1450" mark="NYGLSB" sizeAuto="false" y="775" text="0101" borderColor="999999" textAlign="right" rotation="0" deviceID="3120018" contentBackgroundAlpha="1" borderVisible="true"/>
    <LABEL widthInChars="4" fontWeight="normal" source="assets/comp/TEXTINPUT/text.png" fontFamily="digifaw" fontSize="12" color="3407616" param="dayEnergy" deviceName="LED大屏" group="commonComp" contentBackgroundColor="000000" paramID="625" x="1450" mark="NYGLSB" sizeAuto="false" y="675" text="0101" borderColor="999999" textAlign="right" rotation="0" deviceID="3120017" contentBackgroundAlpha="1" borderVisible="true"/>
    <LABEL widthInChars="4" fontWeight="normal" source="assets/comp/TEXTINPUT/text.png" fontFamily="digifaw" fontSize="12" color="3407616" param="dayEnergy" deviceName="多经点位" group="commonComp" contentBackgroundColor="000000" paramID="625" x="1450" mark="NYGLSB" sizeAuto="false" y="575" text="0101" borderColor="999999" textAlign="right" rotation="0" deviceID="3120016" contentBackgroundAlpha="1" borderVisible="true"/>
    <LABEL widthInChars="4" fontWeight="normal" source="assets/comp/TEXTINPUT/text.png" fontFamily="digifaw" fontSize="12" color="3407616" param="dayEnergy" deviceName="小商户" group="commonComp" contentBackgroundColor="000000" paramID="625" x="1450" mark="NYGLSB" sizeAuto="false" y="475" text="0101" borderColor="999999" textAlign="right" rotation="0" deviceID="3120015" contentBackgroundAlpha="1" borderVisible="true"/>
    <LABEL widthInChars="4" fontWeight="normal" source="assets/comp/TEXTINPUT/text.png" fontFamily="digifaw" fontSize="12" color="3407616" param="dayEnergy" deviceName="次主力店" group="commonComp" contentBackgroundColor="000000" paramID="625" x="1450" mark="NYGLSB" sizeAuto="false" y="375" text="0101" borderColor="999999" textAlign="right" rotation="0" deviceID="3120014" contentBackgroundAlpha="1" borderVisible="true"/>
    <LABEL widthInChars="4" fontWeight="normal" source="assets/comp/TEXTINPUT/text.png" fontFamily="digifaw" fontSize="12" color="3407616" param="dayEnergy" deviceName="主力店" group="commonComp" contentBackgroundColor="000000" paramID="625" x="1450" mark="NYGLSB" sizeAuto="false" y="275" text="0101" borderColor="999999" textAlign="right" rotation="0" deviceID="3120013" contentBackgroundAlpha="1" borderVisible="true"/>
    <LABEL widthInChars="4" fontWeight="normal" source="assets/comp/TEXTINPUT/text.png" fontFamily="digifaw" fontSize="12" color="3407616" param="dayEnergy" deviceName="商户用电" group="commonComp" contentBackgroundColor="000000" paramID="625" x="1500" mark="NYGLSB" sizeAuto="false" y="150" text="0101" borderColor="999999" textAlign="right" rotation="0" deviceID="3120005" contentBackgroundAlpha="1" borderVisible="true"/>
    <LABEL widthInChars="4" fontWeight="normal" source="assets/comp/TEXTINPUT/text.png" fontFamily="digifaw" fontSize="12" color="3407616" param="dayEnergy" deviceName="其它" group="commonComp" contentBackgroundColor="000000" paramID="625" x="1660" mark="NYGLSB" sizeAuto="false" y="150" text="0101" borderColor="999999" textAlign="right" rotation="0" deviceID="3120006" contentBackgroundAlpha="1" borderVisible="true"/>
    <PIPELINE2 scaleY="0.8" x="1025" source="assets/comp/PIPE/pipe1-2.png" y="83" width="12" height="40" scaleX="0.5" group="pipe"/>
    <PIPELINE2 scaleY="35.5" x="200" source="assets/comp/PIPE/pipe1-2.png" y="121" width="12" height="40" rotation="-90" scaleX="0.5" group="pipe"/>
    <PIPELINE2 scaleY="0.8" x="1410" source="assets/comp/PIPE/pipe1-2.png" y="120" width="12" height="40" scaleX="0.5" group="pipe"/>
    <PIPELINE2 scaleY="0.8" x="1614" source="assets/comp/PIPE/pipe1-2.png" y="120" width="12" height="40" scaleX="0.5" group="pipe"/>
    <PIPELINE2 scaleY="0.8" x="200" source="assets/comp/PIPE/pipe1-2.png" y="120" width="12" height="40" scaleX="0.5" group="pipe"/>
    <PIPELINE2 scaleY="0.8" x="645" source="assets/comp/PIPE/pipe1-2.png" y="120" width="12" height="40" scaleX="0.5" group="pipe"/>
    <PIPELINE2 scaleY="0.8" x="645" source="assets/comp/PIPE/pipe1-2.png" y="175" width="12" height="40" scaleX="0.5" group="pipe"/>
    <PIPELINE2 scaleY="27.65" x="111" source="assets/comp/PIPE/pipe1-2.png" y="212.35000000000002" width="12" height="40" rotation="-90" scaleX="0.5" group="pipe"/>
    <PIPELINE2 scaleY="14.75" x="1410" source="assets/comp/PIPE/pipe1-2.png" y="175" width="12" height="40" scaleX="0.5" group="pipe"/>
    <PIPELINE2 scaleY="0.8" x="1416" source="assets/comp/PIPE/pipe1-2.png" y="265" width="12" height="40" rotation="-90" scaleX="0.5" group="pipe"/>
    <PIPELINE2 scaleY="0.8" x="1416" source="assets/comp/PIPE/pipe1-2.png" y="365" width="12" height="40" rotation="-90" scaleX="0.5" group="pipe"/>
    <PIPELINE2 scaleY="0.8" x="1416" source="assets/comp/PIPE/pipe1-2.png" y="465" width="12" height="40" rotation="-90" scaleX="0.5" group="pipe"/>
    <PIPELINE2 scaleY="0.8" x="1416" source="assets/comp/PIPE/pipe1-2.png" y="565" width="12" height="40" rotation="-90" scaleX="0.5" group="pipe"/>
    <PIPELINE2 scaleY="0.8" x="1416" source="assets/comp/PIPE/pipe1-2.png" y="665" width="12" height="40" rotation="-90" scaleX="0.5" group="pipe"/>
    <PIPELINE2 scaleY="0.8" x="1416" source="assets/comp/PIPE/pipe1-2.png" y="765" width="12" height="40" rotation="-90" scaleX="0.5" group="pipe"/>
    <PIPELINE2 scaleY="1" x="110" source="assets/comp/PIPE/pipe1-2.png" y="211" width="12" height="40" scaleX="0.5" group="pipe"/>
    <PIPELINE2 scaleY="1" x="310" source="assets/comp/PIPE/pipe1-2.png" y="211" width="12" height="40" scaleX="0.5" group="pipe"/>
    <PIPELINE2 scaleY="1" x="510" source="assets/comp/PIPE/pipe1-2.png" y="211" width="12" height="40" scaleX="0.5" group="pipe"/>
    <PIPELINE2 scaleY="1" x="810" source="assets/comp/PIPE/pipe1-2.png" y="211" width="12" height="40" scaleX="0.5" group="pipe"/>
    <PIPELINE2 scaleY="1" x="1010" source="assets/comp/PIPE/pipe1-2.png" y="211" width="12" height="40" scaleX="0.5" group="pipe"/>
    <PIPELINE2 scaleY="1" x="1210" source="assets/comp/PIPE/pipe1-2.png" y="211" width="12" height="40" scaleX="0.5" group="pipe"/>
    <PIPELINE2 scaleY="7.2" x="110" source="assets/comp/PIPE/pipe1-2.png" y="277" width="12" height="40" scaleX="0.5" group="pipe"/>
    <PIPELINE2 scaleY="0.8" x="116" source="assets/comp/PIPE/pipe1-2.png" y="365" width="12" height="40" rotation="-90" scaleX="0.5" group="pipe"/>
    <PIPELINE2 scaleY="0.8" x="116" source="assets/comp/PIPE/pipe1-2.png" y="465" width="12" height="40" rotation="-90" scaleX="0.5" group="pipe"/>
    <PIPELINE2 scaleY="0.8" x="116" source="assets/comp/PIPE/pipe1-2.png" y="565" width="12" height="40" rotation="-90" scaleX="0.5" group="pipe"/>
    <PIPELINE2 scaleY="12.2" x="310" source="assets/comp/PIPE/pipe1-2.png" y="277" width="12" height="40" scaleX="0.5" group="pipe"/>
    <PIPELINE2 scaleY="0.8" x="316.00000000000006" source="assets/comp/PIPE/pipe1-2.png" y="365" width="12" height="40" rotation="-90" scaleX="0.5" group="pipe"/>
    <PIPELINE2 scaleY="0.8" x="316" source="assets/comp/PIPE/pipe1-2.png" y="465" width="12" height="40" rotation="-90" scaleX="0.5" group="pipe"/>
    <PIPELINE2 scaleY="0.8" x="316" source="assets/comp/PIPE/pipe1-2.png" y="565" width="12" height="40" rotation="-90" scaleX="0.5" group="pipe"/>
    <PIPELINE2 scaleY="0.8" x="316" source="assets/comp/PIPE/pipe1-2.png" y="665" width="12" height="40" rotation="-90" scaleX="0.5" group="pipe"/>
    <PIPELINE2 scaleY="12.2" x="510" source="assets/comp/PIPE/pipe1-2.png" y="277" width="12" height="40" scaleX="0.5" group="pipe"/>
    <PIPELINE2 scaleY="0.8" x="316" source="assets/comp/PIPE/pipe1-2.png" y="765" width="12" height="40" rotation="-90" scaleX="0.5" group="pipe"/>
    <PIPELINE2 scaleY="0.8" x="516" source="assets/comp/PIPE/pipe1-2.png" y="365" width="12" height="40" rotation="-90" scaleX="0.5" group="pipe"/>
    <PIPELINE2 scaleY="0.8" x="516" source="assets/comp/PIPE/pipe1-2.png" y="565" width="12" height="40" rotation="-90" scaleX="0.5" group="pipe"/>
    <PIPELINE2 scaleY="0.8" x="516" source="assets/comp/PIPE/pipe1-2.png" y="665" width="12" height="40" rotation="-90" scaleX="0.5" group="pipe"/>
    <PIPELINE2 scaleY="0.8" x="516" source="assets/comp/PIPE/pipe1-2.png" y="765" width="12" height="40" rotation="-90" scaleX="0.5" group="pipe"/>
    <PIPELINE2 scaleY="7.2" x="810" source="assets/comp/PIPE/pipe1-2.png" y="277" width="12" height="40" scaleX="0.5" group="pipe"/>
    <PIPELINE2 scaleY="0.8" x="816" source="assets/comp/PIPE/pipe1-2.png" y="365" width="12" height="40" rotation="-90" scaleX="0.5" group="pipe"/>
    <PIPELINE2 scaleY="0.8" x="816" source="assets/comp/PIPE/pipe1-2.png" y="465" width="12" height="40" rotation="-90" scaleX="0.5" group="pipe"/>
    <PIPELINE2 scaleY="0.8" x="816" source="assets/comp/PIPE/pipe1-2.png" y="565" width="12" height="40" rotation="-90" scaleX="0.5" group="pipe"/>
    <PIPELINE2 scaleY="7.22" x="1010" source="assets/comp/PIPE/pipe1-2.png" y="277" width="12" height="40" scaleX="0.5" group="pipe"/>
    <PIPELINE2 scaleY="0.8" x="1016" source="assets/comp/PIPE/pipe1-2.png" y="365" width="12" height="40" rotation="-90" scaleX="0.5" group="pipe"/>
    <PIPELINE2 scaleY="0.8" x="1016" source="assets/comp/PIPE/pipe1-2.png" y="465" width="12" height="40" rotation="-90" scaleX="0.5" group="pipe"/>
    <PIPELINE2 scaleY="0.8" x="1016" source="assets/comp/PIPE/pipe1-2.png" y="565" width="12" height="40" rotation="-90" scaleX="0.5" group="pipe"/>
    <PIPELINE2 scaleY="0.8" x="615" source="assets/comp/PIPE/pipe1-2.png" y="365" width="12" height="40" rotation="-90" scaleX="0.5" group="pipe"/>
    <PIPELINE2 scaleY="1.1" x="653" source="assets/comp/PIPE/pipe1-2.png" y="335" width="12" height="40" rotation="-90" scaleX="0.5" group="pipe"/>
    <PIPELINE2 scaleY="2.1" x="615" source="assets/comp/PIPE/pipe1-2.png" y="765" width="12" height="40" rotation="-90" scaleX="0.5" group="pipe"/>
    <PIPELINE2 scaleY="3.9" x="647" source="assets/comp/PIPE/pipe1-2.png" y="329" width="12" height="40" scaleX="0.5" group="pipe"/>
    <PIPELINE2 scaleY="1.1" x="653" source="assets/comp/PIPE/pipe1-2.png" y="385" width="12" height="40" rotation="-90" scaleX="0.5" group="pipe"/>
    <PIPELINE2 scaleY="1.1" x="653" source="assets/comp/PIPE/pipe1-2.png" y="435" width="12" height="40" rotation="-90" scaleX="0.5" group="pipe"/>
    <PIPELINE2 scaleY="1.1" x="653" source="assets/comp/PIPE/pipe1-2.png" y="485" width="12" height="40" rotation="-90" scaleX="0.5" group="pipe"/>
  </Components>
</Configration>