<?xml version="1.0" encoding="utf-8"?>
<Configration Width="1434" Height="714">
  <LIST>
    <Component>
      <JSBJ/>
      <DWCQ/>
      <YCQ/>
      <HANDBTN/>
    </Component>
    <Image>
      <XFFQF2Q3 source="mapAssets/mapImages/XFFQF2/XFFQF2_3.png" group="map"/>
    </Image>
  </LIST>
  <Components>
    <XFFQF2Q3 ky="0" x="0" scaleX="1" scaleY="1" rotation="0" isLocation="true" ay="29" y="0" ax="351" kx="0"/>
    <JSBJ x="348" isToolTip="true" y="451" scaleY="0.3" rotation="0" scaleX="0.3" deviceID="24045" isPop="true" popType="subList" width="80" height="80"/>
    <DWCQ x="359" isToolTip="true" y="471" scaleY="0.3" rotation="0" scaleX="0.3" deviceID="23913" isPop="true" popType="video" width="80" height="80"/>
    <DWCQ x="359" isToolTip="true" y="494" scaleY="0.3" rotation="0" scaleX="0.3" deviceID="23914" isPop="true" popType="video" width="80" height="80"/>
    <YCQ x="378" isToolTip="true" y="456" scaleY="0.3" rotation="0" scaleX="0.3" deviceID="23198" isPop="true" popType="subList" width="80" height="80"/>
    <HANDBTN x="349" isToolTip="true" y="519" scaleY="0.3" rotation="0" scaleX="0.3" deviceID="23739" isPop="true" popType="video" width="80" height="80"/>
    <HANDBTN x="352" isToolTip="true" y="595" scaleY="0.3" rotation="0" scaleX="0.3" deviceID="23750" isPop="true" popType="video" width="80" height="80"/>
    <DWCQ x="372" isToolTip="true" y="521" scaleY="0.3" rotation="0" scaleX="0.3" deviceID="23915" isPop="true" popType="video" width="80" height="80"/>
    <YCQ x="370" isToolTip="true" y="545" scaleY="0.3" rotation="0" scaleX="0.3" deviceID="23200" isPop="true" popType="subList" width="80" height="80"/>
    <YCQ x="380" isToolTip="true" y="497" scaleY="0.3" rotation="0" scaleX="0.3" deviceID="23201" isPop="true" popType="subList" width="80" height="80"/>
    <DWCQ x="406" isToolTip="true" y="492" scaleY="0.3" rotation="0" scaleX="0.3" deviceID="23916" isPop="true" popType="video" width="80" height="80"/>
    <HANDBTN x="417" isToolTip="true" y="513" scaleY="0.3" rotation="0" scaleX="0.3" deviceID="23740" isPop="true" popType="video" width="80" height="80"/>
    <YCQ x="416" isToolTip="true" y="593" scaleY="0.3" rotation="0" scaleX="0.3" deviceID="23199" isPop="true" popType="subList" width="80" height="80"/>
    <YCQ x="429" isToolTip="true" y="539" scaleY="0.3" rotation="0" scaleX="0.3" deviceID="23204" isPop="true" popType="subList" width="80" height="80"/>
    <YCQ x="457" isToolTip="true" y="564" scaleY="0.3" rotation="0" scaleX="0.3" deviceID="23205" isPop="true" popType="subList" width="80" height="80"/>
    <YCQ x="479" isToolTip="true" y="536" scaleY="0.3" rotation="0" scaleX="0.3" deviceID="23203" isPop="true" popType="subList" width="80" height="80"/>
    <YCQ x="445" isToolTip="true" y="495" scaleY="0.3" rotation="0" scaleX="0.3" deviceID="23202" isPop="true" popType="subList" width="80" height="80"/>
    <YCQ x="446" isToolTip="true" y="458" scaleY="0.3" rotation="0" scaleX="0.3" deviceID="23197" isPop="true" popType="subList" width="80" height="80"/>
    <YCQ x="447" isToolTip="true" y="424" scaleY="0.3" rotation="0" scaleX="0.3" deviceID="23196" isPop="true" popType="subList" width="80" height="80"/>
    <YCQ x="447" isToolTip="true" y="391" scaleY="0.3" rotation="0" scaleX="0.3" deviceID="23195" isPop="true" popType="subList" width="80" height="80"/>
    <YCQ x="448" isToolTip="true" y="352" scaleY="0.3" rotation="0" scaleX="0.3" deviceID="23194" isPop="true" popType="subList" width="80" height="80"/>
    <YCQ x="448" isToolTip="true" y="319" scaleY="0.3" rotation="0" scaleX="0.3" deviceID="23193" isPop="true" popType="subList" width="80" height="80"/>
    <YCQ x="448" isToolTip="true" y="280" scaleY="0.3" rotation="0" scaleX="0.3" deviceID="23192" isPop="true" popType="subList" width="80" height="80"/>
    <YCQ x="447" isToolTip="true" y="249" scaleY="0.3" rotation="0" scaleX="0.3" deviceID="23191" isPop="true" popType="subList" width="80" height="80"/>
    <YCQ x="450" isToolTip="true" y="200" scaleY="0.3" rotation="0" scaleX="0.3" deviceID="23190" isPop="true" popType="subList" width="80" height="80"/>
    <YCQ x="498" isToolTip="true" y="195" scaleY="0.3" rotation="0" scaleX="0.3" deviceID="23189" isPop="true" popType="subList" width="80" height="80"/>
    <HANDBTN x="486" isToolTip="true" y="231" scaleY="0.3" rotation="0" scaleX="0.3" deviceID="23738" isPop="true" popType="video" width="80" height="80"/>
    <HANDBTN x="484" isToolTip="true" y="373" scaleY="0.3" rotation="0" scaleX="0.3" deviceID="23751" isPop="true" popType="video" width="80" height="80"/>
    <HANDBTN x="486" isToolTip="true" y="554" scaleY="0.3" rotation="0" scaleX="0.3" deviceID="23741" isPop="true" popType="video" width="80" height="80"/>
    <YCQ x="493" isToolTip="true" y="629" scaleY="0.3" rotation="0" scaleX="0.3" deviceID="23207" isPop="true" popType="subList" width="80" height="80"/>
    <YCQ x="514" isToolTip="true" y="246" scaleY="0.3" rotation="0" scaleX="0.3" deviceID="23223" isPop="true" popType="subList" width="80" height="80"/>
    <YCQ x="531" isToolTip="true" y="195" scaleY="0.3" rotation="0" scaleX="0.3" deviceID="23224" isPop="true" popType="subList" width="80" height="80"/>
    <YCQ x="514" isToolTip="true" y="317" scaleY="0.3" rotation="0" scaleX="0.3" deviceID="23222" isPop="true" popType="subList" width="80" height="80"/>
    <YCQ x="514" isToolTip="true" y="277" scaleY="0.3" rotation="0" scaleX="0.3" deviceID="23243" isPop="true" popType="subList" width="80" height="80"/>
    <YCQ x="513" isToolTip="true" y="353" scaleY="0.3" rotation="0" scaleX="0.3" deviceID="23221" isPop="true" popType="subList" width="80" height="80"/>
    <YCQ x="512" isToolTip="true" y="391" scaleY="0.3" rotation="0" scaleX="0.3" deviceID="23220" isPop="true" popType="subList" width="80" height="80"/>
    <YCQ x="513" isToolTip="true" y="427" scaleY="0.3" rotation="0" scaleX="0.3" deviceID="23219" isPop="true" popType="subList" width="80" height="80"/>
    <YCQ x="502" isToolTip="true" y="485" scaleY="0.3" rotation="0" scaleX="0.3" deviceID="23217" isPop="true" popType="subList" width="80" height="80"/>
    <YCQ x="535" isToolTip="true" y="482" scaleY="0.3" rotation="0" scaleX="0.3" deviceID="23218" isPop="true" popType="subList" width="80" height="80"/>
    <JSBJ x="503" isToolTip="true" y="459" scaleY="0.3" rotation="0" scaleX="0.3" deviceID="24042" isPop="true" popType="subList" width="80" height="80"/>
    <YCQ x="507" isToolTip="true" y="556" scaleY="0.3" rotation="0" scaleX="0.3" deviceID="23206" isPop="true" popType="subList" width="80" height="80"/>
    <YCQ x="540" isToolTip="true" y="557" scaleY="0.3" rotation="0" scaleX="0.3" deviceID="23216" isPop="true" popType="subList" width="80" height="80"/>
    <YCQ x="521" isToolTip="true" y="599" scaleY="0.3" rotation="0" scaleX="0.3" deviceID="23215" isPop="true" popType="subList" width="80" height="80"/>
    <YCQ x="520" isToolTip="true" y="647" scaleY="0.3" rotation="0" scaleX="0.3" deviceID="23208" isPop="true" popType="subList" width="80" height="80"/>
    <HANDBTN x="651" isToolTip="true" y="572" scaleY="0.3" rotation="0" scaleX="0.3" deviceID="23743" isPop="true" popType="video" width="80" height="80"/>
    <HANDBTN x="601" isToolTip="true" y="571" scaleY="0.3" rotation="0" scaleX="0.3" deviceID="23749" isPop="true" popType="video" width="80" height="80"/>
    <YCQ x="585" isToolTip="true" y="598" scaleY="0.3" rotation="0" scaleX="0.3" deviceID="23214" isPop="true" popType="subList" width="80" height="80"/>
    <YCQ x="585" isToolTip="true" y="649" scaleY="0.3" rotation="0" scaleX="0.3" deviceID="23209" isPop="true" popType="subList" width="80" height="80"/>
    <YCQ x="642" isToolTip="true" y="652" scaleY="0.3" rotation="0" scaleX="0.3" deviceID="23210" isPop="true" popType="subList" width="80" height="80"/>
    <YCQ x="638" isToolTip="true" y="597" scaleY="0.3" rotation="0" scaleX="0.3" deviceID="23213" isPop="true" popType="subList" width="80" height="80"/>
    <HANDBTN x="620" isToolTip="true" y="652" scaleY="0.3" rotation="0" scaleX="0.3" deviceID="23742" isPop="true" popType="video" width="80" height="80"/>
    <YCQ x="678" isToolTip="true" y="599" scaleY="0.3" rotation="0" scaleX="0.3" deviceID="23212" isPop="true" popType="subList" width="80" height="80"/>
    <YCQ x="678" isToolTip="true" y="641" scaleY="0.3" rotation="0" scaleX="0.3" deviceID="23211" isPop="true" popType="subList" width="80" height="80"/>
    <YCQ x="709" isToolTip="true" y="601" scaleY="0.3" rotation="0" scaleX="0.3" deviceID="23137" isPop="true" popType="subList" width="80" height="80"/>
    <YCQ x="709" isToolTip="true" y="639" scaleY="0.3" rotation="0" scaleX="0.3" deviceID="23138" isPop="true" popType="subList" width="80" height="80"/>
    <YCQ x="788" isToolTip="true" y="645" scaleY="0.3" rotation="0" scaleX="0.3" deviceID="23141" isPop="true" popType="subList" width="80" height="80"/>
    <YCQ x="743" isToolTip="true" y="612" scaleY="0.3" rotation="0" scaleX="0.3" deviceID="23144" isPop="true" popType="subList" width="80" height="80"/>
    <YCQ x="787" isToolTip="true" y="602" scaleY="0.3" rotation="0" scaleX="0.3" deviceID="23146" isPop="true" popType="subList" width="80" height="80"/>
    <YCQ x="789" isToolTip="true" y="581" scaleY="0.3" rotation="0" scaleX="0.3" deviceID="23145" isPop="true" popType="subList" width="80" height="80"/>
    <YCQ x="744" isToolTip="true" y="573" scaleY="0.3" rotation="0" scaleX="0.3" deviceID="23143" isPop="true" popType="subList" width="80" height="80"/>
    <HANDBTN x="765" isToolTip="true" y="583" scaleY="0.3" rotation="0" scaleX="0.3" deviceID="23726" isPop="true" popType="video" width="80" height="80"/>
    <HANDBTN x="764" isToolTip="true" y="562" scaleY="0.3" rotation="0" scaleX="0.3" deviceID="23727" isPop="true" popType="video" width="80" height="80"/>
    <DWCQ x="788" isToolTip="true" y="561" scaleY="0.3" rotation="0" scaleX="0.3" deviceID="23908" isPop="true" popType="video" width="80" height="80"/>
    <YCQ x="555" isToolTip="true" y="173" scaleY="0.3" rotation="0" scaleX="0.3" deviceID="23188" isPop="true" popType="subList" width="80" height="80"/>
    <YCQ x="556" isToolTip="true" y="208" scaleY="0.3" rotation="0" scaleX="0.3" deviceID="23225" isPop="true" popType="subList" width="80" height="80"/>
    <YCQ x="570" isToolTip="true" y="143" scaleY="0.3" rotation="0" scaleX="0.3" deviceID="23186" isPop="true" popType="subList" width="80" height="80"/>
    <YCQ x="577" isToolTip="true" y="171" scaleY="0.3" rotation="0" scaleX="0.3" deviceID="23187" isPop="true" popType="subList" width="80" height="80"/>
    <YCQ x="578" isToolTip="true" y="208" scaleY="0.3" rotation="0" scaleX="0.3" deviceID="23226" isPop="true" popType="subList" width="80" height="80"/>
    <HANDBTN x="594" isToolTip="true" y="160" scaleY="0.3" rotation="0" scaleX="0.3" deviceID="23747" isPop="true" popType="video" width="80" height="80"/>
    <YCQ x="633" isToolTip="true" y="182" scaleY="0.3" rotation="0" scaleX="0.3" deviceID="23236" isPop="true" popType="subList" width="80" height="80"/>
    <YCQ x="610" isToolTip="true" y="119" scaleY="0.3" rotation="0" scaleX="0.3" deviceName="8.4cdd0b二层大玩家北楼梯前室烟感62" deviceID="23237" mark="YCQ" isPop="true" popType="subList" width="80" height="80"/>
    <YCQ x="607" isToolTip="true" y="207" scaleY="0.3" rotation="0" scaleX="0.3" deviceID="23234" isPop="true" popType="subList" width="80" height="80"/>
    <YCQ x="630" isToolTip="true" y="140" scaleY="0.3" rotation="0" scaleX="0.3" deviceID="23239" isPop="true" popType="subList" width="80" height="80"/>
    <YCQ x="661" isToolTip="true" y="191" scaleY="0.3" rotation="0" scaleX="0.3" deviceID="23235" isPop="true" popType="subList" width="80" height="80"/>
    <YCQ x="632" isToolTip="true" y="102" scaleY="0.3" rotation="0" scaleX="0.3" deviceID="23238" isPop="true" popType="subList" width="80" height="80"/>
    <YCQ x="630" isToolTip="true" y="65" scaleY="0.3" rotation="0" scaleX="0.3" deviceID="23240" isPop="true" popType="subList" width="80" height="80"/>
    <YCQ x="648" isToolTip="true" y="34" scaleY="0.3" rotation="0" scaleX="0.3" deviceID="23184" isPop="true" popType="subList" width="80" height="80"/>
    <JSBJ x="556" isToolTip="true" y="256" scaleY="0.3" rotation="0" scaleX="0.3" deviceID="24044" isPop="true" popType="subList" width="80" height="80"/>
    <JSBJ x="552" isToolTip="true" y="334" scaleY="0.3" rotation="0" scaleX="0.3" deviceID="24041" isPop="true" popType="subList" width="80" height="80"/>
    <JSBJ x="565" isToolTip="true" y="391" scaleY="0.3" rotation="0" scaleX="0.3" deviceID="24040" isPop="true" popType="subList" width="80" height="80"/>
    <HANDBTN x="548" isToolTip="true" y="361" scaleY="0.3" rotation="0" scaleX="0.3" deviceID="23745" isPop="true" popType="video" width="80" height="80"/>
    <HANDBTN x="550" isToolTip="true" y="382" scaleY="0.3" rotation="0" scaleX="0.3" deviceID="23744" isPop="true" popType="video" width="80" height="80"/>
    <YCQ x="590" isToolTip="true" y="245" scaleY="0.3" rotation="0" scaleX="0.3" deviceID="23227" isPop="true" popType="subList" width="80" height="80"/>
    <YCQ x="590" isToolTip="true" y="277" scaleY="0.3" rotation="0" scaleX="0.3" deviceID="23228" isPop="true" popType="subList" width="80" height="80"/>
    <YCQ x="589" isToolTip="true" y="317" scaleY="0.3" rotation="0" scaleX="0.3" deviceID="23229" isPop="true" popType="subList" width="80" height="80"/>
    <YCQ x="589" isToolTip="true" y="352" scaleY="0.3" rotation="0" scaleX="0.3" deviceID="23244" isPop="true" popType="subList" width="80" height="80"/>
    <YCQ x="589" isToolTip="true" y="389" scaleY="0.3" rotation="0" scaleX="0.3" deviceID="23230" isPop="true" popType="subList" width="80" height="80"/>
    <YCQ x="587" isToolTip="true" y="425" scaleY="0.3" rotation="0" scaleX="0.3" deviceID="23231" isPop="true" popType="subList" width="80" height="80"/>
    <YCQ x="587" isToolTip="true" y="450" scaleY="0.3" rotation="0" scaleX="0.3" deviceID="23232" isPop="true" popType="subList" width="80" height="80"/>
    <HANDBTN x="618" isToolTip="true" y="229" scaleY="0.3" rotation="0" scaleX="0.3" deviceID="23746" isPop="true" popType="video" width="80" height="80"/>
    <HANDBTN x="634" isToolTip="true" y="365" scaleY="0.3" rotation="0" scaleX="0.3" deviceID="23735" isPop="true" popType="video" width="80" height="80"/>
    <YCQ x="660" isToolTip="true" y="218" scaleY="0.3" rotation="0" scaleX="0.3" deviceID="23123" isPop="true" popType="subList" width="80" height="80"/>
    <YCQ x="660" isToolTip="true" y="241" scaleY="0.3" rotation="0" scaleX="0.3" deviceID="23124" isPop="true" popType="subList" width="80" height="80"/>
    <YCQ x="659" isToolTip="true" y="273" scaleY="0.3" rotation="0" scaleX="0.3" deviceID="23125" isPop="true" popType="subList" width="80" height="80"/>
    <YCQ x="658" isToolTip="true" y="313" scaleY="0.3" rotation="0" scaleX="0.3" deviceID="23128" isPop="true" popType="subList" width="80" height="80"/>
    <YCQ x="661" isToolTip="true" y="384" scaleY="0.3" rotation="0" scaleX="0.3" deviceID="23132" isPop="true" popType="subList" width="80" height="80"/>
    <YCQ x="661" isToolTip="true" y="348" scaleY="0.3" rotation="0" scaleX="0.3" deviceID="23129" isPop="true" popType="subList" width="80" height="80"/>
    <YCQ x="662" isToolTip="true" y="422" scaleY="0.3" rotation="0" scaleX="0.3" deviceID="23133" isPop="true" popType="subList" width="80" height="80"/>
    <YCQ x="640" isToolTip="true" y="452" scaleY="0.3" rotation="0" scaleX="0.3" deviceID="23233" isPop="true" popType="subList" width="80" height="80"/>
    <HANDBTN x="685" isToolTip="true" y="446" scaleY="0.3" rotation="0" scaleX="0.3" deviceID="23725" isPop="true" popType="video" width="80" height="80"/>
    <YCQ x="690" isToolTip="true" y="103" scaleY="0.3" rotation="0" scaleX="0.3" deviceID="23119" isPop="true" popType="subList" width="80" height="80"/>
    <HANDBTN x="693" isToolTip="true" y="70" scaleY="0.3" rotation="0" scaleX="0.3" deviceID="23748" isPop="true" popType="video" width="80" height="80"/>
    <HANDBTN x="707" isToolTip="true" y="53" scaleY="0.3" rotation="0" scaleX="0.3" deviceID="23736" isPop="true" popType="video" width="80" height="80"/>
    <YCQ x="713" isToolTip="true" y="73" scaleY="0.3" rotation="0" scaleX="0.3" deviceID="23241" isPop="true" popType="subList" width="80" height="80"/>
    <YCQ x="690" isToolTip="true" y="141" scaleY="0.3" rotation="0" scaleX="0.3" deviceID="23175" isPop="true" popType="subList" width="80" height="80"/>
    <HANDBTN x="697" isToolTip="true" y="120" scaleY="0.3" rotation="0" scaleX="0.3" deviceID="23734" isPop="true" popType="video" width="80" height="80"/>
    <YCQ x="720" isToolTip="true" y="126" scaleY="0.3" rotation="0" scaleX="0.3" deviceID="23118" isPop="true" popType="subList" width="80" height="80"/>
    <YCQ x="734" isToolTip="true" y="212" scaleY="0.3" rotation="0" scaleX="0.3" deviceID="23121" isPop="true" popType="subList" width="80" height="80"/>
    <YCQ x="735" isToolTip="true" y="181" scaleY="0.3" rotation="0" scaleX="0.3" deviceID="23120" isPop="true" popType="subList" width="80" height="80"/>
    <YCQ x="733" isToolTip="true" y="242" scaleY="0.3" rotation="0" scaleX="0.3" deviceID="23122" isPop="true" popType="subList" width="80" height="80"/>
    <YCQ x="733" isToolTip="true" y="271" scaleY="0.3" rotation="0" scaleX="0.3" deviceID="23126" isPop="true" popType="subList" width="80" height="80"/>
    <YCQ x="733" isToolTip="true" y="311" scaleY="0.3" rotation="0" scaleX="0.3" deviceID="23127" isPop="true" popType="subList" width="80" height="80"/>
    <YCQ x="734" isToolTip="true" y="346" scaleY="0.3" rotation="0" scaleX="0.3" deviceID="23130" isPop="true" popType="subList" width="80" height="80"/>
    <YCQ x="733" isToolTip="true" y="384" scaleY="0.3" rotation="0" scaleX="0.3" deviceID="23131" isPop="true" popType="subList" width="80" height="80"/>
    <YCQ x="732" isToolTip="true" y="423" scaleY="0.3" rotation="0" scaleX="0.3" deviceID="23134" isPop="true" popType="subList" width="80" height="80"/>
    <JSBJ x="732" isToolTip="true" y="455" scaleY="0.3" rotation="0" scaleX="0.3" deviceID="24024" isPop="true" popType="subList" width="80" height="80"/>
    <YCQ x="703" isToolTip="true" y="480" scaleY="0.3" rotation="0" scaleX="0.3" deviceID="23135" isPop="true" popType="subList" width="80" height="80"/>
    <YCQ x="748" isToolTip="true" y="478" scaleY="0.3" rotation="0" scaleX="0.3" deviceID="23139" isPop="true" popType="subList" width="80" height="80"/>
    <YCQ x="704" isToolTip="true" y="540" scaleY="0.3" rotation="0" scaleX="0.3" deviceID="23136" isPop="true" popType="subList" width="80" height="80"/>
    <YCQ x="749" isToolTip="true" y="541" scaleY="0.3" rotation="0" scaleX="0.3" deviceID="23142" isPop="true" popType="subList" width="80" height="80"/>
    <HANDBTN x="778" isToolTip="true" y="514" scaleY="0.3" rotation="0" scaleX="0.3" deviceID="23730" isPop="true" popType="video" width="80" height="80"/>
    <YCQ x="790" isToolTip="true" y="536" scaleY="0.3" rotation="0" scaleX="0.3" deviceID="23147" isPop="true" popType="subList" width="80" height="80"/>
    <YCQ x="806" isToolTip="true" y="491" scaleY="0.3" rotation="0" scaleX="0.3" deviceID="23176" isPop="true" popType="subList" width="80" height="80"/>
    <YCQ x="806" isToolTip="true" y="422" scaleY="0.3" rotation="0" scaleX="0.3" deviceID="23149" isPop="true" popType="subList" width="80" height="80"/>
    <YCQ x="881" isToolTip="true" y="491" scaleY="0.3" rotation="0" scaleX="0.3" deviceID="23167" isPop="true" popType="subList" width="80" height="80"/>
    <YCQ x="881" isToolTip="true" y="455" scaleY="0.3" rotation="0" scaleX="0.3" deviceID="23166" isPop="true" popType="subList" width="80" height="80"/>
    <JSBJ x="829" isToolTip="true" y="452" scaleY="0.3" rotation="0" scaleX="0.3" deviceID="24025" isPop="true" popType="subList" width="80" height="80"/>
    <YCQ x="806" isToolTip="true" y="455" scaleY="0.3" rotation="0" scaleX="0.3" deviceID="23148" isPop="true" popType="subList" width="80" height="80"/>
    <YCQ x="807" isToolTip="true" y="389" scaleY="0.3" rotation="0" scaleX="0.3" deviceID="23150" isPop="true" popType="subList" width="80" height="80"/>
    <HANDBTN x="771" isToolTip="true" y="369" scaleY="0.3" rotation="0" scaleX="0.3" deviceID="23724" isPop="true" popType="video" width="80" height="80"/>
    <JSBJ x="834" isToolTip="true" y="385" scaleY="0.3" rotation="0" scaleX="0.3" deviceID="24026" isPop="true" popType="subList" width="80" height="80"/>
    <YCQ x="880" isToolTip="true" y="424" scaleY="0.3" rotation="0" scaleX="0.3" deviceID="23165" isPop="true" popType="subList" width="80" height="80"/>
    <YCQ x="806" isToolTip="true" y="344" scaleY="0.3" rotation="0" scaleX="0.3" deviceID="23151" isPop="true" popType="subList" width="80" height="80"/>
    <YCQ x="882" isToolTip="true" y="389" scaleY="0.3" rotation="0" scaleX="0.3" deviceID="23164" isPop="true" popType="subList" width="80" height="80"/>
    <YCQ x="880" isToolTip="true" y="343" scaleY="0.3" rotation="0" scaleX="0.3" deviceID="23163" isPop="true" popType="subList" width="80" height="80"/>
    <DWCQ x="904" isToolTip="true" y="344" scaleY="0.3" rotation="0" scaleX="0.3" deviceID="23911" isPop="true" popType="video" width="80" height="80"/>
    <YCQ x="806" isToolTip="true" y="312" scaleY="0.3" rotation="0" scaleX="0.3" deviceID="23152" isPop="true" popType="subList" width="80" height="80"/>
    <YCQ x="880" isToolTip="true" y="312" scaleY="0.3" rotation="0" scaleX="0.3" deviceID="23162" isPop="true" popType="subList" width="80" height="80"/>
    <JSBJ x="836" isToolTip="true" y="311" scaleY="0.3" rotation="0" scaleX="0.3" deviceID="24027" isPop="true" popType="subList" width="80" height="80"/>
    <DWCQ x="905" isToolTip="true" y="312" scaleY="0.3" rotation="0" scaleX="0.3" deviceID="23912" isPop="true" popType="video" width="80" height="80"/>
    <JSBJ x="904" isToolTip="true" y="287" scaleY="0.3" rotation="0" scaleX="0.3" deviceID="24029" isPop="true" popType="subList" width="80" height="80"/>
    <YCQ x="807" isToolTip="true" y="242" scaleY="0.3" rotation="0" scaleX="0.3" deviceID="23154" isPop="true" popType="subList" width="80" height="80"/>
    <YCQ x="878" isToolTip="true" y="274" scaleY="0.3" rotation="0" scaleX="0.3" deviceID="23161" isPop="true" popType="subList" width="80" height="80"/>
    <YCQ x="806" isToolTip="true" y="277" scaleY="0.3" rotation="0" scaleX="0.3" deviceID="23153" isPop="true" popType="subList" width="80" height="80"/>
    <YCQ x="878" isToolTip="true" y="241" scaleY="0.3" rotation="0" scaleX="0.3" deviceID="23160" isPop="true" popType="subList" width="80" height="80"/>
    <JSBJ x="836" isToolTip="true" y="239" scaleY="0.3" rotation="0" scaleX="0.3" deviceID="24022" isPop="true" popType="subList" width="80" height="80"/>
    <YCQ x="807" isToolTip="true" y="210" scaleY="0.3" rotation="0" scaleX="0.3" deviceID="23155" isPop="true" popType="subList" width="80" height="80"/>
    <YCQ x="877" isToolTip="true" y="209" scaleY="0.3" rotation="0" scaleX="0.3" deviceID="23159" isPop="true" popType="subList" width="80" height="80"/>
    <YCQ x="977" isToolTip="true" y="135" scaleY="0.3" rotation="0" scaleX="0.3" deviceID="23171" isPop="true" popType="subList" width="80" height="80"/>
    <YCQ x="808" isToolTip="true" y="179" scaleY="0.3" rotation="0" scaleX="0.3" deviceID="23156" isPop="true" popType="subList" width="80" height="80"/>
    <YCQ x="877" isToolTip="true" y="179" scaleY="0.3" rotation="0" scaleX="0.3" deviceID="23158" isPop="true" popType="subList" width="80" height="80"/>
    <YCQ x="925" isToolTip="true" y="197" scaleY="0.3" rotation="0" scaleX="0.3" deviceID="23168" isPop="true" popType="subList" width="80" height="80"/>
    <HANDBTN x="748" isToolTip="true" y="157" scaleY="0.3" rotation="0" scaleX="0.3" deviceID="23723" isPop="true" popType="video" width="80" height="80"/>
    <YCQ x="761" isToolTip="true" y="50" scaleY="0.3" rotation="0" scaleX="0.3" deviceID="23183" isPop="true" popType="subList" width="80" height="80"/>
    <YCQ x="743" isToolTip="true" y="66" scaleY="0.3" rotation="0" scaleX="0.3" deviceID="23242" isPop="true" popType="subList" width="80" height="80"/>
    <JSBJ x="768" isToolTip="true" y="71" scaleY="0.3" rotation="0" scaleX="0.3" deviceID="24046" isPop="true" popType="subList" width="80" height="80"/>
    <JSBJ x="746" isToolTip="true" y="85" scaleY="0.3" rotation="0" scaleX="0.3" deviceID="24049" isPop="true" popType="subList" width="80" height="80"/>
    <JSBJ x="770" isToolTip="true" y="90" scaleY="0.3" rotation="0" scaleX="0.3" deviceID="24047" isPop="true" popType="subList" width="80" height="80"/>
    <YCQ x="787" isToolTip="true" y="121" scaleY="0.3" rotation="0" scaleX="0.3" deviceID="23116" isPop="true" popType="subList" width="80" height="80"/>
    <YCQ x="777" isToolTip="true" y="151" scaleY="0.3" rotation="0" scaleX="0.3" deviceID="23117" isPop="true" popType="subList" width="80" height="80"/>
    <HANDBTN x="808" isToolTip="true" y="153" scaleY="0.3" rotation="0" scaleX="0.3" deviceID="23729" isPop="true" popType="video" width="80" height="80"/>
    <JSBJ x="808" isToolTip="true" y="107" scaleY="0.3" rotation="0" scaleX="0.3" deviceID="24030" isPop="true" popType="subList" width="80" height="80"/>
    <JSBJ x="842" isToolTip="true" y="135" scaleY="0.3" rotation="0" scaleX="0.3" deviceID="24028" isPop="true" popType="subList" width="80" height="80"/>
    <YCQ x="829" isToolTip="true" y="150" scaleY="0.3" rotation="0" scaleX="0.3" deviceID="23115" isPop="true" popType="subList" width="80" height="80"/>
    <HANDBTN x="853" isToolTip="true" y="154" scaleY="0.3" rotation="0" scaleX="0.3" deviceID="23731" isPop="true" popType="video" width="80" height="80"/>
    <YCQ x="878" isToolTip="true" y="143" scaleY="0.3" rotation="0" scaleX="0.3" deviceID="23157" isPop="true" popType="subList" width="80" height="80"/>
    <YCQ x="921" isToolTip="true" y="145" scaleY="0.3" rotation="0" scaleX="0.3" deviceID="23109" isPop="true" popType="subList" width="80" height="80"/>
    <HANDBTN x="931" isToolTip="true" y="160" scaleY="0.3" rotation="0" scaleX="0.3" deviceID="23733" isPop="true" popType="video" width="80" height="80"/>
    <YCQ x="961" isToolTip="true" y="189" scaleY="0.3" rotation="0" scaleX="0.3" deviceID="23169" isPop="true" popType="subList" width="80" height="80"/>
    <HANDBTN x="947" isToolTip="true" y="139" scaleY="0.3" rotation="0" scaleX="0.3" deviceID="23732" isPop="true" popType="video" width="80" height="80"/>
    <YCQ x="978" isToolTip="true" y="160" scaleY="0.3" rotation="0" scaleX="0.3" deviceID="23170" isPop="true" popType="subList" width="80" height="80"/>
    <JSBJ x="994" isToolTip="true" y="149" scaleY="0.3" rotation="0" scaleX="0.3" deviceID="24034" isPop="true" popType="subList" width="80" height="80"/>
    <YCQ x="1015" isToolTip="true" y="149" scaleY="0.3" rotation="0" scaleX="0.3" deviceID="23172" isPop="true" popType="subList" width="80" height="80"/>
    <JSBJ x="1038" isToolTip="true" y="149" scaleY="0.3" rotation="0" scaleX="0.3" deviceID="24033" isPop="true" popType="subList" width="80" height="80"/>
    <YCQ x="1058" isToolTip="true" y="197" scaleY="0.3" rotation="0" scaleX="0.3" deviceID="23173" isPop="true" popType="subList" width="80" height="80"/>
    <YCQ x="1059" isToolTip="true" y="159" scaleY="0.3" rotation="0" scaleX="0.3" deviceID="23174" isPop="true" popType="subList" width="80" height="80"/>
    <YCQ x="1060" isToolTip="true" y="133" scaleY="0.3" rotation="0" scaleX="0.3" deviceID="23104" isPop="true" popType="subList" width="80" height="80"/>
    <YCQ x="1080" isToolTip="true" y="147" scaleY="0.3" rotation="0" scaleX="0.3" deviceID="23103" isPop="true" popType="subList" width="80" height="80"/>
    <YCQ x="1060" isToolTip="true" y="104" scaleY="0.3" rotation="0" scaleX="0.3" deviceID="23106" isPop="true" popType="subList" width="80" height="80"/>
    <YCQ x="1083" isToolTip="true" y="104" scaleY="0.3" rotation="0" scaleX="0.3" deviceID="23105" isPop="true" popType="subList" width="80" height="80"/>
    <HANDBTN x="1094" isToolTip="true" y="126" scaleY="0.3" rotation="0" scaleX="0.3" deviceID="23721" isPop="true" popType="video" width="80" height="80"/>
    <YCQ x="988" isToolTip="true" y="108" scaleY="0.3" rotation="0" scaleX="0.3" deviceID="23107" isPop="true" popType="subList" width="80" height="80"/>
    <YCQ x="956" isToolTip="true" y="118" scaleY="0.3" rotation="0" scaleX="0.3" deviceID="23108" isPop="true" popType="subList" width="80" height="80"/>
    <DWCQ x="923" isToolTip="true" y="122" scaleY="0.3" rotation="0" scaleX="0.3" deviceID="23902" isPop="true" popType="video" width="80" height="80"/>
    <DWCQ x="859" isToolTip="true" y="124" scaleY="0.3" rotation="0" scaleX="0.3" deviceID="23909" isPop="true" popType="video" width="80" height="80"/>
    <JSBJ x="833" isToolTip="true" y="173" scaleY="0.3" rotation="0" scaleX="0.3" deviceID="24021" isPop="true" popType="subList" width="80" height="80"/>
    <DWCQ x="816" isToolTip="true" y="127" scaleY="0.3" rotation="0" scaleX="0.3" deviceID="23907" isPop="true" popType="video" width="80" height="80"/>
    <DWCQ x="891" isToolTip="true" y="122" scaleY="0.3" rotation="0" scaleX="0.3" deviceID="23910" isPop="true" popType="video" width="80" height="80"/>
    <HANDBTN x="955" isToolTip="true" y="96" scaleY="0.3" rotation="0" scaleX="0.3" deviceID="23722" isPop="true" popType="video" width="80" height="80"/>
    <JSBJ x="907" isToolTip="true" y="105" scaleY="0.3" rotation="0" scaleX="0.3" deviceID="24032" isPop="true" popType="subList" width="80" height="80"/>
    <DWCQ x="925" isToolTip="true" y="90" scaleY="0.3" rotation="0" scaleX="0.3" deviceID="23903" isPop="true" popType="video" width="80" height="80"/>
    <DWCQ x="890" isToolTip="true" y="91" scaleY="0.3" rotation="0" scaleX="0.3" deviceID="23904" isPop="true" popType="video" width="80" height="80"/>
    <DWCQ x="824" isToolTip="true" y="87" scaleY="0.3" rotation="0" scaleX="0.3" deviceID="23906" isPop="true" popType="video" width="80" height="80"/>
    <JSBJ x="841" isToolTip="true" y="102" scaleY="0.3" rotation="0" scaleX="0.3" deviceID="24031" isPop="true" popType="subList" width="80" height="80"/>
    <DWCQ x="860" isToolTip="true" y="91" scaleY="0.3" rotation="0" scaleX="0.3" deviceID="23905" isPop="true" popType="video" width="80" height="80"/>
    <YCQ x="876" isToolTip="true" y="64" scaleY="0.3" rotation="0" scaleX="0.3" deviceID="23110" isPop="true" popType="subList" width="80" height="80"/>
    <YCQ x="826" isToolTip="true" y="35" scaleY="0.3" rotation="0" scaleX="0.3" deviceID="23114" isPop="true" popType="subList" width="80" height="80"/>
    <YCQ x="928" isToolTip="true" y="61" scaleY="0.3" rotation="0" scaleX="0.3" deviceID="23111" isPop="true" popType="subList" width="80" height="80"/>
    <YCQ x="826" isToolTip="true" y="63" scaleY="0.3" rotation="0" scaleX="0.3" deviceID="23177" isPop="true" popType="subList" width="80" height="80"/>
    <YCQ x="877" isToolTip="true" y="36" scaleY="0.3" rotation="0" scaleX="0.3" deviceID="23113" isPop="true" popType="subList" width="80" height="80"/>
    <YCQ x="928" isToolTip="true" y="34" scaleY="0.3" rotation="0" scaleX="0.3" deviceID="23112" isPop="true" popType="subList" width="80" height="80"/>
    <HANDBTN x="910" isToolTip="true" y="16" scaleY="0.3" rotation="0" scaleX="0.3" deviceID="23728" isPop="true" popType="video" width="80" height="80"/>
    <YCQ x="773" isToolTip="true" y="184" scaleY="0.3" rotation="0" scaleX="0.3" deviceName="AAA_2F大白鲸南楼梯前室烟感46" deviceID="23140" mark="YCQ" isPop="true" popType="subList" width="80" height="80"/>
    <YCQ x="769" isToolTip="true" y="222" scaleY="0.3" rotation="0" scaleX="0.3" deviceName="AAA_2F大白鲸储物室烟感3" deviceID="23179" mark="YCQ" isPop="true" popType="subList" width="80" height="80"/>
    <YCQ x="780" isToolTip="true" y="264" scaleY="0.3" rotation="0" scaleX="0.3" deviceName="AAA_2F大白鲸储物室烟感1" deviceID="23180" mark="YCQ" isPop="true" popType="subList" width="80" height="80"/>
    <YCQ x="784" isToolTip="true" y="300" scaleY="0.3" rotation="0" scaleX="0.3" deviceName="AAA_2F大白鲸储物室烟感2" deviceID="23181" mark="YCQ" isPop="true" popType="subList" width="80" height="80"/>
    <YCQ x="781" isToolTip="true" y="338" scaleY="0.3" rotation="0" scaleX="0.3" deviceName="AAA_2F大白鲸配电室烟感" deviceID="23182" mark="YCQ" isPop="true" popType="subList" width="80" height="80"/>
    <YCQ x="474" isToolTip="true" y="435" scaleY="0.3" rotation="0" scaleX="0.3" deviceName="AAA_2F大玩家北楼梯间烟感3" deviceID="23185" mark="YCQ" isPop="true" popType="subList" width="80" height="80"/>
    <YCQ x="477" isToolTip="true" y="475" scaleY="0.3" rotation="0" scaleX="0.3" deviceName="AAA_2F大玩家消防梯前室烟感" deviceID="23245" mark="YCQ" isPop="true" popType="subList" width="80" height="80"/>
    <HANDBTN x="521" isToolTip="true" y="530" scaleY="0.3" rotation="0" scaleX="0.3" deviceName="AAA_2F大玩家消防梯前室手报" deviceID="23752" mark="SB" isPop="true" popType="video" width="80" height="80"/>
    <JSBJ x="697" isToolTip="true" y="188" scaleY="0.3" rotation="0" scaleX="0.3" deviceName="AAA_2F大白鲸广播" deviceID="24019" mark="XFSB" isPop="true" popType="subList" width="80" height="80"/>
    <JSBJ x="705" isToolTip="true" y="239" scaleY="0.3" rotation="0" scaleX="0.3" deviceName="AAA_2F大白鲸声光" deviceID="24020" mark="XFSB" isPop="true" popType="subList" width="80" height="80"/>
    <JSBJ x="714" isToolTip="true" y="304" scaleY="0.3" rotation="0" scaleX="0.3" deviceName="AAA_2F大白鲸电梯前室正压送风" deviceID="24023" mark="XFSB" isPop="true" popType="subList" width="80" height="80"/>
    <JSBJ x="769" isToolTip="true" y="342" scaleY="0.3" rotation="0" scaleX="0.3" deviceName="AAA_2F大白鲸、步行街B4井强切" deviceID="24035" mark="XFSB" isPop="true" popType="subList" width="80" height="80"/>
    <JSBJ x="710" isToolTip="true" y="398" scaleY="0.3" rotation="0" scaleX="0.3" deviceName="AAA_2F大白鲸水流指示器" deviceID="24036" mark="XFSB" isPop="true" popType="subList" width="80" height="80"/>
    <JSBJ x="775" isToolTip="true" y="413" scaleY="0.3" rotation="0" scaleX="0.3" deviceName="AAA_2F大白鲸大白鲸信号闸阀" deviceID="24037" mark="XFSB" isPop="true" popType="subList" width="80" height="80"/>
    <JSBJ x="522" isToolTip="true" y="225" scaleY="0.3" rotation="0" scaleX="0.3" deviceName="AAA_2F大玩家声光报警" deviceID="24038" mark="XFSB" isPop="true" popType="subList" width="80" height="80"/>
    <JSBJ x="489" isToolTip="true" y="270" scaleY="0.3" rotation="0" scaleX="0.3" deviceName="AAA_2F大玩家广播" deviceID="24039" mark="XFSB" isPop="true" popType="subList" width="80" height="80"/>
    <JSBJ x="487" isToolTip="true" y="320" scaleY="0.3" rotation="0" scaleX="0.3" deviceName="AAA_2F大玩家水管井前水流指示1" deviceID="24051" mark="XFSB" isPop="true" popType="subList" width="80" height="80"/>
    <JSBJ x="440" isToolTip="true" y="378" scaleY="0.3" rotation="0" scaleX="0.3" deviceName="AAA_2F大玩家水管井前信号阀1" deviceID="24052" mark="XFSB" isPop="true" popType="subList" width="80" height="80"/>
    <JSBJ x="429" isToolTip="true" y="309" scaleY="0.3" rotation="0" scaleX="0.3" deviceName="AAA_2F大玩家配电箱门口上补风阀" deviceID="24050" mark="XFSB" isPop="true" popType="subList" width="80" height="80"/>
    <JSBJ x="432" isToolTip="true" y="434" scaleY="0.3" rotation="0" scaleX="0.3" deviceName="AAA_2F大玩家水管井前信号阀2" deviceID="24054" mark="XFSB" isPop="true" popType="subList" width="80" height="80"/>
    <JSBJ x="475" isToolTip="true" y="395" scaleY="0.3" rotation="0" scaleX="0.3" deviceName="AAA_2F大玩家水管井前水流指示2" deviceID="24053" mark="XFSB" isPop="true" popType="subList" width="80" height="80"/>
    <JSBJ x="527" isToolTip="true" y="410" scaleY="0.3" rotation="0" scaleX="0.3" deviceName="AAA_2F大玩家B1井强切" deviceID="24055" mark="XFSB" isPop="true" popType="subList" width="80" height="80"/>
    <JSBJ x="548" isToolTip="true" y="428" scaleY="0.3" rotation="0" scaleX="0.3" deviceName="AAA_2F大玩家B2井强切" deviceID="24056" mark="XFSB" isPop="true" popType="subList" width="80" height="80"/>
    <JSBJ x="459" isToolTip="true" y="520" scaleY="0.3" rotation="0" scaleX="0.3" deviceName="AAA_2F娱乐楼消防电梯前室送风阀" deviceID="24057" mark="XFSB" isPop="true" popType="subList" width="80" height="80"/>
    <YCQ x="695" isToolTip="true" y="358" scaleY="0.3" rotation="0" scaleX="0.3" deviceName="AAA_2F大白鲸办公室烟感2" deviceID="27904" mark="XFSB" isPop="true" popType="subList" width="80" height="80"/>
    <YCQ x="695" isToolTip="true" y="418" scaleY="0.3" rotation="0" scaleX="0.3" deviceName="AAA_2F大白鲸办公室烟感1" deviceID="27905" mark="XFSB" isPop="true" popType="subList" width="80" height="80"/>
    <JSBJ x="497" isToolTip="true" y="515" scaleY="0.3" rotation="0" scaleX="0.3" deviceName="AAA_2F大玩家排烟阀模块1" deviceID="27906" mark="XFSB" isPop="true" popType="subList" width="80" height="80"/>
    <YCQ x="615" isToolTip="true" y="287" scaleY="0.3" rotation="0" scaleX="0.3" deviceName="AAA_2F大白鲸5D影院烟感" deviceID="23178" mark="YCQ" isPop="true" popType="subList" width="80" height="80"/>
    <JSBJ x="724" isToolTip="true" y="98" scaleY="0.3" rotation="0" scaleX="0.3" deviceName="AAA_跨机娱乐楼2层" deviceID="27920" mark="XFSB" isPop="true" popType="subList" width="80" height="80"/>
  </Components>
</Configration>