<?xml version="1.0" encoding="utf-8"?>
<Configration Width="1434" Height="714">
  <LIST>
    <Component>
      <YCQ/>
      <JSBJ/>
      <HANDBTN/>
      <DWCQ/>
    </Component>
    <Image>
      <XFFQB2Q4 source="mapAssets/mapImages/XFFQB2/XFFQB2_4.png" group="map"/>
      <XFFQB2Q4TULI source="mapAssets/mapImages/XFFQB2/XFFQB2_4TULI.png" group="mapTuli"/>
    </Image>
  </LIST>
  <Components>
    <XFFQB2Q4 ky="0" x="0" y="0" isLocation="true" ay="23" ax="386" width="1434" kx="0" height="714"/>
    <XFFQB2Q4TULI x="1100" scaleX="0.75" scaleY="0.75" y="12" width="400" height="300"/>
    <YCQ x="472" isToolTip="true" y="38" scaleY="0.3" scaleX="0.3" deviceName="11.52c045.C045" deviceID="27622" mark="XFSB" isPop="true" popType="video" width="80" height="80"/>
    <YCQ x="499" isToolTip="true" y="39" scaleY="0.3" scaleX="0.3" deviceName="11.52ce29.负二4区N6#隔油间烟感11" deviceID="25122" mark="YCQ" isPop="true" popType="video" width="80" height="80"/>
    <JSBJ x="440" isToolTip="true" y="148" scaleY="0.3" scaleX="0.3" deviceName="11.597494.B2F-4区EAF/SEF-B2-4-01风机" deviceID="27593" mark="XFSB" isPop="true" popType="video" width="80" height="80"/>
    <JSBJ x="459" isToolTip="true" y="162" scaleY="0.3" scaleX="0.3" deviceName="11.597445.B2F-3区EAF/SEF-B2-3-01风机" deviceID="27594" mark="XFSB" isPop="true" popType="video" width="80" height="80"/>
    <JSBJ x="445" isToolTip="true" y="184" scaleY="0.3" scaleX="0.3" deviceName="11.597433.B2F-4区0AF/MAF-B2-401风机" deviceID="27595" mark="XFSB" isPop="true" popType="video" width="80" height="80"/>
    <YCQ x="408" isToolTip="true" y="291" scaleY="0.3" scaleX="0.3" deviceName="10.4cdb6d.负二3区库房烟感13" deviceID="25095" mark="YCQ" isPop="true" popType="video" width="80" height="80"/>
    <YCQ x="451" isToolTip="true" y="292" scaleY="0.3" scaleX="0.3" deviceName="10.4cded8.负二3区库房烟感12" deviceID="25096" mark="YCQ" isPop="true" popType="video" width="80" height="80"/>
    <YCQ x="411" isToolTip="true" y="364" scaleY="0.3" scaleX="0.3" deviceName="10.52ce28.负二3区库房烟感10" deviceID="25093" mark="YCQ" isPop="true" popType="video" width="80" height="80"/>
    <YCQ x="449" isToolTip="true" y="365" scaleY="0.3" scaleX="0.3" deviceName="10.530c6b.负二3区库房烟感11" deviceID="25094" mark="YCQ" isPop="true" popType="video" width="80" height="80"/>
    <HANDBTN x="467" isToolTip="true" y="70" scaleY="0.3" scaleX="0.3" deviceName="11.519b68.519b68 FDM228/230-CN" deviceID="27628" mark="XFSB" isPop="true" popType="video" width="80" height="80"/>
    <JSBJ x="471" isToolTip="true" y="136" scaleY="0.3" scaleX="0.3" deviceName="11.59a3c1.负二4区排风机房防火阀" deviceID="27621" mark="XFSB" isPop="true" popType="video" width="80" height="80"/>
    <HANDBTN x="471" isToolTip="true" y="198" scaleY="0.3" scaleX="0.3" deviceName="11.5e413e.负二4区排风机房外消火栓5" deviceID="26757" mark="XHS" isPop="true" popType="video" width="80" height="80"/>
    <DWCQ x="533" isToolTip="true" y="71" scaleY="0.3" scaleX="0.3" deviceName="11.620b62.负二4区非编温感模块9" deviceID="26355" mark="WCQ" isPop="true" popType="video" width="80" height="80"/>
    <DWCQ x="537" isToolTip="true" y="161" scaleY="0.3" scaleX="0.3" deviceName="11.61ede8.负二4区非编温感模块8" deviceID="26354" mark="WCQ" isPop="true" popType="video" width="80" height="80"/>
    <HANDBTN x="536" isToolTip="true" y="195" scaleY="0.3" scaleX="0.3" deviceName="11.54a507.负二4区手报2" deviceID="26128" mark="SB" isPop="true" popType="video" width="80" height="80"/>
    <DWCQ x="521" isToolTip="true" y="263" scaleY="0.3" scaleX="0.3" deviceName="11.688eb8.688eb8 FDCIO221-CN" deviceID="27637" mark="XFSB" isPop="true" popType="video" width="80" height="80"/>
    <DWCQ x="576" isToolTip="true" y="260" scaleY="0.3" scaleX="0.3" deviceName="11.68e887.68e887 FDCIO221-CN" deviceID="27635" mark="XFSB" isPop="true" popType="video" width="80" height="80"/>
    <JSBJ x="580" isToolTip="true" y="123" scaleY="0.3" scaleX="0.3" deviceName="11.59844c.负二4区-负一坡道卷帘1" deviceID="27591" mark="XFSB" isPop="true" popType="video" width="80" height="80"/>
    <HANDBTN x="599" isToolTip="true" y="141" scaleY="0.3" scaleX="0.3" deviceName="11.4fabd4.负二4区消火栓按钮2" deviceID="26756" mark="XHS" isPop="true" popType="video" width="80" height="80"/>
    <JSBJ x="548" isToolTip="true" y="355" scaleY="0.3" scaleX="0.3" deviceName="11.68d45f.68d45f FDCIO221-CN" deviceID="27636" mark="XFSB" isPop="true" popType="video" width="80" height="80"/>
    <DWCQ x="581" isToolTip="true" y="435" scaleY="0.3" scaleX="0.3" deviceName="11.59749b.负二4区非编温感模块2" deviceID="26348" mark="WCQ" isPop="true" popType="video" width="80" height="80"/>
    <DWCQ x="581" isToolTip="true" y="456" scaleY="0.3" scaleX="0.3" deviceName="11.59740a.负二4区非编温感模块7" deviceID="26353" mark="WCQ" isPop="true" popType="video" width="80" height="80"/>
    <DWCQ x="581" isToolTip="true" y="477" scaleY="0.3" scaleX="0.3" deviceName="11.59749a.负二4区非编温感模块3" deviceID="26349" mark="WCQ" isPop="true" popType="video" width="80" height="80"/>
    <HANDBTN x="515" isToolTip="true" y="467" scaleY="0.3" scaleX="0.3" deviceName="11.4f3f3a.负二4区手报按钮3" deviceID="26129" mark="SB" isPop="true" popType="video" width="80" height="80"/>
    <HANDBTN x="473" isToolTip="true" y="510" scaleY="0.3" scaleX="0.3" deviceName="11.66c979.负二4区消火栓按钮8" deviceID="26758" mark="XHS" isPop="true" popType="video" width="80" height="80"/>
    <HANDBTN x="560" isToolTip="true" y="489" scaleY="0.3" scaleX="0.3" deviceName="11.5e4607.负二4区消火栓按钮9" deviceID="26755" mark="XHS" isPop="true" popType="video" width="80" height="80"/>
    <YCQ x="605" isToolTip="true" y="509" scaleY="0.3" scaleX="0.3" deviceName="11.4cfc48.负二4区百货03#隔油间烟感14" deviceID="25124" mark="YCQ" isPop="true" popType="video" width="80" height="80"/>
    <YCQ x="576" isToolTip="true" y="509" scaleY="0.3" scaleX="0.3" deviceName="11.4ce10.负二4区百货03#隔油间烟感13" deviceID="25125" mark="YCQ" isPop="true" popType="video" width="80" height="80"/>
    <YCQ x="636" isToolTip="true" y="510" scaleY="0.3" scaleX="0.3" deviceName="11.685182.负二4区提升间烟感15" deviceID="25177" mark="YCQ" isPop="true" popType="video" width="80" height="80"/>
    <JSBJ x="626" isToolTip="true" y="189" scaleY="0.3" scaleX="0.3" deviceName="11.59406e.负二4区切非PA1" deviceID="27590" mark="XFSB" isPop="true" popType="video" width="80" height="80"/>
    <JSBJ x="625" isToolTip="true" y="166" scaleY="0.3" scaleX="0.3" deviceName="11.59840f.负二4区切非ALE1" deviceID="27589" mark="XFSB" isPop="true" popType="video" width="80" height="80"/>
    <JSBJ x="626" isToolTip="true" y="144" scaleY="0.3" scaleX="0.3" deviceName="11.594074.负二AL1切非模块" deviceID="27618" mark="XFSB" isPop="true" popType="video" width="80" height="80"/>
    <YCQ x="648" isToolTip="true" y="163" scaleY="0.3" scaleX="0.3" deviceName="11.52ce27.负二4区强电井烟感3" deviceID="25119" mark="YCQ" isPop="true" popType="video" width="80" height="80"/>
    <HANDBTN x="599" isToolTip="true" y="74" scaleY="0.3" scaleX="0.3" deviceName="11.4fab38.负二至负一PD4坡道消火栓1" deviceID="26746" mark="XHS" isPop="true" popType="video" width="80" height="80"/>
    <HANDBTN x="581" isToolTip="true" y="23" scaleY="0.3" scaleX="0.3" deviceName="11.66c889.66c889 FDM228/230-CN" deviceID="27627" mark="XFSB" isPop="true" popType="video" width="80" height="80"/>
    <YCQ x="605" isToolTip="true" y="21" scaleY="0.3" scaleX="0.3" deviceName="11.4d25c5.负二4区W3#隔油间烟感7" deviceID="25121" mark="YCQ" isPop="true" popType="video" width="80" height="80"/>
    <YCQ x="604" isToolTip="true" y="42" scaleY="0.3" scaleX="0.3" deviceName="11.4da37a.负二4区w8#隔油间烟感6" deviceID="25120" mark="YCQ" isPop="true" popType="video" width="80" height="80"/>
    <DWCQ x="616" isToolTip="true" y="58" scaleY="0.3" scaleX="0.3" deviceName="11.4f76a6.负二4区W3#隔油间温感5" deviceID="26346" mark="WCQ" isPop="true" popType="video" width="80" height="80"/>
    <JSBJ x="608" isToolTip="true" y="351" scaleY="0.3" scaleX="0.3" deviceName="11.59a2eb.负二4区水流指示器3" deviceID="27611" mark="XFSB" isPop="true" popType="video" width="80" height="80"/>
    <JSBJ x="630" isToolTip="true" y="352" scaleY="0.3" scaleX="0.3" deviceName="11.597802.负二4区信号闸阀3" deviceID="27612" mark="XFSB" isPop="true" popType="video" width="80" height="80"/>
    <JSBJ x="643" isToolTip="true" y="404" scaleY="0.3" scaleX="0.3" deviceName="11.597a21.负二4区水流指示器2" deviceID="27614" mark="XFSB" isPop="true" popType="video" width="80" height="80"/>
    <JSBJ x="666" isToolTip="true" y="403" scaleY="0.3" scaleX="0.3" deviceName="11.59a3cd.负二4区信号闸阀2" deviceID="27613" mark="XFSB" isPop="true" popType="video" width="80" height="80"/>
    <JSBJ x="669" isToolTip="true" y="338" scaleY="0.3" scaleX="0.3" deviceName="11.597a02.负二4区水流指示器1" deviceID="27616" mark="XFSB" isPop="true" popType="video" width="80" height="80"/>
    <JSBJ x="695" isToolTip="true" y="340" scaleY="0.3" scaleX="0.3" deviceName="11.5979df.负二4区信号闸阀1" deviceID="27615" mark="XFSB" isPop="true" popType="video" width="80" height="80"/>
    <DWCQ x="659" isToolTip="true" y="434" scaleY="0.3" scaleX="0.3" deviceName="11.593ddb.负二4区非编温感模块6" deviceID="26352" mark="WCQ" isPop="true" popType="video" width="80" height="80"/>
    <DWCQ x="659" isToolTip="true" y="458" scaleY="0.3" scaleX="0.3" deviceName="11.59749c.负二4区非编温感模块4" deviceID="26350" mark="WCQ" isPop="true" popType="video" width="80" height="80"/>
    <DWCQ x="658" isToolTip="true" y="483" scaleY="0.3" scaleX="0.3" deviceName="11.597407.负二4区非编温感模块5" deviceID="26351" mark="WCQ" isPop="true" popType="video" width="80" height="80"/>
    <HANDBTN x="725" isToolTip="true" y="509" scaleY="0.3" scaleX="0.3" deviceName="11.5e4662.负二4区消火栓按钮10" deviceID="26754" mark="XHS" isPop="true" popType="video" width="80" height="80"/>
    <JSBJ x="768" isToolTip="true" y="509" scaleY="0.3" scaleX="0.3" deviceName="11.5a7468.负二4,9区卷帘1#" deviceID="27596" mark="XFSB" isPop="true" popType="video" width="80" height="80"/>
    <JSBJ x="847" isToolTip="true" y="507" scaleY="0.3" scaleX="0.3" deviceName="11.5a4ea9.负二4,9区卷帘2#" deviceID="27597" mark="XFSB" isPop="true" popType="video" width="80" height="80"/>
    <HANDBTN x="905" isToolTip="true" y="511" scaleY="0.3" scaleX="0.3" deviceName="11.5e410e.5e410e FDM228/230-CN" deviceID="27623" mark="XFSB" isPop="true" popType="video" width="80" height="80"/>
    <HANDBTN x="968" isToolTip="true" y="512" scaleY="0.3" scaleX="0.3" deviceName="11.66c8b5.66c8b5 FDM228/230-CN" deviceID="27629" mark="XFSB" isPop="true" popType="video" width="80" height="80"/>
    <JSBJ x="978" isToolTip="true" y="492" scaleY="0.3" scaleX="0.3" deviceName="11.5979ca.负二4区防火阀6" deviceID="27617" mark="XFSB" isPop="true" popType="video" width="80" height="80"/>
    <HANDBTN x="913" isToolTip="true" y="445" scaleY="0.3" scaleX="0.3" deviceName="11.4fa953.负二4区手报4" deviceID="26131" mark="SB" isPop="true" popType="video" width="80" height="80"/>
    <DWCQ x="793" isToolTip="true" y="429" scaleY="0.3" scaleX="0.3" deviceName="11.593de1.负二4区非编温感模块1" deviceID="26347" mark="WCQ" isPop="true" popType="video" width="80" height="80"/>
    <HANDBTN x="750" isToolTip="true" y="352" scaleY="0.3" scaleX="0.3" deviceName="11.519c9a.负二4区消火栓按钮 15" deviceID="26747" mark="XHS" isPop="true" popType="video" width="80" height="80"/>
    <YCQ x="932" isToolTip="true" y="347" scaleY="0.3" scaleX="0.3" deviceName="11.682582.682582 OP720-CN" deviceID="27630" mark="XFSB" isPop="true" popType="video" width="80" height="80"/>
    <YCQ x="890" isToolTip="true" y="345" scaleY="0.3" scaleX="0.3" deviceName="11.52c0af.负二4区垃圾间隔油间烟感27" deviceID="25135" mark="YCQ" isPop="true" popType="video" width="80" height="80"/>
    <YCQ x="856" isToolTip="true" y="346" scaleY="0.3" scaleX="0.3" deviceName="11.4da360.负二4区N7#隔油间烟感28" deviceID="25136" mark="YCQ" isPop="true" popType="video" width="80" height="80"/>
    <YCQ x="817" isToolTip="true" y="345" scaleY="0.3" scaleX="0.3" deviceName="11.5312cd.负二5区男更衣室烟感3" deviceID="25106" mark="YCQ" isPop="true" popType="video" width="80" height="80"/>
    <YCQ x="813" isToolTip="true" y="322" scaleY="0.3" scaleX="0.3" deviceName="11.52ce1d.负二5区男更衣室烟感4" deviceID="25107" mark="YCQ" isPop="true" popType="video" width="80" height="80"/>
    <YCQ x="814" isToolTip="true" y="294" scaleY="0.3" scaleX="0.3" deviceName="11.5fa68a.负二5区百货男更衣室烟感5" deviceID="25171" mark="YCQ" isPop="true" popType="video" width="80" height="80"/>
    <YCQ x="920" isToolTip="true" y="311" scaleY="0.3" scaleX="0.3" deviceName="11.5312bf.负二5区女更衣室烟感8" deviceID="25110" mark="YCQ" isPop="true" popType="video" width="80" height="80"/>
    <YCQ x="920" isToolTip="true" y="285" scaleY="0.3" scaleX="0.3" deviceName="11.5312b9.负二5区女更衣室烟感9" deviceID="25111" mark="YCQ" isPop="true" popType="video" width="80" height="80"/>
    <YCQ x="874" isToolTip="true" y="314" scaleY="0.3" scaleX="0.3" deviceName="11.52ce21.负二5区女更衣室烟感7" deviceID="25109" mark="YCQ" isPop="true" popType="video" width="80" height="80"/>
    <YCQ x="874" isToolTip="true" y="291" scaleY="0.3" scaleX="0.3" deviceName="11.52ce2c.负二5区女更衣室烟感6" deviceID="25108" mark="YCQ" isPop="true" popType="video" width="80" height="80"/>
    <YCQ x="872" isToolTip="true" y="267" scaleY="0.3" scaleX="0.3" deviceName="11.5facd1.负二5区百货女更外烟感32" deviceID="25173" mark="YCQ" isPop="true" popType="video" width="80" height="80"/>
    <YCQ x="770" isToolTip="true" y="315" scaleY="0.3" scaleX="0.3" deviceName="11.530cb4.负二5区男更衣室外烟感1" deviceID="25137" mark="YCQ" isPop="true" popType="video" width="80" height="80"/>
    <YCQ x="740" isToolTip="true" y="318" scaleY="0.3" scaleX="0.3" deviceName="11.4da37c.负二4区男更衣室外烟感29" deviceID="25116" mark="YCQ" isPop="true" popType="video" width="80" height="80"/>
    <JSBJ x="769" isToolTip="true" y="293" scaleY="0.3" scaleX="0.3" deviceName="11.623d5a.负一层5区DT4号电梯迫降" deviceID="27638" mark="XFSB" isPop="true" popType="video" width="80" height="80"/>
    <JSBJ x="769" isToolTip="true" y="271" scaleY="0.3" scaleX="0.3" deviceName="11.688eb1.负一层5区DT3号电梯迫降" deviceID="27625" mark="XFSB" isPop="true" popType="video" width="80" height="80"/>
    <YCQ x="747" isToolTip="true" y="279" scaleY="0.3" scaleX="0.3" deviceName="11.52c03b.负二4区步行街电梯厅烟感1" deviceID="25117" mark="YCQ" isPop="true" popType="video" width="80" height="80"/>
    <YCQ x="723" isToolTip="true" y="288" scaleY="0.3" scaleX="0.3" deviceName="11.532aa9.负二4区步行街电梯厅烟感2" deviceID="25118" mark="YCQ" isPop="true" popType="video" width="80" height="80"/>
    <YCQ x="766" isToolTip="true" y="244" scaleY="0.3" scaleX="0.3" deviceName="11.52f177.负二5区电梯前室外烟感29" deviceID="25164" mark="YCQ" isPop="true" popType="video" width="80" height="80"/>
    <YCQ x="810" isToolTip="true" y="244" scaleY="0.3" scaleX="0.3" deviceName="11.5fddd4.负二5区LT08楼梯间烟感28" deviceID="25174" mark="YCQ" isPop="true" popType="video" width="80" height="80"/>
    <HANDBTN x="851" isToolTip="true" y="251" scaleY="0.3" scaleX="0.3" deviceName="11.539a69.539a69 FDM228/230-CN" deviceID="27631" mark="XFSB" isPop="true" popType="video" width="80" height="80"/>
    <HANDBTN x="843" isToolTip="true" y="226" scaleY="0.3" scaleX="0.3" deviceName="11.66c9b6.66c9b6 FDM228/230-CN" deviceID="27632" mark="XFSB" isPop="true" popType="video" width="80" height="80"/>
    <YCQ x="833" isToolTip="true" y="244" scaleY="0.3" scaleX="0.3" deviceName="11.5ec645.负二5区LT08楼梯前室烟感31" deviceID="25175" mark="YCQ" isPop="true" popType="video" width="80" height="80"/>
    <YCQ x="865" isToolTip="true" y="226" scaleY="0.3" scaleX="0.3" deviceName="11.5fe398.负二5区百货餐厅烟感13" deviceID="25176" mark="YCQ" isPop="true" popType="video" width="80" height="80"/>
    <YCQ x="886" isToolTip="true" y="226" scaleY="0.3" scaleX="0.3" deviceName="11.530cab.负二5区百货员工餐厅烟感12" deviceID="25114" mark="YCQ" isPop="true" popType="video" width="80" height="80"/>
    <YCQ x="908" isToolTip="true" y="227" scaleY="0.3" scaleX="0.3" deviceName="11.532af1.负二5区百货员工餐厅烟感11" deviceID="25113" mark="YCQ" isPop="true" popType="video" width="80" height="80"/>
    <YCQ x="929" isToolTip="true" y="227" scaleY="0.3" scaleX="0.3" deviceName="11.52ce1b.负二5区百货员工餐厅烟感10" deviceID="25112" mark="YCQ" isPop="true" popType="video" width="80" height="80"/>
    <YCQ x="890" isToolTip="true" y="170" scaleY="0.3" scaleX="0.3" deviceName="11.52c050.负二5区百货员工餐厅烟感14" deviceID="25115" mark="YCQ" isPop="true" popType="video" width="80" height="80"/>
    <YCQ x="903" isToolTip="true" y="148" scaleY="0.3" scaleX="0.3" deviceName="11.6816a1.6816a1 OP720-CN" deviceID="27639" mark="XFSB" isPop="true" popType="video" width="80" height="80"/>
    <YCQ x="856" isToolTip="true" y="149" scaleY="0.3" scaleX="0.3" deviceName="11.52f4a1.负二5区百货员工餐厅烟感16" deviceID="25138" mark="YCQ" isPop="true" popType="video" width="80" height="80"/>
    <YCQ x="825" isToolTip="true" y="149" scaleY="0.3" scaleX="0.3" deviceName="11.52c034.负二5区百货员工餐厅烟感26" deviceID="25146" mark="YCQ" isPop="true" popType="video" width="80" height="80"/>
    <HANDBTN x="842" isToolTip="true" y="170" scaleY="0.3" scaleX="0.3" deviceName="11.519ca1.负二5区消火栓按钮5" deviceID="26748" mark="XHS" isPop="true" popType="video" width="80" height="80"/>
    <JSBJ x="820" isToolTip="true" y="220" scaleY="0.3" scaleX="0.3" deviceName="11.597529.AL1强切" deviceID="27620" mark="XFSB" isPop="true" popType="video" width="80" height="80"/>
    <JSBJ x="788" isToolTip="true" y="220" scaleY="0.3" scaleX="0.3" deviceName="11.597a18.负二4区防火阀2" deviceID="27605" mark="XFSB" isPop="true" popType="video" width="80" height="80"/>
    <YCQ x="831" isToolTip="true" y="199" scaleY="0.3" scaleX="0.3" deviceName="11.5fa69b.5fa69b OP720-CN" deviceID="27624" mark="XFSB" isPop="true" popType="video" width="80" height="80"/>
    <YCQ x="803" isToolTip="true" y="158" scaleY="0.3" scaleX="0.3" deviceName="11.5312c2.负二5区百货员工餐厅烟感25" deviceID="25145" mark="YCQ" isPop="true" popType="video" width="80" height="80"/>
    <HANDBTN x="785" isToolTip="true" y="165" scaleY="0.3" scaleX="0.3" deviceName="11.66c930.负二5区消火栓按钮3" deviceID="26759" mark="XHS" isPop="true" popType="video" width="80" height="80"/>
    <JSBJ x="825" isToolTip="true" y="181" scaleY="0.3" scaleX="0.3" deviceName="11.611cc4.B2F-15区0AF-B2-15-1风机" deviceID="27602" mark="XFSB" isPop="true" popType="video" width="80" height="80"/>
    <JSBJ x="805" isToolTip="true" y="182" scaleY="0.3" scaleX="0.3" deviceName="11.598260.B2F-15区MAF-B2-15-1风机" deviceID="27619" mark="XFSB" isPop="true" popType="video" width="80" height="80"/>
    <JSBJ x="784" isToolTip="true" y="185" scaleY="0.3" scaleX="0.3" deviceName="11.620b74.B2F-5区MAF-B2-5-1风机" deviceID="27603" mark="XFSB" isPop="true" popType="video" width="80" height="80"/>
    <YCQ x="757" isToolTip="true" y="199" scaleY="0.3" scaleX="0.3" deviceName="11.5fa687.负二15区男卫外走道烟感2" deviceID="25170" mark="YCQ" isPop="true" popType="video" width="80" height="80"/>
    <YCQ x="742" isToolTip="true" y="245" scaleY="0.3" scaleX="0.3" deviceName="11.4d0813.负二5区电梯前室外烟感30" deviceID="25163" mark="YCQ" isPop="true" popType="video" width="80" height="80"/>
    <HANDBTN x="722" isToolTip="true" y="256" scaleY="0.3" scaleX="0.3" deviceName="11.519d3e.负二5区LT08楼梯前室消火栓4" deviceID="26752" mark="XHS" isPop="true" popType="video" width="80" height="80"/>
    <HANDBTN x="701" isToolTip="true" y="257" scaleY="0.3" scaleX="0.3" deviceName="11.54a5e2.负二4区手报1" deviceID="26127" mark="SB" isPop="true" popType="video" width="80" height="80"/>
    <HANDBTN x="702" isToolTip="true" y="233" scaleY="0.3" scaleX="0.3" deviceName="11.66c886.66c886 FDM228/230-CN" deviceID="27626" mark="XFSB" isPop="true" popType="video" width="80" height="80"/>
    <HANDBTN x="758" isToolTip="true" y="219" scaleY="0.3" scaleX="0.3" deviceName="11.66c9bd.66c9bd FDM228/230-CN" deviceID="27633" mark="XFSB" isPop="true" popType="video" width="80" height="80"/>
    <HANDBTN x="732" isToolTip="true" y="218" scaleY="0.3" scaleX="0.3" deviceName="11.54a5f4.负二15区手报2" deviceID="26130" mark="SB" isPop="true" popType="video" width="80" height="80"/>
    <YCQ x="714" isToolTip="true" y="205" scaleY="0.3" scaleX="0.3" deviceName="11.5fe35c.负二15区男卫外走道烟感1" deviceID="25169" mark="YCQ" isPop="true" popType="video" width="80" height="80"/>
    <YCQ x="764" isToolTip="true" y="172" scaleY="0.3" scaleX="0.3" deviceName="11.5fe3ab.负二15区库房外走道烟感22" deviceID="25167" mark="YCQ" isPop="true" popType="video" width="80" height="80"/>
    <YCQ x="733" isToolTip="true" y="143" scaleY="0.3" scaleX="0.3" deviceName="11.4d25c6.负二15区污水提升间烟感5" deviceID="25162" mark="YCQ" isPop="true" popType="video" width="80" height="80"/>
    <YCQ x="797" isToolTip="true" y="121" scaleY="0.3" scaleX="0.3" deviceName="11.5312be.负二5区百货员工餐厅烟感23" deviceID="25143" mark="YCQ" isPop="true" popType="video" width="80" height="80"/>
    <YCQ x="824" isToolTip="true" y="112" scaleY="0.3" scaleX="0.3" deviceName="11.52ce22.负二5区百货员工餐厅烟感24" deviceID="25144" mark="YCQ" isPop="true" popType="video" width="80" height="80"/>
    <YCQ x="874" isToolTip="true" y="108" scaleY="0.3" scaleX="0.3" deviceName="11.530ca8.负二5区百货员工厨房烟感17" deviceID="25139" mark="YCQ" isPop="true" popType="video" width="80" height="80"/>
    <YCQ x="871" isToolTip="true" y="80" scaleY="0.3" scaleX="0.3" deviceName="11.530c6a.负二5区百货员工厨房烟感18" deviceID="25140" mark="YCQ" isPop="true" popType="video" width="80" height="80"/>
    <YCQ x="863" isToolTip="true" y="26" scaleY="0.3" scaleX="0.3" deviceName="11.52f4a3.负二5区百货售卖间烟感21" deviceID="25141" mark="YCQ" isPop="true" popType="video" width="80" height="80"/>
    <YCQ x="813" isToolTip="true" y="80" scaleY="0.3" scaleX="0.3" deviceName="11.532aaf.负二5区百货售卖间烟感22" deviceID="25142" mark="YCQ" isPop="true" popType="video" width="80" height="80"/>
    <YCQ x="813" isToolTip="true" y="58" scaleY="0.3" scaleX="0.3" deviceName="11.4ce138.负二15区大商业隔油间烟感19" deviceID="25148" mark="YCQ" isPop="true" popType="video" width="80" height="80"/>
    <YCQ x="814" isToolTip="true" y="39" scaleY="0.3" scaleX="0.3" deviceName="11.4da347.负二15区大商业隔油间烟感18" deviceID="25149" mark="YCQ" isPop="true" popType="video" width="80" height="80"/>
    <YCQ x="814" isToolTip="true" y="21" scaleY="0.3" scaleX="0.3" deviceName="11.52f17c.负二15区大商业隔油间烟感17" deviceID="25150" mark="YCQ" isPop="true" popType="video" width="80" height="80"/>
    <YCQ x="784" isToolTip="true" y="53" scaleY="0.3" scaleX="0.3" deviceName="11.4da330.负二15区大商业隔油间烟感20" deviceID="25147" mark="YCQ" isPop="true" popType="video" width="80" height="80"/>
    <HANDBTN x="778" isToolTip="true" y="122" scaleY="0.3" scaleX="0.3" deviceName="11.519cd6.负二15区消火栓按钮3" deviceID="26749" mark="XHS" isPop="true" popType="video" width="80" height="80"/>
    <HANDBTN x="786" isToolTip="true" y="83" scaleY="0.3" scaleX="0.3" deviceName="11.4fa8e9.负二15区手报1" deviceID="26132" mark="SB" isPop="true" popType="video" width="80" height="80"/>
    <JSBJ x="765" isToolTip="true" y="139" scaleY="0.3" scaleX="0.3" deviceName="11.597a18.负二4区防火阀2" deviceID="27605" mark="XFSB" isPop="true" popType="video" width="80" height="80"/>
    <YCQ x="768" isToolTip="true" y="94" scaleY="0.3" scaleX="0.3" deviceName="11.5fddd7.负二15区库房外走道烟感23" deviceID="25166" mark="YCQ" isPop="true" popType="video" width="80" height="80"/>
    <HANDBTN x="760" isToolTip="true" y="52" scaleY="0.3" scaleX="0.3" deviceName="11.66c8c6.66c8c6 FDM228/230-CN" deviceID="27634" mark="XFSB" isPop="true" popType="video" width="80" height="80"/>
    <YCQ x="747" isToolTip="true" y="15" scaleY="0.3" scaleX="0.3" deviceName="11.548f1f.负二15区库房烟感16" deviceID="25152" mark="YCQ" isPop="true" popType="video" width="80" height="80"/>
    <YCQ x="746" isToolTip="true" y="33" scaleY="0.3" scaleX="0.3" deviceName="11.541fe3.负二15区库房烟感15" deviceID="25151" mark="YCQ" isPop="true" popType="video" width="80" height="80"/>
    <YCQ x="734" isToolTip="true" y="51" scaleY="0.3" scaleX="0.3" deviceName="11.544770.负二15区库房烟感9" deviceID="25158" mark="YCQ" isPop="true" popType="video" width="80" height="80"/>
    <YCQ x="736" isToolTip="true" y="72" scaleY="0.3" scaleX="0.3" deviceName="11.52c046.负二15区库房烟感8" deviceID="25159" mark="YCQ" isPop="true" popType="video" width="80" height="80"/>
    <JSBJ x="749" isToolTip="true" y="88" scaleY="0.3" scaleX="0.3" deviceName="11.5973b3.B2F-15区SEF-B2-15-1风机" deviceID="27604" mark="XFSB" isPop="true" popType="video" width="80" height="80"/>
    <JSBJ x="750" isToolTip="true" y="107" scaleY="0.3" scaleX="0.3" deviceName="11.61eda6.B2F-15区SEF-B2-15-01风机" deviceID="27607" mark="XFSB" isPop="true" popType="video" width="80" height="80"/>
    <JSBJ x="748" isToolTip="true" y="125" scaleY="0.3" scaleX="0.3" deviceName="11.61edb2.B2F-5区SEF-B2-5-01风机" deviceID="27608" mark="XFSB" isPop="true" popType="video" width="80" height="80"/>
    <YCQ x="732" isToolTip="true" y="97" scaleY="0.3" scaleX="0.3" deviceName="11.549395.负二15区库房烟感7" deviceID="25160" mark="YCQ" isPop="true" popType="video" width="80" height="80"/>
    <YCQ x="730" isToolTip="true" y="122" scaleY="0.3" scaleX="0.3" deviceName="11.547604.负二15区库房烟感6" deviceID="25161" mark="YCQ" isPop="true" popType="video" width="80" height="80"/>
    <JSBJ x="715" isToolTip="true" y="108" scaleY="0.3" scaleX="0.3" deviceName="11.59a2e6.负二4区防火阀3" deviceID="27606" mark="XFSB" isPop="true" popType="video" width="80" height="80"/>
    <HANDBTN x="703" isToolTip="true" y="129" scaleY="0.3" scaleX="0.3" deviceName="11.4fab8f.负二至负一PD4坡道消火栓2" deviceID="26751" mark="XHS" isPop="true" popType="video" width="80" height="80"/>
    <HANDBTN x="712" isToolTip="true" y="65" scaleY="0.3" scaleX="0.3" deviceName="11.519d2a.负二15区消火栓按钮1" deviceID="26750" mark="XHS" isPop="true" popType="video" width="80" height="80"/>
    <YCQ x="683" isToolTip="true" y="60" scaleY="0.3" scaleX="0.3" deviceName="11.52c04e.负二15区库房烟感10" deviceID="25157" mark="YCQ" isPop="true" popType="video" width="80" height="80"/>
    <YCQ x="683" isToolTip="true" y="37" scaleY="0.3" scaleX="0.3" deviceName="11.547603.负二15区库房烟感14" deviceID="25153" mark="YCQ" isPop="true" popType="video" width="80" height="80"/>
    <YCQ x="685" isToolTip="true" y="15" scaleY="0.3" scaleX="0.3" deviceName="11.530ce8.负二15区库房烟感13" deviceID="25154" mark="YCQ" isPop="true" popType="video" width="80" height="80"/>
    <YCQ x="643" isToolTip="true" y="25" scaleY="0.3" scaleX="0.3" deviceName="11.53fd1f.负二15区库房烟感12" deviceID="25155" mark="YCQ" isPop="true" popType="video" width="80" height="80"/>
    <YCQ x="643" isToolTip="true" y="54" scaleY="0.3" scaleX="0.3" deviceName="11.52c03a.负二15区库房烟感11" deviceID="25156" mark="YCQ" isPop="true" popType="video" width="80" height="80"/>
    <YCQ x="957" isToolTip="true" y="552" scaleY="0.3" scaleX="0.3" deviceName="11.4da354.负二4区排风机房烟感16" deviceID="25126" mark="YCQ" isPop="true" popType="video" width="80" height="80"/>
    <YCQ x="980" isToolTip="true" y="551" scaleY="0.3" scaleX="0.3" deviceName="11.4cdfdf.负二4区排风机房烟感23" deviceID="25134" mark="YCQ" isPop="true" popType="video" width="80" height="80"/>
    <YCQ x="1003" isToolTip="true" y="550" scaleY="0.3" scaleX="0.3" deviceName="11.4da313.负二4区排风机房烟感24" deviceID="25133" mark="YCQ" isPop="true" popType="video" width="80" height="80"/>
    <JSBJ x="958" isToolTip="true" y="577" scaleY="0.3" scaleX="0.3" deviceName="11.61ede7.负二4区SEF-B2-04-3风机" deviceID="27598" mark="XFSB" isPop="true" popType="video" width="80" height="80"/>
    <JSBJ x="958" isToolTip="true" y="601" scaleY="0.3" scaleX="0.3" deviceName="11.620bab.负二4区SEF-B2-04-2风机" deviceID="27599" mark="XFSB" isPop="true" popType="video" width="80" height="80"/>
    <YCQ x="958" isToolTip="true" y="623" scaleY="0.3" scaleX="0.3" deviceName="11.4da365.负二4区排风机房烟感17" deviceID="25127" mark="YCQ" isPop="true" popType="video" width="80" height="80"/>
    <YCQ x="982" isToolTip="true" y="620" scaleY="0.3" scaleX="0.3" deviceName="11.4da339.负二4区排风机房烟感18" deviceID="25128" mark="YCQ" isPop="true" popType="video" width="80" height="80"/>
    <YCQ x="1011" isToolTip="true" y="620" scaleY="0.3" scaleX="0.3" deviceName="11.4da35d.负二4区排风机房烟感22" deviceID="25132" mark="YCQ" isPop="true" popType="video" width="80" height="80"/>
    <YCQ x="1015" isToolTip="true" y="645" scaleY="0.3" scaleX="0.3" deviceName="11.4da36f.负二4区排风机房烟感21" deviceID="25131" mark="YCQ" isPop="true" popType="video" width="80" height="80"/>
    <YCQ x="1019" isToolTip="true" y="669" scaleY="0.3" scaleX="0.3" deviceName="11.4da338.负二4区排风机房烟感20" deviceID="25130" mark="YCQ" isPop="true" popType="video" width="80" height="80"/>
    <YCQ x="958" isToolTip="true" y="658" scaleY="0.3" scaleX="0.3" deviceName="11.4da38a.负二4区排风机房烟感19" deviceID="25129" mark="YCQ" isPop="true" popType="video" width="80" height="80"/>
    <JSBJ x="973" isToolTip="true" y="674" scaleY="0.3" scaleX="0.3" deviceName="11.620bc5.负二9区SEF-B2-9-1风机" deviceID="27601" mark="XFSB" isPop="true" popType="video" width="80" height="80"/>
    <JSBJ x="996" isToolTip="true" y="672" scaleY="0.3" scaleX="0.3" deviceName="11.620bc7.负二9区SEF-B2-9-2风机" deviceID="27600" mark="XFSB" isPop="true" popType="video" width="80" height="80"/>
    <JSBJ x="665" isToolTip="true" y="273" scaleY="0.3" scaleX="0.3" deviceName="AAA_B2层4区广播" deviceID="28918" mark="XFSB" isPop="true" popType="video" width="80" height="80"/>
    <JSBJ x="676" isToolTip="true" y="314" scaleY="0.3" scaleX="0.3" deviceName="AAA_B2层4区声光" deviceID="28919" mark="XFSB" isPop="true" popType="video" width="80" height="80"/>
    <YCQ x="848" isToolTip="true" y="53" scaleY="0.3" scaleX="0.3" deviceName="AAA_负二15区库房外走道烟感21" deviceID="25168" mark="YCQ" isPop="true" popType="video" width="80" height="80"/>
    <JSBJ x="636" isToolTip="true" y="256" scaleY="0.3" scaleX="0.3" deviceName="AAA_负二4区防火阀4" deviceID="27609" mark="XFSB" isPop="true" popType="video" width="80" height="80"/>
    <JSBJ x="734" isToolTip="true" y="403" scaleY="0.3" scaleX="0.3" deviceName="AAA_负二4区防火阀5" deviceID="27610" mark="XFSB" isPop="true" popType="video" width="80" height="80"/>
  </Components>
</Configration>