<?xml version="1.0" encoding="utf-8"?>
<Configration Width="1400" Height="714">
  <LIST>
    <Component>
      <DWCQ/>
      <JSBJ/>
      <YCQ/>
      <HANDBTN/>
    </Component>
    <Image>
      <XFFQB1Q5 source="mapAssets/mapImages/XFFQB1/XFFQB1_5.png" group="map"/>
      <XFFQB1Q5TULI source="mapAssets/mapImages/XFFQB1/XFFQB1_5TULI.png" group="mapTuli"/>
    </Image>
  </LIST>
  <Components>
    <XFFQB1Q5 ky="0" x="-73" y="0" isLocation="true" ay="26" ax="374" width="1434" kx="0" height="714"/>
    <XFFQB1Q5TULI x="1100" scaleX="0.75" scaleY="0.75" y="10" width="400" height="300"/>
    <DWCQ x="353" isToolTip="true" y="46" scaleY="0.3" scaleX="0.3" deviceName="7.6067c6.负一层超市卸货区温感16#" deviceID="26570" mark="WCQ" isPop="true" popType="video" width="80" height="80"/>
    <JSBJ x="342" isToolTip="true" y="25" scaleY="0.3" scaleX="0.3" deviceName="7.5983f0.负一层超市卸货区内卷帘门" deviceID="28343" mark="XFSB" isPop="true" popType="video" width="80" height="80"/>
    <YCQ x="375" isToolTip="true" y="47" scaleY="0.3" scaleX="0.3" deviceName="7.4cdc56.负一层超市卸货区烟感17#" deviceID="25619" mark="YCQ" isPop="true" popType="video" width="80" height="80"/>
    <YCQ x="375" isToolTip="true" y="72" scaleY="0.3" scaleX="0.3" deviceName="7.4cb42f.负一层超市卸货区烟感15#" deviceID="25620" mark="YCQ" isPop="true" popType="video" width="80" height="80"/>
    <JSBJ x="404" isToolTip="true" y="23" scaleY="0.3" scaleX="0.3" deviceName="7.5f5094.B1层超市1区内卷帘" deviceID="28365" mark="XFSB" isPop="true" popType="video" width="80" height="80"/>
    <DWCQ x="414" isToolTip="true" y="43" scaleY="0.3" scaleX="0.3" deviceName="7.609459.负一层超市卸货区温感19#" deviceID="26569" mark="WCQ" isPop="true" popType="video" width="80" height="80"/>
    <DWCQ x="459" isToolTip="true" y="43" scaleY="0.3" scaleX="0.3" deviceName="7.6084bc.负一层超市卸货区温感21#" deviceID="26568" mark="WCQ" isPop="true" popType="video" width="80" height="80"/>
    <YCQ x="437" isToolTip="true" y="43" scaleY="0.3" scaleX="0.3" deviceName="7.52c041.负一层超市卸货区烟感20#" deviceID="25618" mark="YCQ" isPop="true" popType="video" width="80" height="80"/>
    <YCQ x="438" isToolTip="true" y="69" scaleY="0.3" scaleX="0.3" deviceName="7.52c041.负一层超市卸货区烟感20#" deviceID="25618" mark="YCQ" isPop="true" popType="video" width="80" height="80"/>
    <YCQ x="489" isToolTip="true" y="28" scaleY="0.3" scaleX="0.3" deviceName="13.56479b.负一层超市仓管室烟感47" deviceID="25963" mark="YCQ" isPop="true" popType="video" width="80" height="80"/>
    <YCQ x="487" isToolTip="true" y="64" scaleY="0.3" scaleX="0.3" deviceName="13.569d76.负一层超市仓管室烟感48" deviceID="25962" mark="YCQ" isPop="true" popType="video" width="80" height="80"/>
    <YCQ x="522" isToolTip="true" y="27" scaleY="0.3" scaleX="0.3" deviceName="13.52ce49.负一层超市空调机房外烟感46" deviceID="25964" mark="YCQ" isPop="true" popType="video" width="80" height="80"/>
    <HANDBTN x="523" isToolTip="true" y="59" scaleY="0.3" scaleX="0.3" deviceName="13.5e43c2.负一层超市空调房外消火栓7" deviceID="26898" mark="XHS" isPop="true" popType="video" width="80" height="80"/>
    <YCQ x="560" isToolTip="true" y="24" scaleY="0.3" scaleX="0.3" deviceName="13.4cfd29.负一层超市空调机房烟感45" deviceID="25965" mark="YCQ" isPop="true" popType="video" width="80" height="80"/>
    <YCQ x="593" isToolTip="true" y="77" scaleY="0.3" scaleX="0.3" deviceName="13.4cfd25.负一层超市LT10前室外烟感42" deviceID="25988" mark="YCQ" isPop="true" popType="video" width="80" height="80"/>
    <YCQ x="544" isToolTip="true" y="75" scaleY="0.3" scaleX="0.3" deviceName="13.4cd1bc.负一层超市LT10前室外烟感43" deviceID="25966" mark="YCQ" isPop="true" popType="video" width="80" height="80"/>
    <HANDBTN x="568" isToolTip="true" y="75" scaleY="0.3" scaleX="0.3" deviceName="13.5f5b97.负一层超市空调机房手报3" deviceID="26201" mark="SB" isPop="true" popType="video" width="80" height="80"/>
    <JSBJ x="582" isToolTip="true" y="40" scaleY="0.3" scaleX="0.3" deviceName="13.5f508d.B1层超市3区排烟风机" deviceID="28593" mark="XFSB" isPop="true" popType="video" width="80" height="80"/>
    <JSBJ x="344" isToolTip="true" y="96" scaleY="0.3" scaleX="0.3" deviceName="7.68e953.负一层超市1区排烟阀1" deviceID="28355" mark="XFSB" isPop="true" popType="video" width="80" height="80"/>
    <YCQ x="321" isToolTip="true" y="120" scaleY="0.3" scaleX="0.3" deviceName="7.52c031.负一层超市地磅旁烟感36#" deviceID="25607" mark="YCQ" isPop="true" popType="video" width="80" height="80"/>
    <YCQ x="360" isToolTip="true" y="119" scaleY="0.3" scaleX="0.3" deviceName="7.52c02a.负一层超市卸货平台烟感37#" deviceID="25606" mark="YCQ" isPop="true" popType="video" width="80" height="80"/>
    <YCQ x="395" isToolTip="true" y="120" scaleY="0.3" scaleX="0.3" deviceName="7.52c02e.负一层超市卸货平台烟感38#" deviceID="25605" mark="YCQ" isPop="true" popType="video" width="80" height="80"/>
    <HANDBTN x="416" isToolTip="true" y="142" scaleY="0.3" scaleX="0.3" deviceName="7.5e4709.负一层超市卸货平台旁消火1#" deviceID="28347" mark="XFSB" isPop="true" popType="video" width="80" height="80"/>
    <HANDBTN x="336" isToolTip="true" y="142" scaleY="0.3" scaleX="0.3" deviceName="7.5f5d05.负一层超市卸货平台手报2" deviceID="26172" mark="SB" isPop="true" popType="video" width="80" height="80"/>
    <YCQ x="315" isToolTip="true" y="197" scaleY="0.3" scaleX="0.3" deviceName="7.52f254.负一层超市日冻间烟感40#" deviceID="25603" mark="YCQ" isPop="true" popType="video" width="80" height="80"/>
    <YCQ x="351" isToolTip="true" y="197" scaleY="0.3" scaleX="0.3" deviceName="7.52ce2f.负一层超市日冻间烟感39#" deviceID="25604" mark="YCQ" isPop="true" popType="video" width="80" height="80"/>
    <YCQ x="386" isToolTip="true" y="196" scaleY="0.3" scaleX="0.3" deviceName="7.569d9d.负一层超市日冻间烟感11#" deviceID="25621" mark="YCQ" isPop="true" popType="video" width="80" height="80"/>
    <YCQ x="314" isToolTip="true" y="254" scaleY="0.3" scaleX="0.3" deviceName="7.530c92.负一层超市日藏间外烟感41#" deviceID="25602" mark="YCQ" isPop="true" popType="video" width="80" height="80"/>
    <YCQ x="351" isToolTip="true" y="255" scaleY="0.3" scaleX="0.3" deviceName="7.52f4a7.负一层超市日藏间外烟感9#" deviceID="25623" mark="YCQ" isPop="true" popType="video" width="80" height="80"/>
    <YCQ x="386" isToolTip="true" y="255" scaleY="0.3" scaleX="0.3" deviceName="7.5419fd.负一层超市日藏间外烟感10#" deviceID="25622" mark="YCQ" isPop="true" popType="video" width="80" height="80"/>
    <YCQ x="311" isToolTip="true" y="334" scaleY="0.3" scaleX="0.3" deviceName="7.543a3a.负一层超市库存烟感42#" deviceID="25601" mark="YCQ" isPop="true" popType="video" width="80" height="80"/>
    <YCQ x="349" isToolTip="true" y="335" scaleY="0.3" scaleX="0.3" deviceName="7.5493e6.负一层超市库存烟感3#" deviceID="25629" mark="YCQ" isPop="true" popType="video" width="80" height="80"/>
    <YCQ x="387" isToolTip="true" y="334" scaleY="0.3" scaleX="0.3" deviceName="7.52ce50.负一层超市熟藏间外烟感4#" deviceID="25628" mark="YCQ" isPop="true" popType="video" width="80" height="80"/>
    <YCQ x="435" isToolTip="true" y="272" scaleY="0.3" scaleX="0.3" deviceName="7.52ce4c.负一层超市烘藏间外烟感8#" deviceID="25626" mark="YCQ" isPop="true" popType="video" width="80" height="80"/>
    <YCQ x="433" isToolTip="true" y="315" scaleY="0.3" scaleX="0.3" deviceName="7.5446ba.负一层超市烘藏间平台烟感5#" deviceID="25627" mark="YCQ" isPop="true" popType="video" width="80" height="80"/>
    <YCQ x="432" isToolTip="true" y="347" scaleY="0.3" scaleX="0.3" deviceName="7.4cb44a.负一层超市熟藏间烟感2#" deviceID="25630" mark="YCQ" isPop="true" popType="video" width="80" height="80"/>
    <YCQ x="308" isToolTip="true" y="370" scaleY="0.3" scaleX="0.3" deviceName="7.532aa8.负一层超市风机房外烟感43#" deviceID="25600" mark="YCQ" isPop="true" popType="video" width="80" height="80"/>
    <YCQ x="386" isToolTip="true" y="394" scaleY="0.3" scaleX="0.3" deviceName="7.4cdca4.负一层超市熟冻间外烟感46#" deviceID="25598" mark="YCQ" isPop="true" popType="video" width="80" height="80"/>
    <YCQ x="415" isToolTip="true" y="383" scaleY="0.3" scaleX="0.3" deviceName="7.4cb4e7.负一层超市熟冻间烟感47#" deviceID="25597" mark="YCQ" isPop="true" popType="video" width="80" height="80"/>
    <YCQ x="433" isToolTip="true" y="169" scaleY="0.3" scaleX="0.3" deviceName="13.564783.负一层超市烘工区烟感53" deviceID="25959" mark="YCQ" isPop="true" popType="video" width="80" height="80"/>
    <YCQ x="433" isToolTip="true" y="205" scaleY="0.3" scaleX="0.3" deviceName="13.4cdc16.4cdc16 OP720-CN" deviceID="28540" mark="XFSB" isPop="true" popType="video" width="80" height="80"/>
    <HANDBTN x="406" isToolTip="true" y="217" scaleY="0.3" scaleX="0.3" deviceName="13.5e46fe.负一层超市烘工区消火栓9" deviceID="26896" mark="XHS" isPop="true" popType="video" width="80" height="80"/>
    <YCQ x="500" isToolTip="true" y="97" scaleY="0.3" scaleX="0.3" deviceName="13.4cfe97.负一层超市仓管室外烟感49" deviceID="25961" mark="YCQ" isPop="true" popType="video" width="80" height="80"/>
    <YCQ x="486" isToolTip="true" y="147" scaleY="0.3" scaleX="0.3" deviceName="13.4cdc0b.负一层超市包装间外烟感52" deviceID="25960" mark="YCQ" isPop="true" popType="video" width="80" height="80"/>
    <YCQ x="501" isToolTip="true" y="168" scaleY="0.3" scaleX="0.3" deviceName="13.4da323.负一层超市烘焙中岛区烟感58" deviceID="25956" mark="YCQ" isPop="true" popType="video" width="80" height="80"/>
    <YCQ x="500" isToolTip="true" y="202" scaleY="0.3" scaleX="0.3" deviceName="13.5692dc.负一层超市烘焙中岛区烟感57" deviceID="25957" mark="YCQ" isPop="true" popType="video" width="80" height="80"/>
    <YCQ x="500" isToolTip="true" y="243" scaleY="0.3" scaleX="0.3" deviceName="13.5647c2.负一层超市烘焙中岛区烟感56" deviceID="25958" mark="YCQ" isPop="true" popType="video" width="80" height="80"/>
    <JSBJ x="480" isToolTip="true" y="272" scaleY="0.3" scaleX="0.3" deviceName="7.68e959.负一层超市1/3分区卷帘2" deviceID="28348" mark="XFSB" isPop="true" popType="video" width="80" height="80"/>
    <YCQ x="512" isToolTip="true" y="271" scaleY="0.3" scaleX="0.3" deviceName="7.52d06e.负一层超市包装间外烟感6#" deviceID="25625" mark="YCQ" isPop="true" popType="video" width="80" height="80"/>
    <YCQ x="470" isToolTip="true" y="298" scaleY="0.3" scaleX="0.3" deviceName="6.560835.负一层超市包装间烟感23#" deviceID="25584" mark="YCQ" isPop="true" popType="video" width="80" height="80"/>
    <YCQ x="478" isToolTip="true" y="338" scaleY="0.3" scaleX="0.3" deviceName="6.5692d9.负一层超市处理室烟感24#" deviceID="25583" mark="YCQ" isPop="true" popType="video" width="80" height="80"/>
    <YCQ x="312" isToolTip="true" y="476" scaleY="0.3" scaleX="0.3" deviceName="7.52ce40.负一层超市水冻区烟感14" deviceID="25648" mark="YCQ" isPop="true" popType="video" width="80" height="80"/>
    <YCQ x="368" isToolTip="true" y="474" scaleY="0.3" scaleX="0.3" deviceName="7.4cdbf1.负一层超市水工区烟感15" deviceID="25647" mark="YCQ" isPop="true" popType="video" width="80" height="80"/>
    <YCQ x="366" isToolTip="true" y="510" scaleY="0.3" scaleX="0.3" deviceName="7.52d07a.负一层超市生鲜包材间烟感16" deviceID="25646" mark="YCQ" isPop="true" popType="video" width="80" height="80"/>
    <YCQ x="311" isToolTip="true" y="530" scaleY="0.3" scaleX="0.3" deviceName="7.52d07b.负一层超市水冻区烟感13" deviceID="25649" mark="YCQ" isPop="true" popType="video" width="80" height="80"/>
    <YCQ x="363" isToolTip="true" y="531" scaleY="0.3" scaleX="0.3" deviceName="7.52ce55.负一层超市生鲜包材间烟感17" deviceID="25645" mark="YCQ" isPop="true" popType="video" width="80" height="80"/>
    <YCQ x="312" isToolTip="true" y="604" scaleY="0.3" scaleX="0.3" deviceName="7.52c043.负一层超市充电区烟感12" deviceID="25650" mark="YCQ" isPop="true" popType="video" width="80" height="80"/>
    <YCQ x="363" isToolTip="true" y="582" scaleY="0.3" scaleX="0.3" deviceName="7.4cb417.负一层超市库存间烟感23" deviceID="25639" mark="YCQ" isPop="true" popType="video" width="80" height="80"/>
    <YCQ x="361" isToolTip="true" y="620" scaleY="0.3" scaleX="0.3" deviceName="7.4cdc07.负一层超市库存间烟感24" deviceID="25638" mark="YCQ" isPop="true" popType="video" width="80" height="80"/>
    <YCQ x="322" isToolTip="true" y="649" scaleY="0.3" scaleX="0.3" deviceName="7.52c047.负一层超市风机房烟感11" deviceID="25651" mark="YCQ" isPop="true" popType="video" width="80" height="80"/>
    <JSBJ x="302" isToolTip="true" y="667" scaleY="0.3" scaleX="0.3" deviceName="7.68e830.B1层超市2区风机房补风机" deviceID="28363" mark="XFSB" isPop="true" popType="video" width="80" height="80"/>
    <HANDBTN x="397" isToolTip="true" y="629" scaleY="0.3" scaleX="0.3" deviceName="7.519c71.负一层超豆面加工间外消火栓" deviceID="26857" mark="XHS" isPop="true" popType="video" width="80" height="80"/>
    <YCQ x="427" isToolTip="true" y="544" scaleY="0.3" scaleX="0.3" deviceName="7.532af6.负一层超市疏藏间烟感18" deviceID="25644" mark="YCQ" isPop="true" popType="video" width="80" height="80"/>
    <YCQ x="424" isToolTip="true" y="596" scaleY="0.3" scaleX="0.3" deviceName="7.5475b9.负一层超市豆面加工间烟感22" deviceID="25640" mark="YCQ" isPop="true" popType="video" width="80" height="80"/>
    <YCQ x="486" isToolTip="true" y="544" scaleY="0.3" scaleX="0.3" deviceName="7.5475c0.负一层超市疏藏间烟感19" deviceID="25643" mark="YCQ" isPop="true" popType="video" width="80" height="80"/>
    <YCQ x="487" isToolTip="true" y="597" scaleY="0.3" scaleX="0.3" deviceName="7.544db5.负一层超市疏工间烟感20" deviceID="25642" mark="YCQ" isPop="true" popType="video" width="80" height="80"/>
    <YCQ x="460" isToolTip="true" y="597" scaleY="0.3" scaleX="0.3" deviceName="7.52c038.负一层超市疏工间烟感21" deviceID="25641" mark="YCQ" isPop="true" popType="video" width="80" height="80"/>
    <YCQ x="498" isToolTip="true" y="658" scaleY="0.3" scaleX="0.3" deviceName="7.4d08c5.负一层超市疏工室外烟感8" deviceID="25636" mark="YCQ" isPop="true" popType="video" width="80" height="80"/>
    <JSBJ x="522" isToolTip="true" y="659" scaleY="0.3" scaleX="0.3" deviceName="7.68e830.B1层超市2区风机房补风机" deviceID="28363" mark="XFSB" isPop="true" popType="video" width="80" height="80"/>
    <HANDBTN x="539" isToolTip="true" y="643" scaleY="0.3" scaleX="0.3" deviceName="7.5f5cb7.负一层超市肉冻区外手报2" deviceID="26176" mark="SB" isPop="true" popType="video" width="80" height="80"/>
    <YCQ x="567" isToolTip="true" y="658" scaleY="0.3" scaleX="0.3" deviceName="7.4824ad.负一层超市肉藏南走外烟感7" deviceID="25635" mark="YCQ" isPop="true" popType="video" width="80" height="80"/>
    <YCQ x="634" isToolTip="true" y="658" scaleY="0.3" scaleX="0.3" deviceName="7.4824b8.负一层超市处理室外烟感6" deviceID="25634" mark="YCQ" isPop="true" popType="video" width="80" height="80"/>
    <JSBJ x="674" isToolTip="true" y="658" scaleY="0.3" scaleX="0.3" deviceName="7.5f5097.负一层超市2区处理外排烟阀" deviceID="28368" mark="XFSB" isPop="true" popType="video" width="80" height="80"/>
    <YCQ x="782" isToolTip="true" y="655" scaleY="0.3" scaleX="0.3" deviceName="7.4d089b.负一层超市鱼工间外烟感4" deviceID="25632" mark="YCQ" isPop="true" popType="video" width="80" height="80"/>
    <YCQ x="819" isToolTip="true" y="640" scaleY="0.3" scaleX="0.3" deviceName="7.52c041.负一层超市卸货区烟感20#" deviceID="25618" mark="YCQ" isPop="true" popType="video" width="80" height="80"/>
    <JSBJ x="818" isToolTip="true" y="658" scaleY="0.3" scaleX="0.3" deviceName="7.5f5095.负一层超市2区鱼工外排烟阀" deviceID="28367" mark="XFSB" isPop="true" popType="video" width="80" height="80"/>
    <HANDBTN x="850" isToolTip="true" y="639" scaleY="0.3" scaleX="0.3" deviceName="7.5f5c66.负一层超市LT17前室外手报3" deviceID="26175" mark="SB" isPop="true" popType="video" width="80" height="80"/>
    <YCQ x="849" isToolTip="true" y="661" scaleY="0.3" scaleX="0.3" deviceName="7.4d089c.负一层超市配电间外烟感3" deviceID="25631" mark="YCQ" isPop="true" popType="video" width="80" height="80"/>
    <YCQ x="859" isToolTip="true" y="610" scaleY="0.3" scaleX="0.3" deviceName="6.5692c3.负一层超市LT17前室烟感45#" deviceID="25567" mark="YCQ" isPop="true" popType="video" width="80" height="80"/>
    <YCQ x="859" isToolTip="true" y="576" scaleY="0.3" scaleX="0.3" deviceName="6.5607d2.负一层超市LT17前室烟感46#" deviceID="25566" mark="YCQ" isPop="true" popType="video" width="80" height="80"/>
    <YCQ x="858" isToolTip="true" y="548" scaleY="0.3" scaleX="0.3" deviceName="6.56475c.负一层超市LT17前室烟感47#" deviceID="25564" mark="YCQ" isPop="true" popType="video" width="80" height="80"/>
    <YCQ x="856" isToolTip="true" y="517" scaleY="0.3" scaleX="0.3" deviceName="6.5647d5.负一层超市LT16前室烟感50#" deviceID="25563" mark="YCQ" isPop="true" popType="video" width="80" height="80"/>
    <YCQ x="887" isToolTip="true" y="548" scaleY="0.3" scaleX="0.3" deviceName="6.569326.负一层超市LT17烟感48#" deviceID="25565" mark="YCQ" isPop="true" popType="video" width="80" height="80"/>
    <YCQ x="935" isToolTip="true" y="547" scaleY="0.3" scaleX="0.3" deviceName="9.4cb47f.负一层超市LT16间烟感21" deviceID="25712" mark="YCQ" isPop="true" popType="video" width="80" height="80"/>
    <YCQ x="935" isToolTip="true" y="513" scaleY="0.3" scaleX="0.3" deviceName="9.4cb4c9.负一层超市LT16间烟感20" deviceID="25713" mark="YCQ" isPop="true" popType="video" width="80" height="80"/>
    <YCQ x="967" isToolTip="true" y="515" scaleY="0.3" scaleX="0.3" deviceName="9.4cdc7c.4cdc7c OP720-CN" deviceID="28395" mark="XFSB" isPop="true" popType="video" width="80" height="80"/>
    <YCQ x="955" isToolTip="true" y="533" scaleY="0.3" scaleX="0.3" deviceName="9.4cdcee.负一层超市LT17前室烟感19" deviceID="25714" mark="YCQ" isPop="true" popType="video" width="80" height="80"/>
    <YCQ x="833" isToolTip="true" y="608" scaleY="0.3" scaleX="0.3" deviceName="6.5647bb.负一层超市鱼工区烟感44#" deviceID="25568" mark="YCQ" isPop="true" popType="video" width="80" height="80"/>
    <YCQ x="765" isToolTip="true" y="609" scaleY="0.3" scaleX="0.3" deviceName="6.5692ea.负一层超市鱼工区烟感38#" deviceID="25573" mark="YCQ" isPop="true" popType="video" width="80" height="80"/>
    <YCQ x="766" isToolTip="true" y="573" scaleY="0.3" scaleX="0.3" deviceName="6.5647cc.负一层超市鱼工区烟感39#" deviceID="25572" mark="YCQ" isPop="true" popType="video" width="80" height="80"/>
    <YCQ x="633" isToolTip="true" y="613" scaleY="0.3" scaleX="0.3" deviceName="6.4cd1dd.负一层超市肉藏外烟感32#" deviceID="25577" mark="YCQ" isPop="true" popType="video" width="80" height="80"/>
    <YCQ x="570" isToolTip="true" y="613" scaleY="0.3" scaleX="0.3" deviceName="6.55dc46.负一层超市冻肉区烟感31#" deviceID="25578" mark="YCQ" isPop="true" popType="video" width="80" height="80"/>
    <YCQ x="570" isToolTip="true" y="571" scaleY="0.3" scaleX="0.3" deviceName="6.5692db.负一层超市冻肉区烟感29#" deviceID="25580" mark="YCQ" isPop="true" popType="video" width="80" height="80"/>
    <YCQ x="698" isToolTip="true" y="587" scaleY="0.3" scaleX="0.3" deviceName="6.569310.负一层超市肉工区烟感36#" deviceID="25574" mark="YCQ" isPop="true" popType="video" width="80" height="80"/>
    <JSBJ x="698" isToolTip="true" y="564" scaleY="0.3" scaleX="0.3" deviceName="6.620b87.超市4区排烟阀" deviceID="28306" mark="XFSB" isPop="true" popType="video" width="80" height="80"/>
    <YCQ x="826" isToolTip="true" y="542" scaleY="0.3" scaleX="0.3" deviceName="6.541e17.负一层超市鱼工区外烟感42#" deviceID="25569" mark="YCQ" isPop="true" popType="video" width="80" height="80"/>
    <YCQ x="790" isToolTip="true" y="541" scaleY="0.3" scaleX="0.3" deviceName="6.544d74.负一层超市鱼工区外烟感41#" deviceID="25570" mark="YCQ" isPop="true" popType="video" width="80" height="80"/>
    <YCQ x="746" isToolTip="true" y="543" scaleY="0.3" scaleX="0.3" deviceName="6.541e13.负一层超市鱼工区外烟感40#" deviceID="25571" mark="YCQ" isPop="true" popType="video" width="80" height="80"/>
    <HANDBTN x="842" isToolTip="true" y="496" scaleY="0.3" scaleX="0.3" deviceName="6.5f5dff.负一层LT16前室北外手报1" deviceID="26171" mark="SB" isPop="true" popType="video" width="80" height="80"/>
    <YCQ x="841" isToolTip="true" y="478" scaleY="0.3" scaleX="0.3" deviceName="6.56082e.负一层超市LT16前室外烟感51" deviceID="25562" mark="YCQ" isPop="true" popType="video" width="80" height="80"/>
    <DWCQ x="862" isToolTip="true" y="479" scaleY="0.3" scaleX="0.3" deviceName="6.4f69ac.负一层超市LT16前室外温感52" deviceID="26563" mark="WCQ" isPop="true" popType="video" width="80" height="80"/>
    <JSBJ x="874" isToolTip="true" y="497" scaleY="0.3" scaleX="0.3" deviceName="6.596c59.负一层超市4/5区卷帘1" deviceID="28300" mark="XFSB" isPop="true" popType="video" width="80" height="80"/>
    <DWCQ x="862" isToolTip="true" y="440" scaleY="0.3" scaleX="0.3" deviceName="6.4b0f9f.负一层超市LT16前室外温感53" deviceID="26562" mark="WCQ" isPop="true" popType="video" width="80" height="80"/>
    <HANDBTN x="810" isToolTip="true" y="497" scaleY="0.3" scaleX="0.3" deviceName="6.5e4742.负一层超市鱼工区消火栓8" deviceID="26848" mark="XHS" isPop="true" popType="video" width="80" height="80"/>
    <HANDBTN x="728" isToolTip="true" y="493" scaleY="0.3" scaleX="0.3" deviceName="6.5e471d.负一层超市A塔外消火栓1" deviceID="26853" mark="XHS" isPop="true" popType="video" width="80" height="80"/>
    <YCQ x="703" isToolTip="true" y="517" scaleY="0.3" scaleX="0.3" deviceName="6.56930f.56930f OP720-CN" deviceID="28320" mark="XFSB" isPop="true" popType="video" width="80" height="80"/>
    <YCQ x="704" isToolTip="true" y="492" scaleY="0.3" scaleX="0.3" deviceName="6.541d05.负一层超市A塔电梯口烟感6#" deviceID="25592" mark="YCQ" isPop="true" popType="video" width="80" height="80"/>
    <YCQ x="729" isToolTip="true" y="471" scaleY="0.3" scaleX="0.3" deviceName="6.4d0854.负一层超市弱电室外烟感4#" deviceID="25593" mark="YCQ" isPop="true" popType="video" width="80" height="80"/>
    <YCQ x="661" isToolTip="true" y="542" scaleY="0.3" scaleX="0.3" deviceName="6.564807.负一层超市肉藏外烟感34#" deviceID="25575" mark="YCQ" isPop="true" popType="video" width="80" height="80"/>
    <YCQ x="622" isToolTip="true" y="542" scaleY="0.3" scaleX="0.3" deviceName="6.560804.负一层超市肉藏外烟感33#" deviceID="25576" mark="YCQ" isPop="true" popType="video" width="80" height="80"/>
    <YCQ x="567" isToolTip="true" y="528" scaleY="0.3" scaleX="0.3" deviceName="6.5607f9.负一层超市腌腊外烟感24#" deviceID="25581" mark="YCQ" isPop="true" popType="video" width="80" height="80"/>
    <JSBJ x="528" isToolTip="true" y="466" scaleY="0.3" scaleX="0.3" deviceName="6.68e81e.B1层超市9区排烟风机" deviceID="28327" mark="XFSB" isPop="true" popType="video" width="80" height="80"/>
    <JSBJ x="551" isToolTip="true" y="466" scaleY="0.3" scaleX="0.3" deviceName="6.68d352.B1层超市4区补风机1" deviceID="28328" mark="XFSB" isPop="true" popType="video" width="80" height="80"/>
    <JSBJ x="594" isToolTip="true" y="539" scaleY="0.3" scaleX="0.3" deviceName="6.668c28.负一层超市4区排烟阀1" deviceID="28326" mark="XFSB" isPop="true" popType="video" width="80" height="80"/>
    <YCQ x="571" isToolTip="true" y="445" scaleY="0.3" scaleX="0.3" deviceName="6.564808.负一层超市A塔电梯外烟感15#" deviceID="25588" mark="YCQ" isPop="true" popType="video" width="80" height="80"/>
    <YCQ x="573" isToolTip="true" y="405" scaleY="0.3" scaleX="0.3" deviceName="6.55dbcb.负一层超市A塔冷凝井烟感16#" deviceID="25582" mark="YCQ" isPop="true" popType="video" width="80" height="80"/>
    <YCQ x="639" isToolTip="true" y="467" scaleY="0.3" scaleX="0.3" deviceName="6.68573f.负一层A塔电梯弱电室烟12" deviceID="28316" mark="XFSB" isPop="true" popType="video" width="80" height="80"/>
    <JSBJ x="700" isToolTip="true" y="467" scaleY="0.3" scaleX="0.3" deviceName="6.596b33.负一层超市4分区送风阀1" deviceID="28315" mark="XFSB" isPop="true" popType="video" width="80" height="80"/>
    <YCQ x="732" isToolTip="true" y="432" scaleY="0.3" scaleX="0.3" deviceName="6.6846ed.负一层超市4区配电井烟感" deviceID="25596" mark="YCQ" isPop="true" popType="video" width="80" height="80"/>
    <YCQ x="661" isToolTip="true" y="445" scaleY="0.3" scaleX="0.3" deviceName="6.4cd407.负一层超市A塔电梯口烟感11#" deviceID="25590" mark="YCQ" isPop="true" popType="video" width="80" height="80"/>
    <YCQ x="661" isToolTip="true" y="399" scaleY="0.3" scaleX="0.3" deviceName="6.4cfd30.负一层超市A塔电梯口烟感10" deviceID="25591" mark="YCQ" isPop="true" popType="video" width="80" height="80"/>
    <YCQ x="638" isToolTip="true" y="390" scaleY="0.3" scaleX="0.3" deviceName="6.685723.负一层A塔电梯弱电室烟9" deviceID="28318" mark="XFSB" isPop="true" popType="video" width="80" height="80"/>
    <YCQ x="615" isToolTip="true" y="467" scaleY="0.3" scaleX="0.3" deviceName="6.4cdfd6.负一层超市A塔电梯旁烟感14#" deviceID="25589" mark="YCQ" isPop="true" popType="video" width="80" height="80"/>
    <HANDBTN x="615" isToolTip="true" y="446" scaleY="0.3" scaleX="0.3" deviceName="6.5e4714.负一层超市A塔电梯间外消火3" deviceID="28312" mark="XFSB" isPop="true" popType="video" width="80" height="80"/>
    <JSBJ x="750" isToolTip="true" y="472" scaleY="0.3" scaleX="0.3" deviceName="6.594082.负一层超市4分区排烟阀1" deviceID="28321" mark="XFSB" isPop="true" popType="video" width="80" height="80"/>
    <JSBJ x="772" isToolTip="true" y="472" scaleY="0.3" scaleX="0.3" deviceName="6.593e8d.负一层超市4分区排烟阀2" deviceID="28322" mark="XFSB" isPop="true" popType="video" width="80" height="80"/>
    <YCQ x="750" isToolTip="true" y="449" scaleY="0.3" scaleX="0.3" deviceName="6.4cfd2a.负一层超市弱电室外烟感3#" deviceID="25594" mark="YCQ" isPop="true" popType="video" width="80" height="80"/>
    <YCQ x="798" isToolTip="true" y="464" scaleY="0.3" scaleX="0.3" deviceName="6.4cfd1c.负一层超市弱电室外烟感2#" deviceID="25595" mark="YCQ" isPop="true" popType="video" width="80" height="80"/>
    <JSBJ x="771" isToolTip="true" y="431" scaleY="0.3" scaleX="0.3" deviceName="6.611d20.负一层超市4分区排烟阀" deviceID="28323" mark="XFSB" isPop="true" popType="video" width="80" height="80"/>
    <YCQ x="844" isToolTip="true" y="398" scaleY="0.3" scaleX="0.3" deviceName="6.5692ac.负一层超市散装区烟感55" deviceID="25560" mark="YCQ" isPop="true" popType="video" width="80" height="80"/>
    <YCQ x="845" isToolTip="true" y="369" scaleY="0.3" scaleX="0.3" deviceName="6.55dc2d.负一层超市散装区烟感57" deviceID="25559" mark="YCQ" isPop="true" popType="video" width="80" height="80"/>
    <DWCQ x="868" isToolTip="true" y="370" scaleY="0.3" scaleX="0.3" deviceName="6.4b0fc0.负一层超市散装区温感56" deviceID="26561" mark="WCQ" isPop="true" popType="video" width="80" height="80"/>
    <DWCQ x="823" isToolTip="true" y="370" scaleY="0.3" scaleX="0.3" deviceName="6.4f4fbb.负一层超市散装区温感58" deviceID="26560" mark="WCQ" isPop="true" popType="video" width="80" height="80"/>
    <DWCQ x="792" isToolTip="true" y="371" scaleY="0.3" scaleX="0.3" deviceName="6.4b104b.负一层超市蔬果区温感60" deviceID="26559" mark="WCQ" isPop="true" popType="video" width="80" height="80"/>
    <DWCQ x="754" isToolTip="true" y="374" scaleY="0.3" scaleX="0.3" deviceName="6.4b0fca.负一层超市蔬果区温感61" deviceID="26558" mark="WCQ" isPop="true" popType="video" width="80" height="80"/>
    <HANDBTN x="676" isToolTip="true" y="466" scaleY="0.3" scaleX="0.3" deviceName="6.4faba1.负一层超市A塔电梯间消火栓2" deviceID="26852" mark="XHS" isPop="true" popType="video" width="80" height="80"/>
    <YCQ x="572" isToolTip="true" y="367" scaleY="0.3" scaleX="0.3" deviceName="6.55dc66.负一层超市A塔电梯口烟感9#" deviceID="25587" mark="YCQ" isPop="true" popType="video" width="80" height="80"/>
    <DWCQ x="596" isToolTip="true" y="367" scaleY="0.3" scaleX="0.3" deviceName="6.4f69ae.负一层超市A塔冷凝井温感17#" deviceID="26565" mark="WCQ" isPop="true" popType="video" width="80" height="80"/>
    <JSBJ x="550" isToolTip="true" y="365" scaleY="0.3" scaleX="0.3" deviceName="6.688edc.负一层超市3/4区卷帘2" deviceID="28311" mark="XFSB" isPop="true" popType="video" width="80" height="80"/>
    <HANDBTN x="529" isToolTip="true" y="364" scaleY="0.3" scaleX="0.3" deviceName="6.5e4183.负一层超市熟食间消火栓4" deviceID="26851" mark="XHS" isPop="true" popType="video" width="80" height="80"/>
    <YCQ x="515" isToolTip="true" y="382" scaleY="0.3" scaleX="0.3" deviceName="6.5692cc.负一层超市配电室外烟感19#" deviceID="25586" mark="YCQ" isPop="true" popType="video" width="80" height="80"/>
    <YCQ x="516" isToolTip="true" y="322" scaleY="0.3" scaleX="0.3" deviceName="6.4cfd1b.负一层超市熟工区烟感21#" deviceID="25585" mark="YCQ" isPop="true" popType="video" width="80" height="80"/>
    <DWCQ x="493" isToolTip="true" y="299" scaleY="0.3" scaleX="0.3" deviceName="6.4b0ff3.负一层超市包装间温感22#" deviceID="26564" mark="WCQ" isPop="true" popType="video" width="80" height="80"/>
    <HANDBTN x="516" isToolTip="true" y="298" scaleY="0.3" scaleX="0.3" deviceName="6.5e4400.负一层超市包装间消火栓5" deviceID="26850" mark="XHS" isPop="true" popType="video" width="80" height="80"/>
    <JSBJ x="537" isToolTip="true" y="300" scaleY="0.3" scaleX="0.3" deviceName="7.68e95f.超市1/4区券帘门" deviceID="28350" mark="XFSB" isPop="true" popType="video" width="80" height="80"/>
    <JSBJ x="536" isToolTip="true" y="274" scaleY="0.3" scaleX="0.3" deviceName="7.68c405.负一层超市1/3区卷帘" deviceID="28349" mark="XFSB" isPop="true" popType="video" width="80" height="80"/>
    <YCQ x="551" isToolTip="true" y="343" scaleY="0.3" scaleX="0.3" deviceName="13.544bc7.负一层超市熟工区烟感61" deviceID="25955" mark="YCQ" isPop="true" popType="video" width="80" height="80"/>
    <DWCQ x="595" isToolTip="true" y="342" scaleY="0.3" scaleX="0.3" deviceName="13.4b0f8a.负一层超市熟工区温感62" deviceID="26624" mark="WCQ" isPop="true" popType="video" width="80" height="80"/>
    <HANDBTN x="618" isToolTip="true" y="352" scaleY="0.3" scaleX="0.3" deviceName="13.5e4120.负一层超市熟食中区消火栓11" deviceID="26894" mark="XHS" isPop="true" popType="video" width="80" height="80"/>
    <YCQ x="643" isToolTip="true" y="352" scaleY="0.3" scaleX="0.3" deviceName="13.4d255c.4d255c OP720-CN" deviceID="28533" mark="XFSB" isPop="true" popType="video" width="80" height="80"/>
    <JSBJ x="642" isToolTip="true" y="330" scaleY="0.3" scaleX="0.3" deviceName="13.593e9e.超市3区排烟阀" deviceID="28534" mark="XFSB" isPop="true" popType="video" width="80" height="80"/>
    <YCQ x="642" isToolTip="true" y="305" scaleY="0.3" scaleX="0.3" deviceName="13.544d54.负一层超市熟食中岛区烟感74" deviceID="25954" mark="YCQ" isPop="true" popType="video" width="80" height="80"/>
    <YCQ x="595" isToolTip="true" y="305" scaleY="0.3" scaleX="0.3" deviceName="13.569311.负一层超市熟食中区烟感63" deviceID="25953" mark="YCQ" isPop="true" popType="video" width="80" height="80"/>
    <JSBJ x="618" isToolTip="true" y="304" scaleY="0.3" scaleX="0.3" deviceName="13.59402b.超市3区排烟阀2" deviceID="28537" mark="XFSB" isPop="true" popType="video" width="80" height="80"/>
    <DWCQ x="558" isToolTip="true" y="306" scaleY="0.3" scaleX="0.3" deviceName="13.4f69ad.负一层超市熟食中岛区温感60" deviceID="26623" mark="WCQ" isPop="true" popType="video" width="80" height="80"/>
    <DWCQ x="558" isToolTip="true" y="277" scaleY="0.3" scaleX="0.3" deviceName="13.4f69aa.负一层超市熟食中岛区温感59" deviceID="26625" mark="WCQ" isPop="true" popType="video" width="80" height="80"/>
    <YCQ x="581" isToolTip="true" y="279" scaleY="0.3" scaleX="0.3" deviceName="13.543a87.负一层超市熟食中区烟感64" deviceID="25952" mark="YCQ" isPop="true" popType="video" width="80" height="80"/>
    <YCQ x="578" isToolTip="true" y="247" scaleY="0.3" scaleX="0.3" deviceName="13.55d96f.负一层超市熟食中区烟感65" deviceID="25951" mark="YCQ" isPop="true" popType="video" width="80" height="80"/>
    <YCQ x="574" isToolTip="true" y="168" scaleY="0.3" scaleX="0.3" deviceName="13.4cfd21.4cfd21 OP720-CN" deviceID="28536" mark="XFSB" isPop="true" popType="video" width="80" height="80"/>
    <YCQ x="574" isToolTip="true" y="136" scaleY="0.3" scaleX="0.3" deviceName="13.4cdfc4.负一层超市冷藏中柜区烟感68" deviceID="25949" mark="YCQ" isPop="true" popType="video" width="80" height="80"/>
    <YCQ x="575" isToolTip="true" y="109" scaleY="0.3" scaleX="0.3" deviceName="13.4cfd2f.负一层超市日配高柜区烟感41" deviceID="25987" mark="YCQ" isPop="true" popType="video" width="80" height="80"/>
    <HANDBTN x="537" isToolTip="true" y="105" scaleY="0.3" scaleX="0.3" deviceName="13.5e4646.负一层超市包装间外消火栓8" deviceID="26897" mark="XHS" isPop="true" popType="video" width="80" height="80"/>
    <HANDBTN x="631" isToolTip="true" y="91" scaleY="0.3" scaleX="0.3" deviceName="13.5f5d14.负一层超市日配高柜区手报2" deviceID="26200" mark="SB" isPop="true" popType="video" width="80" height="80"/>
    <YCQ x="639" isToolTip="true" y="110" scaleY="0.3" scaleX="0.3" deviceName="13.4d07d5.负一层超市冷冻卧柜区烟感40" deviceID="25986" mark="YCQ" isPop="true" popType="video" width="80" height="80"/>
    <YCQ x="638" isToolTip="true" y="134" scaleY="0.3" scaleX="0.3" deviceName="13.4cdfc1.负一层超市冷冻卧柜区烟感69" deviceID="25948" mark="YCQ" isPop="true" popType="video" width="80" height="80"/>
    <HANDBTN x="604" isToolTip="true" y="152" scaleY="0.3" scaleX="0.3" deviceName="13.5e4070.负一层超市冷藏中柜消火栓12" deviceID="26895" mark="XHS" isPop="true" popType="video" width="80" height="80"/>
    <YCQ x="637" isToolTip="true" y="167" scaleY="0.3" scaleX="0.3" deviceName="13.4d07b4.负一层超市冷冻卧柜区烟感70" deviceID="25947" mark="YCQ" isPop="true" popType="video" width="80" height="80"/>
    <YCQ x="641" isToolTip="true" y="244" scaleY="0.3" scaleX="0.3" deviceName="13.4d086e.负一层超市熟食中岛区烟感72" deviceID="25946" mark="YCQ" isPop="true" popType="video" width="80" height="80"/>
    <YCQ x="642" isToolTip="true" y="273" scaleY="0.3" scaleX="0.3" deviceName="13.4cfd2d.负一层超市熟食中岛区烟感73" deviceID="25945" mark="YCQ" isPop="true" popType="video" width="80" height="80"/>
    <YCQ x="703" isToolTip="true" y="352" scaleY="0.3" scaleX="0.3" deviceName="13.569d55.负一层超市配电室外烟感1" deviceID="25944" mark="YCQ" isPop="true" popType="video" width="80" height="80"/>
    <YCQ x="702" isToolTip="true" y="305" scaleY="0.3" scaleX="0.3" deviceName="6.4cdfc2.4cdfc2 OP720-CN" deviceID="28319" mark="XFSB" isPop="true" popType="video" width="80" height="80"/>
    <JSBJ x="702" isToolTip="true" y="328" scaleY="0.3" scaleX="0.3" deviceName="13.611d12.负一层超市3区面制品排烟阀1" deviceID="28558" mark="XFSB" isPop="true" popType="video" width="80" height="80"/>
    <YCQ x="707" isToolTip="true" y="243" scaleY="0.3" scaleX="0.3" deviceName="13.4cd405.负一层超市面制品区烟感5" deviceID="25968" mark="YCQ" isPop="true" popType="video" width="80" height="80"/>
    <YCQ x="707" isToolTip="true" y="201" scaleY="0.3" scaleX="0.3" deviceName="13.4d0827.4d0827 OP720-CN" deviceID="28561" mark="XFSB" isPop="true" popType="video" width="80" height="80"/>
    <YCQ x="706" isToolTip="true" y="165" scaleY="0.3" scaleX="0.3" deviceName="13.4ce048.负一层超市冷冻卧柜区烟感7" deviceID="25969" mark="YCQ" isPop="true" popType="video" width="80" height="80"/>
    <YCQ x="706" isToolTip="true" y="135" scaleY="0.3" scaleX="0.3" deviceName="13.4cd402.负一层超市冷冻卧柜区烟感8" deviceID="25970" mark="YCQ" isPop="true" popType="video" width="80" height="80"/>
    <YCQ x="706" isToolTip="true" y="104" scaleY="0.3" scaleX="0.3" deviceName="13.4cd404.负一层超市冷冻卧柜区烟感39" deviceID="25985" mark="YCQ" isPop="true" popType="video" width="80" height="80"/>
    <HANDBTN x="674" isToolTip="true" y="149" scaleY="0.3" scaleX="0.3" deviceName="13.5e40d7.负一层超市冷冻卧柜消火栓2" deviceID="26899" mark="XHS" isPop="true" popType="video" width="80" height="80"/>
    <HANDBTN x="740" isToolTip="true" y="89" scaleY="0.3" scaleX="0.3" deviceName="13.5f5dea.负一层超市娱乐货梯手报1" deviceID="26199" mark="SB" isPop="true" popType="video" width="80" height="80"/>
    <YCQ x="774" isToolTip="true" y="107" scaleY="0.3" scaleX="0.3" deviceName="13.4cfd1f.负一层超市冷冻卧柜区烟感38" deviceID="25984" mark="YCQ" isPop="true" popType="video" width="80" height="80"/>
    <YCQ x="773" isToolTip="true" y="133" scaleY="0.3" scaleX="0.3" deviceName="13.4d07d8.负一层超市冷冻卧柜区烟感9" deviceID="25971" mark="YCQ" isPop="true" popType="video" width="80" height="80"/>
    <YCQ x="772" isToolTip="true" y="164" scaleY="0.3" scaleX="0.3" deviceName="13.4d07d9.负一层超市冷冻卧柜区烟感10" deviceID="25972" mark="YCQ" isPop="true" popType="video" width="80" height="80"/>
    <YCQ x="772" isToolTip="true" y="199" scaleY="0.3" scaleX="0.3" deviceName="13.4cfd28.负一层超市冷冻卧柜区烟感11" deviceID="25973" mark="YCQ" isPop="true" popType="video" width="80" height="80"/>
    <YCQ x="770" isToolTip="true" y="307" scaleY="0.3" scaleX="0.3" deviceName="13.569305.负一层超市蔬果区烟感14" deviceID="25975" mark="YCQ" isPop="true" popType="video" width="80" height="80"/>
    <YCQ x="769" isToolTip="true" y="349" scaleY="0.3" scaleX="0.3" deviceName="13.5692c5.负一层超市蔬果区烟感16" deviceID="25976" mark="YCQ" isPop="true" popType="video" width="80" height="80"/>
    <DWCQ x="749" isToolTip="true" y="349" scaleY="0.3" scaleX="0.3" deviceName="13.4c3e2d.负一层超市蔬果区温感15" deviceID="26626" mark="WCQ" isPop="true" popType="video" width="80" height="80"/>
    <DWCQ x="792" isToolTip="true" y="350" scaleY="0.3" scaleX="0.3" deviceName="13.4b3abf.负一层超市蔬果区温感17" deviceID="26627" mark="WCQ" isPop="true" popType="video" width="80" height="80"/>
    <JSBJ x="728" isToolTip="true" y="352" scaleY="0.3" scaleX="0.3" deviceName="6.68d348.负一层超市3/4区卷帘5" deviceID="28299" mark="XFSB" isPop="true" popType="video" width="80" height="80"/>
    <DWCQ x="823" isToolTip="true" y="347" scaleY="0.3" scaleX="0.3" deviceName="13.4b106f.负一层超市散装区温感18" deviceID="26628" mark="WCQ" isPop="true" popType="video" width="80" height="80"/>
    <DWCQ x="868" isToolTip="true" y="345" scaleY="0.3" scaleX="0.3" deviceName="13.4b0fad.负一层超市散装区温感20" deviceID="26629" mark="WCQ" isPop="true" popType="video" width="80" height="80"/>
    <YCQ x="846" isToolTip="true" y="346" scaleY="0.3" scaleX="0.3" deviceName="13.4cdc59.负一层超市散装区烟感19" deviceID="25977" mark="YCQ" isPop="true" popType="video" width="80" height="80"/>
    <YCQ x="847" isToolTip="true" y="309" scaleY="0.3" scaleX="0.3" deviceName="13.4cb468.负一层超市散装区外烟感22" deviceID="25979" mark="YCQ" isPop="true" popType="video" width="80" height="80"/>
    <YCQ x="867" isToolTip="true" y="306" scaleY="0.3" scaleX="0.3" deviceName="13.4b0f91.负一层超市散装区外烟感21" deviceID="25978" mark="YCQ" isPop="true" popType="video" width="80" height="80"/>
    <JSBJ x="814" isToolTip="true" y="309" scaleY="0.3" scaleX="0.3" deviceName="13.597678.负一层超市3区排烟阀2" deviceID="28567" mark="XFSB" isPop="true" popType="video" width="80" height="80"/>
    <HANDBTN x="808" isToolTip="true" y="288" scaleY="0.3" scaleX="0.3" deviceName="13.5e3dca.负一层超市冷冻卧柜消火栓5" deviceID="26900" mark="XHS" isPop="true" popType="video" width="80" height="80"/>
    <JSBJ x="865" isToolTip="true" y="282" scaleY="0.3" scaleX="0.3" deviceName="13.59767e.负一层超市3/5区卷帘门1" deviceID="28566" mark="XFSB" isPop="true" popType="video" width="80" height="80"/>
    <YCQ x="834" isToolTip="true" y="238" scaleY="0.3" scaleX="0.3" deviceName="13.5647f0.负一层超市冷冻卧柜烟感24" deviceID="25980" mark="YCQ" isPop="true" popType="video" width="80" height="80"/>
    <YCQ x="835" isToolTip="true" y="202" scaleY="0.3" scaleX="0.3" deviceName="13.4cdfda.负一层超市冷冻卧柜烟感25" deviceID="25981" mark="YCQ" isPop="true" popType="video" width="80" height="80"/>
    <YCQ x="836" isToolTip="true" y="136" scaleY="0.3" scaleX="0.3" deviceName="13.6850e2.负一层超市冷冻卧柜烟感30" deviceID="25982" mark="YCQ" isPop="true" popType="video" width="80" height="80"/>
    <YCQ x="836" isToolTip="true" y="108" scaleY="0.3" scaleX="0.3" deviceName="13.668650.负一层超市账管外烟感33" deviceID="25983" mark="YCQ" isPop="true" popType="video" width="80" height="80"/>
    <HANDBTN x="819" isToolTip="true" y="97" scaleY="0.3" scaleX="0.3" deviceName="13.5e409f.负一层超市账管室外消火栓" deviceID="26902" mark="XHS" isPop="true" popType="video" width="80" height="80"/>
    <HANDBTN x="859" isToolTip="true" y="92" scaleY="0.3" scaleX="0.3" deviceName="13.5e441a.负一层超市账管室外消火栓6" deviceID="26903" mark="XHS" isPop="true" popType="video" width="80" height="80"/>
    <DWCQ x="858" isToolTip="true" y="112" scaleY="0.3" scaleX="0.3" deviceName="13.60849f.负一层超市账管外温感32" deviceID="26632" mark="WCQ" isPop="true" popType="video" width="80" height="80"/>
    <DWCQ x="857" isToolTip="true" y="166" scaleY="0.3" scaleX="0.3" deviceName="13.51e458.负一层超市冷冻卧柜温感27" deviceID="26631" mark="WCQ" isPop="true" popType="video" width="80" height="80"/>
    <DWCQ x="859" isToolTip="true" y="203" scaleY="0.3" scaleX="0.3" deviceName="13.4b0fae.负一层超市冷冻卧柜温感26" deviceID="26630" mark="WCQ" isPop="true" popType="video" width="80" height="80"/>
    <JSBJ x="869" isToolTip="true" y="147" scaleY="0.3" scaleX="0.3" deviceName="13.598267.负一层超市3/5区卷帘门2" deviceID="28571" mark="XFSB" isPop="true" popType="video" width="80" height="80"/>
    <JSBJ x="780" isToolTip="true" y="83" scaleY="0.3" scaleX="0.3" deviceName="13.68e957.B1层超市3区补风机" deviceID="28590" mark="XFSB" isPop="true" popType="video" width="80" height="80"/>
    <JSBJ x="802" isToolTip="true" y="83" scaleY="0.3" scaleX="0.3" deviceName="13.69013.B1层超市5区补风机1" deviceID="28589" mark="XFSB" isPop="true" popType="video" width="80" height="80"/>
    <YCQ x="935" isToolTip="true" y="664" scaleY="0.3" scaleX="0.3" deviceName="7.666d9a.负一层超市2区卫配电井烟感" deviceID="25652" mark="YCQ" isPop="true" popType="video" width="80" height="80"/>
    <YCQ x="649" isToolTip="true" y="495" scaleY="0.3" scaleX="0.3" deviceName="AAA_B1层超市休食区烟感3" deviceID="25855" mark="YCQ" isPop="true" popType="video" width="80" height="80"/>
    <HANDBTN x="392" isToolTip="true" y="308" scaleY="0.3" scaleX="0.3" deviceName="AAA_B1层超市库存区手报" deviceID="26186" mark="SB" isPop="true" popType="video" width="80" height="80"/>
    <YCQ x="624" isToolTip="true" y="491" scaleY="0.3" scaleX="0.3" deviceName="AAA_B1层写字楼配电室外走道烟感" deviceID="28197" mark="XFSB" isPop="true" popType="video" width="80" height="80"/>
    <JSBJ x="609" isToolTip="true" y="574" scaleY="0.3" scaleX="0.3" deviceName="AAA_B1层超市鱼加工区排烟阀" deviceID="28304" mark="XFSB" isPop="true" popType="video" width="80" height="80"/>
    <YCQ x="573" isToolTip="true" y="495" scaleY="0.3" scaleX="0.3" deviceName="AAA_B1层超市腌腊区烟感" deviceID="28308" mark="XFSB" isPop="true" popType="video" width="80" height="80"/>
    <YCQ x="709" isToolTip="true" y="415" scaleY="0.3" scaleX="0.3" deviceName="AAA_B1层超市写字楼配电间外烟感" deviceID="28330" mark="XFSB" isPop="true" popType="video" width="80" height="80"/>
    <JSBJ x="773" isToolTip="true" y="254" scaleY="0.3" scaleX="0.3" deviceName="AAA_B1层超市面条排面消火栓2" deviceID="28381" mark="XFSB" isPop="true" popType="video" width="80" height="80"/>
    <YCQ x="675" isToolTip="true" y="368" scaleY="0.3" scaleX="0.3" deviceName="AAA_B1层超市蔬果区烟感" deviceID="28382" mark="XFSB" isPop="true" popType="video" width="80" height="80"/>
    <JSBJ x="549" isToolTip="true" y="211" scaleY="0.3" scaleX="0.3" deviceName="AAA_B1层超市12区补风机2" deviceID="28462" mark="XFSB" isPop="true" popType="video" width="80" height="80"/>
    <JSBJ x="342" isToolTip="true" y="486" scaleY="0.3" scaleX="0.3" deviceName="AAA_B1层超市10区排烟阀2" deviceID="28464" mark="XFSB" isPop="true" popType="video" width="80" height="80"/>
    <JSBJ x="610" isToolTip="true" y="125" scaleY="0.3" scaleX="0.3" deviceName="AAA_B1层超市卖场空调机房外消栓" deviceID="28482" mark="XFSB" isPop="true" popType="video" width="80" height="80"/>
    <YCQ x="674" isToolTip="true" y="504" scaleY="0.3" scaleX="0.3" deviceName="AAA_B1层超市写字楼配电间外烟2" deviceID="28489" mark="XFSB" isPop="true" popType="video" width="80" height="80"/>
    <YCQ x="618" isToolTip="true" y="419" scaleY="0.3" scaleX="0.3" deviceName="AAA_B1层超市写字楼配电间外烟3" deviceID="28490" mark="XFSB" isPop="true" popType="video" width="80" height="80"/>
    <JSBJ x="613" isToolTip="true" y="218" scaleY="0.3" scaleX="0.3" deviceName="AAA_B1层超市11区排烟阀1" deviceID="28525" mark="XFSB" isPop="true" popType="video" width="80" height="80"/>
    <JSBJ x="615" isToolTip="true" y="252" scaleY="0.3" scaleX="0.3" deviceName="AAA_B1层超市11区排烟阀2" deviceID="28527" mark="XFSB" isPop="true" popType="video" width="80" height="80"/>
    <YCQ x="810" isToolTip="true" y="582" scaleY="0.3" scaleX="0.3" deviceName="AAA_B1层超市配电间烟感" deviceID="28531" mark="XFSB" isPop="true" popType="video" width="80" height="80"/>
    <YCQ x="658" isToolTip="true" y="567" scaleY="0.3" scaleX="0.3" deviceName="AAA_B1层超市B1-12配电间烟感" deviceID="28532" mark="XFSB" isPop="true" popType="video" width="80" height="80"/>
    <YCQ x="760" isToolTip="true" y="517" scaleY="0.3" scaleX="0.3" deviceName="AAA_B1层超市大米区烟感3" deviceID="28535" mark="XFSB" isPop="true" popType="video" width="80" height="80"/>
    <YCQ x="384" isToolTip="true" y="152" scaleY="0.3" scaleX="0.3" deviceName="AAA_B1层超市烘焙区烟感" deviceID="28539" mark="XFSB" isPop="true" popType="video" width="80" height="80"/>
    <JSBJ x="430" isToolTip="true" y="120" scaleY="0.3" scaleX="0.3" deviceName="AAA_B1层超市烘焙区排烟阀" deviceID="28541" mark="XFSB" isPop="true" popType="video" width="80" height="80"/>
    <YCQ x="809" isToolTip="true" y="201" scaleY="0.3" scaleX="0.3" deviceName="AAA_B1层超市包装间烟感" deviceID="28543" mark="XFSB" isPop="true" popType="video" width="80" height="80"/>
    <JSBJ x="455" isToolTip="true" y="157" scaleY="0.3" scaleX="0.3" deviceName="AAA_B1层超市烘焙区排烟阀2" deviceID="28549" mark="XFSB" isPop="true" popType="video" width="80" height="80"/>
    <YCQ x="808" isToolTip="true" y="127" scaleY="0.3" scaleX="0.3" deviceName="AAA_B1层超市二次更衣室烟感" deviceID="28542" mark="XFSB" isPop="true" popType="video" width="80" height="80"/>
    <YCQ x="753" isToolTip="true" y="226" scaleY="0.3" scaleX="0.3" deviceName="AAA_B1层超市面制品区烟感" deviceID="28560" mark="XFSB" isPop="true" popType="video" width="80" height="80"/>
    <JSBJ x="666" isToolTip="true" y="172" scaleY="0.3" scaleX="0.3" deviceName="AAA_B1层超市冷冻卧柜消火栓" deviceID="28562" mark="XFSB" isPop="true" popType="video" width="80" height="80"/>
    <YCQ x="675" isToolTip="true" y="223" scaleY="0.3" scaleX="0.3" deviceName="AAA_B1层超市面制品区烟感3" deviceID="28563" mark="XFSB" isPop="true" popType="video" width="80" height="80"/>
    <YCQ x="478" isToolTip="true" y="393" scaleY="0.3" scaleX="0.3" deviceName="AAA_B1层超市干杂区烟感5" deviceID="28568" mark="XFSB" isPop="true" popType="video" width="80" height="80"/>
    <YCQ x="515" isToolTip="true" y="415" scaleY="0.3" scaleX="0.3" deviceName="AAA_B1层超市干杂调味排面烟感" deviceID="28569" mark="XFSB" isPop="true" popType="video" width="80" height="80"/>
    <DWCQ x="747" isToolTip="true" y="184" scaleY="0.3" scaleX="0.3" deviceName="AAA_B1层超市面制品区温感" deviceID="28572" mark="XFSB" isPop="true" popType="video" width="80" height="80"/>
    <YCQ x="846" isToolTip="true" y="55" scaleY="0.3" scaleX="0.3" deviceName="AAA_B1层超市账管室烟感" deviceID="28576" mark="XFSB" isPop="true" popType="video" width="80" height="80"/>
    <JSBJ x="337" isToolTip="true" y="561" scaleY="0.3" scaleX="0.3" deviceName="AAA_B1层超市2区风机房排烟风机1" deviceID="28924" mark="XFSB" isPop="true" popType="video" width="80" height="80"/>
    <YCQ x="349" isToolTip="true" y="407" scaleY="0.3" scaleX="0.3" deviceName="AAA_B1层弱电井烟感" deviceID="70007" mark="YCQ" isPop="true" popType="video" width="80" height="80"/>
    <YCQ x="687" isToolTip="true" y="396" scaleY="0.3" scaleX="0.3" deviceName="AAA_负一7区LT15楼梯间烟感11" deviceID="25494" mark="YCQ" isPop="true" popType="video" width="80" height="80"/>
    <YCQ x="693" isToolTip="true" y="439" scaleY="0.3" scaleX="0.3" deviceName="AAA_负一7区LT15楼梯前室烟感15" deviceID="25495" mark="YCQ" isPop="true" popType="video" width="80" height="80"/>
    <YCQ x="732" isToolTip="true" y="404" scaleY="0.3" scaleX="0.3" deviceName="AAA_负一7区LT15楼梯前室烟感13" deviceID="25497" mark="YCQ" isPop="true" popType="video" width="80" height="80"/>
    <YCQ x="708" isToolTip="true" y="390" scaleY="0.3" scaleX="0.3" deviceName="AAA_负一7区LT15外走道烟感17" deviceID="25499" mark="YCQ" isPop="true" popType="video" width="80" height="80"/>
    <YCQ x="464" isToolTip="true" y="238" scaleY="0.3" scaleX="0.3" deviceName="AAA_负一层超市冻肉区烟感30#" deviceID="25579" mark="YCQ" isPop="true" popType="video" width="80" height="80"/>
    <YCQ x="416" isToolTip="true" y="248" scaleY="0.3" scaleX="0.3" deviceName="AAA_负一层超市熟冻间外烟感45#" deviceID="25599" mark="YCQ" isPop="true" popType="video" width="80" height="80"/>
    <YCQ x="809" isToolTip="true" y="416" scaleY="0.3" scaleX="0.3" deviceName="AAA_负一层超市包装间外烟感7#" deviceID="25624" mark="YCQ" isPop="true" popType="video" width="80" height="80"/>
    <YCQ x="743" isToolTip="true" y="588" scaleY="0.3" scaleX="0.3" deviceName="AAA_负一层超市肉工间外烟感5" deviceID="25633" mark="YCQ" isPop="true" popType="video" width="80" height="80"/>
    <YCQ x="545" isToolTip="true" y="145" scaleY="0.3" scaleX="0.3" deviceName="AAA_负一层超市卖场烟感40" deviceID="25682" mark="YCQ" isPop="true" popType="video" width="80" height="80"/>
    <YCQ x="539" isToolTip="true" y="179" scaleY="0.3" scaleX="0.3" deviceName="AAA_负一层超市冷藏中柜区烟感67" deviceID="25950" mark="YCQ" isPop="true" popType="video" width="80" height="80"/>
    <YCQ x="596" isToolTip="true" y="189" scaleY="0.3" scaleX="0.3" deviceName="AAA_负一层超市冷冻卧柜区烟感12" deviceID="25974" mark="YCQ" isPop="true" popType="video" width="80" height="80"/>
    <JSBJ x="672" isToolTip="true" y="294" scaleY="0.3" scaleX="0.3" deviceName="AAA_负一层超市蔬果区消火栓9" deviceID="26847" mark="XHS" isPop="true" popType="video" width="80" height="80"/>
    <JSBJ x="435" isToolTip="true" y="229" scaleY="0.3" scaleX="0.3" deviceName="AAA_负一层超市肉工区消火栓7" deviceID="26849" mark="XHS" isPop="true" popType="video" width="80" height="80"/>
    <JSBJ x="726" isToolTip="true" y="220" scaleY="0.3" scaleX="0.3" deviceName="AAA_负一层超市卖场消火栓4" deviceID="26860" mark="XHS" isPop="true" popType="video" width="80" height="80"/>
    <JSBJ x="831" isToolTip="true" y="269" scaleY="0.3" scaleX="0.3" deviceName="AAA_负一层超市面制品区消火栓4" deviceID="26901" mark="XHS" isPop="true" popType="video" width="80" height="80"/>
    <JSBJ x="337" isToolTip="true" y="365" scaleY="0.3" scaleX="0.3" deviceName="AAA_负一层超市包装间外道消火5" deviceID="28305" mark="XFSB" isPop="true" popType="video" width="80" height="80"/>
    <YCQ x="881" isToolTip="true" y="638" scaleY="0.3" scaleX="0.3" deviceName="AAA_负一层超市配电间外烟感1" deviceID="28333" mark="XFSB" isPop="true" popType="video" width="80" height="80"/>
    <YCQ x="904" isToolTip="true" y="673" scaleY="0.3" scaleX="0.3" deviceName="AAA_负一层超市配电间外烟感2" deviceID="28334" mark="XFSB" isPop="true" popType="video" width="80" height="80"/>
    <JSBJ x="713" isToolTip="true" y="272" scaleY="0.3" scaleX="0.3" deviceName="AAA_负一层超市熟冻间外消火栓" deviceID="28335" mark="XFSB" isPop="true" popType="video" width="80" height="80"/>
    <HANDBTN x="302" isToolTip="true" y="301" scaleY="0.3" scaleX="0.3" deviceName="AAA_负一层超市后仓区手报" deviceID="28336" mark="XFSB" isPop="true" popType="video" width="80" height="80"/>
    <YCQ x="379" isToolTip="true" y="95" scaleY="0.3" scaleX="0.3" deviceName="AAA_负一层超市收货区烟感1" deviceID="28345" mark="XFSB" isPop="true" popType="video" width="80" height="80"/>
    <YCQ x="402" isToolTip="true" y="64" scaleY="0.3" scaleX="0.3" deviceName="AAA_负一层超市收货区烟感2" deviceID="28346" mark="XFSB" isPop="true" popType="video" width="80" height="80"/>
    <JSBJ x="464" isToolTip="true" y="197" scaleY="0.3" scaleX="0.3" deviceName="AAA_负一层超市烘藏间外消火栓" deviceID="28351" mark="XFSB" isPop="true" popType="video" width="80" height="80"/>
    <JSBJ x="648" isToolTip="true" y="211" scaleY="0.3" scaleX="0.3" deviceName="AAA_负一层超市杂货后仓消火栓1" deviceID="28358" mark="XFSB" isPop="true" popType="video" width="80" height="80"/>
    <YCQ x="731" isToolTip="true" y="147" scaleY="0.3" scaleX="0.3" deviceName="AAA_负一层超市杂货后仓烟感" deviceID="28359" mark="XFSB" isPop="true" popType="video" width="80" height="80"/>
    <JSBJ x="798" isToolTip="true" y="163" scaleY="0.3" scaleX="0.3" deviceName="AAA_负一层超市杂货后仓消火栓2" deviceID="28360" mark="XFSB" isPop="true" popType="video" width="80" height="80"/>
    <HANDBTN x="787" isToolTip="true" y="324" scaleY="0.3" scaleX="0.3" deviceName="AAA_负一层超市生鲜包材间手报" deviceID="28361" mark="XFSB" isPop="true" popType="video" width="80" height="80"/>
    <JSBJ x="734" isToolTip="true" y="307" scaleY="0.3" scaleX="0.3" deviceName="AAA_负一层超市生鲜包材间消火栓" deviceID="28362" mark="XFSB" isPop="true" popType="video" width="80" height="80"/>
    <JSBJ x="498" isToolTip="true" y="47" scaleY="0.3" scaleX="0.3" deviceName="AAA_负一层超市2区肉冻外排烟阀" deviceID="28369" mark="XFSB" isPop="true" popType="video" width="80" height="80"/>
    <JSBJ x="330" isToolTip="true" y="395" scaleY="0.3" scaleX="0.3" deviceName="AAA_负一层超市9区排烟阀" deviceID="28428" mark="XFSB" isPop="true" popType="video" width="80" height="80"/>
    <JSBJ x="344" isToolTip="true" y="431" scaleY="0.3" scaleX="0.3" deviceName="AAA_负一层超市9区排烟阀1" deviceID="28431" mark="XFSB" isPop="true" popType="video" width="80" height="80"/>
    <JSBJ x="535" isToolTip="true" y="543" scaleY="0.3" scaleX="0.3" deviceName="AAA_负一超市10区排烟阀1" deviceID="28452" mark="XFSB" isPop="true" popType="video" width="80" height="80"/>
    <JSBJ x="757" isToolTip="true" y="273" scaleY="0.3" scaleX="0.3" deviceName="AAA_负一超市11区排烟阀" deviceID="28528" mark="XFSB" isPop="true" popType="video" width="80" height="80"/>
    <YCQ x="366" isToolTip="true" y="286" scaleY="0.3" scaleX="0.3" deviceName="AAA_B1层10号通道疏散楼梯烟感" deviceID="28109" mark="XFSB" isPop="true" popType="video" width="80" height="80"/>
    <YCQ x="380" isToolTip="true" y="361" scaleY="0.3" scaleX="0.3" deviceName="AAA_B1层10号通道疏散楼梯烟感2" deviceID="28110" mark="XFSB" isPop="true" popType="video" width="80" height="80"/>
    <JSBJ x="890" isToolTip="true" y="571" scaleY="0.3" scaleX="0.3" deviceName="AAA_LT16楼梯1-5F加压1号" deviceID="24180" mark="XFSB" isPop="true" popType="video" width="80" height="80"/>
    <JSBJ x="911" isToolTip="true" y="536" scaleY="0.3" scaleX="0.3" deviceName="AAA_LT16楼梯1-5F加压2号" deviceID="24186" mark="XFSB" isPop="true" popType="video" width="80" height="80"/>
    <JSBJ x="892" isToolTip="true" y="520" scaleY="0.3" scaleX="0.3" deviceName="AAA_LT16楼梯B1-B2加压3号" deviceID="24160" mark="XFSB" isPop="true" popType="video" width="80" height="80"/>
    <JSBJ x="897" isToolTip="true" y="498" scaleY="0.3" scaleX="0.3" deviceName="AAA_LT17楼梯B2-3F加压1号" deviceID="24141" mark="XFSB" isPop="true" popType="video" width="80" height="80"/>
    <JSBJ x="911" isToolTip="true" y="559" scaleY="0.3" scaleX="0.3" deviceName="AAA_LT17楼梯B2-3F加压2号" deviceID="24140" mark="XFSB" isPop="true" popType="video" width="80" height="80"/>
    <JSBJ x="362" isToolTip="true" y="313" scaleY="0.3" scaleX="0.3" deviceName="AAA_步行街3号排烟风机防火阀" deviceID="27909" mark="XFSB" isPop="true" popType="video" width="80" height="80"/>
    <JSBJ x="395" isToolTip="true" y="283" scaleY="0.3" scaleX="0.3" deviceName="AAA_北消防电梯前室加压" deviceID="24155" mark="XFSB" isPop="true" popType="video" width="80" height="80"/>
    <JSBJ x="330" isToolTip="true" y="289" scaleY="0.3" scaleX="0.3" deviceName="AAA_步行街中庭排烟SEF(ZT)-W3-6" deviceID="24149" mark="XFSB" isPop="true" popType="video" width="80" height="80"/>
    <JSBJ x="330" isToolTip="true" y="314" scaleY="0.3" scaleX="0.3" deviceName="AAA_步行街中庭排烟防火阀" deviceID="27908" mark="XFSB" isPop="true" popType="video" width="80" height="80"/>
    <JSBJ x="417" isToolTip="true" y="291" scaleY="0.3" scaleX="0.3" deviceName="AAA_超市10区广播" deviceID="28459" mark="XFSB" isPop="true" popType="video" width="80" height="80"/>
    <JSBJ x="386" isToolTip="true" y="222" scaleY="0.3" scaleX="0.3" deviceName="AAA_超市10区排烟阀" deviceID="28469" mark="XFSB" isPop="true" popType="video" width="80" height="80"/>
    <JSBJ x="356" isToolTip="true" y="225" scaleY="0.3" scaleX="0.3" deviceName="AAA_超市10区强切1#" deviceID="28585" mark="XFSB" isPop="true" popType="video" width="80" height="80"/>
    <JSBJ x="411" isToolTip="true" y="180" scaleY="0.3" scaleX="0.3" deviceName="AAA_超市10区强切2#" deviceID="28545" mark="XFSB" isPop="true" popType="video" width="80" height="80"/>
    <JSBJ x="737" isToolTip="true" y="245" scaleY="0.3" scaleX="0.3" deviceName="AAA_超市10区声光" deviceID="28460" mark="XFSB" isPop="true" popType="video" width="80" height="80"/>
    <JSBJ x="801" isToolTip="true" y="229" scaleY="0.3" scaleX="0.3" deviceName="AAA_超市11区广播" deviceID="28521" mark="XFSB" isPop="true" popType="video" width="80" height="80"/>
    <JSBJ x="679" isToolTip="true" y="260" scaleY="0.3" scaleX="0.3" deviceName="AAA_超市11区强切1#" deviceID="28584" mark="XFSB" isPop="true" popType="video" width="80" height="80"/>
    <JSBJ x="547" isToolTip="true" y="241" scaleY="0.3" scaleX="0.3" deviceName="AAA_超市11区强切2#" deviceID="28547" mark="XFSB" isPop="true" popType="video" width="80" height="80"/>
    <JSBJ x="412" isToolTip="true" y="330" scaleY="0.3" scaleX="0.3" deviceName="AAA_超市11区声光" deviceID="28522" mark="XFSB" isPop="true" popType="video" width="80" height="80"/>
    <JSBJ x="862" isToolTip="true" y="237" scaleY="0.3" scaleX="0.3" deviceName="AAA_超市12区 广播" deviceID="28434" mark="XFSB" isPop="true" popType="video" width="80" height="80"/>
    <JSBJ x="800" isToolTip="true" y="253" scaleY="0.3" scaleX="0.3" deviceName="AAA_超市12区强切1#" deviceID="28583" mark="XFSB" isPop="true" popType="video" width="80" height="80"/>
    <JSBJ x="787" isToolTip="true" y="282" scaleY="0.3" scaleX="0.3" deviceName="AAA_超市12区强切2#" deviceID="28548" mark="XFSB" isPop="true" popType="video" width="80" height="80"/>
    <JSBJ x="831" isToolTip="true" y="291" scaleY="0.3" scaleX="0.3" deviceName="AAA_超市12区声光" deviceID="28433" mark="XFSB" isPop="true" popType="video" width="80" height="80"/>
    <JSBJ x="676" isToolTip="true" y="109" scaleY="0.3" scaleX="0.3" deviceName="AAA_B1层5区风机" deviceID="27958" mark="XFSB" isPop="true" popType="video" width="80" height="80"/>
    <JSBJ x="740" isToolTip="true" y="118" scaleY="0.3" scaleX="0.3" deviceName="AAA_B1层F038车位消火栓" deviceID="28161" mark="XFSB" isPop="true" popType="video" width="80" height="80"/>
    <YCQ x="659" isToolTip="true" y="89" scaleY="0.3" scaleX="0.3" deviceName="AAA_B1层9号通道烟感5" deviceID="25435" mark="YCQ" isPop="true" popType="video" width="80" height="80"/>
    <HANDBTN x="697" isToolTip="true" y="85" scaleY="0.3" scaleX="0.3" deviceName="AAA_B1层E012对面手报" deviceID="26160" mark="SB" isPop="true" popType="video" width="80" height="80"/>
    <HANDBTN x="826" isToolTip="true" y="159" scaleY="0.3" scaleX="0.3" deviceName="AAA_B1层E041手报" deviceID="28075" mark="XFSB" isPop="true" popType="video" width="80" height="80"/>
    <JSBJ x="865" isToolTip="true" y="412" scaleY="0.3" scaleX="0.3" deviceName="AAA_B1层超市7/11分区卷帘门3" deviceID="28478" mark="XFSB" isPop="true" popType="video" width="80" height="80"/>
    <JSBJ x="318" isToolTip="true" y="92" scaleY="0.3" scaleX="0.3" deviceName="AAA_B1层超市30号门通道消火栓" deviceID="28303" mark="XFSB" isPop="true" popType="video" width="80" height="80"/>
    <JSBJ x="288" isToolTip="true" y="155" scaleY="0.3" scaleX="0.3" deviceName="AAA_B1层超市6/7区卷帘2" deviceID="28484" mark="XFSB" isPop="true" popType="video" width="80" height="80"/>
    <HANDBTN x="605" isToolTip="true" y="396" scaleY="0.3" scaleX="0.3" deviceName="AAA_B1层超市7区卖场手报" deviceID="26192" mark="SB" isPop="true" popType="video" width="80" height="80"/>
  </Components>
</Configration>