<?xml version="1.0" encoding="utf-8"?><Configration Width="1061.8187919463087" Height="560">
  <LIST>
    <Component>
      <YCQ/>
      <JSBJ/>
    </Component>
    <Image>
      <XFFQ6F source="assets/comp/XFFQ6F.png"/>
      <TULI source="assets/comp/TULI/TULI.png"/>
      <YGN source="assets/comp/TULI/YGN.png"/>
      <YGA source="assets/comp/TULI/YGA.png"/>
      <COMPASS source="assets/comp/compass.png"/>
    </Image>
  </LIST>
  <Components>
    <XFFQ6F scaleX="0.7" scaleY="0.7" rotation="0" scale="0.7" x="55" y="0"/>
    <YCQ scaleX="0.5" scaleY="0.5" isPop="true" deviceID="779" scale="0.5" rotation="0" popType="subList" x="277" y="62"/>
    <YCQ scaleX="0.5" scaleY="0.5" isPop="true" deviceID="781" scale="0.5" rotation="0" popType="subList" x="345" y="156"/>
    <YCQ scaleX="0.5" scaleY="0.5" isPop="true" deviceID="782" scale="0.5" rotation="0" popType="subList" x="622" y="107"/>
    <YCQ scaleX="0.5" scaleY="0.5" isPop="true" deviceID="780" scale="0.5" rotation="0" popType="subList" x="497" y="126"/>
    <TULI scaleX="0.8" scaleY="0.8" rotation="0" scale="0.8" x="840" y="460"/>
    <YGN scaleX="0.5" scaleY="0.5" rotation="0" scale="0.5" x="870" y="500"/>
    <YGA scaleX="0.5" scaleY="0.5" rotation="0" scale="0.5" x="950" y="500"/>
    <TEXT text="正常" textAlign="right" scaleX="1" scaleY="1" fontFamily="Arial" deviceID="" widthInChars="2" color="16777215" param="" rotation="0" fontWeight="normal" fontSize="16" scale="1" x="870" y="480"/>
    <TEXT text="报警" textAlign="right" scaleX="1" scaleY="1" fontFamily="Arial" deviceID="" widthInChars="2" color="16777215" param="" rotation="0" fontWeight="normal" fontSize="16" scale="1" x="950" y="480"/>
    <JSBJ scaleX="0.5" scaleY="0.5" isPop="true" deviceID="12408" scale="0.5" rotation="0" popType="subList" x="663" y="107"/>
    <JSBJ scaleX="0.5" scaleY="0.5" isPop="true" deviceID="12407" scale="0.5" rotation="0" popType="subList" x="386" y="155"/>
    <JSBJ scaleX="0.5" scaleY="0.5" isPop="true" deviceID="12405" scale="0.5" rotation="0" popType="subList" x="321" y="62"/>
    <JSBJ scaleX="0.5" scaleY="0.5" isPop="true" deviceID="12406" scale="0.5" rotation="0" popType="subList" x="537" y="126"/>
    <COMPASS scale="0.5" scaleX="0.5" scaleY="0.5" x="893" y="453" rotation="-90"/>
  </Components>
</Configration>