<?xml version="1.0" encoding="utf-8"?>
<Configration Width="1403" Height="712">
  <LIST>
    <Component>
      <HANDBTN/>
      <YCQ/>
      <DWCQ/>
      <JSBJ/>
    </Component>
    <Image>
      <XFFQB1Q6 source="mapAssets/mapImages/XFFQB1/XFFQB1_6.png" group="map"/>
      <XFFQB1Q6TULI source="mapAssets/mapImages/XFFQB1/XFFQB1_6TULI.png" group="mapTuli"/>
    </Image>
  </LIST>
  <Components>
    <XFFQB1Q6 ky="0" x="-31" y="-2" isLocation="true" ay="24" ax="384" width="1434" kx="0" height="714"/>
    <XFFQB1Q6TULI x="1100" scaleX="0.75" scaleY="0.75" y="10" width="400" height="300"/>
    <HANDBTN x="416" isToolTip="true" y="23" scaleY="0.3" scaleX="0.3" deviceName="8.519cb6.负一层超市收银柜台消火栓" deviceID="26864" mark="XHS" isPop="true" popType="video" width="80" height="80"/>
    <YCQ x="385" isToolTip="true" y="30" scaleY="0.3" scaleX="0.3" deviceName="8.36ed70.负一层超市卖场烟感47" deviceID="25690" mark="YCQ" isPop="true" popType="video" width="80" height="80"/>
    <YCQ x="386" isToolTip="true" y="66" scaleY="0.3" scaleX="0.3" deviceName="8.662968.负一层超市卖场烟感48" deviceID="25689" mark="YCQ" isPop="true" popType="video" width="80" height="80"/>
    <YCQ x="383" isToolTip="true" y="99" scaleY="0.3" scaleX="0.3" deviceName="8.684365.负一层超市卖场烟感49" deviceID="25691" mark="YCQ" isPop="true" popType="video" width="80" height="80"/>
    <DWCQ x="359" isToolTip="true" y="97" scaleY="0.3" scaleX="0.3" deviceName="8.6084bb.负一层超市卖场温感50" deviceID="26578" mark="WCQ" isPop="true" popType="video" width="80" height="80"/>
    <DWCQ x="360" isToolTip="true" y="133" scaleY="0.3" scaleX="0.3" deviceName="8.4b0fb1.负一层超市卖场温感51" deviceID="26579" mark="WCQ" isPop="true" popType="video" width="80" height="80"/>
    <DWCQ x="359" isToolTip="true" y="163" scaleY="0.3" scaleX="0.3" deviceName="8.4f763b.负一层超市卖场温感54" deviceID="26580" mark="WCQ" isPop="true" popType="video" width="80" height="80"/>
    <YCQ x="384" isToolTip="true" y="164" scaleY="0.3" scaleX="0.3" deviceName="8.4cb4bc.负一层超市卖场烟感53" deviceID="25693" mark="YCQ" isPop="true" popType="video" width="80" height="80"/>
    <DWCQ x="360" isToolTip="true" y="189" scaleY="0.3" scaleX="0.3" deviceName="8.4b0fa4.负一层超市卖场温感55" deviceID="26581" mark="WCQ" isPop="true" popType="video" width="80" height="80"/>
    <YCQ x="384" isToolTip="true" y="189" scaleY="0.3" scaleX="0.3" deviceName="8.4cb465.负一层超市卖场烟感56" deviceID="25694" mark="YCQ" isPop="true" popType="video" width="80" height="80"/>
    <YCQ x="383" isToolTip="true" y="220" scaleY="0.3" scaleX="0.3" deviceName="8.4cb26e.负一层超市卖场烟感57" deviceID="25695" mark="YCQ" isPop="true" popType="video" width="80" height="80"/>
    <YCQ x="382" isToolTip="true" y="262" scaleY="0.3" scaleX="0.3" deviceName="8.4cdcec.负一层超市卖场烟感58" deviceID="25696" mark="YCQ" isPop="true" popType="video" width="80" height="80"/>
    <YCQ x="382" isToolTip="true" y="300" scaleY="0.3" scaleX="0.3" deviceName="8.4cb4e1.负一层超市卖场烟感59" deviceID="25697" mark="YCQ" isPop="true" popType="video" width="80" height="80"/>
    <DWCQ x="360" isToolTip="true" y="299" scaleY="0.3" scaleX="0.3" deviceName="8.4b3b5e.负一层超市卖场温感60" deviceID="26582" mark="WCQ" isPop="true" popType="video" width="80" height="80"/>
    <YCQ x="381" isToolTip="true" y="331" scaleY="0.3" scaleX="0.3" deviceName="8.4cdc85.负一层超市卖场烟感62" deviceID="25698" mark="YCQ" isPop="true" popType="video" width="80" height="80"/>
    <DWCQ x="358" isToolTip="true" y="331" scaleY="0.3" scaleX="0.3" deviceName="8.4f4f36.负一层超市卖场温感61" deviceID="26583" mark="WCQ" isPop="true" popType="video" width="80" height="80"/>
    <YCQ x="380" isToolTip="true" y="365" scaleY="0.3" scaleX="0.3" deviceName="8.4cb270.负一层超市卖场烟感63" deviceID="25699" mark="YCQ" isPop="true" popType="video" width="80" height="80"/>
    <YCQ x="380" isToolTip="true" y="434" scaleY="0.3" scaleX="0.3" deviceName="8.4cb462.负一层超市卖场烟感65" deviceID="25700" mark="YCQ" isPop="true" popType="video" width="80" height="80"/>
    <DWCQ x="356" isToolTip="true" y="433" scaleY="0.3" scaleX="0.3" deviceName="8.4b0f9c.负一层超市卖场温感66" deviceID="26584" mark="WCQ" isPop="true" popType="video" width="80" height="80"/>
    <YCQ x="379" isToolTip="true" y="475" scaleY="0.3" scaleX="0.3" deviceName="8.4cd48f.负一层超市卖场烟感68" deviceID="25701" mark="YCQ" isPop="true" popType="video" width="80" height="80"/>
    <DWCQ x="356" isToolTip="true" y="475" scaleY="0.3" scaleX="0.3" deviceName="8.4f68af.负一层超市卖场温感67" deviceID="26585" mark="WCQ" isPop="true" popType="video" width="80" height="80"/>
    <HANDBTN x="412" isToolTip="true" y="289" scaleY="0.3" scaleX="0.3" deviceName="8.5e45df.负一层超市卖场消火栓9" deviceID="26865" mark="XHS" isPop="true" popType="video" width="80" height="80"/>
    <HANDBTN x="410" isToolTip="true" y="417" scaleY="0.3" scaleX="0.3" deviceName="8.5e44dc.负一层超市卖场消火栓10" deviceID="26866" mark="XHS" isPop="true" popType="video" width="80" height="80"/>
    <YCQ x="443" isToolTip="true" y="28" scaleY="0.3" scaleX="0.3" deviceName="8.6842a7.负一层超市卖场烟感46" deviceID="25688" mark="YCQ" isPop="true" popType="video" width="80" height="80"/>
    <YCQ x="441" isToolTip="true" y="62" scaleY="0.3" scaleX="0.3" deviceName="8.6842b1.负一层超市卖场烟感45" deviceID="25687" mark="YCQ" isPop="true" popType="video" width="80" height="80"/>
    <YCQ x="438" isToolTip="true" y="97" scaleY="0.3" scaleX="0.3" deviceName="8.668e7e.负一层超市卖场烟感44" deviceID="25686" mark="YCQ" isPop="true" popType="video" width="80" height="80"/>
    <YCQ x="437" isToolTip="true" y="132" scaleY="0.3" scaleX="0.3" deviceName="8.6842b6.负一层超市卖场烟感43" deviceID="25685" mark="YCQ" isPop="true" popType="video" width="80" height="80"/>
    <YCQ x="435" isToolTip="true" y="164" scaleY="0.3" scaleX="0.3" deviceName="8.4cb50b.负一层超市卖场烟感42" deviceID="25684" mark="YCQ" isPop="true" popType="video" width="80" height="80"/>
    <YCQ x="434" isToolTip="true" y="188" scaleY="0.3" scaleX="0.3" deviceName="8.4cdcb6.负一层超市卖场烟感41" deviceID="25683" mark="YCQ" isPop="true" popType="video" width="80" height="80"/>
    <YCQ x="435" isToolTip="true" y="261" scaleY="0.3" scaleX="0.3" deviceName="8.4d2544.负一层超市卖场烟感39" deviceID="25681" mark="YCQ" isPop="true" popType="video" width="80" height="80"/>
    <YCQ x="433" isToolTip="true" y="300" scaleY="0.3" scaleX="0.3" deviceName="8.4cb49e.负一层超市卖场烟感38" deviceID="25680" mark="YCQ" isPop="true" popType="video" width="80" height="80"/>
    <YCQ x="432" isToolTip="true" y="329" scaleY="0.3" scaleX="0.3" deviceName="8.4d2548.负一层超市卖场烟感37" deviceID="25679" mark="YCQ" isPop="true" popType="video" width="80" height="80"/>
    <YCQ x="431" isToolTip="true" y="364" scaleY="0.3" scaleX="0.3" deviceName="8.4cdc36.负一层超市卖场烟感36" deviceID="25678" mark="YCQ" isPop="true" popType="video" width="80" height="80"/>
    <YCQ x="431" isToolTip="true" y="399" scaleY="0.3" scaleX="0.3" deviceName="8.4d0521.负一层超市卖场烟感35" deviceID="25677" mark="YCQ" isPop="true" popType="video" width="80" height="80"/>
    <YCQ x="429" isToolTip="true" y="434" scaleY="0.3" scaleX="0.3" deviceName="8.4cb48e.负一层超市卖场烟感34" deviceID="25676" mark="YCQ" isPop="true" popType="video" width="80" height="80"/>
    <YCQ x="427" isToolTip="true" y="471" scaleY="0.3" scaleX="0.3" deviceName="8.4cb4eb.负一层超市卖场烟感33" deviceID="25675" mark="YCQ" isPop="true" popType="video" width="80" height="80"/>
    <YCQ x="465" isToolTip="true" y="518" scaleY="0.3" scaleX="0.3" deviceName="8.4cb4dc.负一层超市卖场烟感32" deviceID="25674" mark="YCQ" isPop="true" popType="video" width="80" height="80"/>
    <HANDBTN x="468" isToolTip="true" y="18" scaleY="0.3" scaleX="0.3" deviceName="8.5f5bb7.负一层超市卖场手报2" deviceID="26178" mark="SB" isPop="true" popType="video" width="80" height="80"/>
    <HANDBTN x="490" isToolTip="true" y="18" scaleY="0.3" scaleX="0.3" deviceName="8.5e4121.负一层超市卖场消火栓7" deviceID="26863" mark="XHS" isPop="true" popType="video" width="80" height="80"/>
    <YCQ x="511" isToolTip="true" y="25" scaleY="0.3" scaleX="0.3" deviceName="8.6816e7.负一层超市卖场烟感17" deviceID="25659" mark="YCQ" isPop="true" popType="video" width="80" height="80"/>
    <JSBJ x="536" isToolTip="true" y="22" scaleY="0.3" scaleX="0.3" deviceName="8.688e9e.B1层超市5区排烟阀2" deviceID="28385" mark="XFSB" isPop="true" popType="video" width="80" height="80"/>
    <YCQ x="510" isToolTip="true" y="59" scaleY="0.3" scaleX="0.3" deviceName="8.68192e.负一层超市卖场烟感18" deviceID="25660" mark="YCQ" isPop="true" popType="video" width="80" height="80"/>
    <YCQ x="510" isToolTip="true" y="95" scaleY="0.3" scaleX="0.3" deviceName="8.6842b4.负一层超市卖场烟感19" deviceID="25661" mark="YCQ" isPop="true" popType="video" width="80" height="80"/>
    <JSBJ x="534" isToolTip="true" y="84" scaleY="0.3" scaleX="0.3" deviceName="8.688f03.B1层超市5区排烟阀3" deviceID="28387" mark="XFSB" isPop="true" popType="video" width="80" height="80"/>
    <YCQ x="509" isToolTip="true" y="130" scaleY="0.3" scaleX="0.3" deviceName="8.4d0514.负一层超市卖场烟感20" deviceID="25662" mark="YCQ" isPop="true" popType="video" width="80" height="80"/>
    <YCQ x="509" isToolTip="true" y="160" scaleY="0.3" scaleX="0.3" deviceName="8.4cfe65.负一层超市卖场烟感21" deviceID="25663" mark="YCQ" isPop="true" popType="video" width="80" height="80"/>
    <YCQ x="508" isToolTip="true" y="184" scaleY="0.3" scaleX="0.3" deviceName="8.4d0517.负一层超市卖场烟感22" deviceID="25664" mark="YCQ" isPop="true" popType="video" width="80" height="80"/>
    <JSBJ x="536" isToolTip="true" y="141" scaleY="0.3" scaleX="0.3" deviceName="8.68c4cb.B1层超市5区排烟阀5" deviceID="28389" mark="XFSB" isPop="true" popType="video" width="80" height="80"/>
    <DWCQ x="535" isToolTip="true" y="162" scaleY="0.3" scaleX="0.3" deviceName="8.4f3479.负一层超市卖场温感8" deviceID="26576" mark="WCQ" isPop="true" popType="video" width="80" height="80"/>
    <DWCQ x="534" isToolTip="true" y="186" scaleY="0.3" scaleX="0.3" deviceName="8.4f76d6.负一层超市卖场温感7" deviceID="26575" mark="WCQ" isPop="true" popType="video" width="80" height="80"/>
    <YCQ x="508" isToolTip="true" y="215" scaleY="0.3" scaleX="0.3" deviceName="8.4cb483.负一层超市卖场烟感23" deviceID="25665" mark="YCQ" isPop="true" popType="video" width="80" height="80"/>
    <JSBJ x="533" isToolTip="true" y="214" scaleY="0.3" scaleX="0.3" deviceName="8.68c4fc.B1层超市5区排烟阀4" deviceID="28390" mark="XFSB" isPop="true" popType="video" width="80" height="80"/>
    <YCQ x="507" isToolTip="true" y="256" scaleY="0.3" scaleX="0.3" deviceName="8.4cdadc.负一层超市卖场烟感24" deviceID="25666" mark="YCQ" isPop="true" popType="video" width="80" height="80"/>
    <HANDBTN x="542" isToolTip="true" y="261" scaleY="0.3" scaleX="0.3" deviceName="8.5e45f5.负一层超市卖场消火栓3" deviceID="26859" mark="XHS" isPop="true" popType="video" width="80" height="80"/>
    <YCQ x="507" isToolTip="true" y="293" scaleY="0.3" scaleX="0.3" deviceName="8.4cdcf4.负一层超市卖场烟感25" deviceID="25667" mark="YCQ" isPop="true" popType="video" width="80" height="80"/>
    <DWCQ x="533" isToolTip="true" y="294" scaleY="0.3" scaleX="0.3" deviceName="8.4b0fa6.负一层超市卖场温感6" deviceID="26574" mark="WCQ" isPop="true" popType="video" width="80" height="80"/>
    <YCQ x="506" isToolTip="true" y="324" scaleY="0.3" scaleX="0.3" deviceName="8.4cb4de.负一层超市卖场烟感26" deviceID="25668" mark="YCQ" isPop="true" popType="video" width="80" height="80"/>
    <DWCQ x="533" isToolTip="true" y="324" scaleY="0.3" scaleX="0.3" deviceName="8.4f3430.负一层超市卖场温感5" deviceID="26573" mark="WCQ" isPop="true" popType="video" width="80" height="80"/>
    <YCQ x="506" isToolTip="true" y="357" scaleY="0.3" scaleX="0.3" deviceName="8.4cb4e5.负一层超市卖场烟感27" deviceID="25669" mark="YCQ" isPop="true" popType="video" width="80" height="80"/>
    <YCQ x="506" isToolTip="true" y="397" scaleY="0.3" scaleX="0.3" deviceName="8.4cdcff.负一层超市卖场烟感28" deviceID="25670" mark="YCQ" isPop="true" popType="video" width="80" height="80"/>
    <YCQ x="505" isToolTip="true" y="432" scaleY="0.3" scaleX="0.3" deviceName="8.4da2e6.负一层超市卖场烟感29" deviceID="25671" mark="YCQ" isPop="true" popType="video" width="80" height="80"/>
    <JSBJ x="530" isToolTip="true" y="428" scaleY="0.3" scaleX="0.3" deviceName="8.61ee19.超市5区排烟阀6" deviceID="28374" mark="XFSB" isPop="true" popType="video" width="80" height="80"/>
    <YCQ x="506" isToolTip="true" y="470" scaleY="0.3" scaleX="0.3" deviceName="8.4cfe82.负一层超市卖场烟感30" deviceID="25672" mark="YCQ" isPop="true" popType="video" width="80" height="80"/>
    <JSBJ x="537" isToolTip="true" y="447" scaleY="0.3" scaleX="0.3" deviceName="8.620c0a.超市5区排烟阀7" deviceID="28372" mark="XFSB" isPop="true" popType="video" width="80" height="80"/>
    <JSBJ x="524" isToolTip="true" y="472" scaleY="0.3" scaleX="0.3" deviceName="8.596b2f.超市5区排烟阀8" deviceID="28371" mark="XFSB" isPop="true" popType="video" width="80" height="80"/>
    <HANDBTN x="544" isToolTip="true" y="472" scaleY="0.3" scaleX="0.3" deviceName="8.4faaa9.负一层超市卖场消火栓1" deviceID="26858" mark="XHS" isPop="true" popType="video" width="80" height="80"/>
    <YCQ x="505" isToolTip="true" y="511" scaleY="0.3" scaleX="0.3" deviceName="8.4cdcd1.负一层超市卖场烟感31" deviceID="25673" mark="YCQ" isPop="true" popType="video" width="80" height="80"/>
    <DWCQ x="528" isToolTip="true" y="511" scaleY="0.3" scaleX="0.3" deviceName="8.4b3ac5.负一层超市卖场温感4" deviceID="26572" mark="WCQ" isPop="true" popType="video" width="80" height="80"/>
    <YCQ x="505" isToolTip="true" y="543" scaleY="0.3" scaleX="0.3" deviceName="8.4cdcd0.负一层超市卖场区烟感1" deviceID="25653" mark="YCQ" isPop="true" popType="video" width="80" height="80"/>
    <DWCQ x="528" isToolTip="true" y="543" scaleY="0.3" scaleX="0.3" deviceName="8.4f75d6.负一层超市卖场温感3" deviceID="26571" mark="WCQ" isPop="true" popType="video" width="80" height="80"/>
    <YCQ x="504" isToolTip="true" y="571" scaleY="0.3" scaleX="0.3" deviceName="9.4cdc9f.负一层超市空调机房外烟感17" deviceID="25710" mark="YCQ" isPop="true" popType="video" width="80" height="80"/>
    <JSBJ x="510" isToolTip="true" y="590" scaleY="0.3" scaleX="0.3" deviceName="9.688ec6.B1层超市9区补风机" deviceID="28416" mark="XFSB" isPop="true" popType="video" width="80" height="80"/>
    <JSBJ x="466" isToolTip="true" y="589" scaleY="0.3" scaleX="0.3" deviceName="9.5f50a8.B1层超市9区补风机1" deviceID="28422" mark="XFSB" isPop="true" popType="video" width="80" height="80"/>
    <YCQ x="449" isToolTip="true" y="571" scaleY="0.3" scaleX="0.3" deviceName="9.4cdc06.负一层超市LT17前室外烟感18" deviceID="25711" mark="YCQ" isPop="true" popType="video" width="80" height="80"/>
    <YCQ x="367" isToolTip="true" y="610" scaleY="0.3" scaleX="0.3" deviceName="9.4ce07c.负一层超市空调机房烟感23" deviceID="25768" mark="YCQ" isPop="true" popType="video" width="80" height="80"/>
    <YCQ x="402" isToolTip="true" y="611" scaleY="0.3" scaleX="0.3" deviceName="9.4d089a.负一层超市空调机房烟感24" deviceID="25767" mark="YCQ" isPop="true" popType="video" width="80" height="80"/>
    <YCQ x="436" isToolTip="true" y="611" scaleY="0.3" scaleX="0.3" deviceName="9.4d0680.负一层超市空调机房烟感25" deviceID="25766" mark="YCQ" isPop="true" popType="video" width="80" height="80"/>
    <YCQ x="472" isToolTip="true" y="613" scaleY="0.3" scaleX="0.3" deviceName="9.4ce073.负一层超市空调机房烟感15" deviceID="25709" mark="YCQ" isPop="true" popType="video" width="80" height="80"/>
    <YCQ x="504" isToolTip="true" y="612" scaleY="0.3" scaleX="0.3" deviceName="9.4824f8.负一层超市空调机房烟感14" deviceID="25716" mark="YCQ" isPop="true" popType="video" width="80" height="80"/>
    <JSBJ x="512" isToolTip="true" y="629" scaleY="0.3" scaleX="0.3" deviceName="9.688eb0.B1层超市4区排烟风机1" deviceID="28415" mark="XFSB" isPop="true" popType="video" width="80" height="80"/>
    <HANDBTN x="529" isToolTip="true" y="585" scaleY="0.3" scaleX="0.3" deviceName="9.5f5c45.负一层超市会议室外手报1" deviceID="26180" mark="SB" isPop="true" popType="video" width="80" height="80"/>
    <YCQ x="453" isToolTip="true" y="639" scaleY="0.3" scaleX="0.3" deviceName="9.4cde28.负一层超市发票室外烟感26" deviceID="25765" mark="YCQ" isPop="true" popType="video" width="80" height="80"/>
    <YCQ x="452" isToolTip="true" y="665" scaleY="0.3" scaleX="0.3" deviceName="9.4d0682.负一层超市发票室烟感27" deviceID="25764" mark="YCQ" isPop="true" popType="video" width="80" height="80"/>
    <YCQ x="499" isToolTip="true" y="664" scaleY="0.3" scaleX="0.3" deviceName="7.4824ed.4824ed OP720-CN" deviceID="28344" mark="XFSB" isPop="true" popType="video" width="80" height="80"/>
    <YCQ x="533" isToolTip="true" y="628" scaleY="0.3" scaleX="0.3" deviceName="9.4d089e.负一层超市EDP室外烟感12" deviceID="25708" mark="YCQ" isPop="true" popType="video" width="80" height="80"/>
    <YCQ x="523" isToolTip="true" y="664" scaleY="0.3" scaleX="0.3" deviceName="9.4824d4.负一层超市机房烟感29" deviceID="25762" mark="YCQ" isPop="true" popType="video" width="80" height="80"/>
    <YCQ x="547" isToolTip="true" y="665" scaleY="0.3" scaleX="0.3" deviceName="9.4d0892.负一层超市EDP室烟感30" deviceID="25761" mark="YCQ" isPop="true" popType="video" width="80" height="80"/>
    <YCQ x="569" isToolTip="true" y="681" scaleY="0.3" scaleX="0.3" deviceName="9.4d08a1.负一层超市EDP室烟感31" deviceID="25760" mark="YCQ" isPop="true" popType="video" width="80" height="80"/>
    <HANDBTN x="559" isToolTip="true" y="629" scaleY="0.3" scaleX="0.3" deviceName="9.5ba0b4.负一层超市会议室外消火栓2" deviceID="26868" mark="XHS" isPop="true" popType="video" width="80" height="80"/>
    <YCQ x="584" isToolTip="true" y="630" scaleY="0.3" scaleX="0.3" deviceName="9.4824db.负一层超市店总室外烟感9" deviceID="25707" mark="YCQ" isPop="true" popType="video" width="80" height="80"/>
    <YCQ x="561" isToolTip="true" y="573" scaleY="0.3" scaleX="0.3" deviceName="9.4cdcc5.负一层超市配电室外烟感16" deviceID="25715" mark="YCQ" isPop="true" popType="video" width="80" height="80"/>
    <YCQ x="600" isToolTip="true" y="647" scaleY="0.3" scaleX="0.3" deviceName="9.4ce124.负一层超市维保资料室烟感33" deviceID="25759" mark="YCQ" isPop="true" popType="video" width="80" height="80"/>
    <YCQ x="612" isToolTip="true" y="665" scaleY="0.3" scaleX="0.3" deviceName="9.4cb4a9.负一层超市美工室烟感34" deviceID="25757" mark="YCQ" isPop="true" popType="video" width="80" height="80"/>
    <YCQ x="635" isToolTip="true" y="667" scaleY="0.3" scaleX="0.3" deviceName="9.4cb4ee.负一层超市美工室烟感35" deviceID="25756" mark="YCQ" isPop="true" popType="video" width="80" height="80"/>
    <JSBJ x="610" isToolTip="true" y="621" scaleY="0.3" scaleX="0.3" deviceName="9.5f88ca.负一层超市9区排烟阀3" deviceID="28430" mark="XFSB" isPop="true" popType="video" width="80" height="80"/>
    <JSBJ x="638" isToolTip="true" y="609" scaleY="0.3" scaleX="0.3" deviceName="9.5f50b0.负一层超市9区排烟阀2" deviceID="28429" mark="XFSB" isPop="true" popType="video" width="80" height="80"/>
    <YCQ x="638" isToolTip="true" y="587" scaleY="0.3" scaleX="0.3" deviceName="9.6842ee.6842ee OP720-CN" deviceID="28425" mark="XFSB" isPop="true" popType="video" width="80" height="80"/>
    <YCQ x="670" isToolTip="true" y="594" scaleY="0.3" scaleX="0.3" deviceName="9.6825d6.6825d6 OP720-CN" deviceID="28424" mark="XFSB" isPop="true" popType="video" width="80" height="80"/>
    <YCQ x="649" isToolTip="true" y="628" scaleY="0.3" scaleX="0.3" deviceName="9.4d0684.负一层超市ALC室外烟感6" deviceID="25706" mark="YCQ" isPop="true" popType="video" width="80" height="80"/>
    <YCQ x="665" isToolTip="true" y="664" scaleY="0.3" scaleX="0.3" deviceName="9.4d05fc.负一层超市生杂百室烟感36" deviceID="25755" mark="YCQ" isPop="true" popType="video" width="80" height="80"/>
    <HANDBTN x="676" isToolTip="true" y="630" scaleY="0.3" scaleX="0.3" deviceName="9.5dc6ec.负一层超市ALC室外消火栓1" deviceID="26867" mark="XHS" isPop="true" popType="video" width="80" height="80"/>
    <HANDBTN x="635" isToolTip="true" y="22" scaleY="0.3" scaleX="0.3" deviceName="8.5e416c.负一层超市卖场消火栓6" deviceID="26862" mark="XHS" isPop="true" popType="video" width="80" height="80"/>
    <HANDBTN x="684" isToolTip="true" y="72" scaleY="0.3" scaleX="0.3" deviceName="8.5f5d5a.B1层超市收银服务中心手报1" deviceID="26177" mark="SB" isPop="true" popType="video" width="80" height="80"/>
    <YCQ x="595" isToolTip="true" y="29" scaleY="0.3" scaleX="0.3" deviceName="8.681995.负一层超市卖场烟感16" deviceID="25658" mark="YCQ" isPop="true" popType="video" width="80" height="80"/>
    <YCQ x="593" isToolTip="true" y="57" scaleY="0.3" scaleX="0.3" deviceName="8.685760.负一层超市5区配电井烟感1" deviceID="25702" mark="YCQ" isPop="true" popType="video" width="80" height="80"/>
    <YCQ x="667" isToolTip="true" y="25" scaleY="0.3" scaleX="0.3" deviceName="8.6816c6.负一层超市卖场烟感15" deviceID="25657" mark="YCQ" isPop="true" popType="video" width="80" height="80"/>
    <JSBJ x="646" isToolTip="true" y="64" scaleY="0.3" scaleX="0.3" deviceName="8.68e886.B1层超市5区排烟阀1" deviceID="28386" mark="XFSB" isPop="true" popType="video" width="80" height="80"/>
    <YCQ x="679" isToolTip="true" y="99" scaleY="0.3" scaleX="0.3" deviceName="11.4cb4a5.B1层超市卖场LT13烟感29" deviceID="25853" mark="YCQ" isPop="true" popType="video" width="80" height="80"/>
    <YCQ x="631" isToolTip="true" y="100" scaleY="0.3" scaleX="0.3" deviceName="9.68198a.负一层超市LT13烟感23" deviceID="25730" mark="YCQ" isPop="true" popType="video" width="80" height="80"/>
    <YCQ x="631" isToolTip="true" y="131" scaleY="0.3" scaleX="0.3" deviceName="9.67dfc8.负一层超市LT14烟感22" deviceID="25729" mark="YCQ" isPop="true" popType="video" width="80" height="80"/>
    <HANDBTN x="617" isToolTip="true" y="115" scaleY="0.3" scaleX="0.3" deviceName="9.5e422d.负一层超市LT14消火栓4" deviceID="26872" mark="XHS" isPop="true" popType="video" width="80" height="80"/>
    <YCQ x="599" isToolTip="true" y="100" scaleY="0.3" scaleX="0.3" deviceName="9.4cfe56.负一层超市百货货梯厅烟感24" deviceID="25728" mark="YCQ" isPop="true" popType="video" width="80" height="80"/>
    <YCQ x="598" isToolTip="true" y="128" scaleY="0.3" scaleX="0.3" deviceName="9.4cfe53.负一层超市百货货梯厅烟感25" deviceID="25731" mark="YCQ" isPop="true" popType="video" width="80" height="80"/>
    <JSBJ x="559" isToolTip="true" y="144" scaleY="0.3" scaleX="0.3" deviceName="8.68d456.超市5/6区卷帘" deviceID="28388" mark="XFSB" isPop="true" popType="video" width="80" height="80"/>
    <JSBJ x="686" isToolTip="true" y="151" scaleY="0.3" scaleX="0.3" deviceName="9.68e805.负一层超市6/7卷帘5" deviceID="28399" mark="XFSB" isPop="true" popType="video" width="80" height="80"/>
    <YCQ x="589" isToolTip="true" y="162" scaleY="0.3" scaleX="0.3" deviceName="9.4cfe6e.负一层超市LT14前室外烟感26" deviceID="25727" mark="YCQ" isPop="true" popType="video" width="80" height="80"/>
    <DWCQ x="566" isToolTip="true" y="163" scaleY="0.3" scaleX="0.3" deviceName="9.602887.负一层超市LT14前室外温感27" deviceID="26590" mark="WCQ" isPop="true" popType="video" width="80" height="80"/>
    <YCQ x="568" isToolTip="true" y="186" scaleY="0.3" scaleX="0.3" deviceName="9.4cfe63.负一层超市LT14前室外烟感28" deviceID="25726" mark="YCQ" isPop="true" popType="video" width="80" height="80"/>
    <DWCQ x="590" isToolTip="true" y="186" scaleY="0.3" scaleX="0.3" deviceName="9.6084ab.负一层超市LT14前室外温感29" deviceID="26589" mark="WCQ" isPop="true" popType="video" width="80" height="80"/>
    <HANDBTN x="561" isToolTip="true" y="211" scaleY="0.3" scaleX="0.3" deviceName="9.5e40bd.负一层超市卖场消火栓5" deviceID="26871" mark="XHS" isPop="true" popType="video" width="80" height="80"/>
    <JSBJ x="561" isToolTip="true" y="234" scaleY="0.3" scaleX="0.3" deviceName="8.68c421.负一层超市5/6卷帘3" deviceID="28378" mark="XFSB" isPop="true" popType="video" width="80" height="80"/>
    <YCQ x="587" isToolTip="true" y="215" scaleY="0.3" scaleX="0.3" deviceName="9.4cd492.负一层超市卖场烟感30" deviceID="25725" mark="YCQ" isPop="true" popType="video" width="80" height="80"/>
    <YCQ x="586" isToolTip="true" y="246" scaleY="0.3" scaleX="0.3" deviceName="9.4cfdae.负一层超市卖场烟感31" deviceID="25724" mark="YCQ" isPop="true" popType="video" width="80" height="80"/>
    <JSBJ x="563" isToolTip="true" y="269" scaleY="0.3" scaleX="0.3" deviceName="8.593fc8.负一层超市5/6卷帘2" deviceID="28376" mark="XFSB" isPop="true" popType="video" width="80" height="80"/>
    <DWCQ x="561" isToolTip="true" y="302" scaleY="0.3" scaleX="0.3" deviceName="9.6084a3.负一层超市卖场温感32" deviceID="26587" mark="WCQ" isPop="true" popType="video" width="80" height="80"/>
    <YCQ x="560" isToolTip="true" y="321" scaleY="0.3" scaleX="0.3" deviceName="9.4cfdc1.负一层超市卖场烟感33" deviceID="25722" mark="YCQ" isPop="true" popType="video" width="80" height="80"/>
    <YCQ x="602" isToolTip="true" y="306" scaleY="0.3" scaleX="0.3" deviceName="9.4d253c.负一层超市卖场区烟感2" deviceID="25737" mark="YCQ" isPop="true" popType="video" width="80" height="80"/>
    <YCQ x="590" isToolTip="true" y="341" scaleY="0.3" scaleX="0.3" deviceName="9.4cfe37.负一层超市卖场烟感35" deviceID="25723" mark="YCQ" isPop="true" popType="video" width="80" height="80"/>
    <DWCQ x="568" isToolTip="true" y="340" scaleY="0.3" scaleX="0.3" deviceName="9.602888.负一层超市卖场温感34" deviceID="26588" mark="WCQ" isPop="true" popType="video" width="80" height="80"/>
    <YCQ x="590" isToolTip="true" y="364" scaleY="0.3" scaleX="0.3" deviceName="9.4cfe5b.负一层超市卖场烟感36" deviceID="25721" mark="YCQ" isPop="true" popType="video" width="80" height="80"/>
    <YCQ x="589" isToolTip="true" y="393" scaleY="0.3" scaleX="0.3" deviceName="9.4cfe5a.负一层超市卖场烟感37" deviceID="25720" mark="YCQ" isPop="true" popType="video" width="80" height="80"/>
    <YCQ x="588" isToolTip="true" y="445" scaleY="0.3" scaleX="0.3" deviceName="9.4cfe50.负一层超市卖场烟感39" deviceID="25719" mark="YCQ" isPop="true" popType="video" width="80" height="80"/>
    <YCQ x="592" isToolTip="true" y="500" scaleY="0.3" scaleX="0.3" deviceName="9.4cfe59.负一层超市卖场烟感40" deviceID="25718" mark="YCQ" isPop="true" popType="video" width="80" height="80"/>
    <DWCQ x="570" isToolTip="true" y="496" scaleY="0.3" scaleX="0.3" deviceName="9.6067c3.负一层超市卖场温感41" deviceID="26586" mark="WCQ" isPop="true" popType="video" width="80" height="80"/>
    <JSBJ x="554" isToolTip="true" y="510" scaleY="0.3" scaleX="0.3" deviceName="9.598349.负一层超市5/6卷帘1" deviceID="28398" mark="XFSB" isPop="true" popType="video" width="80" height="80"/>
    <YCQ x="590" isToolTip="true" y="542" scaleY="0.3" scaleX="0.3" deviceName="9.4cfe52.负一层超市卖场烟感43" deviceID="25717" mark="YCQ" isPop="true" popType="video" width="80" height="80"/>
    <HANDBTN x="625" isToolTip="true" y="473" scaleY="0.3" scaleX="0.3" deviceName="9.5e40b6.负一层超市卖场手报" deviceID="26181" mark="SB" isPop="true" popType="video" width="80" height="80"/>
    <YCQ x="648" isToolTip="true" y="540" scaleY="0.3" scaleX="0.3" deviceName="9.4cfe57.4cfe57 OP720-CN" deviceID="28403" mark="XFSB" isPop="true" popType="video" width="80" height="80"/>
    <YCQ x="649" isToolTip="true" y="499" scaleY="0.3" scaleX="0.3" deviceName="9.4d2532.负一层超市卖场区烟感4" deviceID="25744" mark="YCQ" isPop="true" popType="video" width="80" height="80"/>
    <DWCQ x="671" isToolTip="true" y="541" scaleY="0.3" scaleX="0.3" deviceName="9.6084a4.负一层超市卖场区温感2" deviceID="26595" mark="WCQ" isPop="true" popType="video" width="80" height="80"/>
    <DWCQ x="670" isToolTip="true" y="500" scaleY="0.3" scaleX="0.3" deviceName="9.60945a.负一层超市卖场区温感3" deviceID="26594" mark="WCQ" isPop="true" popType="video" width="80" height="80"/>
    <JSBJ x="681" isToolTip="true" y="520" scaleY="0.3" scaleX="0.3" deviceName="9.5f509c.超市6/7区卷帘1" deviceID="28426" mark="XFSB" isPop="true" popType="video" width="80" height="80"/>
    <HANDBTN x="689" isToolTip="true" y="494" scaleY="0.3" scaleX="0.3" deviceName="9.5e40ee.负一层超市卖场消火栓1" deviceID="26875" mark="XHS" isPop="true" popType="video" width="80" height="80"/>
    <YCQ x="650" isToolTip="true" y="467" scaleY="0.3" scaleX="0.3" deviceName="9.4d253b.负一层超市卖场区烟感5" deviceID="25743" mark="YCQ" isPop="true" popType="video" width="80" height="80"/>
    <YCQ x="649" isToolTip="true" y="428" scaleY="0.3" scaleX="0.3" deviceName="9.4d2536.负一层超市卖场区烟感6" deviceID="25742" mark="YCQ" isPop="true" popType="video" width="80" height="80"/>
    <JSBJ x="662" isToolTip="true" y="449" scaleY="0.3" scaleX="0.3" deviceName="9.5f5092.负一层超市6区排烟阀2" deviceID="28419" mark="XFSB" isPop="true" popType="video" width="80" height="80"/>
    <HANDBTN x="684" isToolTip="true" y="432" scaleY="0.3" scaleX="0.3" deviceName="9.5e4414.负一层超市卖场消火栓2" deviceID="26874" mark="XHS" isPop="true" popType="video" width="80" height="80"/>
    <JSBJ x="669" isToolTip="true" y="418" scaleY="0.3" scaleX="0.3" deviceName="8.61ee2a.B1层超市5区排烟阀6" deviceID="28377" mark="XFSB" isPop="true" popType="video" width="80" height="80"/>
    <YCQ x="648" isToolTip="true" y="392" scaleY="0.3" scaleX="0.3" deviceName="9.4cfe60.负一层超市卖场区烟感8" deviceID="25741" mark="YCQ" isPop="true" popType="video" width="80" height="80"/>
    <YCQ x="688" isToolTip="true" y="390" scaleY="0.3" scaleX="0.3" deviceName="9.4d2539.负一层超市卖场区烟感7" deviceID="25740" mark="YCQ" isPop="true" popType="video" width="80" height="80"/>
    <JSBJ x="669" isToolTip="true" y="391" scaleY="0.3" scaleX="0.3" deviceName="9.5f5098.B1层超市6区排烟阀1" deviceID="28432" mark="XFSB" isPop="true" popType="video" width="80" height="80"/>
    <YCQ x="655" isToolTip="true" y="366" scaleY="0.3" scaleX="0.3" deviceName="9.4d253d.负一层超市卖场区烟感9" deviceID="25739" mark="YCQ" isPop="true" popType="video" width="80" height="80"/>
    <YCQ x="655" isToolTip="true" y="340" scaleY="0.3" scaleX="0.3" deviceName="9.4cfe72.负一层超市卖场区烟感11" deviceID="25738" mark="YCQ" isPop="true" popType="video" width="80" height="80"/>
    <DWCQ x="679" isToolTip="true" y="342" scaleY="0.3" scaleX="0.3" deviceName="9.6084b9.负一层超市卖场区温感10" deviceID="26593" mark="WCQ" isPop="true" popType="video" width="80" height="80"/>
    <YCQ x="638" isToolTip="true" y="303" scaleY="0.3" scaleX="0.3" deviceName="9.4d2531.负一层超市卖场区烟感13" deviceID="25736" mark="YCQ" isPop="true" popType="video" width="80" height="80"/>
    <JSBJ x="681" isToolTip="true" y="316" scaleY="0.3" scaleX="0.3" deviceName="9.5f5091.超市6/7区卷帘3" deviceID="28427" mark="XFSB" isPop="true" popType="video" width="80" height="80"/>
    <JSBJ x="683" isToolTip="true" y="274" scaleY="0.3" scaleX="0.3" deviceName="9.68e968.负一层超市6/7卷帘4" deviceID="28401" mark="XFSB" isPop="true" popType="video" width="80" height="80"/>
    <YCQ x="655" isToolTip="true" y="249" scaleY="0.3" scaleX="0.3" deviceName="9.4cfe5f.负一层超市卖场区烟感16" deviceID="25735" mark="YCQ" isPop="true" popType="video" width="80" height="80"/>
    <YCQ x="655" isToolTip="true" y="215" scaleY="0.3" scaleX="0.3" deviceName="9.4cd4aa.负一层超市卖场区烟感17" deviceID="25734" mark="YCQ" isPop="true" popType="video" width="80" height="80"/>
    <YCQ x="657" isToolTip="true" y="184" scaleY="0.3" scaleX="0.3" deviceName="9.4d253a.负一层超市卖场区烟感18" deviceID="25733" mark="YCQ" isPop="true" popType="video" width="80" height="80"/>
    <DWCQ x="679" isToolTip="true" y="185" scaleY="0.3" scaleX="0.3" deviceName="9.60288b.负一层超市卖场区温感19" deviceID="26592" mark="WCQ" isPop="true" popType="video" width="80" height="80"/>
    <YCQ x="658" isToolTip="true" y="160" scaleY="0.3" scaleX="0.3" deviceName="9.4cfed0.负一层超市卖场区烟感21" deviceID="25732" mark="YCQ" isPop="true" popType="video" width="80" height="80"/>
    <YCQ x="710" isToolTip="true" y="71" scaleY="0.3" scaleX="0.3" deviceName="8.6819dc.负一层超市卖场烟感11" deviceID="25654" mark="YCQ" isPop="true" popType="video" width="80" height="80"/>
    <YCQ x="710" isToolTip="true" y="24" scaleY="0.3" scaleX="0.3" deviceName="8.6819b5.负一层超市卖场烟感14" deviceID="25656" mark="YCQ" isPop="true" popType="video" width="80" height="80"/>
    <DWCQ x="732" isToolTip="true" y="48" scaleY="0.3" scaleX="0.3" deviceName="8.6027fd.负一层超市卖场温感12" deviceID="26577" mark="WCQ" isPop="true" popType="video" width="80" height="80"/>
    <YCQ x="733" isToolTip="true" y="24" scaleY="0.3" scaleX="0.3" deviceName="8.6067d1.负一层超市卖场烟感13" deviceID="25655" mark="YCQ" isPop="true" popType="video" width="80" height="80"/>
    <HANDBTN x="753" isToolTip="true" y="18" scaleY="0.3" scaleX="0.3" deviceName="8.594dc0.负一层超市卖场消火栓5" deviceID="26861" mark="XHS" isPop="true" popType="video" width="80" height="80"/>
    <YCQ x="709" isToolTip="true" y="130" scaleY="0.3" scaleX="0.3" deviceName="11.4cdc91.B1层超市卖场LT14前室烟感31" deviceID="25852" mark="YCQ" isPop="true" popType="video" width="80" height="80"/>
    <YCQ x="745" isToolTip="true" y="134" scaleY="0.3" scaleX="0.3" deviceName="11.4cb497.B1层超市卖场LT23烟感27" deviceID="25856" mark="YCQ" isPop="true" popType="video" width="80" height="80"/>
    <JSBJ x="767" isToolTip="true" y="73" scaleY="0.3" scaleX="0.3" deviceName="11.611cb5.超市6/7区卷帘6" deviceID="28480" mark="XFSB" isPop="true" popType="video" width="80" height="80"/>
    <DWCQ x="790" isToolTip="true" y="50" scaleY="0.3" scaleX="0.3" deviceName="11.608478.B1层超市卖场扶梯西侧温感22" deviceID="26607" mark="WCQ" isPop="true" popType="video" width="80" height="80"/>
    <DWCQ x="789" isToolTip="true" y="24" scaleY="0.3" scaleX="0.3" deviceName="11.608477.B1层超市卖场扶梯西侧温感21" deviceID="26608" mark="WCQ" isPop="true" popType="video" width="80" height="80"/>
    <YCQ x="811" isToolTip="true" y="36" scaleY="0.3" scaleX="0.3" deviceName="11.6816c2.B1层超市卖场扶梯西侧烟感20" deviceID="25847" mark="YCQ" isPop="true" popType="video" width="80" height="80"/>
    <HANDBTN x="847" isToolTip="true" y="16" scaleY="0.3" scaleX="0.3" deviceName="11.4faaf3.B1层超市卖场消火栓4" deviceID="26885" mark="XHS" isPop="true" popType="video" width="80" height="80"/>
    <YCQ x="810" isToolTip="true" y="69" scaleY="0.3" scaleX="0.3" deviceName="11.6819a2.B1层超市卖场扶梯西侧烟感23" deviceID="25848" mark="YCQ" isPop="true" popType="video" width="80" height="80"/>
    <YCQ x="868" isToolTip="true" y="29" scaleY="0.3" scaleX="0.3" deviceName="11.681944.B1层超市卖场扶梯西侧烟感18" deviceID="25846" mark="YCQ" isPop="true" popType="video" width="80" height="80"/>
    <YCQ x="868" isToolTip="true" y="62" scaleY="0.3" scaleX="0.3" deviceName="11.684309.B1层超市卖场扶梯西侧烟感19" deviceID="25845" mark="YCQ" isPop="true" popType="video" width="80" height="80"/>
    <YCQ x="868" isToolTip="true" y="91" scaleY="0.3" scaleX="0.3" deviceName="11.6816cc.B1层超市卖场扶梯西侧烟感12" deviceID="25841" mark="YCQ" isPop="true" popType="video" width="80" height="80"/>
    <YCQ x="914" isToolTip="true" y="25" scaleY="0.3" scaleX="0.3" deviceName="11.684030.B1层超市卖场扶梯西侧烟感17" deviceID="25844" mark="YCQ" isPop="true" popType="video" width="80" height="80"/>
    <YCQ x="913" isToolTip="true" y="91" scaleY="0.3" scaleX="0.3" deviceName="11.684357.B1层超市卖场扶梯西侧烟感13" deviceID="25842" mark="YCQ" isPop="true" popType="video" width="80" height="80"/>
    <JSBJ x="957" isToolTip="true" y="22" scaleY="0.3" scaleX="0.3" deviceName="13.611d21.B1层超市7区/外区卷帘门" deviceID="28290" mark="XFSB" isPop="true" popType="video" width="80" height="80"/>
    <JSBJ x="957" isToolTip="true" y="68" scaleY="0.3" scaleX="0.3" deviceName="11.5f509b.B1层超市7/10区卷帘门" deviceID="28505" mark="XFSB" isPop="true" popType="video" width="80" height="80"/>
    <DWCQ x="937" isToolTip="true" y="27" scaleY="0.3" scaleX="0.3" deviceName="11.4f4fa6.B1层超市卖场扶梯西侧温感16" deviceID="26606" mark="WCQ" isPop="true" popType="video" width="80" height="80"/>
    <DWCQ x="935" isToolTip="true" y="60" scaleY="0.3" scaleX="0.3" deviceName="11.4b3acb.B1层超市卖场扶梯西侧温感15" deviceID="26605" mark="WCQ" isPop="true" popType="video" width="80" height="80"/>
    <HANDBTN x="835" isToolTip="true" y="69" scaleY="0.3" scaleX="0.3" deviceName="11.5f5e7a.B1层超市卖场扶梯西侧手报1" deviceID="26191" mark="SB" isPop="true" popType="video" width="80" height="80"/>
    <JSBJ x="821" isToolTip="true" y="87" scaleY="0.3" scaleX="0.3" deviceName="11.598250.B1层超市7区风阀1" deviceID="28481" mark="XFSB" isPop="true" popType="video" width="80" height="80"/>
    <YCQ x="820" isToolTip="true" y="130" scaleY="0.3" scaleX="0.3" deviceName="11.6683a3.B1层超市卖场空调机房烟感25" deviceID="25850" mark="YCQ" isPop="true" popType="video" width="80" height="80"/>
    <JSBJ x="842" isToolTip="true" y="113" scaleY="0.3" scaleX="0.3" deviceName="11.68d367.B1层百货客梯前室排烟风机" deviceID="28499" mark="XFSB" isPop="true" popType="video" width="80" height="80"/>
    <JSBJ x="957" isToolTip="true" y="113" scaleY="0.3" scaleX="0.3" deviceName="12.610e63.B1层超市7/11分区卷帘门4" deviceID="28517" mark="XFSB" isPop="true" popType="video" width="80" height="80"/>
    <YCQ x="793" isToolTip="true" y="117" scaleY="0.3" scaleX="0.3" deviceName="11.4cb4f4.B1层超市空调机房外烟感26" deviceID="25851" mark="YCQ" isPop="true" popType="video" width="80" height="80"/>
    <DWCQ x="708" isToolTip="true" y="164" scaleY="0.3" scaleX="0.3" deviceName="11.6084ba.B1层超市LT14前室外温感33" deviceID="26609" mark="WCQ" isPop="true" popType="video" width="80" height="80"/>
    <DWCQ x="707" isToolTip="true" y="185" scaleY="0.3" scaleX="0.3" deviceName="11.6084a8.B1层超市卖场扶梯西侧温感34" deviceID="26610" mark="WCQ" isPop="true" popType="video" width="80" height="80"/>
    <HANDBTN x="698" isToolTip="true" y="207" scaleY="0.3" scaleX="0.3" deviceName="11.5e425a.B1层超市卖场消火栓6" deviceID="26886" mark="XHS" isPop="true" popType="video" width="80" height="80"/>
    <YCQ x="730" isToolTip="true" y="163" scaleY="0.3" scaleX="0.3" deviceName="11.4cdc8f.B1层超市LT14前室外烟感32" deviceID="25857" mark="YCQ" isPop="true" popType="video" width="80" height="80"/>
    <YCQ x="729" isToolTip="true" y="187" scaleY="0.3" scaleX="0.3" deviceName="11.4d05e4.B1层超市卖场扶梯西侧烟感35" deviceID="25858" mark="YCQ" isPop="true" popType="video" width="80" height="80"/>
    <YCQ x="728" isToolTip="true" y="219" scaleY="0.3" scaleX="0.3" deviceName="11.4cb498.B1层超市卖场扶梯西侧烟感36" deviceID="25859" mark="YCQ" isPop="true" popType="video" width="80" height="80"/>
    <YCQ x="727" isToolTip="true" y="249" scaleY="0.3" scaleX="0.3" deviceName="11.4cdc8e.B1层超市卖场扶梯西侧烟感37" deviceID="25860" mark="YCQ" isPop="true" popType="video" width="80" height="80"/>
    <YCQ x="728" isToolTip="true" y="282" scaleY="0.3" scaleX="0.3" deviceName="11.4d2538.B1层超市卖场扶梯西侧烟感38" deviceID="25861" mark="YCQ" isPop="true" popType="video" width="80" height="80"/>
    <YCQ x="727" isToolTip="true" y="322" scaleY="0.3" scaleX="0.3" deviceName="11.4cfe6a.B1层超市卖场扶梯西侧烟感41" deviceID="25862" mark="YCQ" isPop="true" popType="video" width="80" height="80"/>
    <DWCQ x="705" isToolTip="true" y="282" scaleY="0.3" scaleX="0.3" deviceName="11.6067c2.B1层超市卖场扶梯西侧温感39" deviceID="26611" mark="WCQ" isPop="true" popType="video" width="80" height="80"/>
    <DWCQ x="703" isToolTip="true" y="322" scaleY="0.3" scaleX="0.3" deviceName="11.60945c.B1层超市卖场扶梯西侧温感40" deviceID="26612" mark="WCQ" isPop="true" popType="video" width="80" height="80"/>
    <YCQ x="726" isToolTip="true" y="367" scaleY="0.3" scaleX="0.3" deviceName="11.4d2522.B1层超市卖场扶梯西侧烟感42" deviceID="25863" mark="YCQ" isPop="true" popType="video" width="80" height="80"/>
    <YCQ x="725" isToolTip="true" y="401" scaleY="0.3" scaleX="0.3" deviceName="11.4cfe3c.B1层超市卖场扶梯西侧烟感43" deviceID="25864" mark="YCQ" isPop="true" popType="video" width="80" height="80"/>
    <YCQ x="725" isToolTip="true" y="445" scaleY="0.3" scaleX="0.3" deviceName="11.4d2534.B1层超市卖场扶梯西侧烟感44" deviceID="25865" mark="YCQ" isPop="true" popType="video" width="80" height="80"/>
    <YCQ x="724" isToolTip="true" y="481" scaleY="0.3" scaleX="0.3" deviceName="11.4cfe55.B1层超市卖场扶梯西侧烟感45" deviceID="25866" mark="YCQ" isPop="true" popType="video" width="80" height="80"/>
    <YCQ x="724" isToolTip="true" y="514" scaleY="0.3" scaleX="0.3" deviceName="11.4d2526.B1层超市卖场扶梯西侧烟感46" deviceID="25867" mark="YCQ" isPop="true" popType="video" width="80" height="80"/>
    <YCQ x="723" isToolTip="true" y="546" scaleY="0.3" scaleX="0.3" deviceName="11.4d2541.B1层超市卖场扶梯西侧烟感49" deviceID="25868" mark="YCQ" isPop="true" popType="video" width="80" height="80"/>
    <DWCQ x="703" isToolTip="true" y="512" scaleY="0.3" scaleX="0.3" deviceName="11.6084b2.B1层超市卖场扶梯西侧温感47" deviceID="26613" mark="WCQ" isPop="true" popType="video" width="80" height="80"/>
    <DWCQ x="700" isToolTip="true" y="545" scaleY="0.3" scaleX="0.3" deviceName="11.609441.B1层超市卖场扶梯西侧温感48" deviceID="26614" mark="WCQ" isPop="true" popType="video" width="80" height="80"/>
    <YCQ x="697" isToolTip="true" y="586" scaleY="0.3" scaleX="0.3" deviceName="9.4824ef.负一层超市客服室烟感3" deviceID="25705" mark="YCQ" isPop="true" popType="video" width="80" height="80"/>
    <YCQ x="735" isToolTip="true" y="585" scaleY="0.3" scaleX="0.3" deviceName="9.4824b0.负一层超市人资室烟感1" deviceID="25704" mark="YCQ" isPop="true" popType="video" width="80" height="80"/>
    <YCQ x="719" isToolTip="true" y="624" scaleY="0.3" scaleX="0.3" deviceName="9.4824af.负一层超市人资室外烟感2" deviceID="25703" mark="YCQ" isPop="true" popType="video" width="80" height="80"/>
    <YCQ x="718" isToolTip="true" y="662" scaleY="0.3" scaleX="0.3" deviceName="9.4d05e3.负一层超市员工餐厅烟感37" deviceID="25754" mark="YCQ" isPop="true" popType="video" width="80" height="80"/>
    <YCQ x="797" isToolTip="true" y="585" scaleY="0.3" scaleX="0.3" deviceName="12.6842ea.6842ea OP720-CN" deviceID="28208" mark="XFSB" isPop="true" popType="video" width="80" height="80"/>
    <YCQ x="795" isToolTip="true" y="627" scaleY="0.3" scaleX="0.3" deviceName="9.4cdc89.负一层超市员工餐厅烟感47" deviceID="25745" mark="YCQ" isPop="true" popType="video" width="80" height="80"/>
    <YCQ x="795" isToolTip="true" y="660" scaleY="0.3" scaleX="0.3" deviceName="9.4d0873.负一层超市员工餐厅烟感38" deviceID="25753" mark="YCQ" isPop="true" popType="video" width="80" height="80"/>
    <YCQ x="835" isToolTip="true" y="660" scaleY="0.3" scaleX="0.3" deviceName="9.4cddcf.负一层超市生鲜制服室烟感39" deviceID="25752" mark="YCQ" isPop="true" popType="video" width="80" height="80"/>
    <YCQ x="861" isToolTip="true" y="622" scaleY="0.3" scaleX="0.3" deviceName="9.4cddd5.负一层超市更衣室烟感46" deviceID="25746" mark="YCQ" isPop="true" popType="video" width="80" height="80"/>
    <YCQ x="859" isToolTip="true" y="666" scaleY="0.3" scaleX="0.3" deviceName="9.4cdde3.负一层超市防损室烟感40" deviceID="25750" mark="YCQ" isPop="true" popType="video" width="80" height="80"/>
    <YCQ x="876" isToolTip="true" y="646" scaleY="0.3" scaleX="0.3" deviceName="9.4cdddb.负一层超市更衣室烟感41" deviceID="25751" mark="YCQ" isPop="true" popType="video" width="80" height="80"/>
    <YCQ x="897" isToolTip="true" y="659" scaleY="0.3" scaleX="0.3" deviceName="9.4ce07e.负一层超市更衣室烟感42" deviceID="25749" mark="YCQ" isPop="true" popType="video" width="80" height="80"/>
    <YCQ x="920" isToolTip="true" y="623" scaleY="0.3" scaleX="0.3" deviceName="9.4d0899.负一层超市更衣室烟感45" deviceID="25747" mark="YCQ" isPop="true" popType="video" width="80" height="80"/>
    <YCQ x="921" isToolTip="true" y="661" scaleY="0.3" scaleX="0.3" deviceName="9.4824ca.负一层超市更衣室烟感43" deviceID="25748" mark="YCQ" isPop="true" popType="video" width="80" height="80"/>
    <YCQ x="859" isToolTip="true" y="580" scaleY="0.3" scaleX="0.3" deviceName="12.39c218.39c218 OP720-CN" deviceID="28209" mark="XFSB" isPop="true" popType="video" width="80" height="80"/>
    <YCQ x="947" isToolTip="true" y="641" scaleY="0.3" scaleX="0.3" deviceName="9.6826eb.负一层超市9区卫生间烟感" deviceID="25769" mark="YCQ" isPop="true" popType="video" width="80" height="80"/>
    <YCQ x="797" isToolTip="true" y="160" scaleY="0.3" scaleX="0.3" deviceName="11.4cb50c.B1层超市卖场扶梯西侧烟感72" deviceID="25889" mark="YCQ" isPop="true" popType="video" width="80" height="80"/>
    <JSBJ x="779" isToolTip="true" y="175" scaleY="0.3" scaleX="0.3" deviceName="11.59735c.B1层超市7区排烟阀5" deviceID="28495" mark="XFSB" isPop="true" popType="video" width="80" height="80"/>
    <YCQ x="798" isToolTip="true" y="186" scaleY="0.3" scaleX="0.3" deviceName="11.4cb49a.B1层超市卖场扶梯西侧烟感71" deviceID="25888" mark="YCQ" isPop="true" popType="video" width="80" height="80"/>
    <YCQ x="798" isToolTip="true" y="216" scaleY="0.3" scaleX="0.3" deviceName="11.4cfd1a.B1层超市卖场扶梯西侧烟感70" deviceID="25887" mark="YCQ" isPop="true" popType="video" width="80" height="80"/>
    <YCQ x="797" isToolTip="true" y="246" scaleY="0.3" scaleX="0.3" deviceName="11.4cd4c9.B1层超市卖场扶梯西侧烟感69" deviceID="25886" mark="YCQ" isPop="true" popType="video" width="80" height="80"/>
    <JSBJ x="781" isToolTip="true" y="230" scaleY="0.3" scaleX="0.3" deviceName="11.594026.B1层超市7区排烟阀4" deviceID="28494" mark="XFSB" isPop="true" popType="video" width="80" height="80"/>
    <HANDBTN x="757" isToolTip="true" y="268" scaleY="0.3" scaleX="0.3" deviceName="11.519cd3.519cd3 FDM228/230-CN" deviceID="28483" mark="XFSB" isPop="true" popType="video" width="80" height="80"/>
    <YCQ x="797" isToolTip="true" y="279" scaleY="0.3" scaleX="0.3" deviceName="11.4d051c.B1层超市卖场扶梯西侧烟感68" deviceID="25885" mark="YCQ" isPop="true" popType="video" width="80" height="80"/>
    <YCQ x="795" isToolTip="true" y="320" scaleY="0.3" scaleX="0.3" deviceName="11.4cdc8b.B1层超市卖场扶梯西侧烟感67" deviceID="25884" mark="YCQ" isPop="true" popType="video" width="80" height="80"/>
    <JSBJ x="779" isToolTip="true" y="299" scaleY="0.3" scaleX="0.3" deviceName="11.596b4d.B1层超市7区排烟阀1" deviceID="28493" mark="XFSB" isPop="true" popType="video" width="80" height="80"/>
    <YCQ x="797" isToolTip="true" y="364" scaleY="0.3" scaleX="0.3" deviceName="11.4cd46a.B1层超市卖场扶梯西侧烟感66" deviceID="25883" mark="YCQ" isPop="true" popType="video" width="80" height="80"/>
    <YCQ x="797" isToolTip="true" y="397" scaleY="0.3" scaleX="0.3" deviceName="11.4d2530.B1层超市卖场扶梯西侧烟感65" deviceID="25882" mark="YCQ" isPop="true" popType="video" width="80" height="80"/>
    <HANDBTN x="749" isToolTip="true" y="421" scaleY="0.3" scaleX="0.3" deviceName="11.5e401d.B1层超市卖场消火栓8" deviceID="26887" mark="XHS" isPop="true" popType="video" width="80" height="80"/>
    <HANDBTN x="775" isToolTip="true" y="421" scaleY="0.3" scaleX="0.3" deviceName="11.5f5d6d.B1层超市卖场扶梯西侧手报3" deviceID="26194" mark="SB" isPop="true" popType="video" width="80" height="80"/>
    <YCQ x="774" isToolTip="true" y="446" scaleY="0.3" scaleX="0.3" deviceName="11.4cb4a8.B1层超市卖场扶梯西侧烟感64" deviceID="25880" mark="YCQ" isPop="true" popType="video" width="80" height="80"/>
    <YCQ x="816" isToolTip="true" y="446" scaleY="0.3" scaleX="0.3" deviceName="11.4cddc5.B1层超市卖场扶梯西侧烟感63" deviceID="25881" mark="YCQ" isPop="true" popType="video" width="80" height="80"/>
    <YCQ x="777" isToolTip="true" y="514" scaleY="0.3" scaleX="0.3" deviceName="11.4d253e.B1层超市卖场扶梯西侧烟感50" deviceID="25869" mark="YCQ" isPop="true" popType="video" width="80" height="80"/>
    <HANDBTN x="767" isToolTip="true" y="482" scaleY="0.3" scaleX="0.3" deviceName="11.5e4373.B1层超市卖场消火栓9" deviceID="26888" mark="XHS" isPop="true" popType="video" width="80" height="80"/>
    <JSBJ x="778" isToolTip="true" y="380" scaleY="0.3" scaleX="0.3" deviceName="11.596cde.B1层超市7区排烟阀3" deviceID="28492" mark="XFSB" isPop="true" popType="video" width="80" height="80"/>
    <JSBJ x="812" isToolTip="true" y="489" scaleY="0.3" scaleX="0.3" deviceName="11.596b4c.B1层超市7区风阀2" deviceID="28485" mark="XFSB" isPop="true" popType="video" width="80" height="80"/>
    <HANDBTN x="823" isToolTip="true" y="343" scaleY="0.3" scaleX="0.3" deviceName="11.5e3ebb.B1层超市卖场消火栓12" deviceID="26890" mark="XHS" isPop="true" popType="video" width="80" height="80"/>
    <YCQ x="868" isToolTip="true" y="158" scaleY="0.3" scaleX="0.3" deviceName="11.4cddc7.B1层超市卖场扶梯西侧烟感73" deviceID="25890" mark="YCQ" isPop="true" popType="video" width="80" height="80"/>
    <YCQ x="868" isToolTip="true" y="184" scaleY="0.3" scaleX="0.3" deviceName="11.4cb4a4.B1层超市卖场扶梯西侧烟感74" deviceID="25891" mark="YCQ" isPop="true" popType="video" width="80" height="80"/>
    <YCQ x="867" isToolTip="true" y="214" scaleY="0.3" scaleX="0.3" deviceName="11.4d05fa.B1层超市卖场扶梯西侧烟感75" deviceID="25892" mark="YCQ" isPop="true" popType="video" width="80" height="80"/>
    <YCQ x="867" isToolTip="true" y="243" scaleY="0.3" scaleX="0.3" deviceName="11.4cdc8a.B1层超市卖场扶梯西侧烟感76" deviceID="25893" mark="YCQ" isPop="true" popType="video" width="80" height="80"/>
    <YCQ x="868" isToolTip="true" y="328" scaleY="0.3" scaleX="0.3" deviceName="11.4cb4a7.B1层超市卖场扶梯西侧烟感78" deviceID="25895" mark="YCQ" isPop="true" popType="video" width="80" height="80"/>
    <HANDBTN x="909" isToolTip="true" y="131" scaleY="0.3" scaleX="0.3" deviceName="11.5dc6f4.B1层超市卖场消火栓2" deviceID="26884" mark="XHS" isPop="true" popType="video" width="80" height="80"/>
    <YCQ x="936" isToolTip="true" y="155" scaleY="0.3" scaleX="0.3" deviceName="11.685793.B1层超市卖场扶梯西侧烟感7" deviceID="25840" mark="YCQ" isPop="true" popType="video" width="80" height="80"/>
    <YCQ x="935" isToolTip="true" y="181" scaleY="0.3" scaleX="0.3" deviceName="11.685772.B1层超市卖场扶梯西侧烟感6" deviceID="25839" mark="YCQ" isPop="true" popType="video" width="80" height="80"/>
    <DWCQ x="932" isToolTip="true" y="241" scaleY="0.3" scaleX="0.3" deviceName="11.4d05cd.B1层超市卖场扶梯西侧温感5" deviceID="26603" mark="WCQ" isPop="true" popType="video" width="80" height="80"/>
    <YCQ x="923" isToolTip="true" y="320" scaleY="0.3" scaleX="0.3" deviceName="11.4d0526.B1层超市卖场扶梯西侧烟感1" deviceID="25838" mark="YCQ" isPop="true" popType="video" width="80" height="80"/>
    <DWCQ x="943" isToolTip="true" y="277" scaleY="0.3" scaleX="0.3" deviceName="11.6084b8.B1层超市卖场扶梯西侧温感3" deviceID="26602" mark="WCQ" isPop="true" popType="video" width="80" height="80"/>
    <DWCQ x="943" isToolTip="true" y="334" scaleY="0.3" scaleX="0.3" deviceName="11.6084b8.B1层超市卖场扶梯西侧温感3" deviceID="26602" mark="WCQ" isPop="true" popType="video" width="80" height="80"/>
    <DWCQ x="923" isToolTip="true" y="285" scaleY="0.3" scaleX="0.3" deviceName="11.4cddd2.B1层超市卖场扶梯西侧温感4" deviceID="26601" mark="WCQ" isPop="true" popType="video" width="80" height="80"/>
    <JSBJ x="963" isToolTip="true" y="227" scaleY="0.3" scaleX="0.3" deviceName="11.668c57.B1层超市7/11分区卷帘门2" deviceID="28477" mark="XFSB" isPop="true" popType="video" width="80" height="80"/>
    <JSBJ x="964" isToolTip="true" y="275" scaleY="0.3" scaleX="0.3" deviceName="12.611ca9.B1层超市7/11分区卷帘门1" deviceID="28520" mark="XFSB" isPop="true" popType="video" width="80" height="80"/>
    <YCQ x="861" isToolTip="true" y="388" scaleY="0.3" scaleX="0.3" deviceName="12.6842e8.B1层超市卖场烟感35" deviceID="25904" mark="YCQ" isPop="true" popType="video" width="80" height="80"/>
    <YCQ x="926" isToolTip="true" y="388" scaleY="0.3" scaleX="0.3" deviceName="11.4cfe5c.B1层超市B1-15配电间烟感" deviceID="25896" mark="YCQ" isPop="true" popType="video" width="80" height="80"/>
    <YCQ x="884" isToolTip="true" y="399" scaleY="0.3" scaleX="0.3" deviceName="11.6842fd.B1层超市B塔客梯烟感61" deviceID="25879" mark="YCQ" isPop="true" popType="video" width="80" height="80"/>
    <YCQ x="884" isToolTip="true" y="436" scaleY="0.3" scaleX="0.3" deviceName="11.6842fc.B1层超市卖LT15前室烟感58" deviceID="25878" mark="YCQ" isPop="true" popType="video" width="80" height="80"/>
    <YCQ x="862" isToolTip="true" y="444" scaleY="0.3" scaleX="0.3" deviceName="11.6842ef.B1层超市卖LT15前室烟感59" deviceID="25877" mark="YCQ" isPop="true" popType="video" width="80" height="80"/>
    <YCQ x="888" isToolTip="true" y="485" scaleY="0.3" scaleX="0.3" deviceName="11.6842e3.B1层超市卖场空调机房烟感56" deviceID="25875" mark="YCQ" isPop="true" popType="video" width="80" height="80"/>
    <YCQ x="935" isToolTip="true" y="486" scaleY="0.3" scaleX="0.3" deviceName="11.68165d.B1层超市卖场空调机房烟感57" deviceID="25876" mark="YCQ" isPop="true" popType="video" width="80" height="80"/>
    <YCQ x="955" isToolTip="true" y="458" scaleY="0.3" scaleX="0.3" deviceName="12.67dfc9.B1层超市卖场弱配间烟感42" deviceID="25897" mark="YCQ" isPop="true" popType="video" width="80" height="80"/>
    <YCQ x="844" isToolTip="true" y="485" scaleY="0.3" scaleX="0.3" deviceName="7.4cddcb.4cddcb OP720-CN" deviceID="27938" mark="XFSB" isPop="true" popType="video" width="80" height="80"/>
    <JSBJ x="866" isToolTip="true" y="484" scaleY="0.3" scaleX="0.3" deviceName="11.688ebc.B1层超市6区补风机" deviceID="28502" mark="XFSB" isPop="true" popType="video" width="80" height="80"/>
    <JSBJ x="841" isToolTip="true" y="522" scaleY="0.3" scaleX="0.3" deviceName="11.68d376.B1层超市7区排烟风机" deviceID="28504" mark="XFSB" isPop="true" popType="video" width="80" height="80"/>
    <YCQ x="866" isToolTip="true" y="522" scaleY="0.3" scaleX="0.3" deviceName="11.4cdd05.B1层超市卖场空调机房烟感54" deviceID="25873" mark="YCQ" isPop="true" popType="video" width="80" height="80"/>
    <YCQ x="865" isToolTip="true" y="552" scaleY="0.3" scaleX="0.3" deviceName="11.4cdcc0.B1层超市卖场空调机房烟感52" deviceID="25871" mark="YCQ" isPop="true" popType="video" width="80" height="80"/>
    <HANDBTN x="841" isToolTip="true" y="555" scaleY="0.3" scaleX="0.3" deviceName="11.5dc6f1.B1层超市卖空调机房消火栓10" deviceID="26889" mark="XHS" isPop="true" popType="video" width="80" height="80"/>
    <JSBJ x="889" isToolTip="true" y="522" scaleY="0.3" scaleX="0.3" deviceName="11.68e89c.B1层超市6区排烟风机" deviceID="28500" mark="XFSB" isPop="true" popType="video" width="80" height="80"/>
    <JSBJ x="888" isToolTip="true" y="549" scaleY="0.3" scaleX="0.3" deviceName="11.688eae.B1层超市7区补风机" deviceID="28503" mark="XFSB" isPop="true" popType="video" width="80" height="80"/>
    <JSBJ x="913" isToolTip="true" y="519" scaleY="0.3" scaleX="0.3" deviceName="11.68e885.B1层超市9区排烟风机" deviceID="28501" mark="XFSB" isPop="true" popType="video" width="80" height="80"/>
    <YCQ x="916" isToolTip="true" y="536" scaleY="0.3" scaleX="0.3" deviceName="11.4cb4d9.B1层超市卖场空调机房烟感53" deviceID="25872" mark="YCQ" isPop="true" popType="video" width="80" height="80"/>
    <JSBJ x="910" isToolTip="true" y="557" scaleY="0.3" scaleX="0.3" deviceName="11.611cb7.负一层超市7区空调机排烟阀3" deviceID="28488" mark="XFSB" isPop="true" popType="video" width="80" height="80"/>
    <HANDBTN x="752" isToolTip="true" y="653" scaleY="0.3" scaleX="0.3" deviceName="AAA_B1层超市办公区手报" deviceID="26183" mark="SB" isPop="true" popType="video" width="80" height="80"/>
    <JSBJ x="624" isToolTip="true" y="532" scaleY="0.3" scaleX="0.3" deviceName="AAA_B1层超市休食后仓配电间消栓" deviceID="26856" mark="XHS" isPop="true" popType="video" width="80" height="80"/>
    <JSBJ x="701" isToolTip="true" y="467" scaleY="0.3" scaleX="0.3" deviceName="AAA_B1层超市清用区消火栓2" deviceID="26869" mark="XHS" isPop="true" popType="video" width="80" height="80"/>
    <JSBJ x="751" isToolTip="true" y="463" scaleY="0.3" scaleX="0.3" deviceName="AAA_B1层超市清用品消火栓" deviceID="26870" mark="XHS" isPop="true" popType="video" width="80" height="80"/>
    <JSBJ x="755" isToolTip="true" y="160" scaleY="0.3" scaleX="0.3" deviceName="AAA_B1层超市烟酒区消火栓" deviceID="26873" mark="XHS" isPop="true" popType="video" width="80" height="80"/>
    <JSBJ x="760" isToolTip="true" y="625" scaleY="0.3" scaleX="0.3" deviceName="AAA_B1层超市办公区洗手间消火栓" deviceID="26877" mark="XHS" isPop="true" popType="video" width="80" height="80"/>
    <JSBJ x="690" isToolTip="true" y="609" scaleY="0.3" scaleX="0.3" deviceName="AAA_B1层超市会计科旁消火栓" deviceID="26876" mark="XHS" isPop="true" popType="video" width="80" height="80"/>
    <HANDBTN x="480" isToolTip="true" y="168" scaleY="0.3" scaleX="0.3" deviceName="AAA_B1层超市收银中控手报" deviceID="28379" mark="XFSB" isPop="true" popType="video" width="80" height="80"/>
    <YCQ x="685" isToolTip="true" y="49" scaleY="0.3" scaleX="0.3" deviceName="AAA_B1层商铺植物医生内烟感" deviceID="28380" mark="XFSB" isPop="true" popType="video" width="80" height="80"/>
    <YCQ x="595" isToolTip="true" y="592" scaleY="0.3" scaleX="0.3" deviceName="AAA_B1层超市人资办烟感2" deviceID="28392" mark="XFSB" isPop="true" popType="video" width="80" height="80"/>
    <JSBJ x="562" isToolTip="true" y="599" scaleY="0.3" scaleX="0.3" deviceName="AAA_B1层超市防损办对面消火栓" deviceID="28411" mark="XFSB" isPop="true" popType="video" width="80" height="80"/>
    <YCQ x="617" isToolTip="true" y="572" scaleY="0.3" scaleX="0.3" deviceName="AAA_B1层超市客服办烟感" deviceID="28423" mark="XFSB" isPop="true" popType="video" width="80" height="80"/>
    <YCQ x="904" isToolTip="true" y="48" scaleY="0.3" scaleX="0.3" deviceName="AAA_B1层超市卖场入口外烟感" deviceID="28442" mark="XFSB" isPop="true" popType="video" width="80" height="80"/>
    <JSBJ x="835" isToolTip="true" y="265" scaleY="0.3" scaleX="0.3" deviceName="AAA_B1层超市服装区消火栓" deviceID="28496" mark="XFSB" isPop="true" popType="video" width="80" height="80"/>
    <JSBJ x="833" isToolTip="true" y="191" scaleY="0.3" scaleX="0.3" deviceName="AAA_B1层超市服饰区消火栓" deviceID="28518" mark="XFSB" isPop="true" popType="video" width="80" height="80"/>
    <HANDBTN x="797" isToolTip="true" y="96" scaleY="0.3" scaleX="0.3" deviceName="AAA_负一层超市百货货梯手报2" deviceID="26182" mark="SB" isPop="true" popType="video" width="80" height="80"/>
    <HANDBTN x="962" isToolTip="true" y="658" scaleY="0.3" scaleX="0.3" deviceName="AAA_负一层超市更衣室手报3" deviceID="26193" mark="SB" isPop="true" popType="video" width="80" height="80"/>
    <DWCQ x="902" isToolTip="true" y="203" scaleY="0.3" scaleX="0.3" deviceName="AAA_负一层超市卖场区温感20" deviceID="26591" mark="WCQ" isPop="true" popType="video" width="80" height="80"/>
    <JSBJ x="623" isToolTip="true" y="243" scaleY="0.3" scaleX="0.3" deviceName="AAA_负一超市卖场消火栓" deviceID="28375" mark="XFSB" isPop="true" popType="video" width="80" height="80"/>
    <YCQ x="825" isToolTip="true" y="620" scaleY="0.3" scaleX="0.3" deviceName="AAA_负一超市会议室烟感" deviceID="28393" mark="XFSB" isPop="true" popType="video" width="80" height="80"/>
    <YCQ x="822" isToolTip="true" y="404" scaleY="0.3" scaleX="0.3" deviceName="AAA_负一超市清用区烟感" deviceID="28396" mark="XFSB" isPop="true" popType="video" width="80" height="80"/>
    <DWCQ x="759" isToolTip="true" y="396" scaleY="0.3" scaleX="0.3" deviceName="AAA_负一超市清用区温感" deviceID="28397" mark="XFSB" isPop="true" popType="video" width="80" height="80"/>
    <HANDBTN x="821" isToolTip="true" y="379" scaleY="0.3" scaleX="0.3" deviceName="AAA_负一超市清用区手报" deviceID="28402" mark="XFSB" isPop="true" popType="video" width="80" height="80"/>
    <YCQ x="755" isToolTip="true" y="341" scaleY="0.3" scaleX="0.3" deviceName="AAA_B1层超市清管仓外烟感2" deviceID="28544" mark="XFSB" isPop="true" popType="video" width="80" height="80"/>
    <JSBJ x="461" isToolTip="true" y="222" scaleY="0.3" scaleX="0.3" deviceName="AAA_负一超市烟酒区消火栓" deviceID="28400" mark="XFSB" isPop="true" popType="video" width="80" height="80"/>
    <YCQ x="844" isToolTip="true" y="637" scaleY="0.3" scaleX="0.3" deviceName="AAA_负一超市防损办烟感" deviceID="28410" mark="XFSB" isPop="true" popType="video" width="80" height="80"/>
    <JSBJ x="895" isToolTip="true" y="633" scaleY="0.3" scaleX="0.3" deviceName="AAA_负一层9区更衣室排烟阀" deviceID="28413" mark="XFSB" isPop="true" popType="video" width="80" height="80"/>
    <YCQ x="580" isToolTip="true" y="656" scaleY="0.3" scaleX="0.3" deviceName="AAA_负一超市机房烟感" deviceID="28414" mark="XFSB" isPop="true" popType="video" width="80" height="80"/>
    <JSBJ x="649" isToolTip="true" y="280" scaleY="0.3" scaleX="0.3" deviceName="AAA_B1层超市TOPfeeling店内消栓" deviceID="28453" mark="XFSB" isPop="true" popType="video" width="80" height="80"/>
    <YCQ x="692" isToolTip="true" y="651" scaleY="0.3" scaleX="0.3" deviceName="AAA_B1层超市办公区走廊烟感7" deviceID="25763" mark="YCQ" isPop="true" popType="video" width="80" height="80"/>
    <YCQ x="796" isToolTip="true" y="460" scaleY="0.3" scaleX="0.3" deviceName="AAA_B1层超市茶水间旁烟感" deviceID="28575" mark="XFSB" isPop="true" popType="video" width="80" height="80"/>
    <YCQ x="804" isToolTip="true" y="422" scaleY="0.3" scaleX="0.3" deviceName="AAA_B1层超市茶水间外烟感" deviceID="28573" mark="XFSB" isPop="true" popType="video" width="80" height="80"/>
    <YCQ x="747" isToolTip="true" y="372" scaleY="0.3" scaleX="0.3" deviceName="AAA_B1层超市茶水间烟感" deviceID="28574" mark="XFSB" isPop="true" popType="video" width="80" height="80"/>
    <DWCQ x="834" isToolTip="true" y="167" scaleY="0.3" scaleX="0.3" deviceName="AAA_B1层超市扶梯温感2" deviceID="26596" mark="WCQ" isPop="true" popType="video" width="80" height="80"/>
    <YCQ x="853" isToolTip="true" y="355" scaleY="0.3" scaleX="0.3" deviceName="AAA_B1层超市红门烟感" deviceID="25843" mark="YCQ" isPop="true" popType="video" width="80" height="80"/>
    <YCQ x="917" isToolTip="true" y="472" scaleY="0.3" scaleX="0.3" deviceName="AAA_B1层超市空调机房烟感6" deviceID="25773" mark="YCQ" isPop="true" popType="video" width="80" height="80"/>
    <YCQ x="601" isToolTip="true" y="280" scaleY="0.3" scaleX="0.3" deviceName="AAA_B1层超市卖场烟感16" deviceID="25912" mark="YCQ" isPop="true" popType="video" width="80" height="80"/>
    <DWCQ x="385" isToolTip="true" y="395" scaleY="0.3" scaleX="0.3" deviceName="AAA_B1层超市卖场扶梯西侧温感8" deviceID="26604" mark="WCQ" isPop="true" popType="video" width="80" height="80"/>
    <HANDBTN x="833" isToolTip="true" y="304" scaleY="0.3" scaleX="0.3" deviceName="AAA_B1层超市卖场手报" deviceID="26195" mark="SB" isPop="true" popType="video" width="80" height="80"/>
    <YCQ x="753" isToolTip="true" y="316" scaleY="0.3" scaleX="0.3" deviceName="AAA_B1层超市卖场烟感26" deviceID="25919" mark="YCQ" isPop="true" popType="video" width="80" height="80"/>
    <YCQ x="443" isToolTip="true" y="502" scaleY="0.3" scaleX="0.3" deviceName="AAA_B1层超市平台烟感" deviceID="28309" mark="XFSB" isPop="true" popType="video" width="80" height="80"/>
    <YCQ x="899" isToolTip="true" y="346" scaleY="0.3" scaleX="0.3" deviceName="AAA_B1层超市前室烟感" deviceID="28302" mark="XFSB" isPop="true" popType="video" width="80" height="80"/>
    <YCQ x="890" isToolTip="true" y="458" scaleY="0.3" scaleX="0.3" deviceName="AAA_B1层超市弱电井烟感" deviceID="28307" mark="XFSB" isPop="true" popType="video" width="80" height="80"/>
    <HANDBTN x="784" isToolTip="true" y="343" scaleY="0.3" scaleX="0.3" deviceName="AAA_B1层超市休息区手报" deviceID="26179" mark="SB" isPop="true" popType="video" width="80" height="80"/>
    <JSBJ x="900" isToolTip="true" y="309" scaleY="0.3" scaleX="0.3" deviceName="AAA_B1层东边梯口前室走道消火栓" deviceID="28225" mark="XFSB" isPop="true" popType="video" width="80" height="80"/>
    <YCQ x="883" isToolTip="true" y="363" scaleY="0.3" scaleX="0.3" deviceName="AAA_B1层前室烟感9" deviceID="28220" mark="XFSB" isPop="true" popType="video" width="80" height="80"/>
    <YCQ x="892" isToolTip="true" y="66" scaleY="0.3" scaleX="0.3" deviceName="AAA_B1层10号通道疏散楼梯烟感" deviceID="28109" mark="XFSB" isPop="true" popType="video" width="80" height="80"/>
    <YCQ x="937" isToolTip="true" y="90" scaleY="0.3" scaleX="0.3" deviceName="AAA_B1层10号通道疏散楼梯烟感2" deviceID="28110" mark="XFSB" isPop="true" popType="video" width="80" height="80"/>
    <JSBJ x="862" isToolTip="true" y="299" scaleY="0.3" scaleX="0.3" deviceName="AAA_B1层5号岗精仓消火栓" deviceID="28196" mark="XFSB" isPop="true" popType="video" width="80" height="80"/>
    <YCQ x="872" isToolTip="true" y="274" scaleY="0.3" scaleX="0.3" deviceName="AAA_B1层5号岗精仓烟感6" deviceID="28216" mark="XFSB" isPop="true" popType="video" width="80" height="80"/>
    <JSBJ x="356" isToolTip="true" y="221" scaleY="0.3" scaleX="0.3" deviceName="AAA_B1层超市10/11区卷帘2" deviceID="28514" mark="XFSB" isPop="true" popType="video" width="80" height="80"/>
    <JSBJ x="841" isToolTip="true" y="422" scaleY="0.3" scaleX="0.3" deviceName="AAA_B1层消防仓库门口消火栓" deviceID="70058" mark="XFSB" isPop="true" popType="video" width="80" height="80"/>
    <JSBJ x="761" isToolTip="true" y="106" scaleY="0.3" scaleX="0.3" deviceName="AAA_B1大商业变电室2外走道烟感" deviceID="28112" mark="XFSB" isPop="true" popType="video" width="80" height="80"/>
    <HANDBTN x="891" isToolTip="true" y="105" scaleY="0.3" scaleX="0.3" deviceName="AAA_负一超市27号通道手报" deviceID="28394" mark="XFSB" isPop="true" popType="video" width="80" height="80"/>
    <JSBJ x="898" isToolTip="true" y="262" scaleY="0.3" scaleX="0.3" deviceName="AAA_负一超市DC后仓区消火栓" deviceID="28468" mark="XFSB" isPop="true" popType="video" width="80" height="80"/>
    <HANDBTN x="670" isToolTip="true" y="119" scaleY="0.3" scaleX="0.3" deviceName="AAA_负一超市LT18外手报" deviceID="28508" mark="XFSB" isPop="true" popType="video" width="80" height="80"/>
    <JSBJ x="840" isToolTip="true" y="241" scaleY="0.3" scaleX="0.3" deviceName="AAA_非编探测器复位" deviceID="300353" mark="XFSB" isPop="true" popType="video" width="80" height="80"/>
    <DWCQ x="813" isToolTip="true" y="555" scaleY="0.3" scaleX="0.3" deviceName="AAA_B1层超市扶梯温感2" deviceID="26596" mark="WCQ" isPop="true" popType="video" width="80" height="80"/>
    <YCQ x="759" isToolTip="true" y="217" scaleY="0.3" scaleX="0.3" deviceName="AAA_B1层超市卖场烟感16" deviceID="25912" mark="YCQ" isPop="true" popType="video" width="80" height="80"/>
    <YCQ x="695" isToolTip="true" y="245" scaleY="0.3" scaleX="0.3" deviceName="AAA_B1层超市卖场烟感26" deviceID="25919" mark="YCQ" isPop="true" popType="video" width="80" height="80"/>
    <YCQ x="848" isToolTip="true" y="137" scaleY="0.3" scaleX="0.3" deviceName="AAA_负一层超市配电间外烟感1" deviceID="28333" mark="XFSB" isPop="true" popType="video" width="80" height="80"/>
    <YCQ x="938" isToolTip="true" y="126" scaleY="0.3" scaleX="0.3" deviceName="AAA_B1层9号通道烟感3" deviceID="28043" mark="XFSB" isPop="true" popType="video" width="80" height="80"/>
  </Components>
</Configration>