<?xml version="1.0" encoding="utf-8"?>
<Configration Width="1430" Height="714">
  <LIST>
    <Component>
      <YCQ/>
      <HANDBTN/>
      <JSBJ/>
      <DWCQ/>
    </Component>
    <Image>
      <XFFQB2Q8 source="mapAssets/mapImages/XFFQB2/XFFQB2_8.png" group="map"/>
      <XFFQB2Q7TULI source="mapAssets/mapImages/XFFQB2/XFFQB2_8TULI.png" group="mapTuli"/>
    </Image>
  </LIST>
  <Components>
    <XFFQB2Q8 ky="0" x="-4" y="0" isLocation="true" ay="26" ax="252" width="1434" kx="0" height="714"/>
    <XFFQB2Q7TULI x="1100" scaleX="0.75" scaleY="0.75" y="10" width="400" height="300"/>
    <YCQ x="312" isToolTip="true" y="34" scaleY="0.3" scaleX="0.3" deviceName="12.4cde29.4cde29 OP720-CN" deviceID="27665" mark="XFSB" isPop="true" popType="video" width="80" height="80"/>
    <YCQ x="339" isToolTip="true" y="34" scaleY="0.3" scaleX="0.3" deviceName="12.4cde38.4cde38 OP720-CN" deviceID="27662" mark="XFSB" isPop="true" popType="video" width="80" height="80"/>
    <YCQ x="311" isToolTip="true" y="77" scaleY="0.3" scaleX="0.3" deviceName="12.4ce142.4ce142 OP720-CN" deviceID="27664" mark="XFSB" isPop="true" popType="video" width="80" height="80"/>
    <YCQ x="339" isToolTip="true" y="78" scaleY="0.3" scaleX="0.3" deviceName="12.4824f1.4824f1 OP720-CN" deviceID="27663" mark="XFSB" isPop="true" popType="video" width="80" height="80"/>
    <HANDBTN x="361" isToolTip="true" y="25" scaleY="0.3" scaleX="0.3" deviceName="12.519b92.519b92 FDM228/230-CN" deviceID="27661" mark="XFSB" isPop="true" popType="video" width="80" height="80"/>
    <HANDBTN x="289" isToolTip="true" y="153" scaleY="0.3" scaleX="0.3" deviceName="12.5e440c.5e440c FDM228/230-CN" deviceID="27666" mark="XFSB" isPop="true" popType="video" width="80" height="80"/>
    <JSBJ x="441" isToolTip="true" y="20" scaleY="0.3" scaleX="0.3" deviceName="12.61edb6.61edb6 FDCIO221-CN" deviceID="27660" mark="XFSB" isPop="true" popType="video" width="80" height="80"/>
    <DWCQ x="468" isToolTip="true" y="50" scaleY="0.3" scaleX="0.3" deviceName="12.5975ef.5975ef FDCIO221-CN" deviceID="27673" mark="XFSB" isPop="true" popType="video" width="80" height="80"/>
    <DWCQ x="508" isToolTip="true" y="162" scaleY="0.3" scaleX="0.3" deviceName="12.61ede5.61ede5 FDCIO221-CN" deviceID="27672" mark="XFSB" isPop="true" popType="video" width="80" height="80"/>
    <YCQ x="529" isToolTip="true" y="94" scaleY="0.3" scaleX="0.3" deviceName="12.5fd841.5fd841 OP720-CN" deviceID="27658" mark="XFSB" isPop="true" popType="video" width="80" height="80"/>
    <YCQ x="592" isToolTip="true" y="91" scaleY="0.3" scaleX="0.3" deviceName="12.5fbb07.5fbb07 OP720-CN" deviceID="27657" mark="XFSB" isPop="true" popType="video" width="80" height="80"/>
    <YCQ x="648" isToolTip="true" y="90" scaleY="0.3" scaleX="0.3" deviceName="12.5fa684.5fa684 OP720-CN" deviceID="27656" mark="XFSB" isPop="true" popType="video" width="80" height="80"/>
    <YCQ x="649" isToolTip="true" y="51" scaleY="0.3" scaleX="0.3" deviceName="12.54664d.54664d OP720-CN" deviceID="27734" mark="XFSB" isPop="true" popType="video" width="80" height="80"/>
    <HANDBTN x="511" isToolTip="true" y="128" scaleY="0.3" scaleX="0.3" deviceName="12.5e4179.5e4179 FDM228/230-CN" deviceID="27659" mark="XFSB" isPop="true" popType="video" width="80" height="80"/>
    <HANDBTN x="667" isToolTip="true" y="127" scaleY="0.3" scaleX="0.3" deviceName="12.66c8f2.66c8f2 FDM228/230-CN" deviceID="27733" mark="XFSB" isPop="true" popType="video" width="80" height="80"/>
    <YCQ x="686" isToolTip="true" y="90" scaleY="0.3" scaleX="0.3" deviceName="12.4d0832.4d0832 OP720-CN" deviceID="27655" mark="XFSB" isPop="true" popType="video" width="80" height="80"/>
    <YCQ x="714" isToolTip="true" y="90" scaleY="0.3" scaleX="0.3" deviceName="12.4d082d.4d082d OP720-CN" deviceID="27654" mark="XFSB" isPop="true" popType="video" width="80" height="80"/>
    <YCQ x="745" isToolTip="true" y="85" scaleY="0.3" scaleX="0.3" deviceName="12.4ce002.4ce002 OP720-CN" deviceID="27653" mark="XFSB" isPop="true" popType="video" width="80" height="80"/>
    <HANDBTN x="745" isToolTip="true" y="105" scaleY="0.3" scaleX="0.3" deviceName="12.4faa09.4faa09 FDM228/230-CN" deviceID="27651" mark="XFSB" isPop="true" popType="video" width="80" height="80"/>
    <HANDBTN x="745" isToolTip="true" y="127" scaleY="0.3" scaleX="0.3" deviceName="12.5e415a.5e415a FDM228/230-CN" deviceID="27652" mark="XFSB" isPop="true" popType="video" width="80" height="80"/>
    <DWCQ x="551" isToolTip="true" y="225" scaleY="0.3" scaleX="0.3" deviceName="12.593fbc.593fbc FDCIO221-CN" deviceID="27668" mark="XFSB" isPop="true" popType="video" width="80" height="80"/>
    <HANDBTN x="663" isToolTip="true" y="221" scaleY="0.3" scaleX="0.3" deviceName="12.4fa8fb.4fa8fb FDM228/230-CN" deviceID="27650" mark="XFSB" isPop="true" popType="video" width="80" height="80"/>
    <DWCQ x="764" isToolTip="true" y="157" scaleY="0.3" scaleX="0.3" deviceName="12.593fad.593fad FDCIO221-CN" deviceID="27669" mark="XFSB" isPop="true" popType="video" width="80" height="80"/>
    <DWCQ x="839" isToolTip="true" y="63" scaleY="0.3" scaleX="0.3" deviceName="12.597477.597477 FDCIO221-CN" deviceID="27642" mark="XFSB" isPop="true" popType="video" width="80" height="80"/>
    <DWCQ x="730" isToolTip="true" y="219" scaleY="0.3" scaleX="0.3" deviceName="12.593fa5.593fa5 FDCIO221-CN" deviceID="27670" mark="XFSB" isPop="true" popType="video" width="80" height="80"/>
    <DWCQ x="856" isToolTip="true" y="209" scaleY="0.3" scaleX="0.3" deviceName="12.596d53.596d53 FDCIO221-CN" deviceID="27726" mark="XFSB" isPop="true" popType="video" width="80" height="80"/>
    <DWCQ x="335" isToolTip="true" y="243" scaleY="0.3" scaleX="0.3" deviceName="12.5975e4.5975e4 FDCIO221-CN" deviceID="27671" mark="XFSB" isPop="true" popType="video" width="80" height="80"/>
    <HANDBTN x="361" isToolTip="true" y="179" scaleY="0.3" scaleX="0.3" deviceName="12.4fa8ff.4fa8ff FDM228/230-CN" deviceID="27667" mark="XFSB" isPop="true" popType="video" width="80" height="80"/>
    <HANDBTN x="262" isToolTip="true" y="314" scaleY="0.3" scaleX="0.3" deviceName="12.4fab26.4fab26 FDM228/230-CN" deviceID="27678" mark="XFSB" isPop="true" popType="video" width="80" height="80"/>
    <JSBJ x="276" isToolTip="true" y="337" scaleY="0.3" scaleX="0.3" deviceName="12.620beb.620beb FDCIO221-CN" deviceID="27679" mark="XFSB" isPop="true" popType="video" width="80" height="80"/>
    <JSBJ x="261" isToolTip="true" y="386" scaleY="0.3" scaleX="0.3" deviceName="12.61edfa.61edfa FDCIO221-CN" deviceID="27680" mark="XFSB" isPop="true" popType="video" width="80" height="80"/>
    <YCQ x="259" isToolTip="true" y="360" scaleY="0.3" scaleX="0.3" deviceName="12.52cf8b.52cf8b OP720-CN" deviceID="27677" mark="XFSB" isPop="true" popType="video" width="80" height="80"/>
    <HANDBTN x="290" isToolTip="true" y="386" scaleY="0.3" scaleX="0.3" deviceName="12.519c77.519c77 FDM228/230-CN" deviceID="27675" mark="XFSB" isPop="true" popType="video" width="80" height="80"/>
    <JSBJ x="249" isToolTip="true" y="406" scaleY="0.3" scaleX="0.3" deviceName="12.59a2e8.59a2e8 FDCI221-CN" deviceID="27681" mark="XFSB" isPop="true" popType="video" width="80" height="80"/>
    <DWCQ x="313" isToolTip="true" y="452" scaleY="0.3" scaleX="0.3" deviceName="12.610e29.610e29 FDCIO221-CN" deviceID="27683" mark="XFSB" isPop="true" popType="video" width="80" height="80"/>
    <DWCQ x="324" isToolTip="true" y="514" scaleY="0.3" scaleX="0.3" deviceName="12.61ede4.61ede4 FDCIO221-CN" deviceID="27682" mark="XFSB" isPop="true" popType="video" width="80" height="80"/>
    <DWCQ x="332" isToolTip="true" y="583" scaleY="0.3" scaleX="0.3" deviceName="12.610df0.610df0 FDCIO221-CN" deviceID="27685" mark="XFSB" isPop="true" popType="video" width="80" height="80"/>
    <HANDBTN x="286" isToolTip="true" y="545" scaleY="0.3" scaleX="0.3" deviceName="12.54a43c.54a43c FDM228/230-CN" deviceID="27684" mark="XFSB" isPop="true" popType="video" width="80" height="80"/>
    <HANDBTN x="287" isToolTip="true" y="569" scaleY="0.3" scaleX="0.3" deviceName="12.5e40cc.5e40cc FDM228/230-CN" deviceID="27736" mark="XFSB" isPop="true" popType="video" width="80" height="80"/>
    <HANDBTN x="346" isToolTip="true" y="640" scaleY="0.3" scaleX="0.3" deviceName="12.4faa9f.4faa9f FDM228/230-CN" deviceID="27686" mark="XFSB" isPop="true" popType="video" width="80" height="80"/>
    <HANDBTN x="355" isToolTip="true" y="422" scaleY="0.3" scaleX="0.3" deviceName="12.4fab15.4fab15 FDM228/230-CN" deviceID="27676" mark="XFSB" isPop="true" popType="video" width="80" height="80"/>
    <HANDBTN x="365" isToolTip="true" y="342" scaleY="0.3" scaleX="0.3" deviceName="12.4fab30.4fab30 FDM228/230-CN" deviceID="27674" mark="XFSB" isPop="true" popType="video" width="80" height="80"/>
    <HANDBTN x="946" isToolTip="true" y="234" scaleY="0.3" scaleX="0.3" deviceName="12.66c995.66c995 FDM228/230-CN" deviceID="27738" mark="XFSB" isPop="true" popType="video" width="80" height="80"/>
    <HANDBTN x="947" isToolTip="true" y="177" scaleY="0.3" scaleX="0.3" deviceName="12.4f3f3c.4f3f3c FDM228/230-CN" deviceID="27730" mark="XFSB" isPop="true" popType="video" width="80" height="80"/>
    <HANDBTN x="945" isToolTip="true" y="150" scaleY="0.3" scaleX="0.3" deviceName="12.519b5f.519b5f FDM228/230-CN" deviceID="27640" mark="XFSB" isPop="true" popType="video" width="80" height="80"/>
    <HANDBTN x="944" isToolTip="true" y="88" scaleY="0.3" scaleX="0.3" deviceName="12.4faa48.4faa48 FDM228/230-CN" deviceID="27641" mark="XFSB" isPop="true" popType="video" width="80" height="80"/>
    <HANDBTN x="975" isToolTip="true" y="40" scaleY="0.3" scaleX="0.3" deviceName="12.4fac0f.4fac0f FDM228/230-CN" deviceID="27643" mark="XFSB" isPop="true" popType="video" width="80" height="80"/>
    <JSBJ x="994" isToolTip="true" y="60" scaleY="0.3" scaleX="0.3" deviceName="12.611cd0.611cd0 FDCIO221-CN" deviceID="27646" mark="XFSB" isPop="true" popType="video" width="80" height="80"/>
    <JSBJ x="974" isToolTip="true" y="60" scaleY="0.3" scaleX="0.3" deviceName="12.610e0a.610e0a FDCIO221-CN" deviceID="27647" mark="XFSB" isPop="true" popType="video" width="80" height="80"/>
    <JSBJ x="950" isToolTip="true" y="59" scaleY="0.3" scaleX="0.3" deviceName="12.610e2c.610e2c FDCIO221-CN" deviceID="27648" mark="XFSB" isPop="true" popType="video" width="80" height="80"/>
    <YCQ x="1015" isToolTip="true" y="61" scaleY="0.3" scaleX="0.3" deviceName="12.52f0dd.52f0dd OP720-CN" deviceID="27649" mark="XFSB" isPop="true" popType="video" width="80" height="80"/>
    <YCQ x="980" isToolTip="true" y="85" scaleY="0.3" scaleX="0.3" deviceName="12.4da35b.4da35b OP720-CN" deviceID="27644" mark="XFSB" isPop="true" popType="video" width="80" height="80"/>
    <YCQ x="974" isToolTip="true" y="108" scaleY="0.3" scaleX="0.3" deviceName="12.4da369.4da369 OP720-CN" deviceID="27645" mark="XFSB" isPop="true" popType="video" width="80" height="80"/>
    <JSBJ x="944" isToolTip="true" y="111" scaleY="0.3" scaleX="0.3" deviceName="12.597659.597659 FDCIO221-CN" deviceID="27731" mark="XFSB" isPop="true" popType="video" width="80" height="80"/>
    <JSBJ x="946" isToolTip="true" y="132" scaleY="0.3" scaleX="0.3" deviceName="12.597612.597612 FDCIO221-CN" deviceID="27732" mark="XFSB" isPop="true" popType="video" width="80" height="80"/>
    <YCQ x="975" isToolTip="true" y="162" scaleY="0.3" scaleX="0.3" deviceName="12.52f0e7.52f0e7 OP720-CN" deviceID="27728" mark="XFSB" isPop="true" popType="video" width="80" height="80"/>
    <YCQ x="976" isToolTip="true" y="189" scaleY="0.3" scaleX="0.3" deviceName="12.52f0e4.52f0e4 OP720-CN" deviceID="27729" mark="XFSB" isPop="true" popType="video" width="80" height="80"/>
    <JSBJ x="1002" isToolTip="true" y="191" scaleY="0.3" scaleX="0.3" deviceName="12.611af1.611af1 FDCI221-CN" deviceID="27727" mark="XFSB" isPop="true" popType="video" width="80" height="80"/>
    <YCQ x="1131" isToolTip="true" y="374" scaleY="0.3" scaleX="0.3" deviceName="13.544d0e.负二11区消防泵房烟感21" deviceID="25190" mark="YCQ" isPop="true" popType="video" width="80" height="80"/>
    <YCQ x="1094" isToolTip="true" y="377" scaleY="0.3" scaleX="0.3" deviceName="13.52d05a.负二11区消防泵房烟感35" deviceID="25191" mark="YCQ" isPop="true" popType="video" width="80" height="80"/>
    <YCQ x="1065" isToolTip="true" y="338" scaleY="0.3" scaleX="0.3" deviceName="13.52f21e.负二11区消防泵房烟感19" deviceID="25192" mark="YCQ" isPop="true" popType="video" width="80" height="80"/>
    <YCQ x="1063" isToolTip="true" y="380" scaleY="0.3" scaleX="0.3" deviceName="13.52d040.负二11区消防泵房烟感18" deviceID="25193" mark="YCQ" isPop="true" popType="video" width="80" height="80"/>
    <YCQ x="1093" isToolTip="true" y="413" scaleY="0.3" scaleX="0.3" deviceName="13.52d081.负二11区消防泵房烟感34" deviceID="25189" mark="YCQ" isPop="true" popType="video" width="80" height="80"/>
    <YCQ x="1066" isToolTip="true" y="426" scaleY="0.3" scaleX="0.3" deviceName="13.544d7d.544d7d OP720-CN" deviceID="27778" mark="XFSB" isPop="true" popType="video" width="80" height="80"/>
    <YCQ x="1114" isToolTip="true" y="337" scaleY="0.3" scaleX="0.3" deviceName="13.4da309三层西湘味厨房烟感128#" deviceID="25271" mark="YCQ" isPop="true" popType="video" width="80" height="80"/>
    <YCQ x="1141" isToolTip="true" y="413" scaleY="0.3" scaleX="0.3" deviceName="13.68517d.负二11区写字楼泵房烟感6" deviceID="25272" mark="YCQ" isPop="true" popType="video" width="80" height="80"/>
    <YCQ x="1066" isToolTip="true" y="457" scaleY="0.3" scaleX="0.3" deviceName="13.54e527.负二11区消防泵房配电烟感22" deviceID="25274" mark="YCQ" isPop="true" popType="video" width="80" height="80"/>
    <YCQ x="1040" isToolTip="true" y="456" scaleY="0.3" scaleX="0.3" deviceName="13.4cd32b.负二11区写字楼泵房外烟感30" deviceID="25275" mark="YCQ" isPop="true" popType="video" width="80" height="80"/>
    <YCQ x="1030" isToolTip="true" y="396" scaleY="0.3" scaleX="0.3" deviceName="13.52d036.负二11区消防泵房烟感14" deviceID="25187" mark="YCQ" isPop="true" popType="video" width="80" height="80"/>
    <YCQ x="978" isToolTip="true" y="375" scaleY="0.3" scaleX="0.3" deviceName="13.52f249.负二11区消防泵房烟感13" deviceID="25194" mark="YCQ" isPop="true" popType="video" width="80" height="80"/>
    <YCQ x="979" isToolTip="true" y="408" scaleY="0.3" scaleX="0.3" deviceName="13.52f264.负二11区写字楼泵房外烟感27" deviceID="25186" mark="YCQ" isPop="true" popType="video" width="80" height="80"/>
    <YCQ x="980" isToolTip="true" y="452" scaleY="0.3" scaleX="0.3" deviceName="13.4ce00c.负二11区消防泵房外烟感24" deviceID="25188" mark="YCQ" isPop="true" popType="video" width="80" height="80"/>
    <YCQ x="917" isToolTip="true" y="453" scaleY="0.3" scaleX="0.3" deviceName="13.53fe62.负二11区消防泵房外烟感26" deviceID="25185" mark="YCQ" isPop="true" popType="video" width="80" height="80"/>
    <YCQ x="919" isToolTip="true" y="407" scaleY="0.3" scaleX="0.3" deviceName="13.52c027.负二11区消防泵房烟感11" deviceID="25184" mark="YCQ" isPop="true" popType="video" width="80" height="80"/>
    <YCQ x="919" isToolTip="true" y="375" scaleY="0.3" scaleX="0.3" deviceName="13.52d05e.负二11区消防泵房烟感12" deviceID="25195" mark="YCQ" isPop="true" popType="video" width="80" height="80"/>
    <HANDBTN x="1018" isToolTip="true" y="441" scaleY="0.3" scaleX="0.3" deviceName="13.5e44e4.负二11区消防泵房外消火栓3" deviceID="26770" mark="XHS" isPop="true" popType="video" width="80" height="80"/>
    <HANDBTN x="950" isToolTip="true" y="460" scaleY="0.3" scaleX="0.3" deviceName="13.66cb13.负二11区消防泵房外消火栓4" deviceID="26773" mark="XHS" isPop="true" popType="video" width="80" height="80"/>
    <HANDBTN x="872" isToolTip="true" y="399" scaleY="0.3" scaleX="0.3" deviceName="13.519ce1.负二11区写字楼泵房消火栓2" deviceID="26760" mark="XHS" isPop="true" popType="video" width="80" height="80"/>
    <YCQ x="860" isToolTip="true" y="301" scaleY="0.3" scaleX="0.3" deviceName="11.4cfc48.负二4区百货03#隔油间烟感14" deviceID="25124" mark="YCQ" isPop="true" popType="video" width="80" height="80"/>
    <YCQ x="823" isToolTip="true" y="301" scaleY="0.3" scaleX="0.3" deviceName="12.4cd4fc.4cd4fc OP720-CN" deviceID="27724" mark="XFSB" isPop="true" popType="video" width="80" height="80"/>
    <YCQ x="867" isToolTip="true" y="357" scaleY="0.3" scaleX="0.3" deviceName="13.4ce14.负二11区写字楼泵房烟感7" deviceID="25196" mark="YCQ" isPop="true" popType="video" width="80" height="80"/>
    <YCQ x="842" isToolTip="true" y="357" scaleY="0.3" scaleX="0.3" deviceName="13.67dffa.67dffa OP720-CN" deviceID="27781" mark="XFSB" isPop="true" popType="video" width="80" height="80"/>
    <YCQ x="818" isToolTip="true" y="357" scaleY="0.3" scaleX="0.3" deviceName="13.685109.685109 OP720-CN" deviceID="27782" mark="XFSB" isPop="true" popType="video" width="80" height="80"/>
    <YCQ x="795" isToolTip="true" y="357" scaleY="0.3" scaleX="0.3" deviceName="13.682089.682089 OP720-CN" deviceID="27783" mark="XFSB" isPop="true" popType="video" width="80" height="80"/>
    <YCQ x="852" isToolTip="true" y="425" scaleY="0.3" scaleX="0.3" deviceName="13.4d081d.负二11区写字楼泵房烟感10" deviceID="25183" mark="YCQ" isPop="true" popType="video" width="80" height="80"/>
    <YCQ x="814" isToolTip="true" y="424" scaleY="0.3" scaleX="0.3" deviceName="13.4d0828.负二11区写字楼泵房烟感5" deviceID="25197" mark="YCQ" isPop="true" popType="video" width="80" height="80"/>
    <YCQ x="852" isToolTip="true" y="451" scaleY="0.3" scaleX="0.3" deviceName="13.4d082a.负二11区消防泵房外烟感25" deviceID="25182" mark="YCQ" isPop="true" popType="video" width="80" height="80"/>
    <JSBJ x="816" isToolTip="true" y="450" scaleY="0.3" scaleX="0.3" deviceName="13.5979ab.负二2#风机房防火阀" deviceID="27767" mark="XFSB" isPop="true" popType="video" width="80" height="80"/>
    <HANDBTN x="313" isToolTip="true" y="618" scaleY="0.3" scaleX="0.3" deviceName="13.4fab7b.负二11区写字楼泵房消火栓1" deviceID="26761" mark="XHS" isPop="true" popType="video" width="80" height="80"/>
    <YCQ x="773" isToolTip="true" y="452" scaleY="0.3" scaleX="0.3" deviceName="13.4d0836.负二11区写字楼泵房外烟感28" deviceID="25181" mark="YCQ" isPop="true" popType="video" width="80" height="80"/>
    <YCQ x="769" isToolTip="true" y="422" scaleY="0.3" scaleX="0.3" deviceName="13.6856e2.06856E2" deviceID="27779" mark="XFSB" isPop="true" popType="video" width="80" height="80"/>
    <YCQ x="767" isToolTip="true" y="331" scaleY="0.3" scaleX="0.3" deviceName="13.4cfc52.负二11区写字楼泵房烟感2" deviceID="25199" mark="YCQ" isPop="true" popType="video" width="80" height="80"/>
    <YCQ x="787" isToolTip="true" y="303" scaleY="0.3" scaleX="0.3" deviceName="12.532af7.532af7 OP720-CN" deviceID="27723" mark="XFSB" isPop="true" popType="video" width="80" height="80"/>
    <YCQ x="746" isToolTip="true" y="302" scaleY="0.3" scaleX="0.3" deviceName="12.4cd320.4cd320 OP720-CN" deviceID="27722" mark="XFSB" isPop="true" popType="video" width="80" height="80"/>
    <HANDBTN x="750" isToolTip="true" y="455" scaleY="0.3" scaleX="0.3" deviceName="13.519cdd.负二11区消火栓按钮5" deviceID="26771" mark="XHS" isPop="true" popType="video" width="80" height="80"/>
    <HANDBTN x="727" isToolTip="true" y="455" scaleY="0.3" scaleX="0.3" deviceName="13.5e4949.负二11区写字楼泵房外手报1" deviceID="26135" mark="SB" isPop="true" popType="video" width="80" height="80"/>
    <HANDBTN x="735" isToolTip="true" y="270" scaleY="0.3" scaleX="0.3" deviceName="12.4faa4a.4faa4a FDM228/230-CN" deviceID="27721" mark="XFSB" isPop="true" popType="video" width="80" height="80"/>
    <DWCQ x="718" isToolTip="true" y="283" scaleY="0.3" scaleX="0.3" deviceName="12.4c3ce8.4c3ce8 HI720-CN" deviceID="27720" mark="XFSB" isPop="true" popType="video" width="80" height="80"/>
    <HANDBTN x="706" isToolTip="true" y="300" scaleY="0.3" scaleX="0.3" deviceName="12.519b85.519b85 FDM228/230-CN" deviceID="27719" mark="XFSB" isPop="true" popType="video" width="80" height="80"/>
    <YCQ x="722" isToolTip="true" y="315" scaleY="0.3" scaleX="0.3" deviceName="13.52cf7f.负二11区写字楼泵房烟感1" deviceID="25268" mark="YCQ" isPop="true" popType="video" width="80" height="80"/>
    <YCQ x="743" isToolTip="true" y="354" scaleY="0.3" scaleX="0.3" deviceName="13.4ce00e.负二11区写字楼泵房烟感4" deviceID="25198" mark="YCQ" isPop="true" popType="video" width="80" height="80"/>
    <YCQ x="718" isToolTip="true" y="353" scaleY="0.3" scaleX="0.3" deviceName="13.52f182.负二11区写字楼泵房外烟感32" deviceID="25178" mark="YCQ" isPop="true" popType="video" width="80" height="80"/>
    <YCQ x="724" isToolTip="true" y="422" scaleY="0.3" scaleX="0.3" deviceName="13.4cd31c.负二11区写字楼泵房烟感9" deviceID="25180" mark="YCQ" isPop="true" popType="video" width="80" height="80"/>
    <JSBJ x="717" isToolTip="true" y="333" scaleY="0.3" scaleX="0.3" deviceName="13.598bce.负二区信号闸阀" deviceID="27765" mark="XFSB" isPop="true" popType="video" width="80" height="80"/>
    <JSBJ x="694" isToolTip="true" y="334" scaleY="0.3" scaleX="0.3" deviceName="13.597a0e.负二区水流指示器" deviceID="27766" mark="XFSB" isPop="true" popType="video" width="80" height="80"/>
    <YCQ x="674" isToolTip="true" y="301" scaleY="0.3" scaleX="0.3" deviceName="13.4ce00f.负二11区配电间烟感33" deviceID="25179" mark="YCQ" isPop="true" popType="video" width="80" height="80"/>
    <YCQ x="670" isToolTip="true" y="357" scaleY="0.3" scaleX="0.3" deviceName="13.67dffb.负二11区写字楼泵房外烟感31" deviceID="25276" mark="YCQ" isPop="true" popType="video" width="80" height="80"/>
    <YCQ x="697" isToolTip="true" y="421" scaleY="0.3" scaleX="0.3" deviceName="13.52f0e8.负二11区写字楼泵房烟感30" deviceID="25269" mark="YCQ" isPop="true" popType="video" width="80" height="80"/>
    <YCQ x="706" isToolTip="true" y="445" scaleY="0.3" scaleX="0.3" deviceName="13.4d0820.负二11区消防泵房烟感27" deviceID="25260" mark="YCQ" isPop="true" popType="video" width="80" height="80"/>
    <YCQ x="684" isToolTip="true" y="444" scaleY="0.3" scaleX="0.3" deviceName="13.4ce004.负二11区写字楼泵房外烟感29" deviceID="25202" mark="YCQ" isPop="true" popType="video" width="80" height="80"/>
    <HANDBTN x="662" isToolTip="true" y="446" scaleY="0.3" scaleX="0.3" deviceName="13.519cb1.负二11区写字楼房外消火栓6" deviceID="26762" mark="XHS" isPop="true" popType="video" width="80" height="80"/>
    <JSBJ x="703" isToolTip="true" y="466" scaleY="0.3" scaleX="0.3" deviceName="13.610e06.B2F-11区SEF-B2-11-01风机" deviceID="27748" mark="XFSB" isPop="true" popType="video" width="80" height="80"/>
    <JSBJ x="679" isToolTip="true" y="467" scaleY="0.3" scaleX="0.3" deviceName="13.610e28.B2F-11区MAF-B2-11-01风机" deviceID="27749" mark="XFSB" isPop="true" popType="video" width="80" height="80"/>
    <YCQ x="699" isToolTip="true" y="490" scaleY="0.3" scaleX="0.3" deviceName="13.4cfcc3.负二12区商管房配电间烟感35" deviceID="25204" mark="YCQ" isPop="true" popType="video" width="80" height="80"/>
    <YCQ x="693" isToolTip="true" y="525" scaleY="0.3" scaleX="0.3" deviceName="13.4ce003.负二12区商管泵房烟感30" deviceID="25208" mark="YCQ" isPop="true" popType="video" width="80" height="80"/>
    <YCQ x="735" isToolTip="true" y="505" scaleY="0.3" scaleX="0.3" deviceName="13.4d0831.4d0831 OP720-CN" deviceID="27774" mark="XFSB" isPop="true" popType="video" width="80" height="80"/>
    <YCQ x="762" isToolTip="true" y="504" scaleY="0.3" scaleX="0.3" deviceName="13.4d0806.负二12区商管泵房烟感32" deviceID="25209" mark="YCQ" isPop="true" popType="video" width="80" height="80"/>
    <YCQ x="790" isToolTip="true" y="504" scaleY="0.3" scaleX="0.3" deviceName="13.4cd32e.负二12区商管泵房烟感31" deviceID="25210" mark="YCQ" isPop="true" popType="video" width="80" height="80"/>
    <YCQ x="695" isToolTip="true" y="568" scaleY="0.3" scaleX="0.3" deviceName="13.4ce00a.负二12区商管泵房烟感29" deviceID="25206" mark="YCQ" isPop="true" popType="video" width="80" height="80"/>
    <YCQ x="734" isToolTip="true" y="569" scaleY="0.3" scaleX="0.3" deviceName="13.4ce00d.负二12区商管泵房烟感28" deviceID="25207" mark="YCQ" isPop="true" popType="video" width="80" height="80"/>
    <YCQ x="759" isToolTip="true" y="570" scaleY="0.3" scaleX="0.3" deviceName="13.4d0808.负二12区商管泵房烟感27" deviceID="25205" mark="YCQ" isPop="true" popType="video" width="80" height="80"/>
    <YCQ x="790" isToolTip="true" y="570" scaleY="0.3" scaleX="0.3" deviceName="13.4d0791.负二12区商管泵房烟感26" deviceID="25211" mark="YCQ" isPop="true" popType="video" width="80" height="80"/>
    <YCQ x="791" isToolTip="true" y="628" scaleY="0.3" scaleX="0.3" deviceName="13.4d0792.负二12区商管泵房烟感25" deviceID="25212" mark="YCQ" isPop="true" popType="video" width="80" height="80"/>
    <YCQ x="764" isToolTip="true" y="626" scaleY="0.3" scaleX="0.3" deviceName="13.4cdfe1.负二12区商管泵房烟感24" deviceID="25213" mark="YCQ" isPop="true" popType="video" width="80" height="80"/>
    <YCQ x="739" isToolTip="true" y="626" scaleY="0.3" scaleX="0.3" deviceName="13.4cdfee.负二12区商管泵房烟感23" deviceID="25214" mark="YCQ" isPop="true" popType="video" width="80" height="80"/>
    <YCQ x="713" isToolTip="true" y="627" scaleY="0.3" scaleX="0.3" deviceName="13.4d079e.负二12区商管泵房烟感22" deviceID="25215" mark="YCQ" isPop="true" popType="video" width="80" height="80"/>
    <YCQ x="688" isToolTip="true" y="628" scaleY="0.3" scaleX="0.3" deviceName="13.4d07fc.负二12区商管泵房烟感21" deviceID="25216" mark="YCQ" isPop="true" popType="video" width="80" height="80"/>
    <YCQ x="665" isToolTip="true" y="627" scaleY="0.3" scaleX="0.3" deviceName="13.4d0793.负二12区商管泵房烟感20" deviceID="25217" mark="YCQ" isPop="true" popType="video" width="80" height="80"/>
    <YCQ x="643" isToolTip="true" y="628" scaleY="0.3" scaleX="0.3" deviceName="13.4cdf71.负二12区商管泵房烟感19" deviceID="25218" mark="YCQ" isPop="true" popType="video" width="80" height="80"/>
    <YCQ x="621" isToolTip="true" y="627" scaleY="0.3" scaleX="0.3" deviceName="13.4cdf5a.负二12区商管泵房烟感18" deviceID="25219" mark="YCQ" isPop="true" popType="video" width="80" height="80"/>
    <JSBJ x="682" isToolTip="true" y="499" scaleY="0.3" scaleX="0.3" deviceName="13.53c7a9.53c7a9 FDCI221-CN" deviceID="27784" mark="XFSB" isPop="true" popType="video" width="80" height="80"/>
    <JSBJ x="659" isToolTip="true" y="499" scaleY="0.3" scaleX="0.3" deviceName="13.5fb8d9.5fb8d9 FDCI221-CN" deviceID="27785" mark="XFSB" isPop="true" popType="video" width="80" height="80"/>
    <YCQ x="667" isToolTip="true" y="519" scaleY="0.3" scaleX="0.3" deviceName="13.4d07fb.负二12区商管泵房外烟感36" deviceID="25234" mark="YCQ" isPop="true" popType="video" width="80" height="80"/>
    <HANDBTN x="665" isToolTip="true" y="600" scaleY="0.3" scaleX="0.3" deviceName="13.66c8a7.66c8a7 FDM228/230-CN" deviceID="27773" mark="XFSB" isPop="true" popType="video" width="80" height="80"/>
    <YCQ x="665" isToolTip="true" y="578" scaleY="0.3" scaleX="0.3" deviceName="13.4cdfe0.负二12区商管泵房外烟感37" deviceID="25233" mark="YCQ" isPop="true" popType="video" width="80" height="80"/>
    <HANDBTN x="667" isToolTip="true" y="556" scaleY="0.3" scaleX="0.3" deviceName="13.519c55.负二12区商管泵房外消火栓3" deviceID="26765" mark="XHS" isPop="true" popType="video" width="80" height="80"/>
    <YCQ x="645" isToolTip="true" y="557" scaleY="0.3" scaleX="0.3" deviceName="13.52f262.负二12区超市冷冻站烟感39" deviceID="25267" mark="YCQ" isPop="true" popType="video" width="80" height="80"/>
    <YCQ x="639" isToolTip="true" y="476" scaleY="0.3" scaleX="0.3" deviceName="13.52f253.负二12区LT18楼梯烟感41" deviceID="25200" mark="YCQ" isPop="true" popType="video" width="80" height="80"/>
    <YCQ x="641" isToolTip="true" y="450" scaleY="0.3" scaleX="0.3" deviceName="13.4d081a.负二12区商管房配电间烟感34" deviceID="25203" mark="YCQ" isPop="true" popType="video" width="80" height="80"/>
    <HANDBTN x="618" isToolTip="true" y="451" scaleY="0.3" scaleX="0.3" deviceName="13.539a2c.负二12区LT19楼梯前室手报1" deviceID="26133" mark="SB" isPop="true" popType="video" width="80" height="80"/>
    <HANDBTN x="626" isToolTip="true" y="556" scaleY="0.3" scaleX="0.3" deviceName="13.4fa8ad.负二12区LT18楼梯前室手报3" deviceID="26134" mark="SB" isPop="true" popType="video" width="80" height="80"/>
    <YCQ x="605" isToolTip="true" y="557" scaleY="0.3" scaleX="0.3" deviceName="13.5312b7.负二12区LT18楼梯前室烟感39" deviceID="25231" mark="YCQ" isPop="true" popType="video" width="80" height="80"/>
    <YCQ x="613" isToolTip="true" y="579" scaleY="0.3" scaleX="0.3" deviceName="13.4cff02.负二12区商管泵房外烟感38" deviceID="25232" mark="YCQ" isPop="true" popType="video" width="80" height="80"/>
    <YCQ x="583" isToolTip="true" y="556" scaleY="0.3" scaleX="0.3" deviceName="13.4da34a.负二12区LT19楼梯间烟感2" deviceID="25264" mark="YCQ" isPop="true" popType="video" width="80" height="80"/>
    <YCQ x="601" isToolTip="true" y="532" scaleY="0.3" scaleX="0.3" deviceName="13.68167f.68167f OP720-CN" deviceID="27780" mark="XFSB" isPop="true" popType="video" width="80" height="80"/>
    <YCQ x="602" isToolTip="true" y="474" scaleY="0.3" scaleX="0.3" deviceName="13.52d05c.负二12区LT19楼梯前室烟感1" deviceID="25201" mark="YCQ" isPop="true" popType="video" width="80" height="80"/>
    <YCQ x="594" isToolTip="true" y="655" scaleY="0.3" scaleX="0.3" deviceName="13.4cdf6d.负二12区库房烟感17" deviceID="25220" mark="YCQ" isPop="true" popType="video" width="80" height="80"/>
    <YCQ x="594" isToolTip="true" y="603" scaleY="0.3" scaleX="0.3" deviceName="13.4cdf70.负二12区库房烟感16" deviceID="25221" mark="YCQ" isPop="true" popType="video" width="80" height="80"/>
    <YCQ x="586" isToolTip="true" y="451" scaleY="0.3" scaleX="0.3" deviceName="13.541f3b.负二10区LT19前室走道烟感20" deviceID="25240" mark="YCQ" isPop="true" popType="video" width="80" height="80"/>
    <YCQ x="563" isToolTip="true" y="636" scaleY="0.3" scaleX="0.3" deviceName="13.4cdfdc.负二12区库房烟感14" deviceID="25222" mark="YCQ" isPop="true" popType="video" width="80" height="80"/>
    <YCQ x="573" isToolTip="true" y="574" scaleY="0.3" scaleX="0.3" deviceName="13.52f4a6.负二12区超市冷冻站外烟感15" deviceID="25230" mark="YCQ" isPop="true" popType="video" width="80" height="80"/>
    <HANDBTN x="553" isToolTip="true" y="582" scaleY="0.3" scaleX="0.3" deviceName="13.4fab1c.负二12区库房外消火栓2" deviceID="26763" mark="XHS" isPop="true" popType="video" width="80" height="80"/>
    <YCQ x="526" isToolTip="true" y="582" scaleY="0.3" scaleX="0.3" deviceName="13.52ce20.负二12区超市冷冻站烟感11" deviceID="25224" mark="YCQ" isPop="true" popType="video" width="80" height="80"/>
    <YCQ x="535" isToolTip="true" y="631" scaleY="0.3" scaleX="0.3" deviceName="13.52ce2d.负二12区超市冷冻站烟感13" deviceID="25223" mark="YCQ" isPop="true" popType="video" width="80" height="80"/>
    <YCQ x="506" isToolTip="true" y="629" scaleY="0.3" scaleX="0.3" deviceName="13.5312c1.负二12区超市冷冻站烟感12" deviceID="25225" mark="YCQ" isPop="true" popType="video" width="80" height="80"/>
    <YCQ x="461" isToolTip="true" y="648" scaleY="0.3" scaleX="0.3" deviceName="13.5312c1.负二12区超市冷冻站烟感12" deviceID="25225" mark="YCQ" isPop="true" popType="video" width="80" height="80"/>
    <YCQ x="463" isToolTip="true" y="590" scaleY="0.3" scaleX="0.3" deviceName="13.5fe461.5fe461 OP720-CN" deviceID="27772" mark="XFSB" isPop="true" popType="video" width="80" height="80"/>
    <YCQ x="425" isToolTip="true" y="590" scaleY="0.3" scaleX="0.3" deviceName="13.52ce2e.负二12区超市冷冻站烟感7" deviceID="25227" mark="YCQ" isPop="true" popType="video" width="80" height="80"/>
    <YCQ x="425" isToolTip="true" y="646" scaleY="0.3" scaleX="0.3" deviceName="13.52f4ac.负二12区超市冷冻站烟感8" deviceID="25226" mark="YCQ" isPop="true" popType="video" width="80" height="80"/>
    <YCQ x="546" isToolTip="true" y="562" scaleY="0.3" scaleX="0.3" deviceName="13.532ae8.负二12区超市冷冻站烟感4" deviceID="25265" mark="YCQ" isPop="true" popType="video" width="80" height="80"/>
    <HANDBTN x="512" isToolTip="true" y="559" scaleY="0.3" scaleX="0.3" deviceName="13.4fab34.负二12区超市冷冻站消火栓1" deviceID="26764" mark="XHS" isPop="true" popType="video" width="80" height="80"/>
    <HANDBTN x="479" isToolTip="true" y="559" scaleY="0.3" scaleX="0.3" deviceName="13.4fa990.负二12区超市冷冻站外手报2" deviceID="26136" mark="SB" isPop="true" popType="video" width="80" height="80"/>
    <YCQ x="457" isToolTip="true" y="560" scaleY="0.3" scaleX="0.3" deviceName="13.52f4a4.负二12区超市冷冻站烟感5" deviceID="25229" mark="YCQ" isPop="true" popType="video" width="80" height="80"/>
    <JSBJ x="437" isToolTip="true" y="559" scaleY="0.3" scaleX="0.3" deviceName="13.61edc5.B2F-12区SEF-B2-12-01风机" deviceID="27750" mark="XFSB" isPop="true" popType="video" width="80" height="80"/>
    <JSBJ x="415" isToolTip="true" y="560" scaleY="0.3" scaleX="0.3" deviceName="13.61edc3.B2F-12区MAF-B2-12-01风机" deviceID="27751" mark="XFSB" isPop="true" popType="video" width="80" height="80"/>
    <YCQ x="393" isToolTip="true" y="560" scaleY="0.3" scaleX="0.3" deviceName="13.52c036.负二12区超市冷冻站烟感6" deviceID="25228" mark="YCQ" isPop="true" popType="video" width="80" height="80"/>
    <HANDBTN x="563" isToolTip="true" y="542" scaleY="0.3" scaleX="0.3" deviceName="13.519c61.负二10消火栓按钮4" deviceID="26769" mark="XHS" isPop="true" popType="video" width="80" height="80"/>
    <JSBJ x="401" isToolTip="true" y="536" scaleY="0.3" scaleX="0.3" deviceName="13.610e2d.负二10区百货生活水泵房强切" deviceID="27752" mark="XFSB" isPop="true" popType="video" width="80" height="80"/>
    <YCQ x="414" isToolTip="true" y="511" scaleY="0.3" scaleX="0.3" deviceName="13.530c6c.负二10区百货配电间烟感15" deviceID="25247" mark="YCQ" isPop="true" popType="video" width="80" height="80"/>
    <YCQ x="414" isToolTip="true" y="483" scaleY="0.3" scaleX="0.3" deviceName="13.532b2f.负二10区百货生活泵房烟感13" deviceID="25249" mark="YCQ" isPop="true" popType="video" width="80" height="80"/>
    <YCQ x="442" isToolTip="true" y="506" scaleY="0.3" scaleX="0.3" deviceName="13.532af0.负二10区百货生活泵房烟感14" deviceID="25248" mark="YCQ" isPop="true" popType="video" width="80" height="80"/>
    <YCQ x="467" isToolTip="true" y="505" scaleY="0.3" scaleX="0.3" deviceName="13.530c65.负二10区百货生活泵房烟感16" deviceID="25246" mark="YCQ" isPop="true" popType="video" width="80" height="80"/>
    <YCQ x="497" isToolTip="true" y="506" scaleY="0.3" scaleX="0.3" deviceName="13.52d061.负二10区百货生活泵房烟感17" deviceID="25245" mark="YCQ" isPop="true" popType="video" width="80" height="80"/>
    <YCQ x="521" isToolTip="true" y="506" scaleY="0.3" scaleX="0.3" deviceName="13.569350.负二10区百货生活泵房烟感18" deviceID="25244" mark="YCQ" isPop="true" popType="video" width="80" height="80"/>
    <YCQ x="551" isToolTip="true" y="506" scaleY="0.3" scaleX="0.3" deviceName="13.52f246.负二10区百货生活泵房烟感19" deviceID="25243" mark="YCQ" isPop="true" popType="video" width="80" height="80"/>
    <YCQ x="543" isToolTip="true" y="477" scaleY="0.3" scaleX="0.3" deviceName="13.52f24d.负二10区百货生活泵房烟感30" deviceID="25242" mark="YCQ" isPop="true" popType="video" width="80" height="80"/>
    <YCQ x="541" isToolTip="true" y="447" scaleY="0.3" scaleX="0.3" deviceName="13.52d065.负二10区百货生活泵房烟感21" deviceID="25241" mark="YCQ" isPop="true" popType="video" width="80" height="80"/>
    <YCQ x="518" isToolTip="true" y="477" scaleY="0.3" scaleX="0.3" deviceName="13.544d31.负二10区百货生活泵房烟感31" deviceID="25263" mark="YCQ" isPop="true" popType="video" width="80" height="80"/>
    <YCQ x="494" isToolTip="true" y="478" scaleY="0.3" scaleX="0.3" deviceName="13.52d073.负二10区百货生活泵房烟感29" deviceID="25270" mark="YCQ" isPop="true" popType="video" width="80" height="80"/>
    <YCQ x="472" isToolTip="true" y="485" scaleY="0.3" scaleX="0.3" deviceName="13.52ce2a.负二10区百货生活泵房烟感28" deviceID="25250" mark="YCQ" isPop="true" popType="video" width="80" height="80"/>
    <YCQ x="468" isToolTip="true" y="460" scaleY="0.3" scaleX="0.3" deviceName="13.52d064.负二10区百货生活泵房烟感12" deviceID="25251" mark="YCQ" isPop="true" popType="video" width="80" height="80"/>
    <YCQ x="495" isToolTip="true" y="445" scaleY="0.3" scaleX="0.3" deviceName="13.52d06a.负二10区百货生活泵房烟感11" deviceID="25252" mark="YCQ" isPop="true" popType="video" width="80" height="80"/>
    <YCQ x="415" isToolTip="true" y="458" scaleY="0.3" scaleX="0.3" deviceName="12.52c03c.52c03c OP720-CN" deviceID="27687" mark="XFSB" isPop="true" popType="video" width="80" height="80"/>
    <YCQ x="453" isToolTip="true" y="435" scaleY="0.3" scaleX="0.3" deviceName="12.52ce1c.52ce1c OP720-CN" deviceID="27690" mark="XFSB" isPop="true" popType="video" width="80" height="80"/>
    <JSBJ x="473" isToolTip="true" y="437" scaleY="0.3" scaleX="0.3" deviceName="12.593ef7.593ef7 FDCIO221-CN" deviceID="27691" mark="XFSB" isPop="true" popType="video" width="80" height="80"/>
    <YCQ x="465" isToolTip="true" y="409" scaleY="0.3" scaleX="0.3" deviceName="12.52c04f.52c04f OP720-CN" deviceID="27692" mark="XFSB" isPop="true" popType="video" width="80" height="80"/>
    <HANDBTN x="436" isToolTip="true" y="439" scaleY="0.3" scaleX="0.3" deviceName="12.519cc1.519cc1 FDM228/230-CN" deviceID="27693" mark="XFSB" isPop="true" popType="video" width="80" height="80"/>
    <HANDBTN x="414" isToolTip="true" y="438" scaleY="0.3" scaleX="0.3" deviceName="12.69637f.69637f FDM228/230-CN" deviceID="27737" mark="XFSB" isPop="true" popType="video" width="80" height="80"/>
    <YCQ x="386" isToolTip="true" y="439" scaleY="0.3" scaleX="0.3" deviceName="12.530ca4.530ca4 OP720-CN" deviceID="27689" mark="XFSB" isPop="true" popType="video" width="80" height="80"/>
    <YCQ x="411" isToolTip="true" y="414" scaleY="0.3" scaleX="0.3" deviceName="12.52f4ad.52f4ad OP720-CN" deviceID="27688" mark="XFSB" isPop="true" popType="video" width="80" height="80"/>
    <YCQ x="408" isToolTip="true" y="364" scaleY="0.3" scaleX="0.3" deviceName="12.52c035.52c035 OP720-CN" deviceID="27695" mark="XFSB" isPop="true" popType="video" width="80" height="80"/>
    <YCQ x="386" isToolTip="true" y="352" scaleY="0.3" scaleX="0.3" deviceName="12.532ae2.532ae2 OP720-CN" deviceID="27696" mark="XFSB" isPop="true" popType="video" width="80" height="80"/>
    <YCQ x="460" isToolTip="true" y="374" scaleY="0.3" scaleX="0.3" deviceName="12.530c68.530c68 OP720-CN" deviceID="27697" mark="XFSB" isPop="true" popType="video" width="80" height="80"/>
    <YCQ x="447" isToolTip="true" y="351" scaleY="0.3" scaleX="0.3" deviceName="12.67dfea.67dfea OP720-CN" deviceID="27741" mark="XFSB" isPop="true" popType="video" width="80" height="80"/>
    <YCQ x="488" isToolTip="true" y="418" scaleY="0.3" scaleX="0.3" deviceName="13.530c94.负二10区百货生活泵房烟感10" deviceID="25262" mark="YCQ" isPop="true" popType="video" width="80" height="80"/>
    <YCQ x="537" isToolTip="true" y="415" scaleY="0.3" scaleX="0.3" deviceName="13.530c6e.负二10区超市生活泵房烟感22" deviceID="25239" mark="YCQ" isPop="true" popType="video" width="80" height="80"/>
    <YCQ x="640" isToolTip="true" y="418" scaleY="0.3" scaleX="0.3" deviceName="13.530ca3.负二10区超市生活泵房烟感24" deviceID="25236" mark="YCQ" isPop="true" popType="video" width="80" height="80"/>
    <YCQ x="609" isToolTip="true" y="416" scaleY="0.3" scaleX="0.3" deviceName="13.530cb7.负二10区超市生活泵房烟感23" deviceID="25237" mark="YCQ" isPop="true" popType="video" width="80" height="80"/>
    <YCQ x="609" isToolTip="true" y="393" scaleY="0.3" scaleX="0.3" deviceName="13.52ce1f.负二10区超市生活泵房烟感25" deviceID="25235" mark="YCQ" isPop="true" popType="video" width="80" height="80"/>
    <YCQ x="578" isToolTip="true" y="391" scaleY="0.3" scaleX="0.3" deviceName="13.532af5.负二10区超市生活泵房烟感31" deviceID="25238" mark="YCQ" isPop="true" popType="video" width="80" height="80"/>
    <HANDBTN x="640" isToolTip="true" y="391" scaleY="0.3" scaleX="0.3" deviceName="13.5e45e7.负二10区超市泵房消火栓5" deviceID="26768" mark="XHS" isPop="true" popType="video" width="80" height="80"/>
    <YCQ x="640" isToolTip="true" y="358" scaleY="0.3" scaleX="0.3" deviceName="13.532a24.负二10区超市生活泵房烟感27" deviceID="25258" mark="YCQ" isPop="true" popType="video" width="80" height="80"/>
    <YCQ x="610" isToolTip="true" y="356" scaleY="0.3" scaleX="0.3" deviceName="13.4da2f1.负二10区超市生活泵房烟感26" deviceID="25256" mark="YCQ" isPop="true" popType="video" width="80" height="80"/>
    <YCQ x="582" isToolTip="true" y="358" scaleY="0.3" scaleX="0.3" deviceName="13.4cd31d.负二10区超市生活泵房烟感3" deviceID="25255" mark="YCQ" isPop="true" popType="video" width="80" height="80"/>
    <YCQ x="538" isToolTip="true" y="361" scaleY="0.3" scaleX="0.3" deviceName="13.52f4b1.负二10区百货生活泵房烟感4" deviceID="25261" mark="YCQ" isPop="true" popType="video" width="80" height="80"/>
    <YCQ x="509" isToolTip="true" y="359" scaleY="0.3" scaleX="0.3" deviceName="13.530c95.负二10区超市生活泵房烟感8" deviceID="25254" mark="YCQ" isPop="true" popType="video" width="80" height="80"/>
    <YCQ x="486" isToolTip="true" y="380" scaleY="0.3" scaleX="0.3" deviceName="13.52f4ab.负二10区超市生活泵房烟感9" deviceID="25253" mark="YCQ" isPop="true" popType="video" width="80" height="80"/>
    <HANDBTN x="487" isToolTip="true" y="360" scaleY="0.3" scaleX="0.3" deviceName="13.4fab79.负二10区超市泵房消火栓2" deviceID="26767" mark="XHS" isPop="true" popType="video" width="80" height="80"/>
    <HANDBTN x="469" isToolTip="true" y="350" scaleY="0.3" scaleX="0.3" deviceName="12.4fa946.4fa946 FDM228/230-CN" deviceID="27698" mark="XFSB" isPop="true" popType="video" width="80" height="80"/>
    <YCQ x="625" isToolTip="true" y="301" scaleY="0.3" scaleX="0.3" deviceName="13.532ae5.负二10区配电间烟感1" deviceID="25259" mark="YCQ" isPop="true" popType="video" width="80" height="80"/>
    <YCQ x="595" isToolTip="true" y="317" scaleY="0.3" scaleX="0.3" deviceName="13.532af9.负二10区配电间外烟感2" deviceID="25257" mark="YCQ" isPop="true" popType="video" width="80" height="80"/>
    <DWCQ x="587" isToolTip="true" y="285" scaleY="0.3" scaleX="0.3" deviceName="12.4f500f.4f500f HI720-CN" deviceID="27717" mark="XFSB" isPop="true" popType="video" width="80" height="80"/>
    <HANDBTN x="601" isToolTip="true" y="301" scaleY="0.3" scaleX="0.3" deviceName="12.519ce6.519ce6 FDM228/230-CN" deviceID="27718" mark="XFSB" isPop="true" popType="video" width="80" height="80"/>
    <YCQ x="388" isToolTip="true" y="291" scaleY="0.3" scaleX="0.3" deviceName="12.530cb6.530cb6 OP720-CN" deviceID="27702" mark="XFSB" isPop="true" popType="video" width="80" height="80"/>
    <YCQ x="390" isToolTip="true" y="325" scaleY="0.3" scaleX="0.3" deviceName="12.4d0530.4d0530 OP720-CN" deviceID="27700" mark="XFSB" isPop="true" popType="video" width="80" height="80"/>
    <HANDBTN x="586" isToolTip="true" y="337" scaleY="0.3" scaleX="0.3" deviceName="13.5e4185.负二10区超市泵房消火栓1" deviceID="26766" mark="XHS" isPop="true" popType="video" width="80" height="80"/>
    <YCQ x="569" isToolTip="true" y="295" scaleY="0.3" scaleX="0.3" deviceName="12.5311a9.5311a9 OP720-CN" deviceID="27716" mark="XFSB" isPop="true" popType="video" width="80" height="80"/>
    <JSBJ x="568" isToolTip="true" y="272" scaleY="0.3" scaleX="0.3" deviceName="13.59a34e.窗喷1-3F/sm-5信号阀下" deviceID="27745" mark="XFSB" isPop="true" popType="video" width="80" height="80"/>
    <JSBJ x="567" isToolTip="true" y="316" scaleY="0.3" scaleX="0.3" deviceName="13.597993.窗喷1-3F/sm-4信号阀下" deviceID="27747" mark="XFSB" isPop="true" popType="video" width="80" height="80"/>
    <JSBJ x="565" isToolTip="true" y="337" scaleY="0.3" scaleX="0.3" deviceName="13.537f41.窗喷1-3F/sm-5压力开关" deviceID="27770" mark="XFSB" isPop="true" popType="video" width="80" height="80"/>
    <JSBJ x="545" isToolTip="true" y="337" scaleY="0.3" scaleX="0.3" deviceName="13.59a37f.窗喷1-3F/sm-5信号阀上" deviceID="27746" mark="XFSB" isPop="true" popType="video" width="80" height="80"/>
    <JSBJ x="546" isToolTip="true" y="316" scaleY="0.3" scaleX="0.3" deviceName="13.597a65.负二3分区信号阀下" deviceID="27754" mark="XFSB" isPop="true" popType="video" width="80" height="80"/>
    <JSBJ x="546" isToolTip="true" y="294" scaleY="0.3" scaleX="0.3" deviceName="13.598de3.负二3分区压力开关" deviceID="27756" mark="XFSB" isPop="true" popType="video" width="80" height="80"/>
    <JSBJ x="547" isToolTip="true" y="271" scaleY="0.3" scaleX="0.3" deviceName="13.597a13.负二17/8压力开关" deviceID="27763" mark="XFSB" isPop="true" popType="video" width="80" height="80"/>
    <JSBJ x="518" isToolTip="true" y="339" scaleY="0.3" scaleX="0.3" deviceName="13.59a3b9.负二区水流指示器2" deviceID="27769" mark="XFSB" isPop="true" popType="video" width="80" height="80"/>
    <JSBJ x="489" isToolTip="true" y="338" scaleY="0.3" scaleX="0.3" deviceName="13.597a10.负二区信号闸阀2" deviceID="27768" mark="XFSB" isPop="true" popType="video" width="80" height="80"/>
    <JSBJ x="523" isToolTip="true" y="315" scaleY="0.3" scaleX="0.3" deviceName="13.598dec.负二9/10分区信号阀上" deviceID="27757" mark="XFSB" isPop="true" popType="video" width="80" height="80"/>
    <HANDBTN x="524" isToolTip="true" y="273" scaleY="0.3" scaleX="0.3" deviceName="12.519d13.519d13 FDM228/230-CN" deviceID="27713" mark="XFSB" isPop="true" popType="video" width="80" height="80"/>
    <JSBJ x="525" isToolTip="true" y="295" scaleY="0.3" scaleX="0.3" deviceName="13.5375dc.负二9/10分区压力开关" deviceID="27753" mark="XFSB" isPop="true" popType="video" width="80" height="80"/>
    <JSBJ x="500" isToolTip="true" y="318" scaleY="0.3" scaleX="0.3" deviceName="13.598d03.负二9/10分区信号阀下" deviceID="27758" mark="XFSB" isPop="true" popType="video" width="80" height="80"/>
    <YCQ x="506" isToolTip="true" y="297" scaleY="0.3" scaleX="0.3" deviceName="12.52cf05.52cf05 OP720-CN" deviceID="27714" mark="XFSB" isPop="true" popType="video" width="80" height="80"/>
    <JSBJ x="377" isToolTip="true" y="226" scaleY="0.3" scaleX="0.3" deviceName="12.59b6ce.59b6ce FDCI221-CN" deviceID="27709" mark="XFSB" isPop="true" popType="video" width="80" height="80"/>
    <JSBJ x="401" isToolTip="true" y="227" scaleY="0.3" scaleX="0.3" deviceName="12.59a3be.59a3be FDCI221-CN" deviceID="27710" mark="XFSB" isPop="true" popType="video" width="80" height="80"/>
    <YCQ x="433" isToolTip="true" y="298" scaleY="0.3" scaleX="0.3" deviceName="12.530caf.530caf OP720-CN" deviceID="27701" mark="XFSB" isPop="true" popType="video" width="80" height="80"/>
    <YCQ x="447" isToolTip="true" y="327" scaleY="0.3" scaleX="0.3" deviceName="12.5fa6a1.5fa6a1 OP720-CN" deviceID="27699" mark="XFSB" isPop="true" popType="video" width="80" height="80"/>
    <HANDBTN x="465" isToolTip="true" y="329" scaleY="0.3" scaleX="0.3" deviceName="12.4faa4a.4faa4a FDM228/230-CN" deviceID="27721" mark="XFSB" isPop="true" popType="video" width="80" height="80"/>
    <YCQ x="474" isToolTip="true" y="309" scaleY="0.3" scaleX="0.3" deviceName="12.52f0e3.52f0e3 OP720-CN" deviceID="27715" mark="XFSB" isPop="true" popType="video" width="80" height="80"/>
    <JSBJ x="505" isToolTip="true" y="275" scaleY="0.3" scaleX="0.3" deviceName="13.5979e4.负二3分区信号阀上" deviceID="27755" mark="XFSB" isPop="true" popType="video" width="80" height="80"/>
    <YCQ x="528" isToolTip="true" y="244" scaleY="0.3" scaleX="0.3" deviceName="12.52cef7.52cef7 OP720-CN" deviceID="27712" mark="XFSB" isPop="true" popType="video" width="80" height="80"/>
    <YCQ x="504" isToolTip="true" y="243" scaleY="0.3" scaleX="0.3" deviceName="12.530d10.530d10 OP720-CN" deviceID="27708" mark="XFSB" isPop="true" popType="video" width="80" height="80"/>
    <JSBJ x="488" isToolTip="true" y="260" scaleY="0.3" scaleX="0.3" deviceName="13.59a384.负二17/8信号阀下" deviceID="27762" mark="XFSB" isPop="true" popType="video" width="80" height="80"/>
    <JSBJ x="486" isToolTip="true" y="279" scaleY="0.3" scaleX="0.3" deviceName="13.597996.负二4/5/11/12/15信号阀上" deviceID="27760" mark="XFSB" isPop="true" popType="video" width="80" height="80"/>
    <JSBJ x="488" isToolTip="true" y="297" scaleY="0.3" scaleX="0.3" deviceName="13.598dd4.负二4/5/11/12/15压力开关" deviceID="27759" mark="XFSB" isPop="true" popType="video" width="80" height="80"/>
    <JSBJ x="467" isToolTip="true" y="260" scaleY="0.3" scaleX="0.3" deviceName="13.59a3b8.负二17/8信号阀上" deviceID="27764" mark="XFSB" isPop="true" popType="video" width="80" height="80"/>
    <JSBJ x="466" isToolTip="true" y="280" scaleY="0.3" scaleX="0.3" deviceName="13.598dee.负二4/5/11/12/15信号阀下" deviceID="27761" mark="XFSB" isPop="true" popType="video" width="80" height="80"/>
    <YCQ x="467" isToolTip="true" y="243" scaleY="0.3" scaleX="0.3" deviceName="12.4da33a.4da33a OP720-CN" deviceID="27707" mark="XFSB" isPop="true" popType="video" width="80" height="80"/>
    <JSBJ x="445" isToolTip="true" y="261" scaleY="0.3" scaleX="0.3" deviceName="13.597a4f.窗喷1-3F/sm-4信号阀上" deviceID="27743" mark="XFSB" isPop="true" popType="video" width="80" height="80"/>
    <JSBJ x="447" isToolTip="true" y="281" scaleY="0.3" scaleX="0.3" deviceName="13.59a3c8.窗喷1-3F/sm-4压力开关" deviceID="27744" mark="XFSB" isPop="true" popType="video" width="80" height="80"/>
    <YCQ x="433" isToolTip="true" y="247" scaleY="0.3" scaleX="0.3" deviceName="12.530d11.530d11 OP720-CN" deviceID="27706" mark="XFSB" isPop="true" popType="video" width="80" height="80"/>
    <YCQ x="412" isToolTip="true" y="248" scaleY="0.3" scaleX="0.3" deviceName="12.52f0e5.52f0e5 OP720-CN" deviceID="27705" mark="XFSB" isPop="true" popType="video" width="80" height="80"/>
    <YCQ x="389" isToolTip="true" y="249" scaleY="0.3" scaleX="0.3" deviceName="12.52f0e1.52f0e1 OP720-CN" deviceID="27703" mark="XFSB" isPop="true" popType="video" width="80" height="80"/>
    <YCQ x="368" isToolTip="true" y="247" scaleY="0.3" scaleX="0.3" deviceName="12.52f158.52f158 OP720-CN" deviceID="27704" mark="XFSB" isPop="true" popType="video" width="80" height="80"/>
    <YCQ x="1149" isToolTip="true" y="441" scaleY="0.3" scaleX="0.3" deviceName="13.68517d.负二11区写字楼泵房烟感6" deviceID="25272" mark="YCQ" isPop="true" popType="video" width="80" height="80"/>
    <JSBJ x="1122" isToolTip="true" y="463" scaleY="0.3" scaleX="0.3" deviceName="13.6a015f.B2层窗喷泵" deviceID="28596" mark="XFSB" isPop="true" popType="video" width="80" height="80"/>
    <JSBJ x="1123" isToolTip="true" y="442" scaleY="0.3" scaleX="0.3" deviceName="13.6a0161.B2层喷淋泵" deviceID="28595" mark="XFSB" isPop="true" popType="video" width="80" height="80"/>
    <JSBJ x="1120" isToolTip="true" y="420" scaleY="0.3" scaleX="0.3" deviceName="13.6a019f.B2层消火栓泵" deviceID="28594" mark="XFSB" isPop="true" popType="video" width="80" height="80"/>
    <JSBJ x="1147" isToolTip="true" y="462" scaleY="0.3" scaleX="0.3" deviceName="13.6a01a1.水炮运行" deviceID="28605" mark="XFSB" isPop="true" popType="video" width="80" height="80"/>
    <JSBJ x="527" isToolTip="true" y="529" scaleY="0.3" scaleX="0.3" deviceName="AAA_B2层百货生活泵房消火栓" deviceID="27694" mark="XFSB" isPop="true" popType="video" width="80" height="80"/>
    <JSBJ x="421" isToolTip="true" y="323" scaleY="0.3" scaleX="0.3" deviceName="AAA_B2层B塔楼梯前室正压风口" deviceID="27740" mark="XFSB" isPop="true" popType="video" width="80" height="80"/>
    <YCQ x="791" isToolTip="true" y="399" scaleY="0.3" scaleX="0.3" deviceName="AAA_B2层写字楼生活泵房烟感14" deviceID="300350" mark="YCQ" isPop="true" popType="video" width="80" height="80"/>
    <JSBJ x="677" isToolTip="true" y="392" scaleY="0.3" scaleX="0.3" deviceName="AAA_负二8区防火阀2" deviceID="27810" mark="XFSB" isPop="true" popType="video" width="80" height="80"/>
    <JSBJ x="899" isToolTip="true" y="467" scaleY="0.3" scaleX="0.3" deviceName="AAA_负二11区声光1" deviceID="28920" mark="XFSB" isPop="true" popType="video" width="80" height="80"/>
    <JSBJ x="729" isToolTip="true" y="390" scaleY="0.3" scaleX="0.3" deviceName="AAA_KTV北侧公共排烟SEF-8" deviceID="24171" mark="XFSB" isPop="true" popType="video" width="80" height="80"/>
    <JSBJ x="298" isToolTip="true" y="639" scaleY="0.3" scaleX="0.3" deviceName="AAA_KTV南侧公共排烟SEF-9" deviceID="24165" mark="XFSB" isPop="true" popType="video" width="80" height="80"/>
    <JSBJ x="563" isToolTip="true" y="492" scaleY="0.3" scaleX="0.3" deviceName="AAA_LT10楼梯1-3层1号加压" deviceID="24147" mark="XFSB" isPop="true" popType="video" width="80" height="80"/>
    <JSBJ x="646" isToolTip="true" y="526" scaleY="0.3" scaleX="0.3" deviceName="AAA_LT10楼梯B1层2号加压" deviceID="24145" mark="XFSB" isPop="true" popType="video" width="80" height="80"/>
    <JSBJ x="565" isToolTip="true" y="469" scaleY="0.3" scaleX="0.3" deviceName="AAA_LT11楼梯1-4层加压2号" deviceID="24238" mark="XFSB" isPop="true" popType="video" width="80" height="80"/>
    <JSBJ x="633" isToolTip="true" y="498" scaleY="0.3" scaleX="0.3" deviceName="AAA_LT11楼梯1-4层加压1号" deviceID="24241" mark="XFSB" isPop="true" popType="video" width="80" height="80"/>
    <JSBJ x="579" isToolTip="true" y="515" scaleY="0.3" scaleX="0.3" deviceName="AAA_LT11楼梯B1-B2加压3号" deviceID="24148" mark="XFSB" isPop="true" popType="video" width="80" height="80"/>
    <JSBJ x="624" isToolTip="true" y="522" scaleY="0.3" scaleX="0.3" deviceName="AAA_LT12楼梯1-5F加压12-1" deviceID="24170" mark="XFSB" isPop="true" popType="video" width="80" height="80"/>
    <JSBJ x="610" isToolTip="true" y="498" scaleY="0.3" scaleX="0.3" deviceName="AAA_LT12楼梯1-5F加压12-2" deviceID="24173" mark="XFSB" isPop="true" popType="video" width="80" height="80"/>
    <JSBJ x="582" isToolTip="true" y="484" scaleY="0.3" scaleX="0.3" deviceName="AAA_LT12楼梯B1-B2加压3号" deviceID="24177" mark="XFSB" isPop="true" popType="video" width="80" height="80"/>
    <JSBJ x="1096" isToolTip="true" y="461" scaleY="0.3" scaleX="0.3" deviceName="B2层消火栓泵模块" deviceID="600016" mark="XFSB" isPop="true" popType="video" width="80" height="80"/>
  </Components>
</Configration>