<?xml version="1.0" encoding="utf-8"?>
<Configration Width="1435" Height="715">
  <LIST>
    <Component>
      <FPG/>
    </Component>
    <Image>
      <F4NODE source="mapAssets/mapImages/F4Node.png" group="map"/>
    </Image>
  </LIST>
  <Components>
    <F4NODE x="0" y="0" height="714" source="mapAssets/mapImages/F4Node.png" width="1434" group="map"/>
    <FPG deviceID="170048" source="assets/comp/FPG/bg.png" deviceName="4层1_1组风机盘管" scaleX="0.2" y="480" x="175" width="297" scaleY="0.3" group="deviceComp" height="180" mark="FPG"/>
    <TEXT width="104" y="461" text="4层1_1组风机盘管" borderColor="0xffffff" source="assets/comp/TEXTINPUT/label.png" fontSize="12" fontWeight="normal" widthInChars="4" contentBackgroundAlpha="0" height="17" borderVisible="false" color="255" param="" fontFamily="微软雅黑" x="153" textAlign="center" group="commonComp" deviceID="" sizeAuto="true"/>
    <FPG deviceID="170049" source="assets/comp/FPG/bg.png" deviceName="4层1_2组风机盘管" scaleX="0.2" y="377.95" x="228" width="297" scaleY="0.3" group="deviceComp" height="180" mark="FPG"/>
    <TEXT width="104" y="359" text="4层1_2组风机盘管" borderColor="0xffffff" source="assets/comp/TEXTINPUT/label.png" fontSize="12" fontWeight="normal" widthInChars="4" contentBackgroundAlpha="0" height="17" borderVisible="false" color="255" param="" fontFamily="微软雅黑" x="206" textAlign="center" group="commonComp" deviceID="" sizeAuto="true"/>
    <FPG deviceID="170050" source="assets/comp/FPG/bg.png" deviceName="4层2_1组风机盘管" scaleX="0.2" y="242.95" x="208.00000000000006" width="297" scaleY="0.3" group="deviceComp" height="180" mark="FPG"/>
    <FPG deviceID="170051" source="assets/comp/FPG/bg.png" deviceName="4层2_2组风机盘管" scaleX="0.2" y="282.55" x="325.5" width="297" scaleY="0.3" group="deviceComp" height="180" mark="FPG"/>
    <FPG deviceID="170052" source="assets/comp/FPG/bg.png" deviceName="4层3_1组风机盘管" scaleX="0.2" y="328.85" x="439" width="297" scaleY="0.3" group="deviceComp" height="180" mark="FPG"/>
    <TEXT width="104" y="226.85" text="4层2_1组风机盘管" borderColor="0xffffff" source="assets/comp/TEXTINPUT/label.png" fontSize="12" fontWeight="normal" widthInChars="4" contentBackgroundAlpha="0" height="17" borderVisible="false" color="255" param="" fontFamily="微软雅黑" x="184.00000000000006" textAlign="center" group="commonComp" deviceID="" sizeAuto="true"/>
    <TEXT width="104" y="267" text="4层2_2组风机盘管" borderColor="0xffffff" source="assets/comp/TEXTINPUT/label.png" fontSize="12" fontWeight="normal" widthInChars="4" contentBackgroundAlpha="0" height="17" borderVisible="false" color="255" param="" fontFamily="微软雅黑" x="307" textAlign="center" group="commonComp" deviceID="" sizeAuto="true"/>
    <TEXT width="104" y="313" text="4层3_1组风机盘管" borderColor="0xffffff" source="assets/comp/TEXTINPUT/label.png" fontSize="12" fontWeight="normal" widthInChars="4" contentBackgroundAlpha="0" height="17" borderVisible="false" color="255" param="" fontFamily="微软雅黑" x="416" textAlign="center" group="commonComp" deviceID="" sizeAuto="true"/>
    <FPG deviceID="170053" source="assets/comp/FPG/bg.png" deviceName="4层3_2组风机盘管" scaleX="0.2" y="408.85" x="431" width="297" scaleY="0.3" group="deviceComp" height="180" mark="FPG"/>
    <TEXT width="104" y="392" text="4层3_2组风机盘管" borderColor="0xffffff" source="assets/comp/TEXTINPUT/label.png" fontSize="12" fontWeight="normal" widthInChars="4" contentBackgroundAlpha="0" height="17" borderVisible="false" color="255" param="" fontFamily="微软雅黑" x="407" textAlign="center" group="commonComp" deviceID="" sizeAuto="true"/>
    <FPG deviceID="170054" source="assets/comp/FPG/bg.png" deviceName="4层5_1组风机盘管" scaleX="0.2" y="409" x="534.95" width="297" scaleY="0.3" group="deviceComp" height="180" mark="FPG"/>
    <FPG deviceID="170055" source="assets/comp/FPG/bg.png" deviceName="4层5_2组风机盘管" scaleX="0.2" y="371" x="612" width="297" scaleY="0.3" group="deviceComp" height="180" mark="FPG"/>
    <TEXT width="104" y="395" text="4层5_1组风机盘管" borderColor="0xffffff" source="assets/comp/TEXTINPUT/label.png" fontSize="12" fontWeight="normal" widthInChars="4" contentBackgroundAlpha="0" height="17" borderVisible="false" color="255" param="" fontFamily="微软雅黑" x="513.9500000000002" textAlign="center" group="commonComp" deviceID="" sizeAuto="true"/>
    <TEXT width="104" y="356" text="4层5_2组风机盘管" borderColor="0xffffff" source="assets/comp/TEXTINPUT/label.png" fontSize="12" fontWeight="normal" widthInChars="4" contentBackgroundAlpha="0" height="17" borderVisible="false" color="255" param="" fontFamily="微软雅黑" x="577.9500000000002" textAlign="center" group="commonComp" deviceID="" sizeAuto="true"/>
    <FPG deviceID="170056" source="assets/comp/FPG/bg.png" deviceName="4层6_1组风机盘管" scaleX="0.2" y="414" x="671" width="297" scaleY="0.3" group="deviceComp" height="180" mark="FPG"/>
    <FPG deviceID="170057" source="assets/comp/FPG/bg.png" deviceName="4层6_2组风机盘管" scaleX="0.2" y="413" x="746" width="297" scaleY="0.3" group="deviceComp" height="180" mark="FPG"/>
    <TEXT width="104" y="441" text="4层6_1组风机盘管" borderColor="0xffffff" source="assets/comp/TEXTINPUT/label.png" fontSize="12" fontWeight="normal" widthInChars="4" contentBackgroundAlpha="0" height="17" borderVisible="false" color="255" param="" fontFamily="微软雅黑" x="645" textAlign="center" group="commonComp" deviceID="" sizeAuto="true"/>
    <TEXT width="104" y="397" text="4层6_2组风机盘管" borderColor="0xffffff" source="assets/comp/TEXTINPUT/label.png" fontSize="12" fontWeight="normal" widthInChars="4" contentBackgroundAlpha="0" height="17" borderVisible="false" color="255" param="" fontFamily="微软雅黑" x="727" textAlign="center" group="commonComp" deviceID="" sizeAuto="true"/>
    <FPG deviceID="170058" source="assets/comp/FPG/bg.png" deviceName="4层7_1组风机盘管" scaleX="0.2" y="333" x="787" width="297" scaleY="0.3" group="deviceComp" height="180" mark="FPG"/>
    <FPG deviceID="170059" source="assets/comp/FPG/bg.png" deviceName="4层7_2组风机盘管" scaleX="0.2" y="394.00000000000006" x="839.9" width="297" scaleY="0.3" group="deviceComp" height="180" mark="FPG"/>
    <TEXT width="104" y="315.00000000000006" text="4层7_1组风机盘管" borderColor="0xffffff" source="assets/comp/TEXTINPUT/label.png" fontSize="12" fontWeight="normal" widthInChars="4" contentBackgroundAlpha="0" height="17" borderVisible="false" color="255" param="" fontFamily="微软雅黑" x="756" textAlign="center" group="commonComp" deviceID="" sizeAuto="true"/>
    <TEXT width="104" y="378" text="4层7_2组风机盘管" borderColor="0xffffff" source="assets/comp/TEXTINPUT/label.png" fontSize="12" fontWeight="normal" widthInChars="4" contentBackgroundAlpha="0" height="17" borderVisible="false" color="255" param="" fontFamily="微软雅黑" x="806.9" textAlign="center" group="commonComp" deviceID="" sizeAuto="true"/>
    <FPG deviceID="170060" source="assets/comp/FPG/bg.png" deviceName="4层8_1组风机盘管" scaleX="0.2" y="294" x="886.0000000000001" width="297" scaleY="0.3" group="deviceComp" height="180" mark="FPG"/>
    <FPG deviceID="170061" source="assets/comp/FPG/bg.png" deviceName="4层8_2组风机盘管" scaleX="0.2" y="361.95" x="909.0000000000001" width="297" scaleY="0.3" group="deviceComp" height="180" mark="FPG"/>
    <TEXT width="104" y="277" text="4层8_1组风机盘管" borderColor="0xffffff" source="assets/comp/TEXTINPUT/label.png" fontSize="12" fontWeight="normal" widthInChars="4" contentBackgroundAlpha="0" height="17" borderVisible="false" color="255" param="" fontFamily="微软雅黑" x="860" textAlign="center" group="commonComp" deviceID="" sizeAuto="true"/>
    <TEXT width="104" y="346" text="4层8_2组风机盘管" borderColor="0xffffff" source="assets/comp/TEXTINPUT/label.png" fontSize="12" fontWeight="normal" widthInChars="4" contentBackgroundAlpha="0" height="17" borderVisible="false" color="255" param="" fontFamily="微软雅黑" x="878.9500000000002" textAlign="center" group="commonComp" deviceID="" sizeAuto="true"/>
    <FPG deviceID="170062" source="assets/comp/FPG/bg.png" deviceName="4层8_3组风机盘管" scaleX="0.2" y="345" x="990" width="297" scaleY="0.3" group="deviceComp" height="180" mark="FPG"/>
    <FPG deviceID="170063" source="assets/comp/FPG/bg.png" deviceName="4层8_4组风机盘管" scaleX="0.2" y="294" x="981.0000000000001" width="297" scaleY="0.3" group="deviceComp" height="180" mark="FPG"/>
    <TEXT width="104" y="327" text="4层8_3组风机盘管" borderColor="0xffffff" source="assets/comp/TEXTINPUT/label.png" fontSize="12" fontWeight="normal" widthInChars="4" contentBackgroundAlpha="0" height="17" borderVisible="false" color="255" param="" fontFamily="微软雅黑" x="968" textAlign="center" group="commonComp" deviceID="" sizeAuto="true"/>
    <TEXT width="104" y="277.00000000000006" text="4层8_4组风机盘管" borderColor="0xffffff" source="assets/comp/TEXTINPUT/label.png" fontSize="12" fontWeight="normal" widthInChars="4" contentBackgroundAlpha="0" height="17" borderVisible="false" color="255" param="" fontFamily="微软雅黑" x="957.0000000000001" textAlign="center" group="commonComp" deviceID="" sizeAuto="true"/>
    <FPG deviceID="170064" source="assets/comp/FPG/bg.png" deviceName="4层9_1组风机盘管" scaleX="0.2" y="312" x="1074" width="297" scaleY="0.3" group="deviceComp" height="180" mark="FPG"/>
    <FPG deviceID="170065" source="assets/comp/FPG/bg.png" deviceName="4层9_2组风机盘管" scaleX="0.2" y="260" x="1073" width="297" scaleY="0.3" group="deviceComp" height="180" mark="FPG"/>
    <TEXT width="104" y="294" text="4层9_1组风机盘管" borderColor="0xffffff" source="assets/comp/TEXTINPUT/label.png" fontSize="12" fontWeight="normal" widthInChars="4" contentBackgroundAlpha="0" height="17" borderVisible="false" color="255" param="" fontFamily="微软雅黑" x="1049" textAlign="center" group="commonComp" deviceID="" sizeAuto="true"/>
    <TEXT width="104" y="243.7" text="4层9_2组风机盘管" borderColor="0xffffff" source="assets/comp/TEXTINPUT/label.png" fontSize="12" fontWeight="normal" widthInChars="4" contentBackgroundAlpha="0" height="17" borderVisible="false" color="255" param="" fontFamily="微软雅黑" x="1047.15" textAlign="center" group="commonComp" deviceID="" sizeAuto="true"/>
    <FPG deviceID="170066" source="assets/comp/FPG/bg.png" deviceName="4层9_3组风机盘管" scaleX="0.2" y="290" x="1158" width="297" scaleY="0.3" group="deviceComp" height="180" mark="FPG"/>
    <FPG deviceID="170067" source="assets/comp/FPG/bg.png" deviceName="4层9_4组风机盘管" scaleX="0.2" y="242.95000000000002" x="1210" width="297" scaleY="0.3" group="deviceComp" height="180" mark="FPG"/>
    <TEXT width="104" y="272.6" text="4层9_3组风机盘管" borderColor="0xffffff" source="assets/comp/TEXTINPUT/label.png" fontSize="12" fontWeight="normal" widthInChars="4" contentBackgroundAlpha="0" height="17" borderVisible="false" color="255" param="" fontFamily="微软雅黑" x="1135.45" textAlign="center" group="commonComp" deviceID="" sizeAuto="true"/>
    <TEXT width="104" y="226.95000000000002" text="4层9_4组风机盘管" borderColor="0xffffff" source="assets/comp/TEXTINPUT/label.png" fontSize="12" fontWeight="normal" widthInChars="4" contentBackgroundAlpha="0" height="17" borderVisible="false" color="255" param="" fontFamily="微软雅黑" x="1184" textAlign="center" group="commonComp" deviceID="" sizeAuto="true"/>
  </Components>
</Configration>