<?xml version="1.0" encoding="utf-8"?><Configration Width="1366" Height="768">
  <LIST>
    <Component>
      <ADE/>
      <HLIGHT/>
      <BLIGHT/>
      <G1G2/>
      <BURGLAR/>
      <HANDBTN/>
      <TEMPCQ/>
      <WETCQ/>
      <LUXCQ/>
      <TRUMPET/>
      <VIDEO/>
      <YCQ/>
      <PERSON/>
      <LOGOUT/>
      <EAF/>
      <HANDAUTO/>
    </Component>
    <Image>
      <FOCUS source="assets/comp/focus.png"/>
      <JXK source="assets/comp/jxk.png"/>
      <JXK2 source="assets/comp/jxk2.png"/>
      <DFG source="assets/comp/dfg.png"/>
      <GSG source="assets/comp/gsg.png"/>
      <GLW source="assets/comp/glw.png"/>
      <DDFFG source="assets/comp/ddf_fg.png"/>
      <JT source="assets/comp/jt.png"/>
    </Image>
  </LIST>
  <Components>
    <FOCUS scale="1" rotation="0" resource="Configration.ApplicationSkin2._ApplicationSkin_Group1.contentGroup.HGroup5.VGroup9._Configration_Scroller1.ScrollerSkin193.Group42.initGroup.Image866" x="0" y="0"/>
    <JXK scale="0.8" rotation="0" resource="Configration.ApplicationSkin2._ApplicationSkin_Group1.contentGroup.HGroup5.VGroup9._Configration_Scroller1.ScrollerSkin193.Group42.initGroup.Image868" x="27" y="569"/>
    <JXK2 scale="1.1" rotation="0" resource="Configration.ApplicationSkin2._ApplicationSkin_Group1.contentGroup.HGroup5.VGroup9._Configration_Scroller1.ScrollerSkin193.Group42.initGroup.Image870" x="543" y="293"/>
    <JXK2 scale="1.1" rotation="0" resource="Configration.ApplicationSkin2._ApplicationSkin_Group1.contentGroup.HGroup5.VGroup9._Configration_Scroller1.ScrollerSkin193.Group42.initGroup.Image872" x="543" y="16"/>
    <JXK2 scale="1.1" rotation="0" resource="Configration.ApplicationSkin2._ApplicationSkin_Group1.contentGroup.HGroup5.VGroup9._Configration_Scroller1.ScrollerSkin193.Group42.initGroup.Image874" x="549" y="569"/>
    <JXK2 scale="1.1" rotation="0" resource="Configration.ApplicationSkin2._ApplicationSkin_Group1.contentGroup.HGroup5.VGroup9._Configration_Scroller1.ScrollerSkin193.Group42.initGroup.Image876" x="993" y="293"/>
    <JXK2 scale="1.1" rotation="0" resource="Configration.ApplicationSkin2._ApplicationSkin_Group1.contentGroup.HGroup5.VGroup9._Configration_Scroller1.ScrollerSkin193.Group42.initGroup.Image878" x="993" y="569"/>
    <JXK2 scale="1.1" rotation="0" resource="Configration.ApplicationSkin2._ApplicationSkin_Group1.contentGroup.HGroup5.VGroup9._Configration_Scroller1.ScrollerSkin193.Group42.initGroup.Image880" x="993" y="16"/>
    <ADE popType="list" deviceID="6818" scale="1" rotation="145" isPop="true" resource="Configration.ApplicationSkin2._ApplicationSkin_Group1.contentGroup.HGroup5.VGroup9._Configration_Scroller1.ScrollerSkin193.Group42.initGroup.Image882" x="782" y="127"/>
    <ADE popType="list" deviceID="6824" scale="1" rotation="30" isPop="true" resource="Configration.ApplicationSkin2._ApplicationSkin_Group1.contentGroup.HGroup5.VGroup9._Configration_Scroller1.ScrollerSkin193.Group42.initGroup.Image884" x="1081" y="72"/>
    <ADE popType="list" deviceID="6824" scale="1" rotation="30" isPop="true" resource="Configration.ApplicationSkin2._ApplicationSkin_Group1.contentGroup.HGroup5.VGroup9._Configration_Scroller1.ScrollerSkin193.Group42.initGroup.Image886" x="703" y="684"/>
    <HLIGHT popType="list" deviceID="6842" scale="1" rotation="-90" isPop="true" resource="Configration.ApplicationSkin2._ApplicationSkin_Group1.contentGroup.HGroup5.VGroup9._Configration_Scroller1.ScrollerSkin193.Group42.initGroup.Image888" x="810" y="782"/>
    <ADE popType="list" deviceID="6824" scale="1" rotation="125" isPop="true" resource="Configration.ApplicationSkin2._ApplicationSkin_Group1.contentGroup.HGroup5.VGroup9._Configration_Scroller1.ScrollerSkin193.Group42.initGroup.Image890" x="1278" y="578"/>
    <ADE popType="list" deviceID="6824" scale="1" rotation="115" isPop="true" resource="Configration.ApplicationSkin2._ApplicationSkin_Group1.contentGroup.HGroup5.VGroup9._Configration_Scroller1.ScrollerSkin193.Group42.initGroup.Image892" x="650" y="221"/>
    <ADE popType="list" deviceID="6818" scale="1" rotation="150" isPop="true" resource="Configration.ApplicationSkin2._ApplicationSkin_Group1.contentGroup.HGroup5.VGroup9._Configration_Scroller1.ScrollerSkin193.Group42.initGroup.Image894" x="1155" y="736"/>
    <HLIGHT popType="list" deviceID="6842" scale="1" rotation="180" isPop="true" resource="Configration.ApplicationSkin2._ApplicationSkin_Group1.contentGroup.HGroup5.VGroup9._Configration_Scroller1.ScrollerSkin193.Group42.initGroup.Image896" x="1271" y="539"/>
    <BLIGHT popType="list" deviceID="6805" scale="1" rotation="-30" isPop="true" resource="Configration.ApplicationSkin2._ApplicationSkin_Group1.contentGroup.HGroup5.VGroup9._Configration_Scroller1.ScrollerSkin193.Group42.initGroup.Image898" x="472" y="654"/>
    <G1G2 popType="list" deviceID="6830" scale="1" rotation="160" isPop="true" resource="Configration.ApplicationSkin2._ApplicationSkin_Group1.contentGroup.HGroup5.VGroup9._Configration_Scroller1.ScrollerSkin193.Group42.initGroup.Image900" x="849" y="104"/>
    <G1G2 popType="list" deviceID="6830" scale="1" rotation="45" isPop="true" resource="Configration.ApplicationSkin2._ApplicationSkin_Group1.contentGroup.HGroup5.VGroup9._Configration_Scroller1.ScrollerSkin193.Group42.initGroup.Image902" x="1174" y="144"/>
    <G1G2 popType="list" deviceID="6830" scale="1" rotation="75" isPop="true" resource="Configration.ApplicationSkin2._ApplicationSkin_Group1.contentGroup.HGroup5.VGroup9._Configration_Scroller1.ScrollerSkin193.Group42.initGroup.Image904" x="1280" y="301"/>
    <G1G2 popType="list" deviceID="6830" scale="1" rotation="130" isPop="true" resource="Configration.ApplicationSkin2._ApplicationSkin_Group1.contentGroup.HGroup5.VGroup9._Configration_Scroller1.ScrollerSkin193.Group42.initGroup.Image906" x="688" y="177"/>
    <ADE popType="list" deviceID="6800" scale="1" rotation="93" isPop="true" resource="Configration.ApplicationSkin2._ApplicationSkin_Group1.contentGroup.HGroup5.VGroup9._Configration_Scroller1.ScrollerSkin193.Group42.initGroup.Image908" x="592" y="379"/>
    <ADE popType="list" deviceID="6800" scale="1" rotation="90" isPop="true" resource="Configration.ApplicationSkin2._ApplicationSkin_Group1.contentGroup.HGroup5.VGroup9._Configration_Scroller1.ScrollerSkin193.Group42.initGroup.Image910" x="1305" y="389"/>
    <G1G2 popType="list" deviceID="6830" scale="1" rotation="-45" isPop="true" resource="Configration.ApplicationSkin2._ApplicationSkin_Group1.contentGroup.HGroup5.VGroup9._Configration_Scroller1.ScrollerSkin193.Group42.initGroup.Image912" x="1136" y="680"/>
    <G1G2 popType="list" deviceID="6830" scale="1" rotation="75" isPop="true" resource="Configration.ApplicationSkin2._ApplicationSkin_Group1.contentGroup.HGroup5.VGroup9._Configration_Scroller1.ScrollerSkin193.Group42.initGroup.Image914" x="588" y="478"/>
    <G1G2 popType="list" deviceID="6830" scale="1" rotation="45" isPop="true" resource="Configration.ApplicationSkin2._ApplicationSkin_Group1.contentGroup.HGroup5.VGroup9._Configration_Scroller1.ScrollerSkin193.Group42.initGroup.Image916" x="654" y="634"/>
    <G1G2 popType="list" deviceID="6830" scale="1" rotation="-15" isPop="true" resource="Configration.ApplicationSkin2._ApplicationSkin_Group1.contentGroup.HGroup5.VGroup9._Configration_Scroller1.ScrollerSkin193.Group42.initGroup.Image918" x="987" y="760"/>
    <HLIGHT popType="list" deviceID="6842" scale="1" rotation="90" isPop="true" resource="Configration.ApplicationSkin2._ApplicationSkin_Group1.contentGroup.HGroup5.VGroup9._Configration_Scroller1.ScrollerSkin193.Group42.initGroup.Image920" x="1025" y="67"/>
    <HLIGHT popType="list" deviceID="6842" scale="1" rotation="0" isPop="true" resource="Configration.ApplicationSkin2._ApplicationSkin_Group1.contentGroup.HGroup5.VGroup9._Configration_Scroller1.ScrollerSkin193.Group42.initGroup.Image922" x="563" y="320"/>
    <ADE popType="list" deviceID="6818" scale="1" rotation="60" isPop="true" resource="Configration.ApplicationSkin2._ApplicationSkin_Group1.contentGroup.HGroup5.VGroup9._Configration_Scroller1.ScrollerSkin193.Group42.initGroup.Image924" x="604" y="541"/>
    <ADE popType="list" deviceID="6818" scale="1" rotation="60" isPop="true" resource="Configration.ApplicationSkin2._ApplicationSkin_Group1.contentGroup.HGroup5.VGroup9._Configration_Scroller1.ScrollerSkin193.Group42.initGroup.Image926" x="1227" y="196"/>
    <ADE popType="list" deviceID="6800" scale="1" rotation="0" isPop="true" resource="Configration.ApplicationSkin2._ApplicationSkin_Group1.contentGroup.HGroup5.VGroup9._Configration_Scroller1.ScrollerSkin193.Group42.initGroup.Image928" x="855" y="43"/>
    <ADE popType="list" deviceID="6800" scale="1" rotation="0" isPop="true" resource="Configration.ApplicationSkin2._ApplicationSkin_Group1.contentGroup.HGroup5.VGroup9._Configration_Scroller1.ScrollerSkin193.Group42.initGroup.Image930" x="850" y="760"/>
    <BURGLAR scale="0.4" deviceID="7197" rotation="0" resource="Configration.ApplicationSkin2._ApplicationSkin_Group1.contentGroup.HGroup5.VGroup9._Configration_Scroller1.ScrollerSkin193.Group42.initGroup.Image932" x="1146" y="703"/>
    <HANDBTN scale="0.4" deviceID="7198" rotation="0" resource="Configration.ApplicationSkin2._ApplicationSkin_Group1.contentGroup.HGroup5.VGroup9._Configration_Scroller1.ScrollerSkin193.Group42.initGroup.Image934" x="1144" y="634"/>
    <TEMPCQ popType="line" deviceID="7453" scale="1" rotation="0" isPop="true" resource="Configration.ApplicationSkin2._ApplicationSkin_Group1.contentGroup.HGroup5.VGroup9._Configration_Scroller1.ScrollerSkin193.Group42.initGroup.Image936" x="1137" y="97"/>
    <WETCQ popType="line" deviceID="7454" scale="1.5" rotation="0" isPop="true" resource="Configration.ApplicationSkin2._ApplicationSkin_Group1.contentGroup.HGroup5.VGroup9._Configration_Scroller1.ScrollerSkin193.Group42.initGroup.Image938" x="1134" y="142"/>
    <LUXCQ popType="line" deviceID="7455" scale="1.5" rotation="0" isPop="true" resource="Configration.ApplicationSkin2._ApplicationSkin_Group1.contentGroup.HGroup5.VGroup9._Configration_Scroller1.ScrollerSkin193.Group42.initGroup.Image940" x="1133" y="193"/>
    <LABEL widthInChars="6" deviceID="7453" textAlign="right" fontWeight="normal" fontSize="12" rotation="0" fontFamily="digifaw" scale="1" text="123456" param="sTemp" resource="Configration.ApplicationSkin2._ApplicationSkin_Group1.contentGroup.HGroup5.VGroup9._Configration_Scroller1.ScrollerSkin193.Group42.initGroup.TextInput942" color="65280" x="1172" y="105"/>
    <LABEL widthInChars="6" deviceID="7454" textAlign="right" fontWeight="normal" fontSize="12" rotation="0" fontFamily="digifaw" scale="1" text="123456" param="eAirWet" resource="Configration.ApplicationSkin2._ApplicationSkin_Group1.contentGroup.HGroup5.VGroup9._Configration_Scroller1.ScrollerSkin193.Group42.initGroup.TextInput945" color="65280" x="1174" y="150"/>
    <LABEL widthInChars="6" deviceID="7455" textAlign="right" fontWeight="normal" fontSize="12" rotation="0" fontFamily="digifaw" scale="1" text="123456" param="zhaodu" resource="Configration.ApplicationSkin2._ApplicationSkin_Group1.contentGroup.HGroup5.VGroup9._Configration_Scroller1.ScrollerSkin193.Group42.initGroup.TextInput948" color="65280" x="1176" y="193"/>
    <TRUMPET scale="1" deviceID="287" rotation="0" resource="Configration.ApplicationSkin2._ApplicationSkin_Group1.contentGroup.HGroup5.VGroup9._Configration_Scroller1.ScrollerSkin193.Group42.initGroup.Image951" x="685" y="375"/>
    <LABEL widthInChars="6" deviceID="287" textAlign="right" fontWeight="normal" fontSize="12" rotation="0" fontFamily="digifaw" scale="1" text="123456" param="volume" resource="Configration.ApplicationSkin2._ApplicationSkin_Group1.contentGroup.HGroup5.VGroup9._Configration_Scroller1.ScrollerSkin193.Group42.initGroup.TextInput953" color="65280" x="676" y="450"/>
    <VIDEO popType="list" deviceID="7264" scale="1.1" rtmpUrl="" dvrUrl="" rotation="0" isPop="true" resource="Configration.ApplicationSkin2._ApplicationSkin_Group1.contentGroup.HGroup5.VGroup9._Configration_Scroller1.ScrollerSkin193.Group42.initGroup.Image956" x="80" y="16"/>
    <LABEL widthInChars="5" deviceID="287" textAlign="right" fontWeight="normal" fontSize="12" rotation="0" fontFamily="digifaw" scale="1" text="123456" param="volume" resource="Configration.ApplicationSkin2._ApplicationSkin_Group1.contentGroup.HGroup5.VGroup9._Configration_Scroller1.ScrollerSkin193.Group42.initGroup.TextInput958" color="65280" x="674" y="153"/>
    <VIDEO popType="list" deviceID="7315" scale="1.1" rtmpUrl="" dvrUrl="" rotation="0" isPop="true" resource="Configration.ApplicationSkin2._ApplicationSkin_Group1.contentGroup.HGroup5.VGroup9._Configration_Scroller1.ScrollerSkin193.Group42.initGroup.Image961" x="80" y="293"/>
    <TEXT widthInChars="3" deviceID="" textAlign="right" fontWeight="bold" fontSize="16" rotation="0" fontFamily="宋体" scale="1" text="客流量" param="" resource="Configration.ApplicationSkin2._ApplicationSkin_Group1.contentGroup.HGroup5.VGroup9._Configration_Scroller1.ScrollerSkin193.Group42.initGroup.TextInput963" color="65280" x="573" y="34"/>
    <TEXT widthInChars="4" deviceID="" textAlign="right" fontWeight="bold" fontSize="16" rotation="0" fontFamily="宋体" scale="1" text="环境状态" param="" resource="Configration.ApplicationSkin2._ApplicationSkin_Group1.contentGroup.HGroup5.VGroup9._Configration_Scroller1.ScrollerSkin193.Group42.initGroup.TextInput966" color="65280" x="1023" y="34"/>
    <TEXT widthInChars="4" deviceID="" textAlign="right" fontWeight="bold" fontSize="16" rotation="0" fontFamily="宋体" scale="1" text="安保状态" param="" resource="Configration.ApplicationSkin2._ApplicationSkin_Group1.contentGroup.HGroup5.VGroup9._Configration_Scroller1.ScrollerSkin193.Group42.initGroup.TextInput969" color="65280" x="1023" y="585"/>
    <TEXT widthInChars="2" deviceID="" textAlign="right" fontWeight="bold" fontSize="16" rotation="0" fontFamily="宋体" scale="1" text="手抱" param="" resource="Configration.ApplicationSkin2._ApplicationSkin_Group1.contentGroup.HGroup5.VGroup9._Configration_Scroller1.ScrollerSkin193.Group42.initGroup.TextInput972" color="65280" x="1194" y="632"/>
    <TEXT widthInChars="5" deviceID="" textAlign="right" fontWeight="bold" fontSize="16" rotation="0" fontFamily="宋体" scale="1" text="防盗探头1" param="" resource="Configration.ApplicationSkin2._ApplicationSkin_Group1.contentGroup.HGroup5.VGroup9._Configration_Scroller1.ScrollerSkin193.Group42.initGroup.TextInput975" color="65280" x="1189" y="668"/>
    <TEXT widthInChars="4" deviceID="" textAlign="right" fontWeight="bold" fontSize="16" rotation="0" fontFamily="宋体" scale="1" text="背景音乐" param="" resource="Configration.ApplicationSkin2._ApplicationSkin_Group1.contentGroup.HGroup5.VGroup9._Configration_Scroller1.ScrollerSkin193.Group42.initGroup.TextInput978" color="65280" x="573" y="312"/>
    <TEXT widthInChars="4" deviceID="" textAlign="right" fontWeight="bold" fontSize="16" rotation="0" fontFamily="宋体" scale="1" text="消防状态" param="" resource="Configration.ApplicationSkin2._ApplicationSkin_Group1.contentGroup.HGroup5.VGroup9._Configration_Scroller1.ScrollerSkin193.Group42.initGroup.TextInput981" color="65280" x="573" y="585"/>
    <YCQ popType="subList" deviceID="665" scale="0.5" rotation="0" isPop="true" resource="Configration.ApplicationSkin2._ApplicationSkin_Group1.contentGroup.HGroup5.VGroup9._Configration_Scroller1.ScrollerSkin193.Group42.initGroup.Image984" x="703" y="697"/>
    <TEXT widthInChars="5" deviceID="" textAlign="right" fontWeight="bold" fontSize="16" rotation="0" fontFamily="宋体" scale="1" text="消防区域10" param="" resource="Configration.ApplicationSkin2._ApplicationSkin_Group1.contentGroup.HGroup5.VGroup9._Configration_Scroller1.ScrollerSkin193.Group42.initGroup.TextInput986" color="65280" x="753" y="628"/>
    <TEXT widthInChars="5" deviceID="" textAlign="right" fontWeight="bold" fontSize="16" rotation="0" fontFamily="宋体" scale="1" text="消防区域11" param="" resource="Configration.ApplicationSkin2._ApplicationSkin_Group1.contentGroup.HGroup5.VGroup9._Configration_Scroller1.ScrollerSkin193.Group42.initGroup.TextInput989" color="65280" x="753" y="666"/>
    <TEXT widthInChars="5" deviceID="" textAlign="right" fontWeight="bold" fontSize="16" rotation="0" fontFamily="宋体" scale="1" text="消防区域17" param="" resource="Configration.ApplicationSkin2._ApplicationSkin_Group1.contentGroup.HGroup5.VGroup9._Configration_Scroller1.ScrollerSkin193.Group42.initGroup.TextInput992" color="65280" x="753" y="705"/>
    <TEXT widthInChars="5" deviceID="" textAlign="right" fontWeight="bold" fontSize="16" rotation="0" fontFamily="宋体" scale="1" text="消防区域18" param="" resource="Configration.ApplicationSkin2._ApplicationSkin_Group1.contentGroup.HGroup5.VGroup9._Configration_Scroller1.ScrollerSkin193.Group42.initGroup.TextInput995" color="65280" x="753" y="742"/>
    <YCQ popType="subList" deviceID="658" scale="0.5" rotation="0" isPop="true" resource="Configration.ApplicationSkin2._ApplicationSkin_Group1.contentGroup.HGroup5.VGroup9._Configration_Scroller1.ScrollerSkin193.Group42.initGroup.Image998" x="702" y="620"/>
    <YCQ popType="subList" deviceID="666" scale="0.5" rotation="0" isPop="true" resource="Configration.ApplicationSkin2._ApplicationSkin_Group1.contentGroup.HGroup5.VGroup9._Configration_Scroller1.ScrollerSkin193.Group42.initGroup.Image1000" x="703" y="736"/>
    <YCQ popType="subList" deviceID="659" scale="0.5" rotation="0" isPop="true" resource="Configration.ApplicationSkin2._ApplicationSkin_Group1.contentGroup.HGroup5.VGroup9._Configration_Scroller1.ScrollerSkin193.Group42.initGroup.Image1002" x="702" y="659"/>
    <TEXT widthInChars="5" deviceID="" textAlign="right" fontWeight="bold" fontSize="16" rotation="0" fontFamily="宋体" scale="1" text="防盗探头2" param="" resource="Configration.ApplicationSkin2._ApplicationSkin_Group1.contentGroup.HGroup5.VGroup9._Configration_Scroller1.ScrollerSkin193.Group42.initGroup.TextInput1004" color="65280" x="1190" y="704"/>
    <BURGLAR scale="0.4" deviceID="7196" rotation="0" resource="Configration.ApplicationSkin2._ApplicationSkin_Group1.contentGroup.HGroup5.VGroup9._Configration_Scroller1.ScrollerSkin193.Group42.initGroup.Image1007" x="1145" y="669"/>
    <TEXT widthInChars="4" deviceID="" textAlign="right" fontWeight="bold" fontSize="16" rotation="0" fontFamily="宋体" scale="1" text="照明状态" param="" resource="Configration.ApplicationSkin2._ApplicationSkin_Group1.contentGroup.HGroup5.VGroup9._Configration_Scroller1.ScrollerSkin193.Group42.initGroup.TextInput1009" color="65280" x="1023" y="310"/>
    <ADE widthInChars="3" popType="list" deviceID="6800" scale="1" rotation="0" isPop="true" resource="Configration.ApplicationSkin2._ApplicationSkin_Group1.contentGroup.HGroup5.VGroup9._Configration_Scroller1.ScrollerSkin193.Group42.initGroup.Image1012" x="1090" y="338"/>
    <TEXT widthInChars="3" deviceID="" textAlign="right" fontWeight="bold" fontSize="16" rotation="0" fontFamily="宋体" scale="1" text="A应急" param="" resource="Configration.ApplicationSkin2._ApplicationSkin_Group1.contentGroup.HGroup5.VGroup9._Configration_Scroller1.ScrollerSkin193.Group42.initGroup.TextInput1014" color="65280" x="1179" y="346"/>
    <TEXT widthInChars="4" deviceID="" textAlign="right" fontWeight="bold" fontSize="16" rotation="0" fontFamily="宋体" scale="1" text="B小走道" param="" resource="Configration.ApplicationSkin2._ApplicationSkin_Group1.contentGroup.HGroup5.VGroup9._Configration_Scroller1.ScrollerSkin193.Group42.initGroup.TextInput1017" color="65280" x="1179" y="374"/>
    <BLIGHT popType="list" deviceID="6805" scale="1" rotation="0" isPop="true" resource="Configration.ApplicationSkin2._ApplicationSkin_Group1.contentGroup.HGroup5.VGroup9._Configration_Scroller1.ScrollerSkin193.Group42.initGroup.Image1020" x="1090" y="367"/>
    <TEXT widthInChars="4" deviceID="" textAlign="right" fontWeight="bold" fontSize="16" rotation="0" fontFamily="宋体" scale="1" text="D走廊50%" param="" resource="Configration.ApplicationSkin2._ApplicationSkin_Group1.contentGroup.HGroup5.VGroup9._Configration_Scroller1.ScrollerSkin193.Group42.initGroup.TextInput1022" color="65280" x="1188" y="404"/>
    <ADE popType="list" deviceID="6818" scale="1" rotation="0" isPop="true" resource="Configration.ApplicationSkin2._ApplicationSkin_Group1.contentGroup.HGroup5.VGroup9._Configration_Scroller1.ScrollerSkin193.Group42.initGroup.Image1025" x="1090" y="398"/>
    <ADE popType="list" deviceID="6824" scale="1" rotation="0" isPop="true" resource="Configration.ApplicationSkin2._ApplicationSkin_Group1.contentGroup.HGroup5.VGroup9._Configration_Scroller1.ScrollerSkin193.Group42.initGroup.Image1027" x="1090" y="426"/>
    <TEXT widthInChars="4" deviceID="" textAlign="right" fontWeight="bold" fontSize="16" rotation="0" fontFamily="宋体" scale="1" text="E走廊50%" param="" resource="Configration.ApplicationSkin2._ApplicationSkin_Group1.contentGroup.HGroup5.VGroup9._Configration_Scroller1.ScrollerSkin193.Group42.initGroup.TextInput1029" color="65280" x="1190" y="438"/>
    <G1G2 popType="list" deviceID="6830" scale="1" rotation="0" isPop="true" resource="Configration.ApplicationSkin2._ApplicationSkin_Group1.contentGroup.HGroup5.VGroup9._Configration_Scroller1.ScrollerSkin193.Group42.initGroup.Image1032" x="1109" y="458"/>
    <HLIGHT popType="list" deviceID="6842" scale="1" rotation="0" isPop="true" resource="Configration.ApplicationSkin2._ApplicationSkin_Group1.contentGroup.HGroup5.VGroup9._Configration_Scroller1.ScrollerSkin193.Group42.initGroup.Image1034" x="1117" y="479"/>
    <TEXT widthInChars="3" deviceID="" textAlign="right" fontWeight="bold" fontSize="16" rotation="0" fontFamily="宋体" scale="1" text="G1 T5" param="" resource="Configration.ApplicationSkin2._ApplicationSkin_Group1.contentGroup.HGroup5.VGroup9._Configration_Scroller1.ScrollerSkin193.Group42.initGroup.TextInput1036" color="65280" x="1182" y="467"/>
    <TEXT widthInChars="3" deviceID="" textAlign="right" fontWeight="bold" fontSize="16" rotation="0" fontFamily="宋体" scale="1" text="H导向" param="" resource="Configration.ApplicationSkin2._ApplicationSkin_Group1.contentGroup.HGroup5.VGroup9._Configration_Scroller1.ScrollerSkin193.Group42.initGroup.TextInput1039" color="65280" x="1184" y="493"/>
    <PERSON scale="1" deviceID="" rotation="0" resource="Configration.ApplicationSkin2._ApplicationSkin_Group1.contentGroup.HGroup5.VGroup9._Configration_Scroller1.ScrollerSkin193.Group42.initGroup.Image1042" x="698" y="90.95"/>
    <LOGOUT popType="btn" deviceID="" scale="1.1" rotation="0" isPop="true" resource="Configration.ApplicationSkin2._ApplicationSkin_Group1.contentGroup.HGroup5.VGroup9._Configration_Scroller1.ScrollerSkin193.Group42.initGroup.Image1044" x="1327" y="16"/>
    <DFG scale="0.5" rotation="0" resource="Configration.ApplicationSkin2._ApplicationSkin_Group1.contentGroup.HGroup5.VGroup9._Configration_Scroller1.ScrollerSkin193.Group42.initGroup.Image1046" x="64" y="628"/>
    <GSG scale="0.45" rotation="0" resource="Configration.ApplicationSkin2._ApplicationSkin_Group1.contentGroup.HGroup5.VGroup9._Configration_Scroller1.ScrollerSkin193.Group42.initGroup.Image1048" x="181" y="640"/>
    <GLW scale="0.45" rotation="0" resource="Configration.ApplicationSkin2._ApplicationSkin_Group1.contentGroup.HGroup5.VGroup9._Configration_Scroller1.ScrollerSkin193.Group42.initGroup.Image1050" x="118" y="644"/>
    <DDFFG scale="0.5" rotation="180" resource="Configration.ApplicationSkin2._ApplicationSkin_Group1.contentGroup.HGroup5.VGroup9._Configration_Scroller1.ScrollerSkin193.Group42.initGroup.Image1052" x="192" y="725"/>
    <EAF popType="list" deviceID="246" scale="0.4" rotation="0" isPop="true" resource="Configration.ApplicationSkin2._ApplicationSkin_Group1.contentGroup.HGroup5.VGroup9._Configration_Scroller1.ScrollerSkin193.Group42.initGroup.Image1054" x="247" y="643"/>
    <HANDAUTO alarm="HANDAUTO" deviceID="246" scale="1" rotation="0" param="handAuto" resource="Configration.ApplicationSkin2._ApplicationSkin_Group1.contentGroup.HGroup5.VGroup9._Configration_Scroller1.ScrollerSkin193.Group42.initGroup.Image1056" x="290" y="670"/>
    <JT scale="1" rotation="0" resource="Configration.ApplicationSkin2._ApplicationSkin_Group1.contentGroup.HGroup5.VGroup9._Configration_Scroller1.ScrollerSkin193.Group42.initGroup.Image1058" x="47" y="658"/>
    <JT scale="1" rotation="0" resource="Configration.ApplicationSkin2._ApplicationSkin_Group1.contentGroup.HGroup5.VGroup9._Configration_Scroller1.ScrollerSkin193.Group42.initGroup.Image1060" x="382" y="660"/>
    <LABEL widthInChars="7" deviceID="246" textAlign="right" fontWeight="normal" fontSize="12" rotation="0" fontFamily="digifaw" scale="1" text="" param="sAirTemp" resource="Configration.ApplicationSkin2._ApplicationSkin_Group1.contentGroup.HGroup5.VGroup9._Configration_Scroller1.ScrollerSkin193.Group42.initGroup.TextInput1062" color="65280" x="268" y="605"/>
    <TEXT widthInChars="4" deviceID="" textAlign="right" fontWeight="normal" fontSize="12" rotation="0" fontFamily="Arial" scale="1" text="送风温度" param="" resource="Configration.ApplicationSkin2._ApplicationSkin_Group1.contentGroup.HGroup5.VGroup9._Configration_Scroller1.ScrollerSkin193.Group42.initGroup.TextInput1065" color="16777215" x="213" y="608"/>
  </Components>
</Configration>