<?xml version="1.0" encoding="utf-8"?>
<Configration Width="1104" Height="621">
  <LIST>
    <Component>
      <HANDAUTO/>
      <FPG/>
      <RUNING/>
      <ALARM/>
    </Component>
    <Image/>
  </LIST>
  <Components>
    <HANDAUTO alarm="HANDAUTO" rotation="0" source="assets/comp/HANDAUTO/handAuto/0/1.png" height="25" paramID="38" scaleY="1" y="135" scaleX="1" x="356" width="58" group="commonComp" deviceID="76" param="handAuto"/>
    <TEXT y="48" textAlign="center" fontSize="20" contentBackgroundColor="0" scaleX="1" rotation="0" scaleY="1" fontFamily="Arial" width="24" height="26" deviceID="76" text="12" borderColor="0x0000ff" source="assets/comp/TEXTINPUT/label.png" fontWeight="normal" widthInChars="20" contentBackgroundAlpha="0" borderVisible="false" color="255" param="deviceName" x="119" group="commonComp" sizeAuto="true"/>
    <FPG x="125" deviceID="76" rotation="0" source="assets/comp/FPG/bg.png" scaleY="2" y="175" scaleX="2" width="297" group="deviceComp" height="180"/>
    <RUNING deviceID="76" source="assets/comp/RUNING/runing/0/1.png" scaleX="1" scaleY="1" x="140" y="135" width="58" group="commonComp" height="25"/>
    <ALARM alarm="ALARM" source="assets/comp/ALARM/alarm/0/1.png" height="25" y="135" x="562" width="58" group="commonComp" deviceID="76" param=""/>
  </Components>
</Configration>