<?xml version="1.0" encoding="utf-8"?>
<Configration Width="1104" Height="621">
  <LIST>
    <Component>
      <LIFTF/>
      <ALARM/>
      <RUNING/>
    </Component>
    <Image/>
  </LIST>
  <Components>
    <LIFTF deviceID="850001" source="assets/comp/LIFTF/bg.png" y="60" x="60" deviceName="地下夹层至一层FT-BM1F-11" width="96" group="deviceComp" height="96" mark="LIFTF"/>
    <ALARM alarm="ALARM" deviceID="850001" source="assets/comp/ALARM/alarm/0/1.png" deviceName="地下夹层至一层FT-BM1F-11" y="165" x="98" width="58" group="commonComp" height="25" param="alarm" paramID="2" mark="LIFTF"/>
    <RUNING deviceID="850001" source="assets/comp/RUNING/runing/0/1.png" y="165" x="40" deviceName="地下夹层至一层FT-BM1F-11" width="58" group="commonComp" height="25" mark="LIFTF"/>
    <TEXT width="160" height="17" text="地下夹层至一层FT-BM1F-11" borderColor="0xffffff" source="assets/comp/TEXTINPUT/label.png" fontSize="12" fontWeight="normal" widthInChars="4" contentBackgroundAlpha="0" y="35" borderVisible="false" color="0x444444" param="" fontFamily="微软雅黑" x="30" textAlign="center" group="commonComp" deviceID="" sizeAuto="true"/>
    <LIFTF deviceID="850002" source="assets/comp/LIFTF/bg.png" y="60" x="230" deviceName="地下夹层至一层FT-BM1F-12" width="96" group="deviceComp" height="96" mark="LIFTF"/>
    <ALARM alarm="ALARM" deviceID="850002" source="assets/comp/ALARM/alarm/0/1.png" deviceName="地下夹层至一层FT-BM1F-12" y="165" x="269" width="58" group="commonComp" height="25" param="alarm" paramID="2" mark="LIFTF"/>
    <RUNING deviceID="850002" source="assets/comp/RUNING/runing/0/1.png" y="165" x="210" deviceName="地下夹层至一层FT-BM1F-12" width="58" group="commonComp" height="25" mark="LIFTF"/>
    <TEXT width="160" height="17" text="地下夹层至一层FT-BM1F-12" borderColor="0xffffff" source="assets/comp/TEXTINPUT/label.png" fontSize="12" fontWeight="normal" widthInChars="4" contentBackgroundAlpha="0" y="35" borderVisible="false" color="0x444444" param="" fontFamily="微软雅黑" x="198" textAlign="center" group="commonComp" deviceID="" sizeAuto="true"/>
    <LIFTF deviceID="850003" source="assets/comp/LIFTF/bg.png" y="60" x="400" deviceName="地下夹层至一层FT-BM1F-31" width="96" group="deviceComp" height="96" mark="LIFTF"/>
    <TEXT width="160" height="17" text="地下夹层至一层FT-BM1F-31" borderColor="0xffffff" source="assets/comp/TEXTINPUT/label.png" fontSize="12" fontWeight="normal" widthInChars="4" contentBackgroundAlpha="0" y="35" borderVisible="false" color="0x444444" param="" fontFamily="微软雅黑" x="374" textAlign="center" group="commonComp" deviceID="" sizeAuto="true"/>
    <RUNING deviceID="850003" source="assets/comp/RUNING/runing/0/1.png" y="165" x="380" deviceName="地下夹层至一层FT-BM1F-31" width="58" group="commonComp" height="25" mark="LIFTF"/>
    <ALARM alarm="ALARM" deviceID="850003" source="assets/comp/ALARM/alarm/0/1.png" deviceName="地下夹层至一层FT-BM1F-31" y="165" x="439" width="58" group="commonComp" height="25" param="alarm" paramID="2" mark="LIFTF"/>
    <LIFTF deviceID="850004" source="assets/comp/LIFTF/bg.png" y="60" x="570" deviceName="地下夹层至一层FT-BM1F-32" width="96" group="deviceComp" height="96" mark="LIFTF"/>
    <TEXT width="160" height="17" text="地下夹层至一层FT-BM1F-32" borderColor="0xffffff" source="assets/comp/TEXTINPUT/label.png" fontSize="12" fontWeight="normal" widthInChars="4" contentBackgroundAlpha="0" y="35" borderVisible="false" color="0x444444" param="" fontFamily="微软雅黑" x="541" textAlign="center" group="commonComp" deviceID="" sizeAuto="true"/>
    <RUNING deviceID="850004" source="assets/comp/RUNING/runing/0/1.png" y="165" x="550" deviceName="地下夹层至一层FT-BM1F-32" width="58" group="commonComp" height="25" mark="LIFTF"/>
    <ALARM alarm="ALARM" deviceID="850004" source="assets/comp/ALARM/alarm/0/1.png" deviceName="地下夹层至一层FT-BM1F-32" y="165" x="610" width="58" group="commonComp" height="25" param="alarm" paramID="2" mark="LIFTF"/>
    <LIFTF deviceID="850005" source="assets/comp/LIFTF/bg.png" y="60" x="740" deviceName="一层至二层FT-1F2F-11" width="96" group="deviceComp" height="96" mark="LIFTF"/>
    <RUNING deviceID="850005" source="assets/comp/RUNING/runing/0/1.png" y="165" x="720" deviceName="一层至二层FT-1F2F-11" width="58" group="commonComp" height="25" mark="LIFTF"/>
    <ALARM alarm="ALARM" deviceID="850005" source="assets/comp/ALARM/alarm/0/1.png" deviceName="一层至二层FT-1F2F-11" y="165" x="780" width="58" group="commonComp" height="25" param="alarm" paramID="2" mark="LIFTF"/>
    <TEXT width="128" height="17" text="一层至二层FT-1F2F-11" borderColor="0xffffff" source="assets/comp/TEXTINPUT/label.png" fontSize="12" fontWeight="normal" widthInChars="4" contentBackgroundAlpha="0" y="35" borderVisible="false" color="0x444444" param="" fontFamily="微软雅黑" x="727" textAlign="center" group="commonComp" deviceID="" sizeAuto="true"/>
    <LIFTF deviceID="850006" source="assets/comp/LIFTF/bg.png" y="60" x="910" deviceName="一层至二层FT-1F2F-12" width="96" group="deviceComp" height="96" mark="LIFTF"/>
    <TEXT width="128" height="17" text="一层至二层FT-1F2F-12" borderColor="0xffffff" source="assets/comp/TEXTINPUT/label.png" fontSize="12" fontWeight="normal" widthInChars="4" contentBackgroundAlpha="0" y="35" borderVisible="false" color="0x444444" param="" fontFamily="微软雅黑" x="898" textAlign="center" group="commonComp" deviceID="" sizeAuto="true"/>
    <RUNING deviceID="850006" source="assets/comp/RUNING/runing/0/1.png" y="165" x="890" deviceName="一层至二层FT-1F2F-12" width="58" group="commonComp" height="25" mark="LIFTF"/>
    <ALARM alarm="ALARM" deviceID="850006" source="assets/comp/ALARM/alarm/0/1.png" deviceName="一层至二层FT-1F2F-12" y="165" x="949" width="58" group="commonComp" height="25" param="alarm" paramID="2" mark="LIFTF"/>
    <LIFTF deviceID="850007" source="assets/comp/LIFTF/bg.png" y="260" x="60" deviceName="一层至二层FT-1F2F-21" width="96" group="deviceComp" height="96" mark="LIFTF"/>
    <TEXT width="128" height="17" text="一层至二层FT-1F2F-21" borderColor="0xffffff" source="assets/comp/TEXTINPUT/label.png" fontSize="12" fontWeight="normal" widthInChars="4" contentBackgroundAlpha="0" y="235" borderVisible="false" color="0x444444" param="" fontFamily="微软雅黑" x="42" textAlign="center" group="commonComp" deviceID="" sizeAuto="true"/>
    <RUNING deviceID="850007" source="assets/comp/RUNING/runing/0/1.png" y="365" x="40" deviceName="一层至二层FT-1F2F-21" width="58" group="commonComp" height="25" mark="LIFTF"/>
    <ALARM alarm="ALARM" deviceID="850007" source="assets/comp/ALARM/alarm/0/1.png" deviceName="一层至二层FT-1F2F-21" y="365" x="99" width="58" group="commonComp" height="25" param="alarm" paramID="2" mark="LIFTF"/>
    <LIFTF deviceID="850008" source="assets/comp/LIFTF/bg.png" y="260" x="230" deviceName="一层至二层FT-1F2F-22" width="96" group="deviceComp" height="96" mark="LIFTF"/>
    <TEXT width="128" height="17" text="一层至二层FT-1F2F-22" borderColor="0xffffff" source="assets/comp/TEXTINPUT/label.png" fontSize="12" fontWeight="normal" widthInChars="4" contentBackgroundAlpha="0" y="235" borderVisible="false" color="0x444444" param="" fontFamily="微软雅黑" x="219" textAlign="center" group="commonComp" deviceID="" sizeAuto="true"/>
    <RUNING deviceID="850008" source="assets/comp/RUNING/runing/0/1.png" y="365" x="210" deviceName="一层至二层FT-1F2F-22" width="58" group="commonComp" height="25" mark="LIFTF"/>
    <ALARM alarm="ALARM" deviceID="850008" source="assets/comp/ALARM/alarm/0/1.png" deviceName="一层至二层FT-1F2F-22" y="365" x="270" width="58" group="commonComp" height="25" param="alarm" paramID="2" mark="LIFTF"/>
    <LIFTF deviceID="850009" source="assets/comp/LIFTF/bg.png" y="260" x="400" deviceName="一层至二层FT-1F2F-31" width="96" group="deviceComp" height="96" mark="LIFTF"/>
    <TEXT width="128" height="17" text="一层至二层FT-1F2F-31" borderColor="0xffffff" source="assets/comp/TEXTINPUT/label.png" fontSize="12" fontWeight="normal" widthInChars="4" contentBackgroundAlpha="0" y="235" borderVisible="false" color="0x444444" param="" fontFamily="微软雅黑" x="390" textAlign="center" group="commonComp" deviceID="" sizeAuto="true"/>
    <RUNING deviceID="850009" source="assets/comp/RUNING/runing/0/1.png" y="365" x="380" deviceName="一层至二层FT-1F2F-31" width="58" group="commonComp" height="25" mark="LIFTF"/>
    <ALARM alarm="ALARM" deviceID="850009" source="assets/comp/ALARM/alarm/0/1.png" deviceName="一层至二层FT-1F2F-31" y="365" x="441" width="58" group="commonComp" height="25" param="alarm" paramID="2" mark="LIFTF"/>
    <LIFTF deviceID="850010" source="assets/comp/LIFTF/bg.png" y="260" x="570" deviceName="一层至二层FT-1F2F-32" width="96" group="deviceComp" height="96" mark="LIFTF"/>
    <TEXT width="128" height="17" text="一层至二层FT-1F2F-32" borderColor="0xffffff" source="assets/comp/TEXTINPUT/label.png" fontSize="12" fontWeight="normal" widthInChars="4" contentBackgroundAlpha="0" y="235" borderVisible="false" color="0x444444" param="" fontFamily="微软雅黑" x="553" textAlign="center" group="commonComp" deviceID="" sizeAuto="true"/>
    <RUNING deviceID="850010" source="assets/comp/RUNING/runing/0/1.png" y="365" x="550" deviceName="一层至二层FT-1F2F-32" width="58" group="commonComp" height="25" mark="LIFTF"/>
    <ALARM alarm="ALARM" deviceID="850010" source="assets/comp/ALARM/alarm/0/1.png" deviceName="一层至二层FT-1F2F-32" y="365" x="609" width="58" group="commonComp" height="25" param="alarm" paramID="2" mark="LIFTF"/>
    <LIFTF deviceID="850011" source="assets/comp/LIFTF/bg.png" y="260" x="740" deviceName="一层至二层FT-1F2F-41" width="96" group="deviceComp" height="96" mark="LIFTF"/>
    <TEXT width="128" height="17" text="一层至二层FT-1F2F-41" borderColor="0xffffff" source="assets/comp/TEXTINPUT/label.png" fontSize="12" fontWeight="normal" widthInChars="4" contentBackgroundAlpha="0" y="235" borderVisible="false" color="0x444444" param="" fontFamily="微软雅黑" x="731" textAlign="center" group="commonComp" deviceID="" sizeAuto="true"/>
    <RUNING deviceID="850011" source="assets/comp/RUNING/runing/0/1.png" y="365" x="720" deviceName="一层至二层FT-1F2F-41" width="58" group="commonComp" height="25" mark="LIFTF"/>
    <ALARM alarm="ALARM" deviceID="850011" source="assets/comp/ALARM/alarm/0/1.png" deviceName="一层至二层FT-1F2F-41" y="365" x="780" width="58" group="commonComp" height="25" param="alarm" paramID="2" mark="LIFTF"/>
    <LIFTF deviceID="850012" source="assets/comp/LIFTF/bg.png" y="260" x="910" deviceName="一层至二层FT-1F2F-42" width="96" group="deviceComp" height="96" mark="LIFTF"/>
    <RUNING deviceID="850013" source="assets/comp/RUNING/runing/0/1.png" y="365" x="890" deviceName="一层至二层FT-1F2F-51" width="58" group="commonComp" height="25" mark="LIFTF"/>
    <ALARM alarm="ALARM" deviceID="850012" source="assets/comp/ALARM/alarm/0/1.png" deviceName="一层至二层FT-1F2F-42" y="365" x="950" width="58" group="commonComp" height="25" param="alarm" paramID="2" mark="LIFTF"/>
    <TEXT width="128" height="17" text="一层至二层FT-1F2F-42" borderColor="0xffffff" source="assets/comp/TEXTINPUT/label.png" fontSize="12" fontWeight="normal" widthInChars="4" contentBackgroundAlpha="0" y="235" borderVisible="false" color="0x444444" param="" fontFamily="微软雅黑" x="894" textAlign="center" group="commonComp" deviceID="" sizeAuto="true"/>
    <LIFTF deviceID="850013" source="assets/comp/LIFTF/bg.png" y="460" x="60" deviceName="一层至二层FT-1F2F-51" width="96" group="deviceComp" height="96" mark="LIFTF"/>
    <RUNING deviceID="850013" source="assets/comp/RUNING/runing/0/1.png" y="565" x="40" deviceName="一层至二层FT-1F2F-51" width="58" group="commonComp" height="25" mark="LIFTF"/>
    <ALARM alarm="ALARM" deviceID="850013" source="assets/comp/ALARM/alarm/0/1.png" deviceName="一层至二层FT-1F2F-51" y="565" x="100" width="58" group="commonComp" height="25" param="alarm" paramID="2" mark="LIFTF"/>
    <TEXT width="128" height="17" text="一层至二层FT-1F2F-51" borderColor="0xffffff" source="assets/comp/TEXTINPUT/label.png" fontSize="12" fontWeight="normal" widthInChars="4" contentBackgroundAlpha="0" y="435" borderVisible="false" color="0x444444" param="" fontFamily="微软雅黑" x="41" textAlign="center" group="commonComp" deviceID="" sizeAuto="true"/>
    <LIFTF deviceID="850014" source="assets/comp/LIFTF/bg.png" y="460" x="230" deviceName="一层至二层FT-1F2F-52" width="96" group="deviceComp" height="96" mark="LIFTF"/>
    <RUNING deviceID="850014" source="assets/comp/RUNING/runing/0/1.png" y="565" x="210" deviceName="一层至二层FT-1F2F-52" width="58" group="commonComp" height="25" mark="LIFTF"/>
    <ALARM alarm="ALARM" deviceID="850014" source="assets/comp/ALARM/alarm/0/1.png" deviceName="一层至二层FT-1F2F-52" y="565" x="270" width="58" group="commonComp" height="25" param="alarm" paramID="2" mark="LIFTF"/>
    <TEXT width="128" height="17" text="一层至二层FT-1F2F-52" borderColor="0xffffff" source="assets/comp/TEXTINPUT/label.png" fontSize="12" fontWeight="normal" widthInChars="4" contentBackgroundAlpha="0" y="435" borderVisible="false" color="0x444444" param="" fontFamily="微软雅黑" x="215" textAlign="center" group="commonComp" deviceID="" sizeAuto="true"/>
    <LIFTF deviceID="850015" source="assets/comp/LIFTF/bg.png" y="460" x="400" deviceName="二层至三层FT-2F3F-11" width="96" group="deviceComp" height="96" mark="LIFTF"/>
    <RUNING deviceID="850015" source="assets/comp/RUNING/runing/0/1.png" y="565" x="380" deviceName="二层至三层FT-2F3F-11" width="58" group="commonComp" height="25" mark="LIFTF"/>
    <ALARM alarm="ALARM" deviceID="850015" source="assets/comp/ALARM/alarm/0/1.png" deviceName="二层至三层FT-2F3F-11" y="565" x="440" width="58" group="commonComp" height="25" param="alarm" paramID="2" mark="LIFTF"/>
    <TEXT width="128" height="17" text="二层至三层FT-2F3F-11" borderColor="0xffffff" source="assets/comp/TEXTINPUT/label.png" fontSize="12" fontWeight="normal" widthInChars="4" contentBackgroundAlpha="0" y="435" borderVisible="false" color="0x444444" param="" fontFamily="微软雅黑" x="383" textAlign="center" group="commonComp" deviceID="" sizeAuto="true"/>
    <LIFTF deviceID="850016" source="assets/comp/LIFTF/bg.png" y="460" x="570" deviceName="二层至三层FT-2F3F-12" width="96" group="deviceComp" height="96" mark="LIFTF"/>
    <RUNING deviceID="850016" source="assets/comp/RUNING/runing/0/1.png" y="565" x="550" deviceName="二层至三层FT-2F3F-12" width="58" group="commonComp" height="25" mark="LIFTF"/>
    <ALARM alarm="ALARM" deviceID="850016" source="assets/comp/ALARM/alarm/0/1.png" deviceName="二层至三层FT-2F3F-12" y="565" x="609" width="58" group="commonComp" height="25" param="alarm" paramID="2" mark="LIFTF"/>
    <TEXT width="128" height="17" text="二层至三层FT-2F3F-12" borderColor="0xffffff" source="assets/comp/TEXTINPUT/label.png" fontSize="12" fontWeight="normal" widthInChars="4" contentBackgroundAlpha="0" y="435" borderVisible="false" color="0x444444" param="" fontFamily="微软雅黑" x="554" textAlign="center" group="commonComp" deviceID="" sizeAuto="true"/>
    <LIFTF deviceID="850017" source="assets/comp/LIFTF/bg.png" y="460" x="740" deviceName="二层至三层FT-2F3F-21" width="96" group="deviceComp" height="96" mark="LIFTF"/>
    <TEXT width="128" height="17" text="二层至三层FT-2F3F-21" borderColor="0xffffff" source="assets/comp/TEXTINPUT/label.png" fontSize="12" fontWeight="normal" widthInChars="4" contentBackgroundAlpha="0" y="435" borderVisible="false" color="0x444444" param="" fontFamily="微软雅黑" x="731" textAlign="center" group="commonComp" deviceID="" sizeAuto="true"/>
    <RUNING deviceID="850017" source="assets/comp/RUNING/runing/0/1.png" y="565" x="720" deviceName="二层至三层FT-2F3F-21" width="58" group="commonComp" height="25" mark="LIFTF"/>
    <ALARM alarm="ALARM" deviceID="850017" source="assets/comp/ALARM/alarm/0/1.png" deviceName="二层至三层FT-2F3F-21" y="565" x="780" width="58" group="commonComp" height="25" param="alarm" paramID="2" mark="LIFTF"/>
    <LIFTF deviceID="850018" source="assets/comp/LIFTF/bg.png" y="459" x="910" deviceName="二层至三层FT-2F3F-22" width="96" group="deviceComp" height="96" mark="LIFTF"/>
    <RUNING deviceID="850018" source="assets/comp/RUNING/runing/0/1.png" y="565" x="890" deviceName="二层至三层FT-2F3F-22" width="58" group="commonComp" height="25" mark="LIFTF"/>
    <ALARM alarm="ALARM" deviceID="850018" source="assets/comp/ALARM/alarm/0/1.png" deviceName="二层至三层FT-2F3F-22" y="565" x="951" width="58" group="commonComp" height="25" param="alarm" paramID="2" mark="LIFTF"/>
    <TEXT width="128" height="17" text="二层至三层FT-2F3F-22" borderColor="0xffffff" source="assets/comp/TEXTINPUT/label.png" fontSize="12" fontWeight="normal" widthInChars="4" contentBackgroundAlpha="0" y="435" borderVisible="false" color="0x444444" param="" fontFamily="微软雅黑" x="899" textAlign="center" group="commonComp" deviceID="" sizeAuto="true"/>
  </Components>
</Configration>