<?xml version="1.0" encoding="utf-8"?>
<Configration Width="1105" Height="622">
  <LIST>
    <Component>
      <LIFTF/>
      <RUNING/>
      <ALARM/>
    </Component>
    <Image/>
  </LIST>
  <Components>
    <LIFTF deviceID="850019" source="assets/comp/LIFTF/bg.png" y="60" x="60" deviceName="二层至三层FT-2F3F-31" width="96" group="deviceComp" height="96" mark="LIFTF"/>
    <TEXT width="128" y="30" text="二层至三层FT-2F3F-31" borderColor="0xffffff" source="assets/comp/TEXTINPUT/label.png" fontSize="12" fontWeight="normal" widthInChars="4" contentBackgroundAlpha="0" height="17" borderVisible="false" color="0x444444" param="" fontFamily="微软雅黑" x="45" textAlign="center" group="commonComp" deviceID="" sizeAuto="true"/>
    <RUNING deviceID="850019" source="assets/comp/RUNING/runing/0/1.png" y="165" x="40" deviceName="二层至三层FT-2F3F-31" width="58" group="commonComp" height="25" mark="LIFTF"/>
    <ALARM alarm="ALARM" deviceID="850019" source="assets/comp/ALARM/alarm/0/1.png" y="165" deviceName="二层至三层FT-2F3F-31" x="99" width="58" group="commonComp" height="25" param="alarm" paramID="2" mark="LIFTF"/>
    <LIFTF deviceID="850020" source="assets/comp/LIFTF/bg.png" y="60" x="230" deviceName="二层至三层FT-2F3F-32" width="96" group="deviceComp" height="96" mark="LIFTF"/>
    <LIFTF deviceID="850021" source="assets/comp/LIFTF/bg.png" y="65" x="400" deviceName="二层至三层FT-2F3F-41" width="96" group="deviceComp" height="96" mark="LIFTF"/>
    <LIFTF deviceID="850022" source="assets/comp/LIFTF/bg.png" y="65" x="570" deviceName="二层至三层FT-2F3F-42" width="96" group="deviceComp" height="96" mark="LIFTF"/>
    <LIFTF deviceID="850023" source="assets/comp/LIFTF/bg.png" y="65" x="740" deviceName="二层至三层FT-2F3F-51" width="96" group="deviceComp" height="96" mark="LIFTF"/>
    <LIFTF deviceID="850024" source="assets/comp/LIFTF/bg.png" y="65" x="910" deviceName="二层至三层FT-2F3F-52" width="96" group="deviceComp" height="96" mark="LIFTF"/>
    <TEXT width="128" y="30" text="二层至三层FT-2F3F-32" borderColor="0xffffff" source="assets/comp/TEXTINPUT/label.png" fontSize="12" fontWeight="normal" widthInChars="4" contentBackgroundAlpha="0" height="17" borderVisible="false" color="0x444444" param="" fontFamily="微软雅黑" x="210" textAlign="center" group="commonComp" deviceID="" sizeAuto="true"/>
    <TEXT width="128" y="30" text="二层至三层FT-2F3F-41" borderColor="0xffffff" source="assets/comp/TEXTINPUT/label.png" fontSize="12" fontWeight="normal" widthInChars="4" contentBackgroundAlpha="0" height="17" borderVisible="false" color="0x444444" param="" fontFamily="微软雅黑" x="388" textAlign="center" group="commonComp" deviceID="" sizeAuto="true"/>
    <TEXT width="128" y="30" text="二层至三层FT-2F3F-51" borderColor="0xffffff" source="assets/comp/TEXTINPUT/label.png" fontSize="12" fontWeight="normal" widthInChars="4" contentBackgroundAlpha="0" height="17" borderVisible="false" color="0x444444" param="" fontFamily="微软雅黑" x="555" textAlign="center" group="commonComp" deviceID="" sizeAuto="true"/>
    <TEXT width="128" y="30" text="二层至三层FT-2F3F-51" borderColor="0xffffff" source="assets/comp/TEXTINPUT/label.png" fontSize="12" fontWeight="normal" widthInChars="4" contentBackgroundAlpha="0" height="17" borderVisible="false" color="0x444444" param="" fontFamily="微软雅黑" x="725" textAlign="center" group="commonComp" deviceID="" sizeAuto="true"/>
    <TEXT width="128" y="30" text="二层至三层FT-2F3F-52" borderColor="0xffffff" source="assets/comp/TEXTINPUT/label.png" fontSize="12" fontWeight="normal" widthInChars="4" contentBackgroundAlpha="0" height="17" borderVisible="false" color="0x444444" param="" fontFamily="微软雅黑" x="893" textAlign="center" group="commonComp" deviceID="" sizeAuto="true"/>
    <RUNING deviceID="850020" source="assets/comp/RUNING/runing/0/1.png" y="165" x="210" deviceName="二层至三层FT-2F3F-32" width="58" group="commonComp" height="25" mark="LIFTF"/>
    <ALARM alarm="ALARM" deviceID="850020" source="assets/comp/ALARM/alarm/0/1.png" y="165" deviceName="二层至三层FT-2F3F-32" x="269" width="58" group="commonComp" height="25" param="alarm" paramID="2" mark="LIFTF"/>
    <RUNING deviceID="850021" source="assets/comp/RUNING/runing/0/1.png" y="165" x="380" deviceName="二层至三层FT-2F3F-41" width="58" group="commonComp" height="25" mark="LIFTF"/>
    <ALARM alarm="ALARM" deviceID="850021" source="assets/comp/ALARM/alarm/0/1.png" y="165" deviceName="二层至三层FT-2F3F-41" x="440" width="58" group="commonComp" height="25" param="alarm" paramID="2" mark="LIFTF"/>
    <RUNING deviceID="850022" source="assets/comp/RUNING/runing/0/1.png" y="165" x="550" deviceName="二层至三层FT-2F3F-42" width="58" group="commonComp" height="25" mark="LIFTF"/>
    <ALARM alarm="ALARM" deviceID="850022" source="assets/comp/ALARM/alarm/0/1.png" y="165" deviceName="二层至三层FT-2F3F-42" x="611" width="58" group="commonComp" height="25" param="alarm" paramID="2" mark="LIFTF"/>
    <RUNING deviceID="850023" source="assets/comp/RUNING/runing/0/1.png" y="165" x="720" deviceName="二层至三层FT-2F3F-51" width="58" group="commonComp" height="25" mark="LIFTF"/>
    <ALARM alarm="ALARM" deviceID="850023" source="assets/comp/ALARM/alarm/0/1.png" y="165" deviceName="二层至三层FT-2F3F-51" x="779" width="58" group="commonComp" height="25" param="alarm" paramID="2" mark="LIFTF"/>
    <RUNING deviceID="850024" source="assets/comp/RUNING/runing/0/1.png" y="165" x="890" deviceName="二层至三层FT-2F3F-52" width="58" group="commonComp" height="25" mark="LIFTF"/>
    <ALARM alarm="ALARM" deviceID="850024" source="assets/comp/ALARM/alarm/0/1.png" y="165" deviceName="二层至三层FT-2F3F-52" x="951" width="58" group="commonComp" height="25" param="alarm" paramID="2" mark="LIFTF"/>
    <LIFTF deviceID="850025" source="assets/comp/LIFTF/bg.png" y="260" x="60" deviceName="三层至四层FT-3F4F-11" width="96" group="deviceComp" height="96" mark="LIFTF"/>
    <LIFTF deviceID="850026" source="assets/comp/LIFTF/bg.png" y="260" x="230" deviceName="三层至四层FT-3F4F-12" width="96" group="deviceComp" height="96" mark="LIFTF"/>
    <LIFTF deviceID="850027" source="assets/comp/LIFTF/bg.png" y="265" x="400" deviceName="三层至四层FT-3F4F-21" width="96" group="deviceComp" height="96" mark="LIFTF"/>
    <LIFTF deviceID="850028" source="assets/comp/LIFTF/bg.png" y="265" x="570" deviceName="三层至四层FT-3F4F-22" width="96" group="deviceComp" height="96" mark="LIFTF"/>
    <LIFTF deviceID="850029" source="assets/comp/LIFTF/bg.png" y="265" x="740" deviceName="三层至四层FT-3F4F-31" width="96" group="deviceComp" height="96" mark="LIFTF"/>
    <LIFTF deviceID="850030" source="assets/comp/LIFTF/bg.png" y="265" x="910" deviceName="三层至四层FT-3F4F-32" width="96" group="deviceComp" height="96" mark="LIFTF"/>
    <LIFTF deviceID="850031" source="assets/comp/LIFTF/bg.png" y="460" x="60" deviceName="三层至四层FT-3F4F-41" width="96" group="deviceComp" height="96" mark="LIFTF"/>
    <LIFTF deviceID="850032" source="assets/comp/LIFTF/bg.png" y="460" x="230" deviceName="三层至四层FT-3F4F-42" width="96" group="deviceComp" height="96" mark="LIFTF"/>
    <LIFTF deviceID="850033" source="assets/comp/LIFTF/bg.png" y="460" x="400" deviceName="三层至四层FT-3F4F-51" width="96" group="deviceComp" height="96" mark="LIFTF"/>
    <LIFTF deviceID="850034" source="assets/comp/LIFTF/bg.png" y="460" x="570" deviceName="三层至四层FT-3F4F-52" width="96" group="deviceComp" height="96" mark="LIFTF"/>
    <RUNING deviceID="850025" source="assets/comp/RUNING/runing/0/1.png" y="365" x="40" deviceName="三层至四层FT-3F4F-11" width="58" group="commonComp" height="25" mark="LIFTF"/>
    <ALARM alarm="ALARM" deviceID="850025" source="assets/comp/ALARM/alarm/0/1.png" y="365" deviceName="三层至四层FT-3F4F-11" x="100" width="58" group="commonComp" height="25" param="alarm" paramID="2" mark="LIFTF"/>
    <TEXT width="128" y="235" text="三层至四层FT-3F4F-11" borderColor="0xffffff" source="assets/comp/TEXTINPUT/label.png" fontSize="12" fontWeight="normal" widthInChars="4" contentBackgroundAlpha="0" height="17" borderVisible="false" color="0x444444" param="" fontFamily="微软雅黑" x="41" textAlign="center" group="commonComp" deviceID="" sizeAuto="true"/>
    <RUNING deviceID="850026" source="assets/comp/RUNING/runing/0/1.png" y="365" x="210" deviceName="三层至四层FT-3F4F-12" width="58" group="commonComp" height="25" mark="LIFTF"/>
    <ALARM alarm="ALARM" deviceID="850026" source="assets/comp/ALARM/alarm/0/1.png" y="365" deviceName="三层至四层FT-3F4F-12" x="271" width="58" group="commonComp" height="25" param="alarm" paramID="2" mark="LIFTF"/>
    <RUNING deviceID="850027" source="assets/comp/RUNING/runing/0/1.png" y="365" x="380" deviceName="三层至四层FT-3F4F-21" width="58" group="commonComp" height="25" mark="LIFTF"/>
    <ALARM alarm="ALARM" deviceID="850027" source="assets/comp/ALARM/alarm/0/1.png" y="365" deviceName="三层至四层FT-3F4F-21" x="443" width="58" group="commonComp" height="25" param="alarm" paramID="2" mark="LIFTF"/>
    <RUNING deviceID="850028" source="assets/comp/RUNING/runing/0/1.png" y="365" x="550" deviceName="三层至四层FT-3F4F-22" width="58" group="commonComp" height="25" mark="LIFTF"/>
    <RUNING deviceID="850029" source="assets/comp/RUNING/runing/0/1.png" y="365" x="720" deviceName="三层至四层FT-3F4F-31" width="58" group="commonComp" height="25" mark="LIFTF"/>
    <RUNING deviceID="850030" source="assets/comp/RUNING/runing/0/1.png" y="365" x="890" deviceName="三层至四层FT-3F4F-32" width="58" group="commonComp" height="25" mark="LIFTF"/>
    <RUNING deviceID="850031" source="assets/comp/RUNING/runing/0/1.png" y="565" x="40" deviceName="三层至四层FT-3F4F-41" width="58" group="commonComp" height="25" mark="LIFTF"/>
    <RUNING deviceID="850032" source="assets/comp/RUNING/runing/0/1.png" y="565" x="210" deviceName="三层至四层FT-3F4F-42" width="58" group="commonComp" height="25" mark="LIFTF"/>
    <RUNING deviceID="850033" source="assets/comp/RUNING/runing/0/1.png" y="565" x="380" deviceName="三层至四层FT-3F4F-51" width="58" group="commonComp" height="25" mark="LIFTF"/>
    <RUNING deviceID="850034" source="assets/comp/RUNING/runing/0/1.png" y="565" x="550" deviceName="三层至四层FT-3F4F-52" width="58" group="commonComp" height="25" mark="LIFTF"/>
    <ALARM alarm="ALARM" deviceID="850028" source="assets/comp/ALARM/alarm/0/1.png" y="365" deviceName="三层至四层FT-3F4F-22" x="611" width="58" group="commonComp" height="25" param="alarm" paramID="2" mark="LIFTF"/>
    <ALARM alarm="ALARM" deviceID="850029" source="assets/comp/ALARM/alarm/0/1.png" y="365" deviceName="三层至四层FT-3F4F-31" x="782" width="58" group="commonComp" height="25" param="alarm" paramID="2" mark="LIFTF"/>
    <ALARM alarm="ALARM" deviceID="850030" source="assets/comp/ALARM/alarm/0/1.png" y="365" deviceName="三层至四层FT-3F4F-32" x="953" width="58" group="commonComp" height="25" param="alarm" paramID="2" mark="LIFTF"/>
    <ALARM alarm="ALARM" deviceID="850031" source="assets/comp/ALARM/alarm/0/1.png" y="565" deviceName="三层至四层FT-3F4F-41" x="100" width="58" group="commonComp" height="25" param="alarm" paramID="2" mark="LIFTF"/>
    <ALARM alarm="ALARM" deviceID="850032" source="assets/comp/ALARM/alarm/0/1.png" y="565" deviceName="三层至四层FT-3F4F-42" x="272" width="58" group="commonComp" height="25" param="alarm" paramID="2" mark="LIFTF"/>
    <ALARM alarm="ALARM" deviceID="850033" source="assets/comp/ALARM/alarm/0/1.png" y="565" deviceName="三层至四层FT-3F4F-51" x="441" width="58" group="commonComp" height="25" param="alarm" paramID="2" mark="LIFTF"/>
    <ALARM alarm="ALARM" deviceID="850034" source="assets/comp/ALARM/alarm/0/1.png" y="565" deviceName="三层至四层FT-3F4F-52" x="612" width="58" group="commonComp" height="25" param="alarm" paramID="2" mark="LIFTF"/>
    <TEXT width="128" y="243" text="三层至四层FT-3F4F-12" borderColor="0xffffff" source="assets/comp/TEXTINPUT/label.png" fontSize="12" fontWeight="normal" widthInChars="4" contentBackgroundAlpha="0" height="17" borderVisible="false" color="0x444444" param="" fontFamily="微软雅黑" x="225" textAlign="center" group="commonComp" deviceID="" sizeAuto="true"/>
    <TEXT width="128" y="231" text="三层至四层FT-3F4F-21" borderColor="0xffffff" source="assets/comp/TEXTINPUT/label.png" fontSize="12" fontWeight="normal" widthInChars="4" contentBackgroundAlpha="0" height="17" borderVisible="false" color="0x444444" param="" fontFamily="微软雅黑" x="391" textAlign="center" group="commonComp" deviceID="" sizeAuto="true"/>
    <TEXT width="128" y="234" text="三层至四层FT-3F4F-22" borderColor="0xffffff" source="assets/comp/TEXTINPUT/label.png" fontSize="12" fontWeight="normal" widthInChars="4" contentBackgroundAlpha="0" height="17" borderVisible="false" color="0x444444" param="" fontFamily="微软雅黑" x="575" textAlign="center" group="commonComp" deviceID="" sizeAuto="true"/>
    <TEXT width="128" y="233" text="三层至四层FT-3F4F-31" borderColor="0xffffff" source="assets/comp/TEXTINPUT/label.png" fontSize="12" fontWeight="normal" widthInChars="4" contentBackgroundAlpha="0" height="17" borderVisible="false" color="0x444444" param="" fontFamily="微软雅黑" x="745" textAlign="center" group="commonComp" deviceID="" sizeAuto="true"/>
    <TEXT width="128" y="230" text="三层至四层FT-3F4F-32" borderColor="0xffffff" source="assets/comp/TEXTINPUT/label.png" fontSize="12" fontWeight="normal" widthInChars="4" contentBackgroundAlpha="0" height="17" borderVisible="false" color="0x444444" param="" fontFamily="微软雅黑" x="913" textAlign="center" group="commonComp" deviceID="" sizeAuto="true"/>
    <TEXT width="128" y="430" text="三层至四层FT-3F4F-41" borderColor="0xffffff" source="assets/comp/TEXTINPUT/label.png" fontSize="12" fontWeight="normal" widthInChars="4" contentBackgroundAlpha="0" height="17" borderVisible="false" color="0x444444" param="" fontFamily="微软雅黑" x="40" textAlign="center" group="commonComp" deviceID="" sizeAuto="true"/>
    <TEXT width="128" y="430" text="三层至四层FT-3F4F-42" borderColor="0xffffff" source="assets/comp/TEXTINPUT/label.png" fontSize="12" fontWeight="normal" widthInChars="4" contentBackgroundAlpha="0" height="17" borderVisible="false" color="0x444444" param="" fontFamily="微软雅黑" x="206" textAlign="center" group="commonComp" deviceID="" sizeAuto="true"/>
    <TEXT width="128" y="430" text="三层至四层FT-3F4F-51" borderColor="0xffffff" source="assets/comp/TEXTINPUT/label.png" fontSize="12" fontWeight="normal" widthInChars="4" contentBackgroundAlpha="0" height="17" borderVisible="false" color="0x444444" param="" fontFamily="微软雅黑" x="381" textAlign="center" group="commonComp" deviceID="" sizeAuto="true"/>
    <TEXT width="128" y="430" text="三层至四层FT-3F4F-52" borderColor="0xffffff" source="assets/comp/TEXTINPUT/label.png" fontSize="12" fontWeight="normal" widthInChars="4" contentBackgroundAlpha="0" height="17" borderVisible="false" color="0x444444" param="" fontFamily="微软雅黑" x="554" textAlign="center" group="commonComp" deviceID="" sizeAuto="true"/>
  </Components>
</Configration>