<?xml version="1.0" encoding="utf-8"?><Configration Width="1076.8187919463087" Height="542">
  <LIST>
    <Component>
      <RQBJ/>
    </Component>
    <Image>
      <F5NODE source="assets/comp/F5Node.png"/>
    </Image>
  </LIST>
  <Components>
    <F5NODE scaleX="0.7" rotation="0" scaleY="0.7" scale="0.7" x="50" y="0"/>
    <TEXT fontFamily="Arial" color="0" scaleY="1" scaleX="1" widthInChars="3" rotation="0" param="" fontSize="14" scale="1" text="小厨娘" textAlign="right" fontWeight="normal" deviceID="" x="643" y="59"/>
    <RQBJ deviceID="14569" scale="0.25" scaleX="0.25" scaleY="0.25" x="623" y="61" rotation="0"/>
  </Components>
</Configration>