<?xml version="1.0" encoding="utf-8"?><Configration Width="1076.8187919463087" Height="542">
  <LIST>
    <Component>
      <RQBJ/>
    </Component>
    <Image>
      <F3NODE source="assets/comp/F3Node.png"/>
    </Image>
  </LIST>
  <Components>
    <F3NODE scaleX="0.7" rotation="0" scaleY="0.7" scale="0.7" x="25" y="-53"/>
    <RQBJ scaleX="0.25" rotation="0" scaleY="0.25" scale="0.25" deviceID="14555" x="140" y="62"/>
    <TEXT fontFamily="Arial" color="0" scaleX="1" rotation="0" widthInChars="2" scaleY="1" param="" fontSize="14" scale="1" text="米法" textAlign="right" fontWeight="normal" deviceID="" x="132" y="81"/>
    <RQBJ scaleX="0.25" rotation="0" scaleY="0.25" scale="0.25" deviceID="14568" x="762" y="81"/>
    <TEXT fontFamily="Arial" color="0" scaleX="1" rotation="0" widthInChars="3" scaleY="1" param="" fontSize="14" scale="1" text="加夫卡" textAlign="right" fontWeight="normal" deviceID="" x="747" y="98"/>
  </Components>
</Configration>