<?xml version="1.0" encoding="utf-8"?><Configration>
  <LIST>
    <Component>
      <WSK/>
      <PWB/>
      <HANDAUTO/>
    </Component>
    <Image/>
  </LIST>
  <Components>
    <WSK deviceID="" scale="0.7" resource="Configration.ApplicationSkin2._ApplicationSkin_Group1.contentGroup.HGroup5.VGroup9._Configration_Scroller1.ScrollerSkin193.Group42.initGroup.Image1411" rotation="0" x="30" y="120"/>
    <TEXT textAlign="right" deviceID="" text="11号集水坑" fontWeight="bold" fontSize="18" fontFamily="Arial" param="" scale="1" resource="Configration.ApplicationSkin2._ApplicationSkin_Group1.contentGroup.HGroup5.VGroup9._Configration_Scroller1.ScrollerSkin193.Group42.initGroup.TextInput1413" rotation="0" color="16777215" widthInChars="5" x="40" y="210"/>
    <PWB deviceID="" scale="0.25" resource="Configration.ApplicationSkin2._ApplicationSkin_Group1.contentGroup.HGroup5.VGroup9._Configration_Scroller1.ScrollerSkin193.Group42.initGroup.Image1416" rotation="0" x="40" y="70"/>
    <HANDAUTO deviceID="" scale="1" resource="Configration.ApplicationSkin2._ApplicationSkin_Group1.contentGroup.HGroup5.VGroup9._Configration_Scroller1.ScrollerSkin193.Group42.initGroup.Image1430" rotation="0" x="110" y="80"/>
    <WSK deviceID="" scale="0.7" resource="Configration.ApplicationSkin2._ApplicationSkin_Group1.contentGroup.HGroup5.VGroup9._Configration_Scroller1.ScrollerSkin193.Group42.initGroup.Image1432" rotation="0" x="230" y="120"/>
    <WSK deviceID="" scale="0.7" resource="Configration.ApplicationSkin2._ApplicationSkin_Group1.contentGroup.HGroup5.VGroup9._Configration_Scroller1.ScrollerSkin193.Group42.initGroup.Image1434" rotation="0" x="430" y="120"/>
    <WSK deviceID="" scale="0.7" resource="Configration.ApplicationSkin2._ApplicationSkin_Group1.contentGroup.HGroup5.VGroup9._Configration_Scroller1.ScrollerSkin193.Group42.initGroup.Image1436" rotation="0" x="630" y="120"/>
    <WSK deviceID="" scale="0.7" resource="Configration.ApplicationSkin2._ApplicationSkin_Group1.contentGroup.HGroup5.VGroup9._Configration_Scroller1.ScrollerSkin193.Group42.initGroup.Image1438" rotation="0" x="830" y="120"/>
    <TEXT textAlign="right" deviceID="" text="12号集水坑" fontWeight="bold" fontSize="18" fontFamily="Arial" param="" scale="1" resource="Configration.ApplicationSkin2._ApplicationSkin_Group1.contentGroup.HGroup5.VGroup9._Configration_Scroller1.ScrollerSkin193.Group42.initGroup.TextInput1440" rotation="0" color="16777215" widthInChars="5" x="241" y="209"/>
    <TEXT textAlign="right" deviceID="" text="13号集水坑" fontWeight="bold" fontSize="18" fontFamily="Arial" param="" scale="1" resource="Configration.ApplicationSkin2._ApplicationSkin_Group1.contentGroup.HGroup5.VGroup9._Configration_Scroller1.ScrollerSkin193.Group42.initGroup.TextInput1443" rotation="0" color="16777215" widthInChars="5" x="440" y="210"/>
    <TEXT textAlign="right" deviceID="" text="14号集水坑" fontWeight="bold" fontSize="18" fontFamily="Arial" param="" scale="1" resource="Configration.ApplicationSkin2._ApplicationSkin_Group1.contentGroup.HGroup5.VGroup9._Configration_Scroller1.ScrollerSkin193.Group42.initGroup.TextInput1446" rotation="0" color="16777215" widthInChars="5" x="640" y="210"/>
    <TEXT textAlign="right" deviceID="" text="15号集水坑" fontWeight="bold" fontSize="18" fontFamily="Arial" param="" scale="1" resource="Configration.ApplicationSkin2._ApplicationSkin_Group1.contentGroup.HGroup5.VGroup9._Configration_Scroller1.ScrollerSkin193.Group42.initGroup.TextInput1449" rotation="0" color="16777215" widthInChars="5" x="840" y="210"/>
    <WSK deviceID="" scale="0.7" resource="Configration.ApplicationSkin2._ApplicationSkin_Group1.contentGroup.HGroup5.VGroup9._Configration_Scroller1.ScrollerSkin193.Group42.initGroup.Image1452" rotation="0" x="30" y="370"/>
    <HANDAUTO deviceID="" scale="1" resource="Configration.ApplicationSkin2._ApplicationSkin_Group1.contentGroup.HGroup5.VGroup9._Configration_Scroller1.ScrollerSkin193.Group42.initGroup.Image1464" rotation="0" x="110" y="330"/>
    <TEXT textAlign="right" deviceID="" text="16号集水坑" fontWeight="bold" fontSize="18" fontFamily="Arial" param="" scale="1" resource="Configration.ApplicationSkin2._ApplicationSkin_Group1.contentGroup.HGroup5.VGroup9._Configration_Scroller1.ScrollerSkin193.Group42.initGroup.TextInput1472" rotation="0" color="16777215" widthInChars="5" x="40" y="460"/>
    <HANDAUTO deviceID="" scale="1" resource="Configration.ApplicationSkin2._ApplicationSkin_Group1.contentGroup.HGroup5.VGroup9._Configration_Scroller1.ScrollerSkin193.Group42.initGroup.Image1523" rotation="0" x="310" y="80"/>
    <HANDAUTO deviceID="" scale="1" resource="Configration.ApplicationSkin2._ApplicationSkin_Group1.contentGroup.HGroup5.VGroup9._Configration_Scroller1.ScrollerSkin193.Group42.initGroup.Image1531" rotation="0" x="510" y="80"/>
    <HANDAUTO deviceID="" scale="1" resource="Configration.ApplicationSkin2._ApplicationSkin_Group1.contentGroup.HGroup5.VGroup9._Configration_Scroller1.ScrollerSkin193.Group42.initGroup.Image1539" rotation="0" x="710" y="80"/>
    <HANDAUTO deviceID="" scale="1" resource="Configration.ApplicationSkin2._ApplicationSkin_Group1.contentGroup.HGroup5.VGroup9._Configration_Scroller1.ScrollerSkin193.Group42.initGroup.Image1541" rotation="0" x="910" y="80"/>
    <WSK deviceID="" scale="0.7" resource="Configration.ApplicationSkin2._ApplicationSkin_Group1.contentGroup.HGroup5.VGroup9._Configration_Scroller1.ScrollerSkin193.Group42.initGroup.Image1549" rotation="0" x="230" y="370"/>
    <WSK deviceID="" scale="0.7" resource="Configration.ApplicationSkin2._ApplicationSkin_Group1.contentGroup.HGroup5.VGroup9._Configration_Scroller1.ScrollerSkin193.Group42.initGroup.Image1551" rotation="0" x="430" y="370"/>
    <WSK deviceID="" scale="0.7" resource="Configration.ApplicationSkin2._ApplicationSkin_Group1.contentGroup.HGroup5.VGroup9._Configration_Scroller1.ScrollerSkin193.Group42.initGroup.Image1553" rotation="0" x="630" y="370"/>
    <WSK deviceID="" scale="0.7" resource="Configration.ApplicationSkin2._ApplicationSkin_Group1.contentGroup.HGroup5.VGroup9._Configration_Scroller1.ScrollerSkin193.Group42.initGroup.Image1555" rotation="0" x="830" y="370"/>
    <TEXT textAlign="right" deviceID="" text="17号集水坑" fontWeight="bold" fontSize="18" fontFamily="Arial" param="" scale="1" resource="Configration.ApplicationSkin2._ApplicationSkin_Group1.contentGroup.HGroup5.VGroup9._Configration_Scroller1.ScrollerSkin193.Group42.initGroup.TextInput1557" rotation="0" color="16777215" widthInChars="5" x="240" y="460"/>
    <TEXT textAlign="right" deviceID="" text="18号集水坑" fontWeight="bold" fontSize="18" fontFamily="Arial" param="" scale="1" resource="Configration.ApplicationSkin2._ApplicationSkin_Group1.contentGroup.HGroup5.VGroup9._Configration_Scroller1.ScrollerSkin193.Group42.initGroup.TextInput1560" rotation="0" color="16777215" widthInChars="5" x="440" y="460"/>
    <TEXT textAlign="right" deviceID="" text="19号集水坑" fontWeight="bold" fontSize="18" fontFamily="Arial" param="" scale="1" resource="Configration.ApplicationSkin2._ApplicationSkin_Group1.contentGroup.HGroup5.VGroup9._Configration_Scroller1.ScrollerSkin193.Group42.initGroup.TextInput1563" rotation="0" color="16777215" widthInChars="5" x="640" y="460"/>
    <TEXT textAlign="right" deviceID="" text="20号集水坑" fontWeight="bold" fontSize="18" fontFamily="Arial" param="" scale="1" resource="Configration.ApplicationSkin2._ApplicationSkin_Group1.contentGroup.HGroup5.VGroup9._Configration_Scroller1.ScrollerSkin193.Group42.initGroup.TextInput1566" rotation="0" color="16777215" widthInChars="5" x="840" y="460"/>
    <HANDAUTO deviceID="" scale="1" resource="Configration.ApplicationSkin2._ApplicationSkin_Group1.contentGroup.HGroup5.VGroup9._Configration_Scroller1.ScrollerSkin193.Group42.initGroup.Image1633" rotation="0" x="310" y="330"/>
    <HANDAUTO deviceID="" scale="1" resource="Configration.ApplicationSkin2._ApplicationSkin_Group1.contentGroup.HGroup5.VGroup9._Configration_Scroller1.ScrollerSkin193.Group42.initGroup.Image1635" rotation="0" x="510" y="330"/>
    <HANDAUTO deviceID="" scale="1" resource="Configration.ApplicationSkin2._ApplicationSkin_Group1.contentGroup.HGroup5.VGroup9._Configration_Scroller1.ScrollerSkin193.Group42.initGroup.Image1637" rotation="0" x="710" y="330"/>
    <HANDAUTO deviceID="" scale="1" resource="Configration.ApplicationSkin2._ApplicationSkin_Group1.contentGroup.HGroup5.VGroup9._Configration_Scroller1.ScrollerSkin193.Group42.initGroup.Image1639" rotation="0" x="910" y="330"/>
    <PWB deviceID="" scale="0.25" resource="Configration.ApplicationSkin2._ApplicationSkin_Group1.contentGroup.HGroup5.VGroup9._Configration_Scroller1.ScrollerSkin193.Group42.initGroup.Image1416" rotation="0" x="240" y="70"/>
    <PWB deviceID="" scale="0.25" resource="Configration.ApplicationSkin2._ApplicationSkin_Group1.contentGroup.HGroup5.VGroup9._Configration_Scroller1.ScrollerSkin193.Group42.initGroup.Image1416" rotation="0" x="440" y="70"/>
    <PWB deviceID="" scale="0.25" resource="Configration.ApplicationSkin2._ApplicationSkin_Group1.contentGroup.HGroup5.VGroup9._Configration_Scroller1.ScrollerSkin193.Group42.initGroup.Image1416" rotation="0" x="640" y="70"/>
    <PWB deviceID="" scale="0.25" resource="Configration.ApplicationSkin2._ApplicationSkin_Group1.contentGroup.HGroup5.VGroup9._Configration_Scroller1.ScrollerSkin193.Group42.initGroup.Image1416" rotation="0" x="840" y="70"/>
    <PWB deviceID="" scale="0.25" resource="Configration.ApplicationSkin2._ApplicationSkin_Group1.contentGroup.HGroup5.VGroup9._Configration_Scroller1.ScrollerSkin193.Group42.initGroup.Image1416" rotation="0" x="40" y="320"/>
    <PWB deviceID="" scale="0.25" resource="Configration.ApplicationSkin2._ApplicationSkin_Group1.contentGroup.HGroup5.VGroup9._Configration_Scroller1.ScrollerSkin193.Group42.initGroup.Image1416" rotation="0" x="240" y="320"/>
    <PWB deviceID="" scale="0.25" resource="Configration.ApplicationSkin2._ApplicationSkin_Group1.contentGroup.HGroup5.VGroup9._Configration_Scroller1.ScrollerSkin193.Group42.initGroup.Image1416" rotation="0" x="440" y="320"/>
    <PWB deviceID="" scale="0.25" resource="Configration.ApplicationSkin2._ApplicationSkin_Group1.contentGroup.HGroup5.VGroup9._Configration_Scroller1.ScrollerSkin193.Group42.initGroup.Image1416" rotation="0" x="640" y="320"/>
    <PWB deviceID="" scale="0.25" resource="Configration.ApplicationSkin2._ApplicationSkin_Group1.contentGroup.HGroup5.VGroup9._Configration_Scroller1.ScrollerSkin193.Group42.initGroup.Image1416" rotation="0" x="840" y="320"/>
  </Components>
</Configration>