<?xml version="1.0" encoding="utf-8"?><Configration Width="994.6711409395973" Height="491">
  <LIST>
    <Component>
      <WSK/>
      <PWB/>
      <HANDAUTO/>
    </Component>
    <Image/>
  </LIST>
  <Components>
    <WSK scale="0.7" rotation="0" deviceID="21587" x="30" y="120"/>
    <TEXT fontFamily="Arial" param="" fontWeight="bold" scale="1" fontSize="18" widthInChars="7" color="16777215" textAlign="right" rotation="0" text="B2F94#集水坑" deviceID="" x="24" y="215"/>
    <PWB scale="0.25" rotation="0" deviceID="21787" x="40" y="70"/>
    <PWB scale="0.25" rotation="0" deviceID="21687" x="40" y="15"/>
    <TEXT fontFamily="Arial" param="" fontWeight="bold" scale="1" fontSize="16" widthInChars="1" color="16777215" textAlign="right" rotation="0" text="A" deviceID="" x="16" y="27"/>
    <TEXT fontFamily="Arial" param="" fontWeight="bold" scale="1" fontSize="16" widthInChars="1" color="16777215" textAlign="right" rotation="0" text="B" deviceID="" x="16" y="81"/>
    <HANDAUTO scale="1" rotation="0" deviceID="21687" x="110" y="25"/>
    <HANDAUTO scale="1" rotation="0" deviceID="21787" x="110" y="80"/>
    <WSK scale="0.7" rotation="0" deviceID="21558" x="230" y="120"/>
    <WSK scale="0.7" rotation="0" deviceID="21553" x="430" y="120"/>
    <WSK scale="0.7" rotation="0" deviceID="21604" x="630" y="120"/>
    <WSK scale="0.7" rotation="0" deviceID="21562" x="830" y="120"/>
    <WSK scale="0.7" rotation="0" deviceID="21598" x="30" y="370"/>
    <HANDAUTO scale="1" rotation="0" deviceID="21698" x="110" y="270"/>
    <HANDAUTO scale="1" rotation="0" deviceID="21798" x="110" y="330"/>
    <TEXT fontFamily="Arial" param="" fontWeight="bold" scale="1" fontSize="16" widthInChars="1" color="16777215" textAlign="right" rotation="0" text="A" deviceID="" x="16" y="277"/>
    <TEXT fontFamily="Arial" param="" fontWeight="bold" scale="1" fontSize="16" widthInChars="1" color="16777215" textAlign="right" rotation="0" text="B" deviceID="" x="16" y="332"/>
    <TEXT fontFamily="Arial" param="" fontWeight="bold" scale="1" fontSize="16" widthInChars="1" color="16777215" textAlign="right" rotation="0" text="A" deviceID="" x="216" y="27"/>
    <TEXT fontFamily="Arial" param="" fontWeight="bold" scale="1" fontSize="16" widthInChars="1" color="16777215" textAlign="right" rotation="0" text="B" deviceID="" x="216" y="82"/>
    <HANDAUTO scale="1" rotation="0" deviceID="21658" x="310" y="25"/>
    <HANDAUTO scale="1" rotation="0" deviceID="21758" x="310" y="80"/>
    <HANDAUTO scale="1" rotation="0" deviceID="21653" x="510" y="25"/>
    <HANDAUTO scale="1" rotation="0" deviceID="21753" x="510" y="80"/>
    <HANDAUTO scale="1" rotation="0" deviceID="21704" x="710" y="25"/>
    <HANDAUTO scale="1" rotation="0" deviceID="21804" x="710" y="80"/>
    <HANDAUTO scale="1" rotation="0" deviceID="21762" x="910" y="80"/>
    <HANDAUTO scale="1" rotation="0" deviceID="21662" x="910" y="25"/>
    <PWB scale="0.25" rotation="0" deviceID="21658" x="240" y="15"/>
    <TEXT fontFamily="Arial" param="" fontWeight="bold" scale="1" fontSize="16" widthInChars="1" color="16777215" textAlign="right" rotation="0" text="A" deviceID="" x="416" y="27"/>
    <TEXT fontFamily="Arial" param="" fontWeight="bold" scale="1" fontSize="16" widthInChars="1" color="16777215" textAlign="right" rotation="0" text="A" deviceID="" x="616" y="27"/>
    <TEXT fontFamily="Arial" param="" fontWeight="bold" scale="1" fontSize="16" widthInChars="1" color="16777215" textAlign="right" rotation="0" text="A" deviceID="" x="816" y="27"/>
    <PWB scale="0.25" rotation="0" deviceID="21653" x="440" y="15"/>
    <PWB scale="0.25" rotation="0" deviceID="21704" x="639" y="15"/>
    <PWB scale="0.25" rotation="0" deviceID="21662" x="840" y="15"/>
    <PWB scale="0.25" rotation="0" deviceID="21758" x="240" y="70"/>
    <PWB scale="0.25" rotation="0" deviceID="21753" x="440" y="70"/>
    <PWB scale="0.25" rotation="0" deviceID="21804" x="640" y="70"/>
    <PWB scale="0.25" rotation="0" deviceID="21762" x="840" y="70"/>
    <TEXT fontFamily="Arial" param="" fontWeight="bold" scale="1" fontSize="16" widthInChars="1" color="16777215" textAlign="right" rotation="0" text="B" deviceID="" x="416" y="82"/>
    <TEXT fontFamily="Arial" param="" fontWeight="bold" scale="1" fontSize="16" widthInChars="1" color="16777215" textAlign="right" rotation="0" text="B" deviceID="" x="616" y="82"/>
    <TEXT fontFamily="Arial" param="" fontWeight="bold" scale="1" fontSize="16" widthInChars="1" color="16777215" textAlign="right" rotation="0" text="B" deviceID="" x="816" y="82"/>
    <PWB scale="0.25" rotation="0" deviceID="21698" x="40" y="260"/>
    <PWB scale="0.25" rotation="0" deviceID="21798" x="40" y="320"/>
    <TEXT fontFamily="Arial" param="" fontWeight="bold" scale="1" fontSize="18" widthInChars="7" color="16777215" textAlign="right" rotation="0" text="B2F95#集水坑" deviceID="" x="225" y="215"/>
    <TEXT fontFamily="Arial" param="" fontWeight="bold" scale="1" fontSize="18" widthInChars="7" color="16777215" textAlign="right" rotation="0" text="B2F96#集水坑" deviceID="" x="418" y="218"/>
    <TEXT fontFamily="Arial" param="" fontWeight="bold" scale="1" fontSize="18" widthInChars="7" color="16777215" textAlign="right" rotation="0" text="B2F97#集水坑" deviceID="" x="623" y="216"/>
    <TEXT fontFamily="Arial" param="" fontWeight="bold" scale="1" fontSize="18" widthInChars="7" color="16777215" textAlign="right" rotation="0" text="B2F98#集水坑" deviceID="" x="825" y="217"/>
    <TEXT fontFamily="Arial" param="" fontWeight="bold" scale="1" fontSize="18" widthInChars="7" color="16777215" textAlign="right" rotation="0" text="B2F99#集水坑" deviceID="" x="22" y="465"/>
  </Components>
</Configration>