<?xml version="1.0" encoding="utf-8"?><Configration>
  <LIST>
    <Component>
      <WSK/>
      <PWB/>
      <HANDAUTO/>
    </Component>
    <Image/>
  </LIST>
  <Components>
    <WSK deviceID="" scale="0.7" resource="Configration.ApplicationSkin2._ApplicationSkin_Group1.contentGroup.HGroup5.VGroup9._Configration_Scroller1.ScrollerSkin193.Group42.initGroup.Image1411" rotation="0" x="30" y="120"/>
    <TEXT textAlign="right" deviceID="" text="31号集水坑" fontWeight="bold" fontSize="18" fontFamily="Arial" param="" scale="1" resource="Configration.ApplicationSkin2._ApplicationSkin_Group1.contentGroup.HGroup5.VGroup9._Configration_Scroller1.ScrollerSkin193.Group42.initGroup.TextInput1413" rotation="0" color="16777215" widthInChars="5" x="40" y="210"/>
    <PWB deviceID="" scale="0.25" resource="Configration.ApplicationSkin2._ApplicationSkin_Group1.contentGroup.HGroup5.VGroup9._Configration_Scroller1.ScrollerSkin193.Group42.initGroup.Image1416" rotation="0" x="40" y="70"/>
    <HANDAUTO deviceID="" scale="1" resource="Configration.ApplicationSkin2._ApplicationSkin_Group1.contentGroup.HGroup5.VGroup9._Configration_Scroller1.ScrollerSkin193.Group42.initGroup.Image1430" rotation="0" x="110" y="80"/>
    <WSK deviceID="" scale="0.7" resource="Configration.ApplicationSkin2._ApplicationSkin_Group1.contentGroup.HGroup5.VGroup9._Configration_Scroller1.ScrollerSkin193.Group42.initGroup.Image1432" rotation="0" x="230" y="120"/>
    <WSK deviceID="" scale="0.7" resource="Configration.ApplicationSkin2._ApplicationSkin_Group1.contentGroup.HGroup5.VGroup9._Configration_Scroller1.ScrollerSkin193.Group42.initGroup.Image1434" rotation="0" x="430" y="120"/>
    <WSK deviceID="" scale="0.7" resource="Configration.ApplicationSkin2._ApplicationSkin_Group1.contentGroup.HGroup5.VGroup9._Configration_Scroller1.ScrollerSkin193.Group42.initGroup.Image1436" rotation="0" x="630" y="120"/>
    <WSK deviceID="" scale="0.7" resource="Configration.ApplicationSkin2._ApplicationSkin_Group1.contentGroup.HGroup5.VGroup9._Configration_Scroller1.ScrollerSkin193.Group42.initGroup.Image1438" rotation="0" x="830" y="120"/>
    <TEXT textAlign="right" deviceID="" text="32号集水坑" fontWeight="bold" fontSize="18" fontFamily="Arial" param="" scale="1" resource="Configration.ApplicationSkin2._ApplicationSkin_Group1.contentGroup.HGroup5.VGroup9._Configration_Scroller1.ScrollerSkin193.Group42.initGroup.TextInput1440" rotation="0" color="16777215" widthInChars="5" x="240" y="210"/>
    <TEXT textAlign="right" deviceID="" text="33号集水坑" fontWeight="bold" fontSize="18" fontFamily="Arial" param="" scale="1" resource="Configration.ApplicationSkin2._ApplicationSkin_Group1.contentGroup.HGroup5.VGroup9._Configration_Scroller1.ScrollerSkin193.Group42.initGroup.TextInput1443" rotation="0" color="16777215" widthInChars="5" x="440" y="210"/>
    <TEXT textAlign="right" deviceID="" text="34号集水坑" fontWeight="bold" fontSize="18" fontFamily="Arial" param="" scale="1" resource="Configration.ApplicationSkin2._ApplicationSkin_Group1.contentGroup.HGroup5.VGroup9._Configration_Scroller1.ScrollerSkin193.Group42.initGroup.TextInput1446" rotation="0" color="16777215" widthInChars="5" x="640" y="210"/>
    <TEXT textAlign="right" deviceID="" text="35号集水坑" fontWeight="bold" fontSize="18" fontFamily="Arial" param="" scale="1" resource="Configration.ApplicationSkin2._ApplicationSkin_Group1.contentGroup.HGroup5.VGroup9._Configration_Scroller1.ScrollerSkin193.Group42.initGroup.TextInput1449" rotation="0" color="16777215" widthInChars="5" x="840" y="210"/>
    <WSK deviceID="" scale="0.7" resource="Configration.ApplicationSkin2._ApplicationSkin_Group1.contentGroup.HGroup5.VGroup9._Configration_Scroller1.ScrollerSkin193.Group42.initGroup.Image1452" rotation="0" x="10" y="370"/>
    <HANDAUTO deviceID="" scale="1" resource="Configration.ApplicationSkin2._ApplicationSkin_Group1.contentGroup.HGroup5.VGroup9._Configration_Scroller1.ScrollerSkin193.Group42.initGroup.Image1464" rotation="0" x="88" y="330"/>
    <TEXT textAlign="right" deviceID="" text="36号集水坑" fontWeight="bold" fontSize="18" fontFamily="Arial" param="" scale="1" resource="Configration.ApplicationSkin2._ApplicationSkin_Group1.contentGroup.HGroup5.VGroup9._Configration_Scroller1.ScrollerSkin193.Group42.initGroup.TextInput1472" rotation="0" color="16777215" widthInChars="5" x="15" y="460"/>
    <HANDAUTO deviceID="" scale="1" resource="Configration.ApplicationSkin2._ApplicationSkin_Group1.contentGroup.HGroup5.VGroup9._Configration_Scroller1.ScrollerSkin193.Group42.initGroup.Image1523" rotation="0" x="310" y="80"/>
    <HANDAUTO deviceID="" scale="1" resource="Configration.ApplicationSkin2._ApplicationSkin_Group1.contentGroup.HGroup5.VGroup9._Configration_Scroller1.ScrollerSkin193.Group42.initGroup.Image1531" rotation="0" x="510" y="80"/>
    <HANDAUTO deviceID="" scale="1" resource="Configration.ApplicationSkin2._ApplicationSkin_Group1.contentGroup.HGroup5.VGroup9._Configration_Scroller1.ScrollerSkin193.Group42.initGroup.Image1539" rotation="0" x="710" y="80"/>
    <HANDAUTO deviceID="" scale="1" resource="Configration.ApplicationSkin2._ApplicationSkin_Group1.contentGroup.HGroup5.VGroup9._Configration_Scroller1.ScrollerSkin193.Group42.initGroup.Image1541" rotation="0" x="910" y="80"/>
    <WSK deviceID="" scale="0.7" resource="Configration.ApplicationSkin2._ApplicationSkin_Group1.contentGroup.HGroup5.VGroup9._Configration_Scroller1.ScrollerSkin193.Group42.initGroup.Image1549" rotation="0" x="175" y="370"/>
    <WSK deviceID="" scale="0.7" resource="Configration.ApplicationSkin2._ApplicationSkin_Group1.contentGroup.HGroup5.VGroup9._Configration_Scroller1.ScrollerSkin193.Group42.initGroup.Image1551" rotation="0" x="340" y="369"/>
    <WSK deviceID="" scale="0.7" resource="Configration.ApplicationSkin2._ApplicationSkin_Group1.contentGroup.HGroup5.VGroup9._Configration_Scroller1.ScrollerSkin193.Group42.initGroup.Image1553" rotation="0" x="505" y="370"/>
    <WSK deviceID="" scale="0.7" resource="Configration.ApplicationSkin2._ApplicationSkin_Group1.contentGroup.HGroup5.VGroup9._Configration_Scroller1.ScrollerSkin193.Group42.initGroup.Image1555" rotation="0" x="670" y="370"/>
    <TEXT textAlign="right" deviceID="" text="37号集水坑" fontWeight="bold" fontSize="18" fontFamily="Arial" param="" scale="1" resource="Configration.ApplicationSkin2._ApplicationSkin_Group1.contentGroup.HGroup5.VGroup9._Configration_Scroller1.ScrollerSkin193.Group42.initGroup.TextInput1557" rotation="0" color="16777215" widthInChars="5" x="180" y="461"/>
    <TEXT textAlign="right" deviceID="" text="38号集水坑" fontWeight="bold" fontSize="18" fontFamily="Arial" param="" scale="1" resource="Configration.ApplicationSkin2._ApplicationSkin_Group1.contentGroup.HGroup5.VGroup9._Configration_Scroller1.ScrollerSkin193.Group42.initGroup.TextInput1560" rotation="0" color="16777215" widthInChars="5" x="345" y="460"/>
    <TEXT textAlign="right" deviceID="" text="39号集水坑" fontWeight="bold" fontSize="18" fontFamily="Arial" param="" scale="1" resource="Configration.ApplicationSkin2._ApplicationSkin_Group1.contentGroup.HGroup5.VGroup9._Configration_Scroller1.ScrollerSkin193.Group42.initGroup.TextInput1563" rotation="0" color="16777215" widthInChars="5" x="515" y="460"/>
    <TEXT textAlign="right" deviceID="" text="40号集水坑" fontWeight="bold" fontSize="18" fontFamily="Arial" param="" scale="1" resource="Configration.ApplicationSkin2._ApplicationSkin_Group1.contentGroup.HGroup5.VGroup9._Configration_Scroller1.ScrollerSkin193.Group42.initGroup.TextInput1566" rotation="0" color="16777215" widthInChars="5" x="680" y="460"/>
    <HANDAUTO deviceID="" scale="1" resource="Configration.ApplicationSkin2._ApplicationSkin_Group1.contentGroup.HGroup5.VGroup9._Configration_Scroller1.ScrollerSkin193.Group42.initGroup.Image1633" rotation="0" x="255" y="331"/>
    <HANDAUTO deviceID="" scale="1" resource="Configration.ApplicationSkin2._ApplicationSkin_Group1.contentGroup.HGroup5.VGroup9._Configration_Scroller1.ScrollerSkin193.Group42.initGroup.Image1635" rotation="0" x="420" y="330"/>
    <HANDAUTO deviceID="" scale="1" resource="Configration.ApplicationSkin2._ApplicationSkin_Group1.contentGroup.HGroup5.VGroup9._Configration_Scroller1.ScrollerSkin193.Group42.initGroup.Image1637" rotation="0" x="580" y="330"/>
    <HANDAUTO deviceID="" scale="1" resource="Configration.ApplicationSkin2._ApplicationSkin_Group1.contentGroup.HGroup5.VGroup9._Configration_Scroller1.ScrollerSkin193.Group42.initGroup.Image1639" rotation="0" x="750" y="330"/>
    <PWB deviceID="" scale="0.25" resource="Configration.ApplicationSkin2._ApplicationSkin_Group1.contentGroup.HGroup5.VGroup9._Configration_Scroller1.ScrollerSkin193.Group42.initGroup.Image1416" rotation="0" x="240" y="70"/>
    <PWB deviceID="" scale="0.25" resource="Configration.ApplicationSkin2._ApplicationSkin_Group1.contentGroup.HGroup5.VGroup9._Configration_Scroller1.ScrollerSkin193.Group42.initGroup.Image1416" rotation="0" x="440" y="70"/>
    <PWB deviceID="" scale="0.25" resource="Configration.ApplicationSkin2._ApplicationSkin_Group1.contentGroup.HGroup5.VGroup9._Configration_Scroller1.ScrollerSkin193.Group42.initGroup.Image1416" rotation="0" x="640" y="70"/>
    <PWB deviceID="" scale="0.25" resource="Configration.ApplicationSkin2._ApplicationSkin_Group1.contentGroup.HGroup5.VGroup9._Configration_Scroller1.ScrollerSkin193.Group42.initGroup.Image1416" rotation="0" x="840" y="70"/>
    <PWB deviceID="" scale="0.25" resource="Configration.ApplicationSkin2._ApplicationSkin_Group1.contentGroup.HGroup5.VGroup9._Configration_Scroller1.ScrollerSkin193.Group42.initGroup.Image1416" rotation="0" x="20" y="320"/>
    <PWB deviceID="" scale="0.25" resource="Configration.ApplicationSkin2._ApplicationSkin_Group1.contentGroup.HGroup5.VGroup9._Configration_Scroller1.ScrollerSkin193.Group42.initGroup.Image1416" rotation="0" x="185" y="320"/>
    <PWB deviceID="" scale="0.25" resource="Configration.ApplicationSkin2._ApplicationSkin_Group1.contentGroup.HGroup5.VGroup9._Configration_Scroller1.ScrollerSkin193.Group42.initGroup.Image1416" rotation="0" x="350" y="320"/>
    <PWB deviceID="" scale="0.25" resource="Configration.ApplicationSkin2._ApplicationSkin_Group1.contentGroup.HGroup5.VGroup9._Configration_Scroller1.ScrollerSkin193.Group42.initGroup.Image1416" rotation="0" x="515" y="320"/>
    <PWB deviceID="" scale="0.25" resource="Configration.ApplicationSkin2._ApplicationSkin_Group1.contentGroup.HGroup5.VGroup9._Configration_Scroller1.ScrollerSkin193.Group42.initGroup.Image1416" rotation="0" x="680" y="320"/>
    <WSK deviceID="" scale="0.7" resource="Configration.ApplicationSkin2._ApplicationSkin_Group1.contentGroup.HGroup5.VGroup9._Configration_Scroller1.ScrollerSkin193.Group42.initGroup.Image1555" rotation="0" x="835" y="370"/>
    <PWB deviceID="" scale="0.25" resource="Configration.ApplicationSkin2._ApplicationSkin_Group1.contentGroup.HGroup5.VGroup9._Configration_Scroller1.ScrollerSkin193.Group42.initGroup.Image1416" rotation="0" x="845" y="320"/>
    <HANDAUTO deviceID="" scale="1" resource="Configration.ApplicationSkin2._ApplicationSkin_Group1.contentGroup.HGroup5.VGroup9._Configration_Scroller1.ScrollerSkin193.Group42.initGroup.Image1639" rotation="0" x="915" y="330"/>
    <TEXT textAlign="right" deviceID="" widthInChars="5" color="16777215" fontWeight="bold" fontSize="18" fontFamily="Arial" param="" scale="1" text="41号集水坑" rotation="0" resource="Configration.ApplicationSkin2._ApplicationSkin_Group1.contentGroup.HGroup5.VGroup9._Configration_Scroller1.ScrollerSkin193.Group42.initGroup.TextInput1566" x="850" y="460"/>
  </Components>
</Configration>