<?xml version="1.0" encoding="utf-8"?><Configration>
  <LIST>
    <Component>
      <WSK/>
      <PWB/>
      <HANDAUTO/>
    </Component>
    <Image/>
  </LIST>
  <Components>
    <WSK scale="0.7" deviceID="7151" rotation="0" resource="Configration.ApplicationSkin2._ApplicationSkin_Group1.contentGroup.HGroup5.VGroup9._Configration_Scroller1.ScrollerSkin193.Group42.initGroup.Image42959" x="30" y="120"/>
    <TEXT widthInChars="6" deviceID="" textAlign="right" fontWeight="bold" fontSize="18" rotation="0" fontFamily="Arial" scale="1" text="污水间1-3 1#" param="" resource="Configration.ApplicationSkin2._ApplicationSkin_Group1.contentGroup.HGroup5.VGroup9._Configration_Scroller1.ScrollerSkin193.Group42.initGroup.TextInput42961" color="16777215" x="31" y="207"/>
    <PWB scale="0.25" deviceID="7175" rotation="0" resource="Configration.ApplicationSkin2._ApplicationSkin_Group1.contentGroup.HGroup5.VGroup9._Configration_Scroller1.ScrollerSkin193.Group42.initGroup.Image42964" x="40" y="70"/>
    <PWB scale="0.25" deviceID="7163" rotation="0" resource="Configration.ApplicationSkin2._ApplicationSkin_Group1.contentGroup.HGroup5.VGroup9._Configration_Scroller1.ScrollerSkin193.Group42.initGroup.Image42966" x="40" y="15"/>
    <TEXT widthInChars="1" deviceID="" textAlign="right" fontWeight="bold" fontSize="16" rotation="0" fontFamily="Arial" scale="1" text="1" param="" resource="Configration.ApplicationSkin2._ApplicationSkin_Group1.contentGroup.HGroup5.VGroup9._Configration_Scroller1.ScrollerSkin193.Group42.initGroup.TextInput42968" color="16777215" x="16" y="27"/>
    <TEXT widthInChars="1" deviceID="" textAlign="right" fontWeight="bold" fontSize="16" rotation="0" fontFamily="Arial" scale="1" text="2" param="" resource="Configration.ApplicationSkin2._ApplicationSkin_Group1.contentGroup.HGroup5.VGroup9._Configration_Scroller1.ScrollerSkin193.Group42.initGroup.TextInput42971" color="16777215" x="16" y="81"/>
    <HANDAUTO scale="1" deviceID="7151" rotation="0" resource="Configration.ApplicationSkin2._ApplicationSkin_Group1.contentGroup.HGroup5.VGroup9._Configration_Scroller1.ScrollerSkin193.Group42.initGroup.Image42974" x="49" y="125"/>
    <WSK scale="0.7" deviceID="7152" rotation="0" resource="Configration.ApplicationSkin2._ApplicationSkin_Group1.contentGroup.HGroup5.VGroup9._Configration_Scroller1.ScrollerSkin193.Group42.initGroup.Image42976" x="230" y="120"/>
    <WSK scale="0.7" deviceID="7153" rotation="0" resource="Configration.ApplicationSkin2._ApplicationSkin_Group1.contentGroup.HGroup5.VGroup9._Configration_Scroller1.ScrollerSkin193.Group42.initGroup.Image42978" x="430" y="120"/>
    <WSK scale="0.7" deviceID="7154" rotation="0" resource="Configration.ApplicationSkin2._ApplicationSkin_Group1.contentGroup.HGroup5.VGroup9._Configration_Scroller1.ScrollerSkin193.Group42.initGroup.Image42980" x="630" y="120"/>
    <WSK scale="0.7" deviceID="7155" rotation="0" resource="Configration.ApplicationSkin2._ApplicationSkin_Group1.contentGroup.HGroup5.VGroup9._Configration_Scroller1.ScrollerSkin193.Group42.initGroup.Image42982" x="830" y="120"/>
    <TEXT widthInChars="7" deviceID="" textAlign="right" fontWeight="bold" fontSize="18" rotation="0" fontFamily="Arial" scale="1" text="污水间1-12 1#" param="" resource="Configration.ApplicationSkin2._ApplicationSkin_Group1.contentGroup.HGroup5.VGroup9._Configration_Scroller1.ScrollerSkin193.Group42.initGroup.TextInput42984" color="16777215" x="416" y="208"/>
    <WSK scale="0.7" deviceID="7156" rotation="0" resource="Configration.ApplicationSkin2._ApplicationSkin_Group1.contentGroup.HGroup5.VGroup9._Configration_Scroller1.ScrollerSkin193.Group42.initGroup.Image42987" x="30" y="370"/>
    <HANDAUTO scale="1" deviceID="7156" rotation="0" resource="Configration.ApplicationSkin2._ApplicationSkin_Group1.contentGroup.HGroup5.VGroup9._Configration_Scroller1.ScrollerSkin193.Group42.initGroup.Image42989" x="48" y="376"/>
    <TEXT widthInChars="1" deviceID="" textAlign="right" fontWeight="bold" fontSize="16" rotation="0" fontFamily="Arial" scale="1" text="1" param="" resource="Configration.ApplicationSkin2._ApplicationSkin_Group1.contentGroup.HGroup5.VGroup9._Configration_Scroller1.ScrollerSkin193.Group42.initGroup.TextInput42991" color="16777215" x="16" y="277"/>
    <TEXT widthInChars="1" deviceID="" textAlign="right" fontWeight="bold" fontSize="16" rotation="0" fontFamily="Arial" scale="1" text="2" param="" resource="Configration.ApplicationSkin2._ApplicationSkin_Group1.contentGroup.HGroup5.VGroup9._Configration_Scroller1.ScrollerSkin193.Group42.initGroup.TextInput42994" color="16777215" x="16" y="332"/>
    <TEXT widthInChars="1" deviceID="" textAlign="right" fontWeight="bold" fontSize="16" rotation="0" fontFamily="Arial" scale="1" text="1" param="" resource="Configration.ApplicationSkin2._ApplicationSkin_Group1.contentGroup.HGroup5.VGroup9._Configration_Scroller1.ScrollerSkin193.Group42.initGroup.TextInput42997" color="16777215" x="216" y="27"/>
    <TEXT widthInChars="1" deviceID="" textAlign="right" fontWeight="bold" fontSize="16" rotation="0" fontFamily="Arial" scale="1" text="2" param="" resource="Configration.ApplicationSkin2._ApplicationSkin_Group1.contentGroup.HGroup5.VGroup9._Configration_Scroller1.ScrollerSkin193.Group42.initGroup.TextInput43000" color="16777215" x="216" y="82"/>
    <HANDAUTO scale="1" deviceID="7152" rotation="0" resource="Configration.ApplicationSkin2._ApplicationSkin_Group1.contentGroup.HGroup5.VGroup9._Configration_Scroller1.ScrollerSkin193.Group42.initGroup.Image43003" x="249" y="126"/>
    <HANDAUTO scale="1" deviceID="7153" rotation="0" resource="Configration.ApplicationSkin2._ApplicationSkin_Group1.contentGroup.HGroup5.VGroup9._Configration_Scroller1.ScrollerSkin193.Group42.initGroup.Image43005" x="449" y="125"/>
    <HANDAUTO scale="1" deviceID="7154" rotation="0" resource="Configration.ApplicationSkin2._ApplicationSkin_Group1.contentGroup.HGroup5.VGroup9._Configration_Scroller1.ScrollerSkin193.Group42.initGroup.Image43007" x="648" y="124"/>
    <HANDAUTO scale="1" deviceID="7155" rotation="0" resource="Configration.ApplicationSkin2._ApplicationSkin_Group1.contentGroup.HGroup5.VGroup9._Configration_Scroller1.ScrollerSkin193.Group42.initGroup.Image43009" x="848" y="125"/>
    <WSK scale="0.7" deviceID="7157" rotation="0" resource="Configration.ApplicationSkin2._ApplicationSkin_Group1.contentGroup.HGroup5.VGroup9._Configration_Scroller1.ScrollerSkin193.Group42.initGroup.Image43011" x="230" y="370"/>
    <WSK scale="0.7" deviceID="7158" rotation="0" resource="Configration.ApplicationSkin2._ApplicationSkin_Group1.contentGroup.HGroup5.VGroup9._Configration_Scroller1.ScrollerSkin193.Group42.initGroup.Image43013" x="430" y="370"/>
    <WSK scale="0.7" deviceID="7159" rotation="0" resource="Configration.ApplicationSkin2._ApplicationSkin_Group1.contentGroup.HGroup5.VGroup9._Configration_Scroller1.ScrollerSkin193.Group42.initGroup.Image43015" x="630" y="370"/>
    <WSK scale="0.7" deviceID="7160" rotation="0" resource="Configration.ApplicationSkin2._ApplicationSkin_Group1.contentGroup.HGroup5.VGroup9._Configration_Scroller1.ScrollerSkin193.Group42.initGroup.Image43017" x="830" y="370"/>
    <TEXT widthInChars="1" deviceID="" textAlign="right" fontWeight="bold" fontSize="16" rotation="0" fontFamily="Arial" scale="1" text="1" param="" resource="Configration.ApplicationSkin2._ApplicationSkin_Group1.contentGroup.HGroup5.VGroup9._Configration_Scroller1.ScrollerSkin193.Group42.initGroup.TextInput43019" color="16777215" x="216" y="277"/>
    <TEXT widthInChars="1" deviceID="" textAlign="right" fontWeight="bold" fontSize="16" rotation="0" fontFamily="Arial" scale="1" text="1" param="" resource="Configration.ApplicationSkin2._ApplicationSkin_Group1.contentGroup.HGroup5.VGroup9._Configration_Scroller1.ScrollerSkin193.Group42.initGroup.TextInput43022" color="16777215" x="416" y="277"/>
    <TEXT widthInChars="1" deviceID="" textAlign="right" fontWeight="bold" fontSize="16" rotation="0" fontFamily="Arial" scale="1" text="1" param="" resource="Configration.ApplicationSkin2._ApplicationSkin_Group1.contentGroup.HGroup5.VGroup9._Configration_Scroller1.ScrollerSkin193.Group42.initGroup.TextInput43025" color="16777215" x="616" y="277"/>
    <TEXT widthInChars="1" deviceID="" textAlign="right" fontWeight="bold" fontSize="16" rotation="0" fontFamily="Arial" scale="1" text="1" param="" resource="Configration.ApplicationSkin2._ApplicationSkin_Group1.contentGroup.HGroup5.VGroup9._Configration_Scroller1.ScrollerSkin193.Group42.initGroup.TextInput43028" color="16777215" x="816" y="277"/>
    <TEXT widthInChars="1" deviceID="" textAlign="right" fontWeight="bold" fontSize="16" rotation="0" fontFamily="Arial" scale="1" text="2" param="" resource="Configration.ApplicationSkin2._ApplicationSkin_Group1.contentGroup.HGroup5.VGroup9._Configration_Scroller1.ScrollerSkin193.Group42.initGroup.TextInput43031" color="16777215" x="216" y="332"/>
    <TEXT widthInChars="1" deviceID="" textAlign="right" fontWeight="bold" fontSize="16" rotation="0" fontFamily="Arial" scale="1" text="2" param="" resource="Configration.ApplicationSkin2._ApplicationSkin_Group1.contentGroup.HGroup5.VGroup9._Configration_Scroller1.ScrollerSkin193.Group42.initGroup.TextInput43034" color="16777215" x="416" y="332"/>
    <TEXT widthInChars="1" deviceID="" textAlign="right" fontWeight="bold" fontSize="16" rotation="0" fontFamily="Arial" scale="1" text="2" param="" resource="Configration.ApplicationSkin2._ApplicationSkin_Group1.contentGroup.HGroup5.VGroup9._Configration_Scroller1.ScrollerSkin193.Group42.initGroup.TextInput43037" color="16777215" x="616" y="332"/>
    <TEXT widthInChars="1" deviceID="" textAlign="right" fontWeight="bold" fontSize="16" rotation="0" fontFamily="Arial" scale="1" text="2" param="" resource="Configration.ApplicationSkin2._ApplicationSkin_Group1.contentGroup.HGroup5.VGroup9._Configration_Scroller1.ScrollerSkin193.Group42.initGroup.TextInput43040" color="16777215" x="816" y="332"/>
    <HANDAUTO scale="1" deviceID="7160" rotation="0" resource="Configration.ApplicationSkin2._ApplicationSkin_Group1.contentGroup.HGroup5.VGroup9._Configration_Scroller1.ScrollerSkin193.Group42.initGroup.Image43043" x="849" y="375"/>
    <HANDAUTO scale="1" deviceID="7157" rotation="0" resource="Configration.ApplicationSkin2._ApplicationSkin_Group1.contentGroup.HGroup5.VGroup9._Configration_Scroller1.ScrollerSkin193.Group42.initGroup.Image43045" x="249" y="374"/>
    <HANDAUTO scale="1" deviceID="7158" rotation="0" resource="Configration.ApplicationSkin2._ApplicationSkin_Group1.contentGroup.HGroup5.VGroup9._Configration_Scroller1.ScrollerSkin193.Group42.initGroup.Image43047" x="449" y="375"/>
    <HANDAUTO scale="1" deviceID="7159" rotation="0" resource="Configration.ApplicationSkin2._ApplicationSkin_Group1.contentGroup.HGroup5.VGroup9._Configration_Scroller1.ScrollerSkin193.Group42.initGroup.Image43049" x="648" y="375"/>
    <PWB scale="0.25" deviceID="7164" rotation="0" resource="Configration.ApplicationSkin2._ApplicationSkin_Group1.contentGroup.HGroup5.VGroup9._Configration_Scroller1.ScrollerSkin193.Group42.initGroup.Image43051" x="240" y="15"/>
    <TEXT widthInChars="1" deviceID="" textAlign="right" fontWeight="bold" fontSize="16" rotation="0" fontFamily="Arial" scale="1" text="1" param="" resource="Configration.ApplicationSkin2._ApplicationSkin_Group1.contentGroup.HGroup5.VGroup9._Configration_Scroller1.ScrollerSkin193.Group42.initGroup.TextInput43053" color="16777215" x="416" y="27"/>
    <TEXT widthInChars="1" deviceID="" textAlign="right" fontWeight="bold" fontSize="16" rotation="0" fontFamily="Arial" scale="1" text="1" param="" resource="Configration.ApplicationSkin2._ApplicationSkin_Group1.contentGroup.HGroup5.VGroup9._Configration_Scroller1.ScrollerSkin193.Group42.initGroup.TextInput43056" color="16777215" x="616" y="27"/>
    <TEXT widthInChars="1" deviceID="" textAlign="right" fontWeight="bold" fontSize="16" rotation="0" fontFamily="Arial" scale="1" text="1" param="" resource="Configration.ApplicationSkin2._ApplicationSkin_Group1.contentGroup.HGroup5.VGroup9._Configration_Scroller1.ScrollerSkin193.Group42.initGroup.TextInput43059" color="16777215" x="816" y="27"/>
    <PWB scale="0.25" deviceID="7165" rotation="0" resource="Configration.ApplicationSkin2._ApplicationSkin_Group1.contentGroup.HGroup5.VGroup9._Configration_Scroller1.ScrollerSkin193.Group42.initGroup.Image43062" x="440" y="15"/>
    <PWB scale="0.25" deviceID="7166" rotation="0" resource="Configration.ApplicationSkin2._ApplicationSkin_Group1.contentGroup.HGroup5.VGroup9._Configration_Scroller1.ScrollerSkin193.Group42.initGroup.Image43064" x="640" y="15"/>
    <PWB scale="0.25" deviceID="7167" rotation="0" resource="Configration.ApplicationSkin2._ApplicationSkin_Group1.contentGroup.HGroup5.VGroup9._Configration_Scroller1.ScrollerSkin193.Group42.initGroup.Image43066" x="840" y="15"/>
    <PWB scale="0.25" deviceID="7176" rotation="0" resource="Configration.ApplicationSkin2._ApplicationSkin_Group1.contentGroup.HGroup5.VGroup9._Configration_Scroller1.ScrollerSkin193.Group42.initGroup.Image43068" x="240" y="70"/>
    <PWB scale="0.25" deviceID="7177" rotation="0" resource="Configration.ApplicationSkin2._ApplicationSkin_Group1.contentGroup.HGroup5.VGroup9._Configration_Scroller1.ScrollerSkin193.Group42.initGroup.Image43070" x="440" y="70"/>
    <PWB scale="0.25" deviceID="7178" rotation="0" resource="Configration.ApplicationSkin2._ApplicationSkin_Group1.contentGroup.HGroup5.VGroup9._Configration_Scroller1.ScrollerSkin193.Group42.initGroup.Image43072" x="640" y="70"/>
    <PWB scale="0.25" deviceID="7179" rotation="0" resource="Configration.ApplicationSkin2._ApplicationSkin_Group1.contentGroup.HGroup5.VGroup9._Configration_Scroller1.ScrollerSkin193.Group42.initGroup.Image43074" x="840" y="70"/>
    <TEXT widthInChars="1" deviceID="" textAlign="right" fontWeight="bold" fontSize="16" rotation="0" fontFamily="Arial" scale="1" text="2" param="" resource="Configration.ApplicationSkin2._ApplicationSkin_Group1.contentGroup.HGroup5.VGroup9._Configration_Scroller1.ScrollerSkin193.Group42.initGroup.TextInput43076" color="16777215" x="416" y="82"/>
    <TEXT widthInChars="1" deviceID="" textAlign="right" fontWeight="bold" fontSize="16" rotation="0" fontFamily="Arial" scale="1" text="2" param="" resource="Configration.ApplicationSkin2._ApplicationSkin_Group1.contentGroup.HGroup5.VGroup9._Configration_Scroller1.ScrollerSkin193.Group42.initGroup.TextInput43079" color="16777215" x="616" y="82"/>
    <TEXT widthInChars="1" deviceID="" textAlign="right" fontWeight="bold" fontSize="16" rotation="0" fontFamily="Arial" scale="1" text="2" param="" resource="Configration.ApplicationSkin2._ApplicationSkin_Group1.contentGroup.HGroup5.VGroup9._Configration_Scroller1.ScrollerSkin193.Group42.initGroup.TextInput43082" color="16777215" x="816" y="82"/>
    <PWB scale="0.25" deviceID="7168" rotation="0" resource="Configration.ApplicationSkin2._ApplicationSkin_Group1.contentGroup.HGroup5.VGroup9._Configration_Scroller1.ScrollerSkin193.Group42.initGroup.Image43085" x="40" y="260"/>
    <PWB scale="0.25" deviceID="7180" rotation="0" resource="Configration.ApplicationSkin2._ApplicationSkin_Group1.contentGroup.HGroup5.VGroup9._Configration_Scroller1.ScrollerSkin193.Group42.initGroup.Image43087" x="40" y="320"/>
    <PWB scale="0.25" deviceID="7169" rotation="0" resource="Configration.ApplicationSkin2._ApplicationSkin_Group1.contentGroup.HGroup5.VGroup9._Configration_Scroller1.ScrollerSkin193.Group42.initGroup.Image43089" x="240" y="260"/>
    <PWB scale="0.25" deviceID="7170" rotation="0" resource="Configration.ApplicationSkin2._ApplicationSkin_Group1.contentGroup.HGroup5.VGroup9._Configration_Scroller1.ScrollerSkin193.Group42.initGroup.Image43091" x="440" y="260"/>
    <PWB scale="0.25" deviceID="7171" rotation="0" resource="Configration.ApplicationSkin2._ApplicationSkin_Group1.contentGroup.HGroup5.VGroup9._Configration_Scroller1.ScrollerSkin193.Group42.initGroup.Image43093" x="640" y="260"/>
    <PWB scale="0.25" deviceID="7172" rotation="0" resource="Configration.ApplicationSkin2._ApplicationSkin_Group1.contentGroup.HGroup5.VGroup9._Configration_Scroller1.ScrollerSkin193.Group42.initGroup.Image43095" x="840" y="260"/>
    <PWB scale="0.25" deviceID="7181" rotation="0" resource="Configration.ApplicationSkin2._ApplicationSkin_Group1.contentGroup.HGroup5.VGroup9._Configration_Scroller1.ScrollerSkin193.Group42.initGroup.Image43097" x="240" y="320"/>
    <PWB scale="0.25" deviceID="7182" rotation="0" resource="Configration.ApplicationSkin2._ApplicationSkin_Group1.contentGroup.HGroup5.VGroup9._Configration_Scroller1.ScrollerSkin193.Group42.initGroup.Image43099" x="440" y="320"/>
    <PWB scale="0.25" deviceID="7183" rotation="0" resource="Configration.ApplicationSkin2._ApplicationSkin_Group1.contentGroup.HGroup5.VGroup9._Configration_Scroller1.ScrollerSkin193.Group42.initGroup.Image43101" x="640" y="320"/>
    <PWB scale="0.25" deviceID="7184" rotation="0" resource="Configration.ApplicationSkin2._ApplicationSkin_Group1.contentGroup.HGroup5.VGroup9._Configration_Scroller1.ScrollerSkin193.Group42.initGroup.Image43103" x="840" y="320"/>
    <TEXT widthInChars="6" deviceID="" textAlign="right" fontWeight="bold" fontSize="18" rotation="0" fontFamily="Arial" scale="1" text="污水间1-3 2#" param="" resource="Configration.ApplicationSkin2._ApplicationSkin_Group1.contentGroup.HGroup5.VGroup9._Configration_Scroller1.ScrollerSkin193.Group42.initGroup.TextInput43105" color="16777215" x="229" y="208"/>
    <LABEL widthInChars="6" deviceID="7163" textAlign="right" fontWeight="normal" fontSize="12" rotation="0" fontFamily="digifaw" scale="1" text="" param="runTime" resource="Configration.ApplicationSkin2._ApplicationSkin_Group1.contentGroup.HGroup5.VGroup9._Configration_Scroller1.ScrollerSkin193.Group42.initGroup.TextInput43108" color="65280" x="105" y="40"/>
    <TEXT widthInChars="6" deviceID="" textAlign="right" fontWeight="bold" fontSize="14" rotation="0" fontFamily="宋体" scale="1" text="累计运行时间" param="" resource="Configration.ApplicationSkin2._ApplicationSkin_Group1.contentGroup.HGroup5.VGroup9._Configration_Scroller1.ScrollerSkin193.Group42.initGroup.TextInput43111" color="16777215" x="103" y="19"/>
    <LABEL widthInChars="6" deviceID="7175" textAlign="right" fontWeight="normal" fontSize="12" rotation="0" fontFamily="digifaw" scale="1" text="" param="runTime" resource="Configration.ApplicationSkin2._ApplicationSkin_Group1.contentGroup.HGroup5.VGroup9._Configration_Scroller1.ScrollerSkin193.Group42.initGroup.TextInput43114" color="65280" x="105" y="95"/>
    <TEXT widthInChars="6" deviceID="" textAlign="right" fontWeight="bold" fontSize="14" rotation="0" fontFamily="宋体" scale="1" text="累计运行时间" param="" resource="Configration.ApplicationSkin2._ApplicationSkin_Group1.contentGroup.HGroup5.VGroup9._Configration_Scroller1.ScrollerSkin193.Group42.initGroup.TextInput43117" color="16777215" x="103" y="75"/>
    <LABEL widthInChars="6" deviceID="7176" textAlign="right" fontWeight="normal" fontSize="12" rotation="0" fontFamily="digifaw" scale="1" text="" param="runTime" resource="Configration.ApplicationSkin2._ApplicationSkin_Group1.contentGroup.HGroup5.VGroup9._Configration_Scroller1.ScrollerSkin193.Group42.initGroup.TextInput43120" color="65280" x="304" y="95"/>
    <LABEL widthInChars="6" deviceID="7164" textAlign="right" fontWeight="normal" fontSize="12" rotation="0" fontFamily="digifaw" scale="1" text="" param="runTime" resource="Configration.ApplicationSkin2._ApplicationSkin_Group1.contentGroup.HGroup5.VGroup9._Configration_Scroller1.ScrollerSkin193.Group42.initGroup.TextInput43123" color="65280" x="305" y="40"/>
    <TEXT widthInChars="6" deviceID="" textAlign="right" fontWeight="bold" fontSize="14" rotation="0" fontFamily="宋体" scale="1" text="累计运行时间" param="" resource="Configration.ApplicationSkin2._ApplicationSkin_Group1.contentGroup.HGroup5.VGroup9._Configration_Scroller1.ScrollerSkin193.Group42.initGroup.TextInput43126" color="16777215" x="301" y="19"/>
    <TEXT widthInChars="6" deviceID="" textAlign="right" fontWeight="bold" fontSize="14" rotation="0" fontFamily="宋体" scale="1" text="累计运行时间" param="" resource="Configration.ApplicationSkin2._ApplicationSkin_Group1.contentGroup.HGroup5.VGroup9._Configration_Scroller1.ScrollerSkin193.Group42.initGroup.TextInput43129" color="16777215" x="302" y="75"/>
    <TEXT widthInChars="7" deviceID="" textAlign="right" fontWeight="bold" fontSize="18" rotation="0" fontFamily="Arial" scale="1" text="污水间1-12 2#" param="" resource="Configration.ApplicationSkin2._ApplicationSkin_Group1.contentGroup.HGroup5.VGroup9._Configration_Scroller1.ScrollerSkin193.Group42.initGroup.TextInput43132" color="16777215" x="618" y="207"/>
    <LABEL widthInChars="6" deviceID="7165" textAlign="right" fontWeight="normal" fontSize="12" rotation="0" fontFamily="digifaw" scale="1" text="" param="runTime" resource="Configration.ApplicationSkin2._ApplicationSkin_Group1.contentGroup.HGroup5.VGroup9._Configration_Scroller1.ScrollerSkin193.Group42.initGroup.TextInput43135" color="65280" x="505" y="40"/>
    <LABEL widthInChars="6" deviceID="7177" textAlign="right" fontWeight="normal" fontSize="12" rotation="0" fontFamily="digifaw" scale="1" text="" param="runTime" resource="Configration.ApplicationSkin2._ApplicationSkin_Group1.contentGroup.HGroup5.VGroup9._Configration_Scroller1.ScrollerSkin193.Group42.initGroup.TextInput43138" color="65280" x="505" y="95"/>
    <TEXT widthInChars="6" deviceID="" textAlign="right" fontWeight="bold" fontSize="14" rotation="0" fontFamily="宋体" scale="1" text="累计运行时间" param="" resource="Configration.ApplicationSkin2._ApplicationSkin_Group1.contentGroup.HGroup5.VGroup9._Configration_Scroller1.ScrollerSkin193.Group42.initGroup.TextInput43141" color="16777215" x="501" y="20"/>
    <TEXT widthInChars="6" deviceID="" textAlign="right" fontWeight="bold" fontSize="14" rotation="0" fontFamily="宋体" scale="1" text="累计运行时间" param="" resource="Configration.ApplicationSkin2._ApplicationSkin_Group1.contentGroup.HGroup5.VGroup9._Configration_Scroller1.ScrollerSkin193.Group42.initGroup.TextInput43144" color="16777215" x="503" y="74"/>
    <LABEL widthInChars="6" deviceID="7178" textAlign="right" fontWeight="normal" fontSize="12" rotation="0" fontFamily="digifaw" scale="1" text="" param="runTime" resource="Configration.ApplicationSkin2._ApplicationSkin_Group1.contentGroup.HGroup5.VGroup9._Configration_Scroller1.ScrollerSkin193.Group42.initGroup.TextInput43147" color="65280" x="705" y="95"/>
    <LABEL widthInChars="6" deviceID="7166" textAlign="right" fontWeight="normal" fontSize="12" rotation="0" fontFamily="digifaw" scale="1" text="" param="runTime" resource="Configration.ApplicationSkin2._ApplicationSkin_Group1.contentGroup.HGroup5.VGroup9._Configration_Scroller1.ScrollerSkin193.Group42.initGroup.TextInput43150" color="65280" x="705" y="40"/>
    <TEXT widthInChars="6" deviceID="" textAlign="right" fontWeight="bold" fontSize="14" rotation="0" fontFamily="宋体" scale="1" text="累计运行时间" param="" resource="Configration.ApplicationSkin2._ApplicationSkin_Group1.contentGroup.HGroup5.VGroup9._Configration_Scroller1.ScrollerSkin193.Group42.initGroup.TextInput43153" color="16777215" x="702" y="20"/>
    <TEXT widthInChars="6" deviceID="" textAlign="right" fontWeight="bold" fontSize="14" rotation="0" fontFamily="宋体" scale="1" text="累计运行时间" param="" resource="Configration.ApplicationSkin2._ApplicationSkin_Group1.contentGroup.HGroup5.VGroup9._Configration_Scroller1.ScrollerSkin193.Group42.initGroup.TextInput43156" color="16777215" x="701" y="75"/>
    <TEXT widthInChars="7" deviceID="" textAlign="right" fontWeight="bold" fontSize="18" rotation="0" fontFamily="Arial" scale="1" text="污水间1-11 1#" param="" resource="Configration.ApplicationSkin2._ApplicationSkin_Group1.contentGroup.HGroup5.VGroup9._Configration_Scroller1.ScrollerSkin193.Group42.initGroup.TextInput43159" color="16777215" x="817" y="207"/>
    <LABEL widthInChars="6" deviceID="7179" textAlign="right" fontWeight="normal" fontSize="12" rotation="0" fontFamily="digifaw" scale="1" text="" param="runTime" resource="Configration.ApplicationSkin2._ApplicationSkin_Group1.contentGroup.HGroup5.VGroup9._Configration_Scroller1.ScrollerSkin193.Group42.initGroup.TextInput43162" color="65280" x="905" y="95"/>
    <TEXT widthInChars="6" deviceID="" textAlign="right" fontWeight="bold" fontSize="14" rotation="0" fontFamily="宋体" scale="1" text="累计运行时间" param="" resource="Configration.ApplicationSkin2._ApplicationSkin_Group1.contentGroup.HGroup5.VGroup9._Configration_Scroller1.ScrollerSkin193.Group42.initGroup.TextInput43165" color="16777215" x="902" y="74"/>
    <LABEL widthInChars="6" deviceID="7167" textAlign="right" fontWeight="normal" fontSize="12" rotation="0" fontFamily="digifaw" scale="1" text="" param="runTime" resource="Configration.ApplicationSkin2._ApplicationSkin_Group1.contentGroup.HGroup5.VGroup9._Configration_Scroller1.ScrollerSkin193.Group42.initGroup.TextInput43168" color="65280" x="905" y="40"/>
    <TEXT widthInChars="6" deviceID="" textAlign="right" fontWeight="bold" fontSize="14" rotation="0" fontFamily="宋体" scale="1" text="累计运行时间" param="" resource="Configration.ApplicationSkin2._ApplicationSkin_Group1.contentGroup.HGroup5.VGroup9._Configration_Scroller1.ScrollerSkin193.Group42.initGroup.TextInput43171" color="16777215" x="902" y="20"/>
    <TEXT widthInChars="7" deviceID="" textAlign="right" fontWeight="bold" fontSize="18" rotation="0" fontFamily="Arial" scale="1" text="污水间1-11 2#" param="" resource="Configration.ApplicationSkin2._ApplicationSkin_Group1.contentGroup.HGroup5.VGroup9._Configration_Scroller1.ScrollerSkin193.Group42.initGroup.TextInput43174" color="16777215" x="16" y="458"/>
    <LABEL widthInChars="6" deviceID="7180" textAlign="right" fontWeight="normal" fontSize="12" rotation="0" fontFamily="digifaw" scale="1" text="" param="runTime" resource="Configration.ApplicationSkin2._ApplicationSkin_Group1.contentGroup.HGroup5.VGroup9._Configration_Scroller1.ScrollerSkin193.Group42.initGroup.TextInput43177" color="65280" x="105" y="345"/>
    <LABEL widthInChars="6" deviceID="7168" textAlign="right" fontWeight="normal" fontSize="12" rotation="0" fontFamily="digifaw" scale="1" text="" param="runTime" resource="Configration.ApplicationSkin2._ApplicationSkin_Group1.contentGroup.HGroup5.VGroup9._Configration_Scroller1.ScrollerSkin193.Group42.initGroup.TextInput43180" color="65280" x="105" y="285"/>
    <TEXT widthInChars="6" deviceID="" textAlign="right" fontWeight="bold" fontSize="14" rotation="0" fontFamily="宋体" scale="1" text="累计运行时间" param="" resource="Configration.ApplicationSkin2._ApplicationSkin_Group1.contentGroup.HGroup5.VGroup9._Configration_Scroller1.ScrollerSkin193.Group42.initGroup.TextInput43183" color="16777215" x="102" y="265"/>
    <TEXT widthInChars="6" deviceID="" textAlign="right" fontWeight="bold" fontSize="14" rotation="0" fontFamily="宋体" scale="1" text="累计运行时间" param="" resource="Configration.ApplicationSkin2._ApplicationSkin_Group1.contentGroup.HGroup5.VGroup9._Configration_Scroller1.ScrollerSkin193.Group42.initGroup.TextInput43186" color="16777215" x="103" y="326"/>
    <TEXT widthInChars="6" deviceID="" textAlign="right" fontWeight="bold" fontSize="18" rotation="0" fontFamily="Arial" scale="1" text="污水间1-9 1#" param="" resource="Configration.ApplicationSkin2._ApplicationSkin_Group1.contentGroup.HGroup5.VGroup9._Configration_Scroller1.ScrollerSkin193.Group42.initGroup.TextInput43189" color="16777215" x="231" y="458"/>
    <LABEL widthInChars="6" deviceID="7169" textAlign="right" fontWeight="normal" fontSize="12" rotation="0" fontFamily="digifaw" scale="1" text="" param="runTime" resource="Configration.ApplicationSkin2._ApplicationSkin_Group1.contentGroup.HGroup5.VGroup9._Configration_Scroller1.ScrollerSkin193.Group42.initGroup.TextInput43192" color="65280" x="305" y="285"/>
    <LABEL widthInChars="6" deviceID="7181" textAlign="right" fontWeight="normal" fontSize="12" rotation="0" fontFamily="digifaw" scale="1" text="" param="runTime" resource="Configration.ApplicationSkin2._ApplicationSkin_Group1.contentGroup.HGroup5.VGroup9._Configration_Scroller1.ScrollerSkin193.Group42.initGroup.TextInput43195" color="65280" x="305" y="345"/>
    <TEXT widthInChars="6" deviceID="" textAlign="right" fontWeight="bold" fontSize="14" rotation="0" fontFamily="宋体" scale="1" text="累计运行时间" param="" resource="Configration.ApplicationSkin2._ApplicationSkin_Group1.contentGroup.HGroup5.VGroup9._Configration_Scroller1.ScrollerSkin193.Group42.initGroup.TextInput43198" color="16777215" x="303" y="266"/>
    <TEXT widthInChars="6" deviceID="" textAlign="right" fontWeight="bold" fontSize="14" rotation="0" fontFamily="宋体" scale="1" text="累计运行时间" param="" resource="Configration.ApplicationSkin2._ApplicationSkin_Group1.contentGroup.HGroup5.VGroup9._Configration_Scroller1.ScrollerSkin193.Group42.initGroup.TextInput43201" color="16777215" x="303" y="326"/>
    <TEXT widthInChars="6" deviceID="" textAlign="right" fontWeight="bold" fontSize="18" rotation="0" fontFamily="Arial" scale="1" text="污水间1-9 2#" param="" resource="Configration.ApplicationSkin2._ApplicationSkin_Group1.contentGroup.HGroup5.VGroup9._Configration_Scroller1.ScrollerSkin193.Group42.initGroup.TextInput43204" color="16777215" x="431" y="457"/>
    <LABEL widthInChars="6" deviceID="7170" textAlign="right" fontWeight="normal" fontSize="12" rotation="0" fontFamily="digifaw" scale="1" text="" param="runTime" resource="Configration.ApplicationSkin2._ApplicationSkin_Group1.contentGroup.HGroup5.VGroup9._Configration_Scroller1.ScrollerSkin193.Group42.initGroup.TextInput43207" color="65280" x="505" y="285"/>
    <LABEL widthInChars="6" deviceID="7183" textAlign="right" fontWeight="normal" fontSize="12" rotation="0" fontFamily="digifaw" scale="1" text="" param="runTime" resource="Configration.ApplicationSkin2._ApplicationSkin_Group1.contentGroup.HGroup5.VGroup9._Configration_Scroller1.ScrollerSkin193.Group42.initGroup.TextInput43210" color="65280" x="705" y="345"/>
    <TEXT widthInChars="6" deviceID="" textAlign="right" fontWeight="bold" fontSize="14" rotation="0" fontFamily="宋体" scale="1" text="累计运行时间" param="" resource="Configration.ApplicationSkin2._ApplicationSkin_Group1.contentGroup.HGroup5.VGroup9._Configration_Scroller1.ScrollerSkin193.Group42.initGroup.TextInput43213" color="16777215" x="502" y="266"/>
    <TEXT widthInChars="6" deviceID="" textAlign="right" fontWeight="bold" fontSize="14" rotation="0" fontFamily="宋体" scale="1" text="累计运行时间" param="" resource="Configration.ApplicationSkin2._ApplicationSkin_Group1.contentGroup.HGroup5.VGroup9._Configration_Scroller1.ScrollerSkin193.Group42.initGroup.TextInput43216" color="16777215" x="504" y="326"/>
    <TEXT widthInChars="4" deviceID="" textAlign="right" fontWeight="bold" fontSize="18" rotation="0" fontFamily="Arial" scale="1" text="卫生间1#" param="" resource="Configration.ApplicationSkin2._ApplicationSkin_Group1.contentGroup.HGroup5.VGroup9._Configration_Scroller1.ScrollerSkin193.Group42.initGroup.TextInput43219" color="16777215" x="649" y="456"/>
    <TEXT widthInChars="4" deviceID="" textAlign="right" fontWeight="bold" fontSize="18" rotation="0" fontFamily="Arial" scale="1" text="卫生间2#" param="" resource="Configration.ApplicationSkin2._ApplicationSkin_Group1.contentGroup.HGroup5.VGroup9._Configration_Scroller1.ScrollerSkin193.Group42.initGroup.TextInput43222" color="16777215" x="850" y="455"/>
    <LABEL widthInChars="6" deviceID="7171" textAlign="right" fontWeight="normal" fontSize="12" rotation="0" fontFamily="digifaw" scale="1" text="" param="runTime" resource="Configration.ApplicationSkin2._ApplicationSkin_Group1.contentGroup.HGroup5.VGroup9._Configration_Scroller1.ScrollerSkin193.Group42.initGroup.TextInput43225" color="65280" x="705" y="285"/>
    <LABEL widthInChars="6" deviceID="7182" textAlign="right" fontWeight="normal" fontSize="12" rotation="0" fontFamily="digifaw" scale="1" text="" param="runTime" resource="Configration.ApplicationSkin2._ApplicationSkin_Group1.contentGroup.HGroup5.VGroup9._Configration_Scroller1.ScrollerSkin193.Group42.initGroup.TextInput43228" color="65280" x="509" y="349"/>
    <TEXT widthInChars="6" deviceID="" textAlign="right" fontWeight="bold" fontSize="14" rotation="0" fontFamily="宋体" scale="1" text="累计运行时间" param="" resource="Configration.ApplicationSkin2._ApplicationSkin_Group1.contentGroup.HGroup5.VGroup9._Configration_Scroller1.ScrollerSkin193.Group42.initGroup.TextInput43231" color="16777215" x="700" y="265"/>
    <TEXT widthInChars="6" deviceID="" textAlign="right" fontWeight="bold" fontSize="14" rotation="0" fontFamily="宋体" scale="1" text="累计运行时间" param="" resource="Configration.ApplicationSkin2._ApplicationSkin_Group1.contentGroup.HGroup5.VGroup9._Configration_Scroller1.ScrollerSkin193.Group42.initGroup.TextInput43234" color="16777215" x="703" y="326"/>
    <LABEL widthInChars="6" deviceID="7172" textAlign="right" fontWeight="normal" fontSize="12" rotation="0" fontFamily="digifaw" scale="1" text="" param="runTime" resource="Configration.ApplicationSkin2._ApplicationSkin_Group1.contentGroup.HGroup5.VGroup9._Configration_Scroller1.ScrollerSkin193.Group42.initGroup.TextInput43237" color="65280" x="905" y="285"/>
    <LABEL widthInChars="6" deviceID="7184" textAlign="right" fontWeight="normal" fontSize="12" rotation="0" fontFamily="digifaw" scale="1" text="" param="runTime" resource="Configration.ApplicationSkin2._ApplicationSkin_Group1.contentGroup.HGroup5.VGroup9._Configration_Scroller1.ScrollerSkin193.Group42.initGroup.TextInput43240" color="65280" x="905" y="345"/>
    <TEXT widthInChars="6" deviceID="" textAlign="right" fontWeight="bold" fontSize="14" rotation="0" fontFamily="宋体" scale="1" text="累计运行时间" param="" resource="Configration.ApplicationSkin2._ApplicationSkin_Group1.contentGroup.HGroup5.VGroup9._Configration_Scroller1.ScrollerSkin193.Group42.initGroup.TextInput43243" color="16777215" x="901" y="265"/>
    <TEXT widthInChars="6" deviceID="" textAlign="right" fontWeight="bold" fontSize="14" rotation="0" fontFamily="宋体" scale="1" text="累计运行时间" param="" resource="Configration.ApplicationSkin2._ApplicationSkin_Group1.contentGroup.HGroup5.VGroup9._Configration_Scroller1.ScrollerSkin193.Group42.initGroup.TextInput43246" color="16777215" x="901" y="325"/>
  </Components>
</Configration>