<?xml version="1.0" encoding="utf-8"?><Configration>
  <LIST>
    <Component>
      <WSK/>
      <PWB/>
      <HANDAUTO/>
    </Component>
    <Image/>
  </LIST>
  <Components>
    <WSK deviceID="" scale="0.7" resource="Configration.ApplicationSkin2._ApplicationSkin_Group1.contentGroup.HGroup5.VGroup9._Configration_Scroller1.ScrollerSkin193.Group42.initGroup.Image1411" rotation="0" x="30" y="120"/>
    <TEXT textAlign="right" deviceID="" text="41号集水坑" fontWeight="bold" fontSize="18" fontFamily="Arial" param="" scale="1" resource="Configration.ApplicationSkin2._ApplicationSkin_Group1.contentGroup.HGroup5.VGroup9._Configration_Scroller1.ScrollerSkin193.Group42.initGroup.TextInput1413" rotation="0" color="16777215" widthInChars="5" x="40" y="210"/>
    <PWB deviceID="" scale="0.25" resource="Configration.ApplicationSkin2._ApplicationSkin_Group1.contentGroup.HGroup5.VGroup9._Configration_Scroller1.ScrollerSkin193.Group42.initGroup.Image1416" rotation="0" x="40" y="70"/>
    <PWB deviceID="" scale="0.25" resource="Configration.ApplicationSkin2._ApplicationSkin_Group1.contentGroup.HGroup5.VGroup9._Configration_Scroller1.ScrollerSkin193.Group42.initGroup.Image1418" rotation="0" x="40" y="15"/>
    <TEXT textAlign="right" deviceID="" text="主" fontWeight="bold" fontSize="16" fontFamily="Arial" param="" scale="1" resource="Configration.ApplicationSkin2._ApplicationSkin_Group1.contentGroup.HGroup5.VGroup9._Configration_Scroller1.ScrollerSkin193.Group42.initGroup.TextInput1420" rotation="0" color="16777215" widthInChars="1" x="16" y="27"/>
    <TEXT textAlign="right" deviceID="" text="备" fontWeight="bold" fontSize="16" fontFamily="Arial" param="" scale="1" resource="Configration.ApplicationSkin2._ApplicationSkin_Group1.contentGroup.HGroup5.VGroup9._Configration_Scroller1.ScrollerSkin193.Group42.initGroup.TextInput1425" rotation="0" color="16777215" widthInChars="1" x="16" y="81"/>
    <HANDAUTO deviceID="" scale="1" resource="Configration.ApplicationSkin2._ApplicationSkin_Group1.contentGroup.HGroup5.VGroup9._Configration_Scroller1.ScrollerSkin193.Group42.initGroup.Image1428" rotation="0" x="110" y="25"/>
    <HANDAUTO deviceID="" scale="1" resource="Configration.ApplicationSkin2._ApplicationSkin_Group1.contentGroup.HGroup5.VGroup9._Configration_Scroller1.ScrollerSkin193.Group42.initGroup.Image1430" rotation="0" x="110" y="80"/>
    <WSK deviceID="" scale="0.7" resource="Configration.ApplicationSkin2._ApplicationSkin_Group1.contentGroup.HGroup5.VGroup9._Configration_Scroller1.ScrollerSkin193.Group42.initGroup.Image1432" rotation="0" x="230" y="120"/>
    <WSK deviceID="" scale="0.7" resource="Configration.ApplicationSkin2._ApplicationSkin_Group1.contentGroup.HGroup5.VGroup9._Configration_Scroller1.ScrollerSkin193.Group42.initGroup.Image1434" rotation="0" x="430" y="120"/>
    <WSK deviceID="" scale="0.7" resource="Configration.ApplicationSkin2._ApplicationSkin_Group1.contentGroup.HGroup5.VGroup9._Configration_Scroller1.ScrollerSkin193.Group42.initGroup.Image1436" rotation="0" x="630" y="120"/>
    <WSK deviceID="" scale="0.7" resource="Configration.ApplicationSkin2._ApplicationSkin_Group1.contentGroup.HGroup5.VGroup9._Configration_Scroller1.ScrollerSkin193.Group42.initGroup.Image1438" rotation="0" x="830" y="120"/>
    <TEXT textAlign="right" deviceID="" text="42号集水坑" fontWeight="bold" fontSize="18" fontFamily="Arial" param="" scale="1" resource="Configration.ApplicationSkin2._ApplicationSkin_Group1.contentGroup.HGroup5.VGroup9._Configration_Scroller1.ScrollerSkin193.Group42.initGroup.TextInput1440" rotation="0" color="16777215" widthInChars="5" x="240" y="210"/>
    <TEXT textAlign="right" deviceID="" text="43号集水坑" fontWeight="bold" fontSize="18" fontFamily="Arial" param="" scale="1" resource="Configration.ApplicationSkin2._ApplicationSkin_Group1.contentGroup.HGroup5.VGroup9._Configration_Scroller1.ScrollerSkin193.Group42.initGroup.TextInput1443" rotation="0" color="16777215" widthInChars="5" x="440" y="210"/>
    <TEXT textAlign="right" deviceID="" text="44号集水坑" fontWeight="bold" fontSize="18" fontFamily="Arial" param="" scale="1" resource="Configration.ApplicationSkin2._ApplicationSkin_Group1.contentGroup.HGroup5.VGroup9._Configration_Scroller1.ScrollerSkin193.Group42.initGroup.TextInput1446" rotation="0" color="16777215" widthInChars="5" x="640" y="210"/>
    <TEXT textAlign="right" deviceID="" text="45号集水坑" fontWeight="bold" fontSize="18" fontFamily="Arial" param="" scale="1" resource="Configration.ApplicationSkin2._ApplicationSkin_Group1.contentGroup.HGroup5.VGroup9._Configration_Scroller1.ScrollerSkin193.Group42.initGroup.TextInput1449" rotation="0" color="16777215" widthInChars="5" x="840" y="210"/>
    <WSK deviceID="" scale="0.7" resource="Configration.ApplicationSkin2._ApplicationSkin_Group1.contentGroup.HGroup5.VGroup9._Configration_Scroller1.ScrollerSkin193.Group42.initGroup.Image1452" rotation="0" x="30" y="370"/>
    <HANDAUTO deviceID="" scale="1" resource="Configration.ApplicationSkin2._ApplicationSkin_Group1.contentGroup.HGroup5.VGroup9._Configration_Scroller1.ScrollerSkin193.Group42.initGroup.Image1460" rotation="0" x="110" y="270"/>
    <HANDAUTO deviceID="" scale="1" resource="Configration.ApplicationSkin2._ApplicationSkin_Group1.contentGroup.HGroup5.VGroup9._Configration_Scroller1.ScrollerSkin193.Group42.initGroup.Image1464" rotation="0" x="110" y="330"/>
    <TEXT textAlign="right" deviceID="" text="主" fontWeight="bold" fontSize="16" fontFamily="Arial" param="" scale="1" resource="Configration.ApplicationSkin2._ApplicationSkin_Group1.contentGroup.HGroup5.VGroup9._Configration_Scroller1.ScrollerSkin193.Group42.initGroup.TextInput1466" rotation="0" color="16777215" widthInChars="1" x="16" y="277"/>
    <TEXT textAlign="right" deviceID="" text="备" fontWeight="bold" fontSize="16" fontFamily="Arial" param="" scale="1" resource="Configration.ApplicationSkin2._ApplicationSkin_Group1.contentGroup.HGroup5.VGroup9._Configration_Scroller1.ScrollerSkin193.Group42.initGroup.TextInput1469" rotation="0" color="16777215" widthInChars="1" x="16" y="332"/>
    <TEXT textAlign="right" deviceID="" text="46号集水坑" fontWeight="bold" fontSize="18" fontFamily="Arial" param="" scale="1" resource="Configration.ApplicationSkin2._ApplicationSkin_Group1.contentGroup.HGroup5.VGroup9._Configration_Scroller1.ScrollerSkin193.Group42.initGroup.TextInput1472" rotation="0" color="16777215" widthInChars="5" x="40" y="460"/>
    <TEXT textAlign="right" deviceID="" text="主" fontWeight="bold" fontSize="16" fontFamily="Arial" param="" scale="1" resource="Configration.ApplicationSkin2._ApplicationSkin_Group1.contentGroup.HGroup5.VGroup9._Configration_Scroller1.ScrollerSkin193.Group42.initGroup.TextInput1475" rotation="0" color="16777215" widthInChars="1" x="216" y="27"/>
    <TEXT textAlign="right" deviceID="" text="备" fontWeight="bold" fontSize="16" fontFamily="Arial" param="" scale="1" resource="Configration.ApplicationSkin2._ApplicationSkin_Group1.contentGroup.HGroup5.VGroup9._Configration_Scroller1.ScrollerSkin193.Group42.initGroup.TextInput1495" rotation="0" color="16777215" widthInChars="1" x="216" y="82"/>
    <HANDAUTO deviceID="" scale="1" resource="Configration.ApplicationSkin2._ApplicationSkin_Group1.contentGroup.HGroup5.VGroup9._Configration_Scroller1.ScrollerSkin193.Group42.initGroup.Image1517" rotation="0" x="310" y="25"/>
    <HANDAUTO deviceID="" scale="1" resource="Configration.ApplicationSkin2._ApplicationSkin_Group1.contentGroup.HGroup5.VGroup9._Configration_Scroller1.ScrollerSkin193.Group42.initGroup.Image1523" rotation="0" x="310" y="80"/>
    <HANDAUTO deviceID="" scale="1" resource="Configration.ApplicationSkin2._ApplicationSkin_Group1.contentGroup.HGroup5.VGroup9._Configration_Scroller1.ScrollerSkin193.Group42.initGroup.Image1527" rotation="0" x="510" y="25"/>
    <HANDAUTO deviceID="" scale="1" resource="Configration.ApplicationSkin2._ApplicationSkin_Group1.contentGroup.HGroup5.VGroup9._Configration_Scroller1.ScrollerSkin193.Group42.initGroup.Image1531" rotation="0" x="510" y="80"/>
    <HANDAUTO deviceID="" scale="1" resource="Configration.ApplicationSkin2._ApplicationSkin_Group1.contentGroup.HGroup5.VGroup9._Configration_Scroller1.ScrollerSkin193.Group42.initGroup.Image1535" rotation="0" x="710" y="25"/>
    <HANDAUTO deviceID="" scale="1" resource="Configration.ApplicationSkin2._ApplicationSkin_Group1.contentGroup.HGroup5.VGroup9._Configration_Scroller1.ScrollerSkin193.Group42.initGroup.Image1539" rotation="0" x="710" y="80"/>
    <HANDAUTO deviceID="" scale="1" resource="Configration.ApplicationSkin2._ApplicationSkin_Group1.contentGroup.HGroup5.VGroup9._Configration_Scroller1.ScrollerSkin193.Group42.initGroup.Image1541" rotation="0" x="910" y="80"/>
    <HANDAUTO deviceID="" scale="1" resource="Configration.ApplicationSkin2._ApplicationSkin_Group1.contentGroup.HGroup5.VGroup9._Configration_Scroller1.ScrollerSkin193.Group42.initGroup.Image1547" rotation="0" x="910" y="25"/>
    <WSK deviceID="" scale="0.7" resource="Configration.ApplicationSkin2._ApplicationSkin_Group1.contentGroup.HGroup5.VGroup9._Configration_Scroller1.ScrollerSkin193.Group42.initGroup.Image1549" rotation="0" x="230" y="370"/>
    <WSK deviceID="" scale="0.7" resource="Configration.ApplicationSkin2._ApplicationSkin_Group1.contentGroup.HGroup5.VGroup9._Configration_Scroller1.ScrollerSkin193.Group42.initGroup.Image1551" rotation="0" x="430" y="370"/>
    <WSK deviceID="" scale="0.7" resource="Configration.ApplicationSkin2._ApplicationSkin_Group1.contentGroup.HGroup5.VGroup9._Configration_Scroller1.ScrollerSkin193.Group42.initGroup.Image1553" rotation="0" x="630" y="370"/>
    <WSK deviceID="" scale="0.7" resource="Configration.ApplicationSkin2._ApplicationSkin_Group1.contentGroup.HGroup5.VGroup9._Configration_Scroller1.ScrollerSkin193.Group42.initGroup.Image1555" rotation="0" x="830" y="370"/>
    <TEXT textAlign="right" deviceID="" text="47号集水坑" fontWeight="bold" fontSize="18" fontFamily="Arial" param="" scale="1" resource="Configration.ApplicationSkin2._ApplicationSkin_Group1.contentGroup.HGroup5.VGroup9._Configration_Scroller1.ScrollerSkin193.Group42.initGroup.TextInput1557" rotation="0" color="16777215" widthInChars="5" x="240" y="460"/>
    <TEXT textAlign="right" deviceID="" text="48号集水坑" fontWeight="bold" fontSize="18" fontFamily="Arial" param="" scale="1" resource="Configration.ApplicationSkin2._ApplicationSkin_Group1.contentGroup.HGroup5.VGroup9._Configration_Scroller1.ScrollerSkin193.Group42.initGroup.TextInput1560" rotation="0" color="16777215" widthInChars="5" x="440" y="460"/>
    <TEXT textAlign="right" deviceID="" text="49号集水坑" fontWeight="bold" fontSize="18" fontFamily="Arial" param="" scale="1" resource="Configration.ApplicationSkin2._ApplicationSkin_Group1.contentGroup.HGroup5.VGroup9._Configration_Scroller1.ScrollerSkin193.Group42.initGroup.TextInput1563" rotation="0" color="16777215" widthInChars="5" x="640" y="460"/>
    <TEXT textAlign="right" deviceID="" text="50号集水坑" fontWeight="bold" fontSize="18" fontFamily="Arial" param="" scale="1" resource="Configration.ApplicationSkin2._ApplicationSkin_Group1.contentGroup.HGroup5.VGroup9._Configration_Scroller1.ScrollerSkin193.Group42.initGroup.TextInput1566" rotation="0" color="16777215" widthInChars="5" x="840" y="460"/>
    <TEXT textAlign="right" deviceID="" text="主" fontWeight="bold" fontSize="16" fontFamily="Arial" param="" scale="1" resource="Configration.ApplicationSkin2._ApplicationSkin_Group1.contentGroup.HGroup5.VGroup9._Configration_Scroller1.ScrollerSkin193.Group42.initGroup.TextInput1569" rotation="0" color="16777215" widthInChars="1" x="216" y="277"/>
    <TEXT textAlign="right" deviceID="" text="主" fontWeight="bold" fontSize="16" fontFamily="Arial" param="" scale="1" resource="Configration.ApplicationSkin2._ApplicationSkin_Group1.contentGroup.HGroup5.VGroup9._Configration_Scroller1.ScrollerSkin193.Group42.initGroup.TextInput1572" rotation="0" color="16777215" widthInChars="1" x="416" y="277"/>
    <TEXT textAlign="right" deviceID="" text="主" fontWeight="bold" fontSize="16" fontFamily="Arial" param="" scale="1" resource="Configration.ApplicationSkin2._ApplicationSkin_Group1.contentGroup.HGroup5.VGroup9._Configration_Scroller1.ScrollerSkin193.Group42.initGroup.TextInput1575" rotation="0" color="16777215" widthInChars="1" x="616" y="277"/>
    <TEXT textAlign="right" deviceID="" text="主" fontWeight="bold" fontSize="16" fontFamily="Arial" param="" scale="1" resource="Configration.ApplicationSkin2._ApplicationSkin_Group1.contentGroup.HGroup5.VGroup9._Configration_Scroller1.ScrollerSkin193.Group42.initGroup.TextInput1578" rotation="0" color="16777215" widthInChars="1" x="816" y="277"/>
    <TEXT textAlign="right" deviceID="" text="备" fontWeight="bold" fontSize="16" fontFamily="Arial" param="" scale="1" resource="Configration.ApplicationSkin2._ApplicationSkin_Group1.contentGroup.HGroup5.VGroup9._Configration_Scroller1.ScrollerSkin193.Group42.initGroup.TextInput1581" rotation="0" color="16777215" widthInChars="1" x="216" y="332"/>
    <TEXT textAlign="right" deviceID="" text="备" fontWeight="bold" fontSize="16" fontFamily="Arial" param="" scale="1" resource="Configration.ApplicationSkin2._ApplicationSkin_Group1.contentGroup.HGroup5.VGroup9._Configration_Scroller1.ScrollerSkin193.Group42.initGroup.TextInput1584" rotation="0" color="16777215" widthInChars="1" x="416" y="332"/>
    <TEXT textAlign="right" deviceID="" text="备" fontWeight="bold" fontSize="16" fontFamily="Arial" param="" scale="1" resource="Configration.ApplicationSkin2._ApplicationSkin_Group1.contentGroup.HGroup5.VGroup9._Configration_Scroller1.ScrollerSkin193.Group42.initGroup.TextInput1587" rotation="0" color="16777215" widthInChars="1" x="616" y="332"/>
    <TEXT textAlign="right" deviceID="" text="备" fontWeight="bold" fontSize="16" fontFamily="Arial" param="" scale="1" resource="Configration.ApplicationSkin2._ApplicationSkin_Group1.contentGroup.HGroup5.VGroup9._Configration_Scroller1.ScrollerSkin193.Group42.initGroup.TextInput1590" rotation="0" color="16777215" widthInChars="1" x="816" y="332"/>
    <HANDAUTO deviceID="" scale="1" resource="Configration.ApplicationSkin2._ApplicationSkin_Group1.contentGroup.HGroup5.VGroup9._Configration_Scroller1.ScrollerSkin193.Group42.initGroup.Image1611" rotation="0" x="310" y="280"/>
    <HANDAUTO deviceID="" scale="1" resource="Configration.ApplicationSkin2._ApplicationSkin_Group1.contentGroup.HGroup5.VGroup9._Configration_Scroller1.ScrollerSkin193.Group42.initGroup.Image1619" rotation="0" x="510" y="270"/>
    <HANDAUTO deviceID="" scale="1" resource="Configration.ApplicationSkin2._ApplicationSkin_Group1.contentGroup.HGroup5.VGroup9._Configration_Scroller1.ScrollerSkin193.Group42.initGroup.Image1621" rotation="0" x="710" y="270"/>
    <HANDAUTO deviceID="" scale="1" resource="Configration.ApplicationSkin2._ApplicationSkin_Group1.contentGroup.HGroup5.VGroup9._Configration_Scroller1.ScrollerSkin193.Group42.initGroup.Image1623" rotation="0" x="910" y="270"/>
    <HANDAUTO deviceID="" scale="1" resource="Configration.ApplicationSkin2._ApplicationSkin_Group1.contentGroup.HGroup5.VGroup9._Configration_Scroller1.ScrollerSkin193.Group42.initGroup.Image1633" rotation="0" x="310" y="330"/>
    <HANDAUTO deviceID="" scale="1" resource="Configration.ApplicationSkin2._ApplicationSkin_Group1.contentGroup.HGroup5.VGroup9._Configration_Scroller1.ScrollerSkin193.Group42.initGroup.Image1635" rotation="0" x="510" y="330"/>
    <HANDAUTO deviceID="" scale="1" resource="Configration.ApplicationSkin2._ApplicationSkin_Group1.contentGroup.HGroup5.VGroup9._Configration_Scroller1.ScrollerSkin193.Group42.initGroup.Image1637" rotation="0" x="710" y="330"/>
    <HANDAUTO deviceID="" scale="1" resource="Configration.ApplicationSkin2._ApplicationSkin_Group1.contentGroup.HGroup5.VGroup9._Configration_Scroller1.ScrollerSkin193.Group42.initGroup.Image1639" rotation="0" x="910" y="330"/>
    <PWB deviceID="" scale="0.25" resource="Configration.ApplicationSkin2._ApplicationSkin_Group1.contentGroup.HGroup5.VGroup9._Configration_Scroller1.ScrollerSkin193.Group42.initGroup.Image1418" rotation="0" x="240" y="15"/>
    <TEXT textAlign="right" deviceID="" text="主" fontWeight="bold" fontSize="16" fontFamily="Arial" param="" scale="1" resource="Configration.ApplicationSkin2._ApplicationSkin_Group1.contentGroup.HGroup5.VGroup9._Configration_Scroller1.ScrollerSkin193.Group42.initGroup.TextInput1475" rotation="0" color="16777215" widthInChars="1" x="416" y="27"/>
    <TEXT textAlign="right" deviceID="" text="主" fontWeight="bold" fontSize="16" fontFamily="Arial" param="" scale="1" resource="Configration.ApplicationSkin2._ApplicationSkin_Group1.contentGroup.HGroup5.VGroup9._Configration_Scroller1.ScrollerSkin193.Group42.initGroup.TextInput1475" rotation="0" color="16777215" widthInChars="1" x="616" y="27"/>
    <TEXT textAlign="right" deviceID="" text="主" fontWeight="bold" fontSize="16" fontFamily="Arial" param="" scale="1" resource="Configration.ApplicationSkin2._ApplicationSkin_Group1.contentGroup.HGroup5.VGroup9._Configration_Scroller1.ScrollerSkin193.Group42.initGroup.TextInput1475" rotation="0" color="16777215" widthInChars="1" x="816" y="27"/>
    <PWB deviceID="" scale="0.25" resource="Configration.ApplicationSkin2._ApplicationSkin_Group1.contentGroup.HGroup5.VGroup9._Configration_Scroller1.ScrollerSkin193.Group42.initGroup.Image1418" rotation="0" x="440" y="15"/>
    <PWB deviceID="" scale="0.25" resource="Configration.ApplicationSkin2._ApplicationSkin_Group1.contentGroup.HGroup5.VGroup9._Configration_Scroller1.ScrollerSkin193.Group42.initGroup.Image1418" rotation="0" x="640" y="15"/>
    <PWB deviceID="" scale="0.25" resource="Configration.ApplicationSkin2._ApplicationSkin_Group1.contentGroup.HGroup5.VGroup9._Configration_Scroller1.ScrollerSkin193.Group42.initGroup.Image1418" rotation="0" x="840" y="15"/>
    <PWB deviceID="" scale="0.25" resource="Configration.ApplicationSkin2._ApplicationSkin_Group1.contentGroup.HGroup5.VGroup9._Configration_Scroller1.ScrollerSkin193.Group42.initGroup.Image1416" rotation="0" x="240" y="70"/>
    <PWB deviceID="" scale="0.25" resource="Configration.ApplicationSkin2._ApplicationSkin_Group1.contentGroup.HGroup5.VGroup9._Configration_Scroller1.ScrollerSkin193.Group42.initGroup.Image1416" rotation="0" x="440" y="70"/>
    <PWB deviceID="" scale="0.25" resource="Configration.ApplicationSkin2._ApplicationSkin_Group1.contentGroup.HGroup5.VGroup9._Configration_Scroller1.ScrollerSkin193.Group42.initGroup.Image1416" rotation="0" x="640" y="70"/>
    <PWB deviceID="" scale="0.25" resource="Configration.ApplicationSkin2._ApplicationSkin_Group1.contentGroup.HGroup5.VGroup9._Configration_Scroller1.ScrollerSkin193.Group42.initGroup.Image1416" rotation="0" x="840" y="70"/>
    <TEXT textAlign="right" deviceID="" text="备" fontWeight="bold" fontSize="16" fontFamily="Arial" param="" scale="1" resource="Configration.ApplicationSkin2._ApplicationSkin_Group1.contentGroup.HGroup5.VGroup9._Configration_Scroller1.ScrollerSkin193.Group42.initGroup.TextInput1495" rotation="0" color="16777215" widthInChars="1" x="416" y="82"/>
    <TEXT textAlign="right" deviceID="" text="备" fontWeight="bold" fontSize="16" fontFamily="Arial" param="" scale="1" resource="Configration.ApplicationSkin2._ApplicationSkin_Group1.contentGroup.HGroup5.VGroup9._Configration_Scroller1.ScrollerSkin193.Group42.initGroup.TextInput1495" rotation="0" color="16777215" widthInChars="1" x="616" y="82"/>
    <TEXT textAlign="right" deviceID="" text="备" fontWeight="bold" fontSize="16" fontFamily="Arial" param="" scale="1" resource="Configration.ApplicationSkin2._ApplicationSkin_Group1.contentGroup.HGroup5.VGroup9._Configration_Scroller1.ScrollerSkin193.Group42.initGroup.TextInput1495" rotation="0" color="16777215" widthInChars="1" x="816" y="82"/>
    <PWB deviceID="" scale="0.25" resource="Configration.ApplicationSkin2._ApplicationSkin_Group1.contentGroup.HGroup5.VGroup9._Configration_Scroller1.ScrollerSkin193.Group42.initGroup.Image1416" rotation="0" x="40" y="260"/>
    <PWB deviceID="" scale="0.25" resource="Configration.ApplicationSkin2._ApplicationSkin_Group1.contentGroup.HGroup5.VGroup9._Configration_Scroller1.ScrollerSkin193.Group42.initGroup.Image1416" rotation="0" x="40" y="320"/>
    <PWB deviceID="" scale="0.25" resource="Configration.ApplicationSkin2._ApplicationSkin_Group1.contentGroup.HGroup5.VGroup9._Configration_Scroller1.ScrollerSkin193.Group42.initGroup.Image1416" rotation="0" x="240" y="260"/>
    <PWB deviceID="" scale="0.25" resource="Configration.ApplicationSkin2._ApplicationSkin_Group1.contentGroup.HGroup5.VGroup9._Configration_Scroller1.ScrollerSkin193.Group42.initGroup.Image1416" rotation="0" x="440" y="260"/>
    <PWB deviceID="" scale="0.25" resource="Configration.ApplicationSkin2._ApplicationSkin_Group1.contentGroup.HGroup5.VGroup9._Configration_Scroller1.ScrollerSkin193.Group42.initGroup.Image1416" rotation="0" x="640" y="260"/>
    <PWB deviceID="" scale="0.25" resource="Configration.ApplicationSkin2._ApplicationSkin_Group1.contentGroup.HGroup5.VGroup9._Configration_Scroller1.ScrollerSkin193.Group42.initGroup.Image1416" rotation="0" x="840" y="260"/>
    <PWB deviceID="" scale="0.25" resource="Configration.ApplicationSkin2._ApplicationSkin_Group1.contentGroup.HGroup5.VGroup9._Configration_Scroller1.ScrollerSkin193.Group42.initGroup.Image1416" rotation="0" x="240" y="320"/>
    <PWB deviceID="" scale="0.25" resource="Configration.ApplicationSkin2._ApplicationSkin_Group1.contentGroup.HGroup5.VGroup9._Configration_Scroller1.ScrollerSkin193.Group42.initGroup.Image1416" rotation="0" x="440" y="320"/>
    <PWB deviceID="" scale="0.25" resource="Configration.ApplicationSkin2._ApplicationSkin_Group1.contentGroup.HGroup5.VGroup9._Configration_Scroller1.ScrollerSkin193.Group42.initGroup.Image1416" rotation="0" x="640" y="320"/>
    <PWB deviceID="" scale="0.25" resource="Configration.ApplicationSkin2._ApplicationSkin_Group1.contentGroup.HGroup5.VGroup9._Configration_Scroller1.ScrollerSkin193.Group42.initGroup.Image1416" rotation="0" x="840" y="320"/>
  </Components>
</Configration>