<?xml version="1.0" encoding="utf-8"?><Configration>
  <LIST>
    <Component>
      <WSK/>
      <ALARM/>
      <PWB/>
    </Component>
    <Image/>
  </LIST>
  <Components>
    <WSK scale="1" deviceID="" rotation="0" resource="Configration.ApplicationSkin2._ApplicationSkin_Group1.contentGroup.HGroup5.VGroup9._Configration_Scroller1.ScrollerSkin193.Group42.initGroup.Image746" x="100" y="350"/>
    <TEXT textAlign="right" param="" widthInChars="7" fontWeight="bold" fontSize="16" fontFamily="Arial" deviceID="" scale="1" text="1号污水泵状态" rotation="0" resource="Configration.ApplicationSkin2._ApplicationSkin_Group1.contentGroup.HGroup5.VGroup9._Configration_Scroller1.ScrollerSkin193.Group42.initGroup.TextInput748" color="16777215" x="135" y="280"/>
    <TEXT textAlign="right" param="" widthInChars="7" fontWeight="bold" fontSize="16" fontFamily="Arial" deviceID="" scale="1" text="2号污水泵状态" rotation="0" resource="Configration.ApplicationSkin2._ApplicationSkin_Group1.contentGroup.HGroup5.VGroup9._Configration_Scroller1.ScrollerSkin193.Group42.initGroup.TextInput751" color="16777215" x="135" y="320"/>
    <TEXT textAlign="right" param="" widthInChars="7" fontWeight="bold" fontSize="18" fontFamily="Arial" deviceID="" scale="1" text="1号污水坑状态" rotation="0" resource="Configration.ApplicationSkin2._ApplicationSkin_Group1.contentGroup.HGroup5.VGroup9._Configration_Scroller1.ScrollerSkin193.Group42.initGroup.TextInput754" color="16777215" x="115" y="480"/>
    <ALARM scale="1" deviceID="" rotation="0" resource="Configration.ApplicationSkin2._ApplicationSkin_Group1.contentGroup.HGroup5.VGroup9._Configration_Scroller1.ScrollerSkin193.Group42.initGroup.Image757" x="260" y="280"/>
    <ALARM scale="1" deviceID="" rotation="0" resource="Configration.ApplicationSkin2._ApplicationSkin_Group1.contentGroup.HGroup5.VGroup9._Configration_Scroller1.ScrollerSkin193.Group42.initGroup.Image759" x="260" y="320"/>
    <WSK scale="1" deviceID="" rotation="0" resource="Configration.ApplicationSkin2._ApplicationSkin_Group1.contentGroup.HGroup5.VGroup9._Configration_Scroller1.ScrollerSkin193.Group42.initGroup.Image761" x="400" y="350"/>
    <TEXT textAlign="right" param="" widthInChars="7" fontWeight="bold" fontSize="18" fontFamily="Arial" deviceID="" scale="1" text="2号污水坑状态" rotation="0" resource="Configration.ApplicationSkin2._ApplicationSkin_Group1.contentGroup.HGroup5.VGroup9._Configration_Scroller1.ScrollerSkin193.Group42.initGroup.TextInput763" color="16777215" x="415" y="481"/>
    <TEXT textAlign="right" param="" widthInChars="7" fontWeight="bold" fontSize="16" fontFamily="Arial" deviceID="" scale="1" text="1号污水泵状态" rotation="0" resource="Configration.ApplicationSkin2._ApplicationSkin_Group1.contentGroup.HGroup5.VGroup9._Configration_Scroller1.ScrollerSkin193.Group42.initGroup.TextInput766" color="16777215" x="435" y="280"/>
    <ALARM scale="1" deviceID="" rotation="0" resource="Configration.ApplicationSkin2._ApplicationSkin_Group1.contentGroup.HGroup5.VGroup9._Configration_Scroller1.ScrollerSkin193.Group42.initGroup.Image769" x="560" y="280"/>
    <TEXT textAlign="right" param="" widthInChars="7" fontWeight="bold" fontSize="16" fontFamily="Arial" deviceID="" scale="1" text="2号污水泵状态" rotation="0" resource="Configration.ApplicationSkin2._ApplicationSkin_Group1.contentGroup.HGroup5.VGroup9._Configration_Scroller1.ScrollerSkin193.Group42.initGroup.TextInput771" color="16777215" x="435" y="320"/>
    <ALARM scale="1" deviceID="" rotation="0" resource="Configration.ApplicationSkin2._ApplicationSkin_Group1.contentGroup.HGroup5.VGroup9._Configration_Scroller1.ScrollerSkin193.Group42.initGroup.Image774" x="560" y="320"/>
    <PWB scale="0.2" deviceID="" rotation="0" resource="Configration.ApplicationSkin2._ApplicationSkin_Group1.contentGroup.HGroup5.VGroup9._Configration_Scroller1.ScrollerSkin193.Group42.initGroup.Image776" x="80" y="270"/>
    <PWB scale="0.2" deviceID="" rotation="0" resource="Configration.ApplicationSkin2._ApplicationSkin_Group1.contentGroup.HGroup5.VGroup9._Configration_Scroller1.ScrollerSkin193.Group42.initGroup.Image778" x="80" y="310"/>
    <PWB scale="0.2" deviceID="" rotation="0" resource="Configration.ApplicationSkin2._ApplicationSkin_Group1.contentGroup.HGroup5.VGroup9._Configration_Scroller1.ScrollerSkin193.Group42.initGroup.Image780" x="380" y="270"/>
    <PWB scale="0.2" deviceID="" rotation="0" resource="Configration.ApplicationSkin2._ApplicationSkin_Group1.contentGroup.HGroup5.VGroup9._Configration_Scroller1.ScrollerSkin193.Group42.initGroup.Image782" x="380" y="310"/>
    <WSK scale="1" deviceID="" rotation="0" resource="Configration.ApplicationSkin2._ApplicationSkin_Group1.contentGroup.HGroup5.VGroup9._Configration_Scroller1.ScrollerSkin193.Group42.initGroup.Image784" x="700" y="350"/>
    <WSK scale="1" deviceID="" rotation="0" resource="Configration.ApplicationSkin2._ApplicationSkin_Group1.contentGroup.HGroup5.VGroup9._Configration_Scroller1.ScrollerSkin193.Group42.initGroup.Image786" x="100" y="90"/>
    <TEXT textAlign="right" param="" widthInChars="7" fontWeight="bold" fontSize="18" fontFamily="Arial" deviceID="" scale="1" text="1号集水坑状态" rotation="0" resource="Configration.ApplicationSkin2._ApplicationSkin_Group1.contentGroup.HGroup5.VGroup9._Configration_Scroller1.ScrollerSkin193.Group42.initGroup.TextInput788" color="16777215" x="115" y="220"/>
    <WSK scale="1" deviceID="" rotation="0" resource="Configration.ApplicationSkin2._ApplicationSkin_Group1.contentGroup.HGroup5.VGroup9._Configration_Scroller1.ScrollerSkin193.Group42.initGroup.Image791" x="400" y="90"/>
    <WSK scale="1" deviceID="" rotation="0" resource="Configration.ApplicationSkin2._ApplicationSkin_Group1.contentGroup.HGroup5.VGroup9._Configration_Scroller1.ScrollerSkin193.Group42.initGroup.Image793" x="700" y="90"/>
    <TEXT textAlign="right" param="" widthInChars="7" fontWeight="bold" fontSize="18" fontFamily="Arial" deviceID="" scale="1" text="3号污水坑状态" rotation="0" resource="Configration.ApplicationSkin2._ApplicationSkin_Group1.contentGroup.HGroup5.VGroup9._Configration_Scroller1.ScrollerSkin193.Group42.initGroup.TextInput795" color="16777215" x="715" y="480"/>
    <PWB scale="0.2" deviceID="" rotation="0" resource="Configration.ApplicationSkin2._ApplicationSkin_Group1.contentGroup.HGroup5.VGroup9._Configration_Scroller1.ScrollerSkin193.Group42.initGroup.Image798" x="680" y="270"/>
    <PWB scale="0.2" deviceID="" rotation="0" resource="Configration.ApplicationSkin2._ApplicationSkin_Group1.contentGroup.HGroup5.VGroup9._Configration_Scroller1.ScrollerSkin193.Group42.initGroup.Image800" x="680" y="310"/>
    <TEXT textAlign="right" param="" widthInChars="7" fontWeight="bold" fontSize="16" fontFamily="Arial" deviceID="" scale="1" text="1号污水泵状态" rotation="0" resource="Configration.ApplicationSkin2._ApplicationSkin_Group1.contentGroup.HGroup5.VGroup9._Configration_Scroller1.ScrollerSkin193.Group42.initGroup.TextInput802" color="16777215" x="735" y="281"/>
    <TEXT textAlign="right" param="" widthInChars="7" fontWeight="bold" fontSize="16" fontFamily="Arial" deviceID="" scale="1" text="2号污水泵状态" rotation="0" resource="Configration.ApplicationSkin2._ApplicationSkin_Group1.contentGroup.HGroup5.VGroup9._Configration_Scroller1.ScrollerSkin193.Group42.initGroup.TextInput805" color="16777215" x="735" y="320"/>
    <ALARM scale="1" deviceID="" rotation="0" resource="Configration.ApplicationSkin2._ApplicationSkin_Group1.contentGroup.HGroup5.VGroup9._Configration_Scroller1.ScrollerSkin193.Group42.initGroup.Image808" x="860" y="280"/>
    <ALARM scale="1" deviceID="" rotation="0" resource="Configration.ApplicationSkin2._ApplicationSkin_Group1.contentGroup.HGroup5.VGroup9._Configration_Scroller1.ScrollerSkin193.Group42.initGroup.Image810" x="860" y="320"/>
    <TEXT textAlign="right" param="" widthInChars="7" fontWeight="bold" fontSize="18" fontFamily="Arial" deviceID="" scale="1" text="2号集水坑状态" rotation="0" resource="Configration.ApplicationSkin2._ApplicationSkin_Group1.contentGroup.HGroup5.VGroup9._Configration_Scroller1.ScrollerSkin193.Group42.initGroup.TextInput812" color="16777215" x="415" y="220"/>
    <TEXT textAlign="right" param="" widthInChars="7" fontWeight="bold" fontSize="18" fontFamily="Arial" deviceID="" scale="1" text="3号集水坑状态" rotation="0" resource="Configration.ApplicationSkin2._ApplicationSkin_Group1.contentGroup.HGroup5.VGroup9._Configration_Scroller1.ScrollerSkin193.Group42.initGroup.TextInput815" color="16777215" x="715" y="220"/>
    <PWB scale="0.2" deviceID="" rotation="0" resource="Configration.ApplicationSkin2._ApplicationSkin_Group1.contentGroup.HGroup5.VGroup9._Configration_Scroller1.ScrollerSkin193.Group42.initGroup.Image818" x="80" y="50"/>
    <PWB scale="0.2" deviceID="" rotation="0" resource="Configration.ApplicationSkin2._ApplicationSkin_Group1.contentGroup.HGroup5.VGroup9._Configration_Scroller1.ScrollerSkin193.Group42.initGroup.Image820" x="80" y="10"/>
    <PWB scale="0.2" deviceID="" rotation="0" resource="Configration.ApplicationSkin2._ApplicationSkin_Group1.contentGroup.HGroup5.VGroup9._Configration_Scroller1.ScrollerSkin193.Group42.initGroup.Image822" x="380" y="10"/>
    <PWB scale="0.2" deviceID="" rotation="0" resource="Configration.ApplicationSkin2._ApplicationSkin_Group1.contentGroup.HGroup5.VGroup9._Configration_Scroller1.ScrollerSkin193.Group42.initGroup.Image824" x="380" y="50"/>
    <PWB scale="0.2" deviceID="" rotation="0" resource="Configration.ApplicationSkin2._ApplicationSkin_Group1.contentGroup.HGroup5.VGroup9._Configration_Scroller1.ScrollerSkin193.Group42.initGroup.Image826" x="680" y="50"/>
    <PWB scale="0.2" deviceID="" rotation="0" resource="Configration.ApplicationSkin2._ApplicationSkin_Group1.contentGroup.HGroup5.VGroup9._Configration_Scroller1.ScrollerSkin193.Group42.initGroup.Image828" x="680" y="10"/>
    <TEXT textAlign="right" param="" widthInChars="7" fontWeight="bold" fontSize="16" fontFamily="Arial" deviceID="" scale="1" text="1号集水泵状态" rotation="0" resource="Configration.ApplicationSkin2._ApplicationSkin_Group1.contentGroup.HGroup5.VGroup9._Configration_Scroller1.ScrollerSkin193.Group42.initGroup.TextInput830" color="16777215" x="135" y="20"/>
    <TEXT textAlign="right" param="" widthInChars="7" fontWeight="bold" fontSize="16" fontFamily="Arial" deviceID="" scale="1" text="2号集水泵状态" rotation="0" resource="Configration.ApplicationSkin2._ApplicationSkin_Group1.contentGroup.HGroup5.VGroup9._Configration_Scroller1.ScrollerSkin193.Group42.initGroup.TextInput833" color="16777215" x="135" y="60"/>
    <ALARM scale="1" deviceID="" rotation="0" resource="Configration.ApplicationSkin2._ApplicationSkin_Group1.contentGroup.HGroup5.VGroup9._Configration_Scroller1.ScrollerSkin193.Group42.initGroup.Image836" x="260" y="20"/>
    <ALARM scale="1" deviceID="" rotation="0" resource="Configration.ApplicationSkin2._ApplicationSkin_Group1.contentGroup.HGroup5.VGroup9._Configration_Scroller1.ScrollerSkin193.Group42.initGroup.Image838" x="260" y="60"/>
    <TEXT textAlign="right" param="" widthInChars="7" fontWeight="bold" fontSize="16" fontFamily="Arial" deviceID="" scale="1" text="1号集水泵状态" rotation="0" resource="Configration.ApplicationSkin2._ApplicationSkin_Group1.contentGroup.HGroup5.VGroup9._Configration_Scroller1.ScrollerSkin193.Group42.initGroup.TextInput840" color="16777215" x="435" y="20"/>
    <TEXT textAlign="right" param="" widthInChars="7" fontWeight="bold" fontSize="16" fontFamily="Arial" deviceID="" scale="1" text="1号集水泵状态" rotation="0" resource="Configration.ApplicationSkin2._ApplicationSkin_Group1.contentGroup.HGroup5.VGroup9._Configration_Scroller1.ScrollerSkin193.Group42.initGroup.TextInput843" color="16777215" x="735" y="20"/>
    <TEXT textAlign="right" param="" widthInChars="7" fontWeight="bold" fontSize="16" fontFamily="Arial" deviceID="" scale="1" text="2号集水泵状态" rotation="0" resource="Configration.ApplicationSkin2._ApplicationSkin_Group1.contentGroup.HGroup5.VGroup9._Configration_Scroller1.ScrollerSkin193.Group42.initGroup.TextInput846" color="16777215" x="735" y="60"/>
    <TEXT textAlign="right" param="" widthInChars="7" fontWeight="bold" fontSize="16" fontFamily="Arial" deviceID="" scale="1" text="2号集水泵状态" rotation="0" resource="Configration.ApplicationSkin2._ApplicationSkin_Group1.contentGroup.HGroup5.VGroup9._Configration_Scroller1.ScrollerSkin193.Group42.initGroup.TextInput849" color="16777215" x="435" y="60"/>
    <ALARM scale="1" deviceID="" rotation="0" resource="Configration.ApplicationSkin2._ApplicationSkin_Group1.contentGroup.HGroup5.VGroup9._Configration_Scroller1.ScrollerSkin193.Group42.initGroup.Image852" x="560" y="60"/>
    <ALARM scale="1" deviceID="" rotation="0" resource="Configration.ApplicationSkin2._ApplicationSkin_Group1.contentGroup.HGroup5.VGroup9._Configration_Scroller1.ScrollerSkin193.Group42.initGroup.Image854" x="560" y="20"/>
    <ALARM scale="1" deviceID="" rotation="0" resource="Configration.ApplicationSkin2._ApplicationSkin_Group1.contentGroup.HGroup5.VGroup9._Configration_Scroller1.ScrollerSkin193.Group42.initGroup.Image856" x="860" y="20"/>
    <ALARM scale="1" deviceID="" rotation="0" resource="Configration.ApplicationSkin2._ApplicationSkin_Group1.contentGroup.HGroup5.VGroup9._Configration_Scroller1.ScrollerSkin193.Group42.initGroup.Image858" x="860" y="60"/>
  </Components>
</Configration>