<?xml version="1.0" encoding="utf-8"?>
<Configration Width="1121" Height="606">
  <LIST>
    <Component>
      <IA/>
      <HFZBTN/>
    </Component>
    <Image>
      <BPD4 source="mapAssets/mapImages/BPD/BPD4.png" group="map"/>
    </Image>
  </LIST>
  <Components>
    <BPD4 x="76" y="0" scaleX="0.7" height="714" scaleY="0.5" width="1491"/>
    <IA popType="list" x="390" width="120" height="100" isPop="true" y="340" deviceID="3524" mark="DB" deviceName="2#开闭所-SOHO配-2"/>
    <IA popType="list" x="90" width="120" height="100" isPop="true" y="340" deviceID="3526" mark="DB" deviceName="2#开闭所-2步行街-2"/>
    <IA popType="list" x="540" width="120" height="100" isPop="true" y="340" deviceID="3523" mark="DB" deviceName="2#开闭所-超市配-2"/>
    <IA popType="list" x="690" width="120" height="100" isPop="true" y="340" deviceID="3522" mark="DB" deviceName="2#开闭所-百货中心配-2"/>
    <IA popType="list" x="990" width="120" height="100" isPop="true" y="340" deviceID="3521" mark="DB" deviceName="2#开闭所-2号电源进线"/>
    <TEXT fontWeight="normal" borderColor="0xffffff" text="2步行街-2" contentBackgroundAlpha="0" textAlign="center" sizeAuto="true" fontSize="16" x="115" color="0" widthInChars="4" y="310" borderVisible="false" height="21" fontFamily="微软雅黑" deviceID="" width="74" param=""/>
    <TEXT fontWeight="normal" borderColor="0xffffff" text="SOHO配-2" contentBackgroundAlpha="0" textAlign="center" sizeAuto="true" fontSize="16" x="413" color="0" widthInChars="4" y="310" borderVisible="false" height="21" fontFamily="微软雅黑" deviceID="" width="77" param=""/>
    <TEXT fontWeight="normal" borderColor="0xffffff" text="超市配-2" contentBackgroundAlpha="0" textAlign="center" sizeAuto="true" fontSize="16" x="564" color="0" widthInChars="4" y="310" borderVisible="false" height="21" fontFamily="微软雅黑" deviceID="" width="66" param=""/>
    <TEXT fontWeight="normal" borderColor="0xffffff" text="百货中心配-2" contentBackgroundAlpha="0" textAlign="center" sizeAuto="true" fontSize="16" x="695" color="0" widthInChars="4" y="310" borderVisible="false" height="21" fontFamily="微软雅黑" deviceID="" width="100" param=""/>
    <TEXT fontWeight="normal" borderColor="0xffffff" text="2#PT柜" contentBackgroundAlpha="0" textAlign="center" sizeAuto="true" fontSize="16" x="866" color="0" widthInChars="4" y="310" borderVisible="false" height="21" fontFamily="微软雅黑" deviceID="" width="54" param=""/>
    <TEXT fontWeight="normal" borderColor="0xffffff" text="2号电源进线" contentBackgroundAlpha="0" textAlign="center" sizeAuto="true" fontSize="16" x="1003" color="0" widthInChars="4" y="310" borderVisible="false" height="21" fontFamily="微软雅黑" deviceID="" width="95" param=""/>
    <LABEL fontWeight="normal" color="3407616" widthInChars="4" sizeAuto="false" contentBackgroundColor="000000" deviceID="3526" mark="DB" deviceName="2#开闭所-2步行街-2" param="Ia_2" contentBackgroundAlpha="0" paramID="346" borderVisible="true" borderColor="999999" text="0101" textAlign="center" rotation="0" fontSize="12" x="120" y="348" fontFamily="digifaw"/>
    <LABEL fontWeight="normal" color="3407616" widthInChars="4" sizeAuto="false" contentBackgroundColor="000000" deviceID="3526" mark="DB" deviceName="2#开闭所-2步行街-2" param="Ib_2" contentBackgroundAlpha="0" paramID="347" borderVisible="true" borderColor="999999" text="0101" textAlign="center" rotation="0" fontSize="12" x="120" y="378" fontFamily="digifaw"/>
    <LABEL fontWeight="normal" color="3407616" widthInChars="4" sizeAuto="false" contentBackgroundColor="000000" deviceID="3526" mark="DB" deviceName="2#开闭所-2步行街-2" param="Ic_2" contentBackgroundAlpha="0" paramID="348" borderVisible="true" borderColor="999999" text="0101" textAlign="center" rotation="0" fontSize="12" x="120" y="408" fontFamily="digifaw"/>
    <LABEL fontWeight="normal" color="3407616" widthInChars="4" sizeAuto="false" contentBackgroundColor="000000" deviceID="3524" mark="DB" deviceName="2#开闭所-SOHO配-2" param="Ia_2" contentBackgroundAlpha="0" paramID="346" borderVisible="true" borderColor="999999" text="0101" textAlign="center" rotation="0" fontSize="12" x="420" y="348" fontFamily="digifaw"/>
    <LABEL fontWeight="normal" color="3407616" widthInChars="4" sizeAuto="false" contentBackgroundColor="000000" deviceID="3524" mark="DB" deviceName="2#开闭所-SOHO配-2" param="Ib_2" contentBackgroundAlpha="0" paramID="347" borderVisible="true" borderColor="999999" text="0101" textAlign="center" rotation="0" fontSize="12" x="420" y="378" fontFamily="digifaw"/>
    <LABEL fontWeight="normal" color="3407616" widthInChars="4" sizeAuto="false" contentBackgroundColor="000000" deviceID="3524" mark="DB" deviceName="2#开闭所-SOHO配-2" param="Ic_2" contentBackgroundAlpha="0" paramID="348" borderVisible="true" borderColor="999999" text="0101" textAlign="center" rotation="0" fontSize="12" x="420" y="408" fontFamily="digifaw"/>
    <LABEL fontWeight="normal" color="3407616" widthInChars="4" sizeAuto="false" contentBackgroundColor="000000" deviceID="3523" mark="DB" deviceName="2#开闭所-超市配-2" param="Ia_2" contentBackgroundAlpha="0" paramID="346" borderVisible="true" borderColor="999999" text="0101" textAlign="center" rotation="0" fontSize="12" x="570" y="348" fontFamily="digifaw"/>
    <LABEL fontWeight="normal" color="3407616" widthInChars="4" sizeAuto="false" contentBackgroundColor="000000" deviceID="3523" mark="DB" deviceName="2#开闭所-超市配-2" param="Ib_2" contentBackgroundAlpha="0" paramID="347" borderVisible="true" borderColor="999999" text="0101" textAlign="center" rotation="0" fontSize="12" x="570" y="378" fontFamily="digifaw"/>
    <LABEL fontWeight="normal" color="3407616" widthInChars="4" sizeAuto="false" contentBackgroundColor="000000" deviceID="3523" mark="DB" deviceName="2#开闭所-超市配-2" param="Ic_2" contentBackgroundAlpha="0" paramID="348" borderVisible="true" borderColor="999999" text="0101" textAlign="center" rotation="0" fontSize="12" x="570" y="408" fontFamily="digifaw"/>
    <LABEL fontWeight="normal" color="3407616" widthInChars="4" sizeAuto="false" contentBackgroundColor="000000" deviceID="3522" mark="DB" deviceName="2#开闭所-百货中心配-2" param="Ia_2" contentBackgroundAlpha="0" paramID="346" borderVisible="true" borderColor="999999" text="0101" textAlign="center" rotation="0" fontSize="12" x="720" y="348" fontFamily="digifaw"/>
    <LABEL fontWeight="normal" color="3407616" widthInChars="4" sizeAuto="false" contentBackgroundColor="000000" deviceID="3522" mark="DB" deviceName="2#开闭所-百货中心配-2" param="Ib_2" contentBackgroundAlpha="0" paramID="347" borderVisible="true" borderColor="999999" text="0101" textAlign="center" rotation="0" fontSize="12" x="720" y="378" fontFamily="digifaw"/>
    <LABEL fontWeight="normal" color="3407616" widthInChars="4" sizeAuto="false" contentBackgroundColor="000000" deviceID="3522" mark="DB" deviceName="2#开闭所-百货中心配-2" param="Ic_2" contentBackgroundAlpha="0" paramID="348" borderVisible="true" borderColor="999999" text="0101" textAlign="center" rotation="0" fontSize="12" x="720" y="408" fontFamily="digifaw"/>
    <LABEL fontWeight="normal" color="3407616" widthInChars="4" sizeAuto="false" contentBackgroundColor="000000" deviceID="3521" mark="DB" deviceName="2#开闭所-2号电源进线" param="Ia_2" contentBackgroundAlpha="0" paramID="346" borderVisible="true" borderColor="999999" text="0101" textAlign="center" rotation="0" fontSize="12" x="1020" y="348" fontFamily="digifaw"/>
    <LABEL fontWeight="normal" color="3407616" widthInChars="4" sizeAuto="false" contentBackgroundColor="000000" deviceID="3521" mark="DB" deviceName="2#开闭所-2号电源进线" param="Ib_2" contentBackgroundAlpha="0" paramID="347" borderVisible="true" borderColor="999999" text="0101" textAlign="center" rotation="0" fontSize="12" x="1020" y="378" fontFamily="digifaw"/>
    <LABEL fontWeight="normal" color="3407616" widthInChars="4" sizeAuto="false" contentBackgroundColor="000000" deviceID="3521" mark="DB" deviceName="2#开闭所-2号电源进线" param="Ic_2" contentBackgroundAlpha="0" paramID="348" borderVisible="true" borderColor="999999" text="0101" textAlign="center" rotation="0" fontSize="12" x="1020" y="408" fontFamily="digifaw"/>
    <HFZBTN paramID="245" x="150" width="58" height="25" alarm="HFZBTN" y="455" deviceID="3526" mark="DB" deviceName="2#开闭所-2步行街-2" param="hzstatus"/>
    <TEXT fontWeight="normal" borderColor="0xffffff" text="合闸位置" contentBackgroundAlpha="0" textAlign="center" sizeAuto="true" fontSize="14" x="85" color="0" widthInChars="4" y="455" borderVisible="false" height="19" fontFamily="微软雅黑" deviceID="" width="62" param=""/>
    <TEXT fontWeight="normal" borderColor="0xffffff" text="合闸位置" contentBackgroundAlpha="0" textAlign="center" sizeAuto="true" fontSize="14" x="385" color="0" widthInChars="4" y="455" borderVisible="false" height="19" fontFamily="微软雅黑" deviceID="" width="62" param=""/>
    <HFZBTN paramID="245" x="450" width="58" height="25" alarm="HFZBTN" y="455" deviceID="3524" mark="DB" deviceName="2#开闭所-SOHO配-2" param="hzstatus"/>
    <TEXT fontWeight="normal" borderColor="0xffffff" text="合闸位置" contentBackgroundAlpha="0" textAlign="center" sizeAuto="true" fontSize="14" x="535" color="0" widthInChars="4" y="455" borderVisible="false" height="19" fontFamily="微软雅黑" deviceID="" width="62" param=""/>
    <HFZBTN paramID="245" x="600" width="58" height="25" alarm="HFZBTN" y="455" deviceID="3523" mark="DB" deviceName="2#开闭所-超市配-2" param="hzstatus"/>
    <TEXT fontWeight="normal" borderColor="0xffffff" text="合闸位置" contentBackgroundAlpha="0" textAlign="center" sizeAuto="true" fontSize="14" x="685" color="0" widthInChars="4" y="455" borderVisible="false" height="19" fontFamily="微软雅黑" deviceID="" width="62" param=""/>
    <HFZBTN paramID="245" x="750" width="58" height="25" alarm="HFZBTN" y="455" deviceID="3522" mark="DB" deviceName="2#开闭所-百货中心配-2" param="hzstatus"/>
    <TEXT fontWeight="normal" borderColor="0xffffff" text="合闸位置" contentBackgroundAlpha="0" textAlign="center" sizeAuto="true" fontSize="14" x="985" color="0" widthInChars="4" y="455" borderVisible="false" height="19" fontFamily="微软雅黑" deviceID="" width="62" param=""/>
    <HFZBTN paramID="245" x="1050" width="58" height="25" alarm="HFZBTN" y="455" deviceID="3521" mark="DB" deviceName="2#开闭所-2号电源进线" param="hzstatus"/>
    <IA popType="list" x="240" width="120" height="100" isPop="true" y="340" deviceID="3525" mark="DB" deviceName="2#开闭所-嘉华酒店-2"/>
    <TEXT fontWeight="normal" borderColor="0xffffff" text="嘉华酒店-2" contentBackgroundAlpha="0" textAlign="center" sizeAuto="true" fontSize="16" x="256" color="0" widthInChars="4" y="310" borderVisible="false" height="21" fontFamily="微软雅黑" deviceID="" width="83" param=""/>
    <LABEL fontWeight="normal" color="3407616" widthInChars="4" sizeAuto="false" contentBackgroundColor="000000" deviceID="3525" mark="DB" deviceName="2#开闭所-嘉华酒店-2" param="Ia_2" contentBackgroundAlpha="0" paramID="346" borderVisible="true" borderColor="999999" text="0101" textAlign="center" rotation="0" fontSize="12" x="270" y="348" fontFamily="digifaw"/>
    <LABEL fontWeight="normal" color="3407616" widthInChars="4" sizeAuto="false" contentBackgroundColor="000000" deviceID="3525" mark="DB" deviceName="2#开闭所-嘉华酒店-2" param="Ib_2" contentBackgroundAlpha="0" paramID="347" borderVisible="true" borderColor="999999" text="0101" textAlign="center" rotation="0" fontSize="12" x="270" y="378" fontFamily="digifaw"/>
    <LABEL fontWeight="normal" color="3407616" widthInChars="4" sizeAuto="false" contentBackgroundColor="000000" deviceID="3525" mark="DB" deviceName="2#开闭所-嘉华酒店-2" param="Ic_2" contentBackgroundAlpha="0" paramID="348" borderVisible="true" borderColor="999999" text="0101" textAlign="center" rotation="0" fontSize="12" x="270" y="408" fontFamily="digifaw"/>
    <TEXT fontWeight="normal" borderColor="0xffffff" text="合闸位置" contentBackgroundAlpha="0" textAlign="center" sizeAuto="true" fontSize="14" x="235" color="0" widthInChars="4" y="455" borderVisible="false" height="19" fontFamily="微软雅黑" deviceID="" width="62" param=""/>
    <HFZBTN paramID="245" x="300" width="58" height="25" alarm="HFZBTN" y="455" deviceID="3525" mark="DB" deviceName="2#开闭所-嘉华酒店-2" param="hzstatus"/>
  </Components>
</Configration>