<?xml version="1.0" encoding="utf-8"?>
<Configration Width="1434" Height="714">
  <LIST>
    <Component>
      <LDCQ/>
    </Component>
    <Image>
      <B1NODE source="mapAssets/mapImages/B1Node.png" group="map"/>
      <TULI source="assets/comp/TULI/TULI.png"/>
      <LDN source="assets/comp/TULI/LDN.png"/>
      <LDDX source="assets/comp/TULI/LDDX.png"/>
      <LDYJ source="assets/comp/TULI/LDYJ.png"/>
    </Image>
  </LIST>
  <Components>
    <B1NODE x="0" y="0" scaleY="1" rotation="0" scaleX="1"/>
    <LDCQ x="1003" isToolTip="true" y="192" scaleY="0.3" rotation="0" scaleX="0.3" deviceID="658" isPop="true" popType="video" width="80" height="80"/>
    <TEXT fontFamily="微软雅黑" x="948" scaleX="1" contentBackgroundAlpha="0" scaleY="1" borderVisible="false" y="166" deviceID="" height="24" color="255" borderColor="0xffffff" param="" fontSize="16" text="强电井B1-4" fontWeight="normal" rotation="0" textAlign="center" contentBackgroundColor="16777215" width="88" sizeAuto="true" widthInChars="4"/>
    <TULI x="1200" y="545" scaleY="1" rotation="0" scaleX="1"/>
    <TEXT fontFamily="微软雅黑" x="1220" scaleX="1" contentBackgroundAlpha="0" scaleY="1" borderVisible="false" y="575" deviceID="" height="24" color="0" borderColor="0xffffff" param="" fontSize="16" text="正常" fontWeight="normal" rotation="0" textAlign="center" width="34" sizeAuto="true" widthInChars="4"/>
    <TEXT fontFamily="微软雅黑" x="1365" scaleX="1" contentBackgroundAlpha="0" scaleY="1" borderVisible="false" y="575" deviceID="" height="24" color="0" borderColor="0xffffff" param="" fontSize="16" text="报警" fontWeight="normal" rotation="0" textAlign="center" width="34" sizeAuto="true" widthInChars="4"/>
    <LDN x="1220" y="600" scaleY="0.5" rotation="0" scaleX="0.5"/>
    <LDDX x="1290" y="600" scaleY="0.5" rotation="0" scaleX="0.5"/>
    <TEXT fontFamily="微软雅黑" x="1290" scaleX="1" contentBackgroundAlpha="0" scaleY="1" borderVisible="false" y="575" deviceID="" height="24" color="0" borderColor="0xffffff" param="" fontSize="16" text="掉线" fontWeight="normal" rotation="0" textAlign="center" width="34" sizeAuto="true" widthInChars="4"/>
    <TEXT fontFamily="微软雅黑" x="1029" scaleX="1" contentBackgroundAlpha="0" scaleY="1" borderVisible="false" y="194" deviceID="" height="24" color="255" borderColor="0xffffff" param="" fontSize="16" text="04AP1" fontWeight="normal" rotation="0" textAlign="center" contentBackgroundColor="16777215" width="55" sizeAuto="true" widthInChars="4"/>
    <TEXT fontFamily="微软雅黑" x="217" scaleX="1" contentBackgroundAlpha="0" scaleY="1" borderVisible="false" y="213" deviceID="" height="24" color="255" borderColor="0xffffff" param="" fontSize="16" text="强电井B1-2" fontWeight="normal" rotation="0" textAlign="center" contentBackgroundColor="16777215" width="88" sizeAuto="true" widthInChars="4"/>
    <TEXT fontFamily="微软雅黑" x="171" scaleX="1" contentBackgroundAlpha="0" scaleY="1" borderVisible="false" y="505" deviceID="" height="24" color="255" borderColor="0xffffff" param="" fontSize="16" text="09AL1" fontWeight="normal" rotation="0" textAlign="center" contentBackgroundColor="16777215" width="53" sizeAuto="true" widthInChars="4"/>
    <LDCQ x="980" isToolTip="true" y="194" scaleY="0.3" rotation="0" scaleX="0.3" deviceID="659" isPop="true" popType="video" width="80" height="80"/>
    <TEXT fontFamily="微软雅黑" x="932" scaleX="1" contentBackgroundAlpha="0" scaleY="1" borderVisible="false" y="194" deviceID="" height="24" color="255" borderColor="0xffffff" param="" fontSize="16" text="04AL1" fontWeight="normal" rotation="0" textAlign="center" contentBackgroundColor="16777215" width="53" sizeAuto="true" widthInChars="4"/>
    <LDCQ x="1001" isToolTip="true" y="220" scaleY="0.3" rotation="0" scaleX="0.3" deviceID="660" isPop="true" popType="video" width="80" height="80"/>
    <TEXT fontFamily="微软雅黑" x="1025" scaleX="1" contentBackgroundAlpha="0" scaleY="1" borderVisible="false" y="215" deviceID="" height="24" color="255" borderColor="0xffffff" param="" fontSize="16" text="05AL1" fontWeight="normal" rotation="0" textAlign="center" contentBackgroundColor="16777215" width="53" sizeAuto="true" widthInChars="4"/>
    <LDCQ x="346" isToolTip="true" y="150" scaleY="0.3" rotation="0" scaleX="0.3" deviceID="657" isPop="true" popType="video" width="80" height="80"/>
    <TEXT fontFamily="微软雅黑" x="322" scaleX="1" contentBackgroundAlpha="0" scaleY="1" borderVisible="false" y="125" deviceID="" height="24" color="255" borderColor="0xffffff" param="" fontSize="16" text="外埔强电井2#" fontWeight="normal" rotation="0" textAlign="center" contentBackgroundColor="16777215" width="102" sizeAuto="true" widthInChars="4"/>
    <TEXT fontFamily="微软雅黑" x="292" scaleX="1" contentBackgroundAlpha="0" scaleY="1" borderVisible="false" y="176" deviceID="" height="24" color="255" borderColor="0xffffff" param="" fontSize="16" text="OAL4" fontWeight="normal" rotation="0" textAlign="center" contentBackgroundColor="16777215" width="46" sizeAuto="true" widthInChars="4"/>
    <LDCQ x="345" isToolTip="true" y="175" scaleY="0.3" rotation="0" scaleX="0.3" deviceID="655" isPop="true" popType="video" width="80" height="80"/>
    <TEXT fontFamily="微软雅黑" x="394" scaleX="1" contentBackgroundAlpha="0" scaleY="1" borderVisible="false" y="151" deviceID="" height="24" color="255" borderColor="0xffffff" param="" fontSize="16" text="OAL3" fontWeight="normal" rotation="0" textAlign="center" contentBackgroundColor="16777215" width="46" sizeAuto="true" widthInChars="4"/>
    <LDCQ x="371" isToolTip="true" y="150" scaleY="0.3" rotation="0" scaleX="0.3" deviceID="656" isPop="true" popType="video" width="80" height="80"/>
    <TEXT fontFamily="微软雅黑" x="291" scaleX="1" contentBackgroundAlpha="0" scaleY="1" borderVisible="false" y="154" deviceID="" height="24" color="255" borderColor="0xffffff" param="" fontSize="16" text="OAL3" fontWeight="normal" rotation="0" textAlign="center" contentBackgroundColor="16777215" width="46" sizeAuto="true" widthInChars="4"/>
    <LDCQ x="371" isToolTip="true" y="176" scaleY="0.3" rotation="0" scaleX="0.3" deviceName="B1-P1-OAL4(B1 外埔强电井2#）多路" deviceID="655" mark="LDCQ" isPop="true" popType="video" width="80" height="80"/>
    <TEXT fontFamily="微软雅黑" x="394" scaleX="1" contentBackgroundAlpha="0" scaleY="1" borderVisible="false" y="177" deviceID="" height="24" color="255" borderColor="0xffffff" param="" fontSize="16" text="OAL4" fontWeight="normal" rotation="0" textAlign="center" contentBackgroundColor="16777215" width="46" sizeAuto="true" widthInChars="4"/>
    <LDCQ x="240" isToolTip="true" y="191" scaleY="0.3" rotation="0" scaleX="0.3" deviceID="653" isPop="true" popType="video" width="80" height="80"/>
    <TEXT fontFamily="微软雅黑" x="205" scaleX="1" contentBackgroundAlpha="0" scaleY="1" borderVisible="false" y="483" deviceID="" height="24" color="255" borderColor="0xffffff" param="" fontSize="16" text="强电井B1-9" fontWeight="normal" rotation="0" textAlign="center" contentBackgroundColor="16777215" width="88" sizeAuto="true" widthInChars="4"/>
    <TEXT fontFamily="微软雅黑" x="186" scaleX="1" contentBackgroundAlpha="0" scaleY="1" borderVisible="false" y="193" deviceID="" height="24" color="255" borderColor="0xffffff" param="" fontSize="16" text="02AL1" fontWeight="normal" rotation="0" textAlign="center" contentBackgroundColor="16777215" width="53" sizeAuto="true" widthInChars="4"/>
    <LDCQ x="264" isToolTip="true" y="192" scaleY="0.3" rotation="0" scaleX="0.3" deviceID="652" isPop="true" popType="video" width="80" height="80"/>
    <TEXT fontFamily="微软雅黑" x="289" scaleX="1" contentBackgroundAlpha="0" scaleY="1" borderVisible="false" y="195" deviceID="" height="24" color="255" borderColor="0xffffff" param="" fontSize="16" text="02AP1" fontWeight="normal" rotation="0" textAlign="center" contentBackgroundColor="16777215" width="55" sizeAuto="true" widthInChars="4"/>
    <LDCQ x="270" isToolTip="true" y="334" scaleY="0.3" rotation="0" scaleX="0.3" deviceID="650" isPop="true" popType="video" width="80" height="80"/>
    <TEXT fontFamily="微软雅黑" x="186" scaleX="1" contentBackgroundAlpha="0" scaleY="1" borderVisible="false" y="334" deviceID="" height="24" color="255" borderColor="0xffffff" param="" fontSize="16" text="P10AL2" fontWeight="normal" rotation="0" textAlign="center" contentBackgroundColor="16777215" width="64" sizeAuto="true" widthInChars="4"/>
    <TEXT fontFamily="微软雅黑" x="211" scaleX="1" contentBackgroundAlpha="0" scaleY="1" borderVisible="false" y="310" deviceID="" height="24" color="255" borderColor="0xffffff" param="" fontSize="16" text="外埔强电井1#" fontWeight="normal" rotation="0" textAlign="center" contentBackgroundColor="16777215" width="102" sizeAuto="true" widthInChars="4"/>
    <LDCQ x="245" isToolTip="true" y="334" scaleY="0.3" rotation="0" scaleX="0.3" deviceID="651" isPop="true" popType="video" width="80" height="80"/>
    <TEXT fontFamily="微软雅黑" x="295" scaleX="1" contentBackgroundAlpha="0" scaleY="1" borderVisible="false" y="336" deviceID="" height="24" color="255" borderColor="0xffffff" param="" fontSize="16" text="P10AL1" fontWeight="normal" rotation="0" textAlign="center" contentBackgroundColor="16777215" width="64" sizeAuto="true" widthInChars="4"/>
    <LDCQ x="217" isToolTip="true" y="507" scaleY="0.3" rotation="0" scaleX="0.3" deviceID="649" isPop="true" popType="video" width="80" height="80"/>
    <TEXT fontFamily="微软雅黑" x="265" scaleX="1" contentBackgroundAlpha="0" scaleY="1" borderVisible="false" y="507" deviceID="" height="24" color="255" borderColor="0xffffff" param="" fontSize="16" text="09AP1" fontWeight="normal" rotation="0" textAlign="center" contentBackgroundColor="16777215" width="55" sizeAuto="true" widthInChars="4"/>
    <LDCQ x="242" isToolTip="true" y="506" scaleY="0.3" rotation="0" scaleX="0.3" deviceID="648" isPop="true" popType="video" width="80" height="80"/>
    <TEXT fontFamily="微软雅黑" x="276" scaleX="1" contentBackgroundAlpha="0" scaleY="1" borderVisible="false" y="74" deviceID="" height="24" color="255" borderColor="0xffffff" param="" fontSize="16" text="系统正在巡检中..." fontWeight="normal" rotation="0" textAlign="center" contentBackgroundColor="16777215" width="129" sizeAuto="true" widthInChars="4"/>
    <LDCQ x="974" isToolTip="true" y="220" scaleY="0.3" rotation="0" scaleX="0.3" deviceName="B1-05AP1(B1F 4#旁）" deviceID="600014" mark="LDCQ" isPop="true" popType="video" width="80" height="80"/>
    <TEXT fontFamily="微软雅黑" x="814" scaleX="1" contentBackgroundAlpha="0" scaleY="1" borderVisible="false" y="222" deviceID="" height="24" color="255" borderColor="0xffffff" param="" fontSize="16" text="'B1-05AP1(B1F 4#旁）" fontWeight="normal" rotation="0" textAlign="center" contentBackgroundColor="16777215" width="181" sizeAuto="true" widthInChars="4"/>
    <LDCQ x="865" isToolTip="true" y="74" scaleY="0.3" rotation="0" scaleX="0.3" deviceName="P2-CAL2(B1外铺强电井3）" deviceID="600005" mark="LDCQ" isPop="true" popType="video" width="80" height="80"/>
    <LDCQ x="896" isToolTip="true" y="74" scaleY="0.3" rotation="0" scaleX="0.3" deviceName="P2-CAL2(B1外铺强电井3）" deviceID="600006" mark="LDCQ" isPop="true" popType="video" width="80" height="80"/>
    <TEXT fontFamily="微软雅黑" x="794" scaleX="1" contentBackgroundAlpha="0" scaleY="1" borderVisible="false" y="74" deviceID="" height="24" color="255" borderColor="0xffffff" param="" fontSize="16" text="P2-CAL2" fontWeight="normal" rotation="0" textAlign="center" contentBackgroundColor="16777215" width="72" sizeAuto="true" widthInChars="4"/>
    <TEXT fontFamily="微软雅黑" x="923" scaleX="1" contentBackgroundAlpha="0" scaleY="1" borderVisible="false" y="72" deviceID="" height="24" color="255" borderColor="0xffffff" param="" fontSize="16" text="P2-CAL2" fontWeight="normal" rotation="0" textAlign="center" contentBackgroundColor="16777215" width="72" sizeAuto="true" widthInChars="4"/>
    <LDCQ x="869" isToolTip="true" y="104" scaleY="0.3" rotation="0" scaleX="0.3" deviceName="P2-CAL1(B1外铺强电井3）" deviceID="600007" mark="LDCQ" isPop="true" popType="video" width="80" height="80"/>
    <LDCQ x="901" isToolTip="true" y="104" scaleY="0.3" rotation="0" scaleX="0.3" deviceName="P2-CAL1(B1外铺强电井3）" deviceID="600008" mark="LDCQ" isPop="true" popType="video" width="80" height="80"/>
    <TEXT fontFamily="微软雅黑" x="798" scaleX="1" contentBackgroundAlpha="0" scaleY="1" borderVisible="false" y="108" deviceID="" height="24" color="255" borderColor="0xffffff" param="" fontSize="16" text="P2-CAL1" fontWeight="normal" rotation="0" textAlign="center" contentBackgroundColor="16777215" width="72" sizeAuto="true" widthInChars="4"/>
    <TEXT fontFamily="微软雅黑" x="928" scaleX="1" contentBackgroundAlpha="0" scaleY="1" borderVisible="false" y="103" deviceID="" height="24" color="255" borderColor="0xffffff" param="" fontSize="16" text="P2-CAL1" fontWeight="normal" rotation="0" textAlign="center" contentBackgroundColor="16777215" width="72" sizeAuto="true" widthInChars="4"/>
    <LDCQ x="640" isToolTip="true" y="314" scaleY="0.3" rotation="0" scaleX="0.3" deviceName="B1-03AP1(B1-3强电井）" deviceID="600011" mark="LDCQ" isPop="true" popType="video" width="80" height="80"/>
    <LDCQ x="676" isToolTip="true" y="312" scaleY="0.3" rotation="0" scaleX="0.3" deviceName="B1-03AL1(B1-3强电井）" deviceID="600010" mark="LDCQ" isPop="true" popType="video" width="80" height="80"/>
    <LDCQ x="677" isToolTip="true" y="344" scaleY="0.3" rotation="0" scaleX="0.3" deviceName="B1-S2OAT1(B1-3强电井门口）" deviceID="600009" mark="LDCQ" isPop="true" popType="video" width="80" height="80"/>
    <TEXT fontFamily="微软雅黑" x="560" scaleX="1" contentBackgroundAlpha="0" scaleY="1" borderVisible="false" y="316" deviceID="" height="24" color="255" borderColor="0xffffff" param="" fontSize="16" text="B1-03AP1" fontWeight="normal" rotation="0" textAlign="center" contentBackgroundColor="16777215" width="83" sizeAuto="true" widthInChars="4"/>
    <TEXT fontFamily="微软雅黑" x="705" scaleX="1" contentBackgroundAlpha="0" scaleY="1" borderVisible="false" y="308" deviceID="" height="24" color="255" borderColor="0xffffff" param="" fontSize="16" text="B1-03AL1" fontWeight="normal" rotation="0" textAlign="center" contentBackgroundColor="16777215" width="81" sizeAuto="true" widthInChars="4"/>
    <TEXT fontFamily="微软雅黑" x="710" scaleX="1" contentBackgroundAlpha="0" scaleY="1" borderVisible="false" y="348" deviceID="" height="24" color="255" borderColor="0xffffff" param="" fontSize="16" text="B1-S2OAT1" fontWeight="normal" rotation="0" textAlign="center" contentBackgroundColor="16777215" width="95" sizeAuto="true" widthInChars="4"/>
    <TEXT fontFamily="微软雅黑" x="632" scaleX="1" contentBackgroundAlpha="0" scaleY="1" borderVisible="false" y="276" deviceID="" height="24" color="255" borderColor="0xffffff" param="" fontSize="16" text="B1-3强电井" fontWeight="normal" rotation="0" textAlign="center" contentBackgroundColor="16777215" width="88" sizeAuto="true" widthInChars="4"/>
    <TEXT fontFamily="微软雅黑" x="830" scaleX="1" contentBackgroundAlpha="0" scaleY="1" borderVisible="false" y="42" deviceID="" height="24" color="255" borderColor="0xffffff" param="" fontSize="16" text="B1外铺强电井3" fontWeight="normal" rotation="0" textAlign="center" contentBackgroundColor="16777215" width="113" sizeAuto="true" widthInChars="4"/>
    <LDYJ x="1364" scaleX="0.5" scaleY="0.5" y="597" width="80" height="80"/>
  </Components>
</Configration>