<?xml version="1.0" encoding="utf-8"?>
<Configration Width="1434" Height="714">
  <LIST>
    <Component>
      <LDCQ/>
    </Component>
    <Image>
      <B2NODE source="mapAssets/mapImages/B2Node.png" group="map"/>
      <TULI source="assets/comp/TULI/TULI.png"/>
      <LDN source="assets/comp/TULI/LDN.png"/>
      <LDDX source="assets/comp/TULI/LDDX.png"/>
      <LDYJ source="assets/comp/TULI/LDYJ.png"/>
    </Image>
  </LIST>
  <Components>
    <B2NODE x="0" y="0" scaleY="1" source="mapAssets/mapImages/B2Node.png" rotation="0" scaleX="1"/>
    <LDCQ width="80" height="80" y="149" x="1007" scaleY="0.3" source="assets/comp/LDCQ/state/0/1.png" deviceID="638" rotation="0" scaleX="0.3"/>
    <TEXT text="D1AP1" textAlign="center" contentBackgroundColor="16777215" contentBackgroundAlpha="0" y="190" borderColor="0xffffff" width="50" sizeAuto="true" x="214" scaleY="1" borderVisible="false" fontFamily="微软雅黑" rotation="0" scaleX="1" height="21" widthInChars="4" param="" color="255" fontWeight="normal" source="assets/comp/TEXTINPUT/label.png" deviceID="" fontSize="16"/>
    <TULI x="1200" y="545" scaleY="1" source="assets/comp/TULI/TULI.png" rotation="0" scaleX="1"/>
    <TEXT text="正常" textAlign="center" sizeAuto="true" contentBackgroundAlpha="0" y="575" borderColor="0xffffff" width="36" x="1220" scaleY="1" borderVisible="false" fontFamily="微软雅黑" rotation="0" scaleX="1" height="21" widthInChars="4" param="" color="0" fontWeight="normal" source="assets/comp/TEXTINPUT/label.png" deviceID="" fontSize="16"/>
    <TEXT text="报警" textAlign="center" sizeAuto="true" contentBackgroundAlpha="0" y="575" borderColor="0xffffff" width="36" x="1365" scaleY="1" borderVisible="false" fontFamily="微软雅黑" rotation="0" scaleX="1" height="21" widthInChars="4" param="" color="0" fontWeight="normal" source="assets/comp/TEXTINPUT/label.png" deviceID="" fontSize="16"/>
    <LDN x="1220" y="600" scaleY="0.5" source="assets/comp/TULI/LDN.png" rotation="0" scaleX="0.5"/>
    <LDDX x="1295" y="600" scaleY="0.5" source="assets/comp/TULI/LDDX.png" rotation="0" scaleX="0.5"/>
    <TEXT text="掉线" textAlign="center" sizeAuto="true" contentBackgroundAlpha="0" y="575" borderColor="0xffffff" width="36" x="1295" scaleY="1" borderVisible="false" fontFamily="微软雅黑" rotation="0" scaleX="1" height="21" widthInChars="4" param="" color="0" fontWeight="normal" source="assets/comp/TEXTINPUT/label.png" deviceID="" fontSize="16"/>
    <TEXT text="强电井B2-1" textAlign="center" contentBackgroundColor="16777215" contentBackgroundAlpha="0" y="164" borderColor="0xffffff" width="85" sizeAuto="true" x="255" scaleY="1" borderVisible="false" fontFamily="微软雅黑" rotation="0" scaleX="1" height="21" widthInChars="4" param="" color="255" fontWeight="normal" source="assets/comp/TEXTINPUT/label.png" deviceID="" fontSize="16"/>
    <LDCQ width="80" height="80" y="188" x="268" scaleY="0.3" source="assets/comp/LDCQ/state/0/1.png" deviceID="631" rotation="0" scaleX="0.3"/>
    <TEXT text="D1AL1" textAlign="center" contentBackgroundColor="16777215" contentBackgroundAlpha="0" y="188" borderColor="0xffffff" width="51" sizeAuto="true" x="317" scaleY="1" borderVisible="false" fontFamily="微软雅黑" rotation="0" scaleX="1" height="21" widthInChars="4" param="" color="255" fontWeight="normal" source="assets/comp/TEXTINPUT/label.png" deviceID="" fontSize="16"/>
    <LDCQ width="80" height="80" y="189" x="292" scaleY="0.3" source="assets/comp/LDCQ/state/0/1.png" deviceID="632" rotation="0" scaleX="0.3"/>
    <TEXT text="D2AL2" textAlign="center" contentBackgroundColor="16777215" contentBackgroundAlpha="0" y="212" borderColor="0xffffff" width="51" sizeAuto="true" x="506" scaleY="1" borderVisible="false" fontFamily="微软雅黑" rotation="0" scaleX="1" height="21" widthInChars="4" param="" color="255" fontWeight="normal" source="assets/comp/TEXTINPUT/label.png" deviceID="" fontSize="16"/>
    <TEXT text="强电井B2-8" textAlign="center" contentBackgroundColor="16777215" contentBackgroundAlpha="0" y="535" borderColor="0xffffff" width="85" sizeAuto="true" x="647" scaleY="1" borderVisible="false" fontFamily="微软雅黑" rotation="0" scaleX="1" height="21" widthInChars="4" param="" color="255" fontWeight="normal" source="assets/comp/TEXTINPUT/label.png" deviceID="" fontSize="16"/>
    <LDCQ width="80" height="80" y="211" x="481" scaleY="0.3" source="assets/comp/LDCQ/state/0/1.png" deviceID="633" rotation="0" scaleX="0.3"/>
    <TEXT text="D2AP1" textAlign="center" contentBackgroundColor="16777215" contentBackgroundAlpha="0" y="210" borderColor="0xffffff" width="50" sizeAuto="true" x="406" scaleY="1" borderVisible="false" fontFamily="微软雅黑" rotation="0" scaleX="1" height="21" widthInChars="4" param="" color="255" fontWeight="normal" source="assets/comp/TEXTINPUT/label.png" deviceID="" fontSize="16"/>
    <LDCQ width="80" height="80" y="210" x="458" scaleY="0.3" source="assets/comp/LDCQ/state/0/1.png" deviceID="634" rotation="0" scaleX="0.3"/>
    <TEXT text="D3AL1" textAlign="center" contentBackgroundColor="16777215" contentBackgroundAlpha="0" y="312" borderColor="0xffffff" width="51" sizeAuto="true" x="832" scaleY="1" borderVisible="false" fontFamily="微软雅黑" rotation="0" scaleX="1" height="21" widthInChars="4" param="" color="255" fontWeight="normal" source="assets/comp/TEXTINPUT/label.png" deviceID="" fontSize="16"/>
    <TEXT text="强电井B2-2" textAlign="center" contentBackgroundColor="16777215" contentBackgroundAlpha="0" y="190" borderColor="0xffffff" width="85" sizeAuto="true" x="448" scaleY="1" borderVisible="false" fontFamily="微软雅黑" rotation="0" scaleX="1" height="21" widthInChars="4" param="" color="255" fontWeight="normal" source="assets/comp/TEXTINPUT/label.png" deviceID="" fontSize="16"/>
    <LDCQ width="80" height="80" y="311" x="786" scaleY="0.3" source="assets/comp/LDCQ/state/0/1.png" deviceID="635" rotation="0" scaleX="0.3"/>
    <TEXT text="D3AP1" textAlign="center" contentBackgroundColor="16777215" contentBackgroundAlpha="0" y="309" borderColor="0xffffff" width="50" sizeAuto="true" x="734" scaleY="1" borderVisible="false" fontFamily="微软雅黑" rotation="0" scaleX="1" height="21" widthInChars="4" param="" color="255" fontWeight="normal" source="assets/comp/TEXTINPUT/label.png" deviceID="" fontSize="16"/>
    <TEXT text="强电井B2-3" textAlign="center" contentBackgroundColor="16777215" contentBackgroundAlpha="0" y="280" borderColor="0xffffff" width="85" sizeAuto="true" x="769" scaleY="1" borderVisible="false" fontFamily="微软雅黑" rotation="0" scaleX="1" height="21" widthInChars="4" param="" color="255" fontWeight="normal" source="assets/comp/TEXTINPUT/label.png" deviceID="" fontSize="16"/>
    <LDCQ width="80" height="80" y="312" x="809" scaleY="0.3" source="assets/comp/LDCQ/state/0/1.png" deviceID="636" rotation="0" scaleX="0.3"/>
    <TEXT text="M-DAL1" textAlign="center" contentBackgroundColor="16777215" contentBackgroundAlpha="0" y="174" borderColor="0xffffff" width="64" sizeAuto="true" x="1031" scaleY="1" borderVisible="false" fontFamily="微软雅黑" rotation="0" scaleX="1" height="21" widthInChars="4" param="" color="255" fontWeight="normal" source="assets/comp/TEXTINPUT/label.png" deviceID="" fontSize="16"/>
    <LDCQ width="80" height="80" y="148" x="984" scaleY="0.3" source="assets/comp/LDCQ/state/0/1.png" deviceID="637" rotation="0" scaleX="0.3"/>
    <TEXT text="D4AP1" textAlign="center" contentBackgroundColor="16777215" contentBackgroundAlpha="0" y="147" borderColor="0xffffff" width="50" sizeAuto="true" x="934" scaleY="1" borderVisible="false" fontFamily="微软雅黑" rotation="0" scaleX="1" height="21" widthInChars="4" param="" color="255" fontWeight="normal" source="assets/comp/TEXTINPUT/label.png" deviceID="" fontSize="16"/>
    <LDCQ width="80" height="80" y="173" x="1007" scaleY="0.3" source="assets/comp/LDCQ/state/0/1.png" deviceID="639" rotation="0" scaleX="0.3"/>
    <TEXT text="D4AL1" textAlign="center" contentBackgroundColor="16777215" contentBackgroundAlpha="0" y="149" borderColor="0xffffff" width="51" sizeAuto="true" x="1031" scaleY="1" borderVisible="false" fontFamily="微软雅黑" rotation="0" scaleX="1" height="21" widthInChars="4" param="" color="255" fontWeight="normal" source="assets/comp/TEXTINPUT/label.png" deviceID="" fontSize="16"/>
    <LDCQ width="80" height="80" y="357" x="1146" scaleY="0.3" source="assets/comp/LDCQ/state/0/1.png" deviceID="641" rotation="0" scaleX="0.3"/>
    <TEXT text="强电井B2-4" textAlign="center" contentBackgroundColor="16777215" contentBackgroundAlpha="0" y="127" borderColor="0xffffff" width="85" sizeAuto="true" x="956" scaleY="1" borderVisible="false" fontFamily="微软雅黑" rotation="0" scaleX="1" height="21" widthInChars="4" param="" color="255" fontWeight="normal" source="assets/comp/TEXTINPUT/label.png" deviceID="" fontSize="16"/>
    <TEXT text="D7AP1" textAlign="center" contentBackgroundColor="16777215" contentBackgroundAlpha="0" y="519" borderColor="0xffffff" width="50" sizeAuto="true" x="585" scaleY="1" borderVisible="false" fontFamily="微软雅黑" rotation="0" scaleX="1" height="21" widthInChars="4" param="" color="255" fontWeight="normal" source="assets/comp/TEXTINPUT/label.png" deviceID="" fontSize="16"/>
    <LDCQ width="80" height="80" y="357" x="1121" scaleY="0.3" source="assets/comp/LDCQ/state/0/1.png" deviceID="640" rotation="0" scaleX="0.3"/>
    <TEXT text="D9AP1" textAlign="center" contentBackgroundColor="16777215" contentBackgroundAlpha="0" y="357" borderColor="0xffffff" width="50" sizeAuto="true" x="1072" scaleY="1" borderVisible="false" fontFamily="微软雅黑" rotation="0" scaleX="1" height="21" widthInChars="4" param="" color="255" fontWeight="normal" source="assets/comp/TEXTINPUT/label.png" deviceID="" fontSize="16"/>
    <LDCQ width="80" height="80" y="563" x="698" scaleY="0.3" source="assets/comp/LDCQ/state/0/1.png" deviceID="643" rotation="0" scaleX="0.3"/>
    <TEXT text="强电井B2-9" textAlign="center" contentBackgroundColor="16777215" contentBackgroundAlpha="0" y="334" borderColor="0xffffff" width="85" sizeAuto="true" x="1088" scaleY="1" borderVisible="false" fontFamily="微软雅黑" rotation="0" scaleX="1" height="21" widthInChars="4" param="" color="255" fontWeight="normal" source="assets/comp/TEXTINPUT/label.png" deviceID="" fontSize="16"/>
    <TEXT text="D9AL1" textAlign="center" contentBackgroundColor="16777215" contentBackgroundAlpha="0" y="357" borderColor="0xffffff" width="51" sizeAuto="true" x="1172" scaleY="1" borderVisible="false" fontFamily="微软雅黑" rotation="0" scaleX="1" height="21" widthInChars="4" param="" color="255" fontWeight="normal" source="assets/comp/TEXTINPUT/label.png" deviceID="" fontSize="16"/>
    <LDCQ width="80" height="80" y="563" x="674" scaleY="0.3" source="assets/comp/LDCQ/state/0/1.png" deviceID="642" rotation="0" scaleX="0.3"/>
    <TEXT text="D8AL1" textAlign="center" contentBackgroundColor="16777215" contentBackgroundAlpha="0" y="565" borderColor="0xffffff" width="51" sizeAuto="true" x="724" scaleY="1" borderVisible="false" fontFamily="微软雅黑" rotation="0" scaleX="1" height="21" widthInChars="4" param="" color="255" fontWeight="normal" source="assets/comp/TEXTINPUT/label.png" deviceID="" fontSize="16"/>
    <TEXT text="D8AP1" textAlign="center" contentBackgroundColor="16777215" contentBackgroundAlpha="0" y="566" borderColor="0xffffff" width="50" sizeAuto="true" x="623" scaleY="1" borderVisible="false" fontFamily="微软雅黑" rotation="0" scaleX="1" height="21" widthInChars="4" param="" color="255" fontWeight="normal" source="assets/comp/TEXTINPUT/label.png" deviceID="" fontSize="16"/>
    <TEXT text="强电井B2-7" textAlign="center" contentBackgroundColor="16777215" contentBackgroundAlpha="0" y="496" borderColor="0xffffff" width="85" sizeAuto="true" x="520" scaleY="1" borderVisible="false" fontFamily="微软雅黑" rotation="0" scaleX="1" height="21" widthInChars="4" param="" color="255" fontWeight="normal" source="assets/comp/TEXTINPUT/label.png" deviceID="" fontSize="16"/>
    <TEXT text="D6AP1" textAlign="center" contentBackgroundColor="16777215" contentBackgroundAlpha="0" y="489" borderColor="0xffffff" width="50" sizeAuto="true" x="221" scaleY="1" borderVisible="false" fontFamily="微软雅黑" rotation="0" scaleX="1" height="21" widthInChars="4" param="" color="255" fontWeight="normal" source="assets/comp/TEXTINPUT/label.png" deviceID="" fontSize="16"/>
    <LDCQ width="80" height="80" y="518" x="534" scaleY="0.3" source="assets/comp/LDCQ/state/0/1.png" deviceID="644" rotation="0" scaleX="0.3"/>
    <LDCQ width="80" height="80" y="519" x="560" scaleY="0.3" source="assets/comp/LDCQ/state/0/1.png" deviceID="645" rotation="0" scaleX="0.3"/>
    <TEXT text="强电井B2-6" textAlign="center" contentBackgroundColor="16777215" contentBackgroundAlpha="0" y="446" borderColor="0xffffff" width="85" sizeAuto="true" x="232" scaleY="1" borderVisible="false" fontFamily="微软雅黑" rotation="0" scaleX="1" height="21" widthInChars="4" param="" color="255" fontWeight="normal" source="assets/comp/TEXTINPUT/label.png" deviceID="" fontSize="16"/>
    <TEXT text="D7AL1" textAlign="center" contentBackgroundColor="16777215" contentBackgroundAlpha="0" y="520" borderColor="0xffffff" width="51" sizeAuto="true" x="480" scaleY="1" borderVisible="false" fontFamily="微软雅黑" rotation="0" scaleX="1" height="21" widthInChars="4" param="" color="255" fontWeight="normal" source="assets/comp/TEXTINPUT/label.png" deviceID="" fontSize="16"/>
    <LDCQ width="80" height="80" y="470" x="260" scaleY="0.3" source="assets/comp/LDCQ/state/0/1.png" deviceID="646" rotation="0" scaleX="0.3"/>
    <TEXT text="D6AL1" textAlign="center" contentBackgroundColor="16777215" contentBackgroundAlpha="0" y="470" borderColor="0xffffff" width="51" sizeAuto="true" x="306" scaleY="1" borderVisible="false" fontFamily="微软雅黑" rotation="0" scaleX="1" height="21" widthInChars="4" param="" color="255" fontWeight="normal" source="assets/comp/TEXTINPUT/label.png" deviceID="" fontSize="16"/>
    <LDCQ width="80" height="80" y="469" x="284" scaleY="0.3" source="assets/comp/LDCQ/state/0/1.png" deviceID="647" rotation="0" scaleX="0.3"/>
    <TEXT text="系统正在巡检中..." textAlign="center" contentBackgroundColor="16777215" contentBackgroundAlpha="0" y="85" borderColor="0xffffff" width="133" sizeAuto="true" x="279" scaleY="1" borderVisible="false" fontFamily="微软雅黑" rotation="0" scaleX="1" height="21" widthInChars="4" param="" color="255" fontWeight="normal" source="assets/comp/TEXTINPUT/label.png" deviceID="" fontSize="16"/>
    <LDCQ deviceName="S2-DAT1旁（B2值班室）" width="80" height="80" y="571" x="966" scaleY="0.3" source="assets/comp/LDCQ/state/0/1.png" mark="LDCQ" deviceID="600013" rotation="0" scaleX="0.3"/>
    <LDCQ deviceName="S-DAPF(B2值班室）" width="80" height="80" y="570" x="934" scaleY="0.3" source="assets/comp/LDCQ/state/0/1.png" mark="LDCQ" deviceID="600012" rotation="0" scaleX="0.3"/>
    <TEXT text="S-DAPF" textAlign="center" contentBackgroundColor="16777215" contentBackgroundAlpha="0" y="576" borderColor="0xffffff" width="57" sizeAuto="true" x="873" scaleY="1" borderVisible="false" fontFamily="微软雅黑" rotation="0" scaleX="1" height="21" widthInChars="4" param="" color="255" fontWeight="normal" source="assets/comp/TEXTINPUT/label.png" deviceID="" fontSize="16"/>
    <TEXT text="S2-DAT1旁" textAlign="center" contentBackgroundColor="16777215" contentBackgroundAlpha="0" y="571" borderColor="0xffffff" width="82" sizeAuto="true" x="991" scaleY="1" borderVisible="false" fontFamily="微软雅黑" rotation="0" scaleX="1" height="21" widthInChars="4" param="" color="255" fontWeight="normal" source="assets/comp/TEXTINPUT/label.png" deviceID="" fontSize="16"/>
    <TEXT text="B2值班室" textAlign="center" contentBackgroundColor="16777215" contentBackgroundAlpha="0" y="531" borderColor="0xffffff" width="72" sizeAuto="true" x="897" scaleY="1" borderVisible="false" fontFamily="微软雅黑" rotation="0" scaleX="1" height="21" widthInChars="4" param="" color="255" fontWeight="normal" source="assets/comp/TEXTINPUT/label.png" deviceID="" fontSize="16"/>
    <LDYJ width="80" x="1361" y="598" height="80" scaleY="0.5" source="assets/comp/TULI/LDYJ.png" scaleX="0.5"/>
  </Components>
</Configration>