<?xml version="1.0" encoding="utf-8"?><Configration Width="1080" Height="469">
  <LIST>
    <Component>
      <LDCQ/>
    </Component>
    <Image>
      <F5NODE source="assets/comp/F5Node.png"/>
    </Image>
  </LIST>
  <Components>
    <F5NODE scale="0.45" x="92" y="4" rotation="0"/>
    <LDCQ deviceID="" scale="1" x="338" y="175" rotation="0"/>
    <LDCQ deviceID="" scale="1" x="655" y="147" rotation="0"/>
    <LDCQ deviceID="" scale="1" x="632" y="255" rotation="0"/>
    <LDCQ deviceID="" scale="1" x="811" y="160" rotation="0"/>
    <LDCQ deviceID="" scale="1" x="497" y="283" rotation="0"/>
  </Components>
</Configration>