<?xml version="1.0" encoding="utf-8"?>
<Configration Width="1434" Height="714">
  <LIST>
    <Component>
      <ALARMDTTB/>
    </Component>
    <Image>
      <F1NODE source="mapAssets/mapImages/F1Node.png" group="map"/>
    </Image>
  </LIST>
  <Components>
    <F1NODE x="0" y="0" fontSize="10" rotation="0" scaleY="1" scaleX="1"/>
    <TEXT x="655" textAlign="center" y="255" borderColor="0xffffff" contentBackgroundColor="16777215" scaleY="1" rotation="0" width="45" borderVisible="false" height="21" fontFamily="微软雅黑" fontWeight="bold" widthInChars="4" color="255" sizeAuto="true" fontSize="16" deviceID="" text="B2-3A" contentBackgroundAlpha="0" param="" scaleX="1"/>
    <TEXT x="655" textAlign="center" y="235" borderColor="0xffffff" contentBackgroundColor="16777215" scaleY="1" rotation="0" width="45" borderVisible="false" height="21" fontFamily="微软雅黑" fontWeight="bold" widthInChars="4" color="255" sizeAuto="true" fontSize="16" deviceID="" text="B2-3B" contentBackgroundAlpha="0" param="" scaleX="1"/>
    <TEXT x="705" textAlign="center" y="275" borderColor="0xffffff" contentBackgroundColor="16777215" scaleY="1" rotation="0" width="45" borderVisible="false" height="21" fontFamily="微软雅黑" fontWeight="bold" widthInChars="4" color="255" sizeAuto="true" fontSize="16" deviceID="" text="B1-3A" contentBackgroundAlpha="0" param="" scaleX="1"/>
    <TEXT x="705" textAlign="center" y="215" borderColor="0xffffff" contentBackgroundColor="16777215" scaleY="1" rotation="0" width="45" borderVisible="false" height="21" fontFamily="微软雅黑" fontWeight="bold" widthInChars="4" color="255" sizeAuto="true" fontSize="16" deviceID="" text="B1-3B" contentBackgroundAlpha="0" param="" scaleX="1"/>
    <TEXT x="753" textAlign="center" y="275" borderColor="0xffffff" contentBackgroundColor="16777215" scaleY="1" rotation="0" width="43" borderVisible="false" height="21" fontFamily="微软雅黑" fontWeight="bold" widthInChars="4" color="255" sizeAuto="true" fontSize="16" deviceID="" text="1F-3A" contentBackgroundAlpha="0" param="" scaleX="1"/>
    <TEXT x="754" textAlign="center" y="215" borderColor="0xffffff" contentBackgroundColor="16777215" scaleY="1" rotation="0" width="43" borderVisible="false" height="21" fontFamily="微软雅黑" fontWeight="bold" widthInChars="4" color="255" sizeAuto="true" fontSize="16" deviceID="" text="1F-3B" contentBackgroundAlpha="0" param="" scaleX="1"/>
    <TEXT x="800" textAlign="center" y="255" borderColor="0xffffff" contentBackgroundColor="16777215" scaleY="1" rotation="0" width="43" borderVisible="false" height="21" fontFamily="微软雅黑" fontWeight="bold" widthInChars="4" color="255" sizeAuto="true" fontSize="16" deviceID="" text="2F-3A" contentBackgroundAlpha="0" param="" scaleX="1"/>
    <TEXT x="800" textAlign="center" y="235" borderColor="0xffffff" contentBackgroundColor="16777215" scaleY="1" rotation="0" width="43" borderVisible="false" height="21" fontFamily="微软雅黑" fontWeight="bold" widthInChars="4" color="255" sizeAuto="true" fontSize="16" deviceID="" text="2F-3B" contentBackgroundAlpha="0" param="" scaleX="1"/>
    <TEXT x="1035" textAlign="center" y="460" borderColor="0xffffff" contentBackgroundColor="16777215" scaleY="1" rotation="0" width="43" borderVisible="false" height="21" fontFamily="微软雅黑" fontWeight="bold" widthInChars="4" color="255" sizeAuto="true" fontSize="16" deviceID="" text="1F-1A" contentBackgroundAlpha="0" param="" scaleX="1"/>
    <TEXT x="1130" textAlign="center" y="460" borderColor="0xffffff" contentBackgroundColor="16777215" scaleY="1" rotation="0" width="43" borderVisible="false" height="21" fontFamily="微软雅黑" fontWeight="bold" widthInChars="4" color="255" sizeAuto="true" fontSize="16" deviceID="" text="1F-1B" contentBackgroundAlpha="0" param="" scaleX="1"/>
    <TEXT x="1035" textAlign="center" y="485" borderColor="0xffffff" contentBackgroundColor="16777215" scaleY="1" rotation="0" width="43" borderVisible="false" height="21" fontFamily="微软雅黑" fontWeight="bold" widthInChars="4" color="255" sizeAuto="true" fontSize="16" deviceID="" text="2F-1A" contentBackgroundAlpha="0" param="" scaleX="1"/>
    <TEXT x="1130" textAlign="center" y="485" borderColor="0xffffff" contentBackgroundColor="16777215" scaleY="1" rotation="0" width="43" borderVisible="false" height="21" fontFamily="微软雅黑" fontWeight="bold" widthInChars="4" color="255" sizeAuto="true" fontSize="16" deviceID="" text="2F-1B" contentBackgroundAlpha="0" param="" scaleX="1"/>
    <TEXT x="230" textAlign="center" y="460" borderColor="0xffffff" contentBackgroundColor="16777215" scaleY="1" rotation="0" width="43" borderVisible="false" height="21" fontFamily="微软雅黑" fontWeight="bold" widthInChars="4" color="255" sizeAuto="true" fontSize="16" deviceID="" text="1F-2B" contentBackgroundAlpha="0" param="" scaleX="1"/>
    <TEXT x="317" textAlign="center" y="460" borderColor="0xffffff" contentBackgroundColor="16777215" scaleY="1" rotation="0" width="43" borderVisible="false" height="21" fontFamily="微软雅黑" fontWeight="bold" widthInChars="4" color="255" sizeAuto="true" fontSize="16" deviceID="" text="1F-2A" contentBackgroundAlpha="0" param="" scaleX="1"/>
    <TEXT x="317" textAlign="center" y="480" borderColor="0xffffff" contentBackgroundColor="16777215" scaleY="1" rotation="0" width="43" borderVisible="false" height="21" fontFamily="微软雅黑" fontWeight="bold" widthInChars="4" color="255" sizeAuto="true" fontSize="16" deviceID="" text="2F-2A" contentBackgroundAlpha="0" param="" scaleX="1"/>
    <TEXT x="230" textAlign="center" y="480" borderColor="0xffffff" contentBackgroundColor="16777215" scaleY="1" rotation="0" width="43" borderVisible="false" height="21" fontFamily="微软雅黑" fontWeight="bold" widthInChars="4" color="255" sizeAuto="true" fontSize="16" deviceID="" text="2F-2B" contentBackgroundAlpha="0" param="" scaleX="1"/>
    <TEXT x="318" textAlign="center" y="500" borderColor="0xffffff" contentBackgroundColor="16777215" scaleY="1" rotation="0" width="43" borderVisible="false" height="21" fontFamily="微软雅黑" fontWeight="bold" widthInChars="4" color="255" sizeAuto="true" fontSize="16" deviceID="" text="3F-2A" contentBackgroundAlpha="0" param="" scaleX="1"/>
    <TEXT x="230" textAlign="center" y="500" borderColor="0xffffff" contentBackgroundColor="16777215" scaleY="1" rotation="0" width="43" borderVisible="false" height="21" fontFamily="微软雅黑" fontWeight="bold" widthInChars="4" color="255" sizeAuto="true" fontSize="16" deviceID="" text="3F-2B" contentBackgroundAlpha="0" param="" scaleX="1"/>
    <TEXT x="266" textAlign="center" y="555" borderColor="0xffffff" contentBackgroundColor="16777215" scaleY="1" rotation="0" width="103" borderVisible="false" height="21" fontFamily="微软雅黑" fontWeight="bold" widthInChars="4" color="255" sizeAuto="true" fontSize="16" deviceID="" text="娱乐楼客梯1#" contentBackgroundAlpha="0" param="" scaleX="1"/>
    <TEXT x="264" textAlign="center" y="575" borderColor="0xffffff" contentBackgroundColor="16777215" scaleY="1" rotation="0" width="103" borderVisible="false" height="21" fontFamily="微软雅黑" fontWeight="bold" widthInChars="4" color="255" sizeAuto="true" fontSize="16" deviceID="" text="娱乐楼客梯2#" contentBackgroundAlpha="0" param="" scaleX="1"/>
    <TEXT x="264" textAlign="center" y="597" borderColor="0xffffff" contentBackgroundColor="16777215" scaleY="1" rotation="0" width="103" borderVisible="false" height="21" fontFamily="微软雅黑" fontWeight="bold" widthInChars="4" color="255" sizeAuto="true" fontSize="16" deviceID="" text="娱乐楼客梯3#" contentBackgroundAlpha="0" param="" scaleX="1"/>
    <TEXT x="577" textAlign="center" y="335" borderColor="0xffffff" contentBackgroundColor="16777215" scaleY="1" rotation="0" width="103" borderVisible="false" height="21" fontFamily="微软雅黑" fontWeight="bold" widthInChars="4" color="255" sizeAuto="true" fontSize="16" deviceID="" text="娱乐楼货梯1#" contentBackgroundAlpha="0" param="" scaleX="1"/>
    <TEXT x="578" textAlign="center" y="359" borderColor="0xffffff" contentBackgroundColor="16777215" scaleY="1" rotation="0" width="103" borderVisible="false" height="21" fontFamily="微软雅黑" fontWeight="bold" widthInChars="4" color="255" sizeAuto="true" fontSize="16" deviceID="" text="娱乐楼货梯2#" contentBackgroundAlpha="0" param="" scaleX="1"/>
    <TEXT x="220" textAlign="center" y="178" borderColor="0xffffff" contentBackgroundColor="16777215" scaleY="1" rotation="0" width="69" borderVisible="false" height="21" fontFamily="微软雅黑" fontWeight="bold" widthInChars="4" color="255" sizeAuto="true" fontSize="16" deviceID="" text="西客梯1#" contentBackgroundAlpha="0" param="" scaleX="1"/>
    <TEXT x="288" textAlign="center" y="179" borderColor="0xffffff" contentBackgroundColor="16777215" scaleY="1" rotation="0" width="69" borderVisible="false" height="21" fontFamily="微软雅黑" fontWeight="bold" widthInChars="4" color="255" sizeAuto="true" fontSize="16" deviceID="" text="西客梯2#" contentBackgroundAlpha="0" param="" scaleX="1"/>
    <TEXT x="540" textAlign="center" y="165" borderColor="0xffffff" contentBackgroundColor="16777215" scaleY="1" rotation="0" width="69" borderVisible="false" height="21" fontFamily="微软雅黑" fontWeight="bold" widthInChars="4" color="255" sizeAuto="true" fontSize="16" deviceID="" text="西货梯2#" contentBackgroundAlpha="0" param="" scaleX="1"/>
    <TEXT x="540" textAlign="center" y="140" borderColor="0xffffff" contentBackgroundColor="16777215" scaleY="1" rotation="0" width="69" borderVisible="false" height="21" fontFamily="微软雅黑" fontWeight="bold" widthInChars="4" color="255" sizeAuto="true" fontSize="16" deviceID="" text="西货梯1#" contentBackgroundAlpha="0" param="" scaleX="1"/>
    <TEXT x="730" textAlign="center" y="140" borderColor="0xffffff" contentBackgroundColor="16777215" scaleY="1" rotation="0" width="69" borderVisible="false" height="21" fontFamily="微软雅黑" fontWeight="bold" widthInChars="4" color="255" sizeAuto="true" fontSize="16" deviceID="" text="东货梯1#" contentBackgroundAlpha="0" param="" scaleX="1"/>
    <TEXT x="730" textAlign="center" y="167" borderColor="0xffffff" contentBackgroundColor="16777215" scaleY="1" rotation="0" width="69" borderVisible="false" height="21" fontFamily="微软雅黑" fontWeight="bold" widthInChars="4" color="255" sizeAuto="true" fontSize="16" deviceID="" text="东货梯2#" contentBackgroundAlpha="0" param="" scaleX="1"/>
    <TEXT x="1020" textAlign="center" y="215" borderColor="0xffffff" contentBackgroundColor="16777215" scaleY="1" rotation="0" width="69" borderVisible="false" height="21" fontFamily="微软雅黑" fontWeight="bold" widthInChars="4" color="255" sizeAuto="true" fontSize="16" deviceID="" text="东客梯1#" contentBackgroundAlpha="0" param="" scaleX="1"/>
    <TEXT x="1020" textAlign="center" y="235" borderColor="0xffffff" contentBackgroundColor="16777215" scaleY="1" rotation="0" width="69" borderVisible="false" height="21" fontFamily="微软雅黑" fontWeight="bold" widthInChars="4" color="255" sizeAuto="true" fontSize="16" deviceID="" text="东客梯2#" contentBackgroundAlpha="0" param="" scaleX="1"/>
    <ALARMDTTB y="558" isPop="true" paramID="2" width="16" param="alarm" alarm="ALARMDTTB" height="16" x="370" deviceID="771" mark="LIFTD" deviceName="娱乐楼客梯1#" popType="redirect"/>
    <ALARMDTTB y="578" isPop="true" paramID="2" width="16" param="alarm" alarm="ALARMDTTB" height="16" x="370" deviceID="772" mark="LIFTD" deviceName="娱乐楼客梯2#" popType="redirect"/>
    <ALARMDTTB y="601" isPop="true" paramID="2" width="16" param="alarm" alarm="ALARMDTTB" height="16" x="369" deviceID="773" mark="LIFTD" deviceName="娱乐楼客梯3#" popType="redirect"/>
    <ALARMDTTB y="337" isPop="true" paramID="2" width="16" param="alarm" alarm="ALARMDTTB" height="16" x="557" deviceID="778" mark="LIFTD" deviceName="娱乐楼货梯1" popType="redirect"/>
    <ALARMDTTB y="362" isPop="true" paramID="2" width="16" param="alarm" alarm="ALARMDTTB" height="16" x="558" deviceID="779" mark="LIFTD" deviceName="娱乐楼货梯2" popType="redirect"/>
    <ALARMDTTB y="203" isPop="true" paramID="2" width="16" param="alarm" alarm="ALARMDTTB" height="16" x="273" deviceID="774" mark="LIFTD" deviceName="西客梯1#" popType="redirect"/>
    <ALARMDTTB y="203" isPop="true" paramID="2" width="16" param="alarm" alarm="ALARMDTTB" height="16" x="292" deviceID="775" mark="LIFTD" deviceName="西客梯2#" popType="redirect"/>
    <ALARMDTTB y="218" isPop="true" paramID="2" width="16" param="alarm" alarm="ALARMDTTB" height="16" x="1091" deviceID="776" mark="LIFTD" deviceName="东客梯1#" popType="redirect"/>
    <ALARMDTTB y="237" isPop="true" paramID="2" width="16" param="alarm" alarm="ALARMDTTB" height="16" x="1092" deviceID="777" mark="LIFTD" deviceName="东客梯2#" popType="redirect"/>
    <ALARMDTTB y="146" isPop="true" paramID="2" width="16" param="alarm" alarm="ALARMDTTB" height="16" x="518" deviceID="780" mark="LIFTD" deviceName="西货梯1#" popType="redirect"/>
    <ALARMDTTB y="173" isPop="true" paramID="2" width="16" param="alarm" alarm="ALARMDTTB" height="16" x="520" deviceID="781" mark="LIFTD" deviceName="西货梯2#" popType="redirect"/>
    <ALARMDTTB y="143" isPop="true" paramID="2" width="16" param="alarm" alarm="ALARMDTTB" height="16" x="803" deviceID="782" mark="LIFTD" deviceName="东货梯1#" popType="redirect"/>
    <ALARMDTTB y="169" isPop="true" paramID="2" width="16" param="alarm" alarm="ALARMDTTB" height="16" x="803" deviceID="783" mark="LIFTD" deviceName="东货梯2#" popType="redirect"/>
    <ALARMDTTB y="258" isPop="true" paramID="2" width="16" param="alarm" alarm="ALARMDTTB" height="16" x="703" deviceID="560" mark="LIFTF" deviceName="B2-3A" popType="redirect"/>
    <ALARMDTTB y="237" isPop="true" paramID="2" width="16" param="alarm" alarm="ALARMDTTB" height="16" x="703" deviceID="561" mark="LIFTF" deviceName="B2-3B" popType="redirect"/>
    <ALARMDTTB y="258" isPop="true" paramID="2" width="16" param="alarm" alarm="ALARMDTTB" height="16" x="725" deviceID="562" mark="LIFTF" deviceName="B1-3A" popType="redirect"/>
    <ALARMDTTB y="237" isPop="true" paramID="2" width="16" param="alarm" alarm="ALARMDTTB" height="16" x="725" deviceID="563" mark="LIFTF" deviceName="B1-3B" popType="redirect"/>
    <ALARMDTTB y="463" isPop="true" paramID="2" width="16" param="alarm" alarm="ALARMDTTB" height="16" x="1085" deviceID="564" mark="LIFTF" deviceName="1F-1A" popType="redirect"/>
    <ALARMDTTB y="463" isPop="true" paramID="2" width="16" param="alarm" alarm="ALARMDTTB" height="16" x="1106" deviceID="565" mark="LIFTF" deviceName="1F-1B" popType="redirect"/>
    <ALARMDTTB y="488" isPop="true" paramID="2" width="16" param="alarm" alarm="ALARMDTTB" height="16" x="1085" deviceID="570" mark="LIFTF" deviceName="2F-1A" popType="redirect"/>
    <ALARMDTTB y="488" isPop="true" paramID="2" width="16" param="alarm" alarm="ALARMDTTB" height="16" x="1107" deviceID="571" mark="LIFTF" deviceName="2F-1B" popType="redirect"/>
    <ALARMDTTB y="463" isPop="true" paramID="2" width="16" param="alarm" alarm="ALARMDTTB" height="16" x="297" deviceID="566" mark="LIFTF" deviceName="1F-2A" popType="redirect"/>
    <ALARMDTTB y="463" isPop="true" paramID="2" width="16" param="alarm" alarm="ALARMDTTB" height="16" x="279" deviceID="567" mark="LIFTF" deviceName="1F-2B" popType="redirect"/>
    <ALARMDTTB y="485" isPop="true" paramID="2" width="16" param="alarm" alarm="ALARMDTTB" height="16" x="297" deviceID="572" mark="LIFTF" deviceName="2F-2A" popType="redirect"/>
    <ALARMDTTB y="485" isPop="true" paramID="2" width="16" param="alarm" alarm="ALARMDTTB" height="16" x="279" deviceID="573" mark="LIFTF" deviceName="2F-2B" popType="redirect"/>
    <ALARMDTTB y="506" isPop="true" paramID="2" width="16" param="alarm" alarm="ALARMDTTB" height="16" x="297" deviceID="576" mark="LIFTF" deviceName="3F-2A" popType="redirect"/>
    <ALARMDTTB y="506" isPop="true" paramID="2" width="16" param="alarm" alarm="ALARMDTTB" height="16" x="279" deviceID="577" mark="LIFTF" deviceName="3F-2B" popType="redirect"/>
    <ALARMDTTB y="258" isPop="true" paramID="2" width="16" param="alarm" alarm="ALARMDTTB" height="16" x="755" deviceID="568" mark="LIFTF" deviceName="1F-3A" popType="redirect"/>
    <ALARMDTTB y="237" isPop="true" paramID="2" width="16" param="alarm" alarm="ALARMDTTB" height="16" x="755" deviceID="569" mark="LIFTF" deviceName="1F-3B" popType="redirect"/>
    <ALARMDTTB y="257" isPop="true" paramID="2" width="16" param="alarm" alarm="ALARMDTTB" height="16" x="780" deviceID="574" mark="LIFTF" deviceName="2F-3A" popType="redirect"/>
    <ALARMDTTB y="236" isPop="true" paramID="2" width="16" param="alarm" alarm="ALARMDTTB" height="16" x="780" deviceID="575" mark="LIFTF" deviceName="2F-3B" popType="redirect"/>
  </Components>
</Configration>