<?xml version="1.0" encoding="utf-8"?>
<Configration Width="1887" Height="787">
  <LIST>
    <Component>
      <RYXCS/>
      <LGJZ/>
      <LXJZ/>
      <LQB/>
      <LQT7/>
      <JSQ/>
      <RUNING/>
      <ALARM/>
    </Component>
    <Image>
      <PIPELINE source="assets/comp/PIPE/pipe1.png"/>
      <PIPELINE2 source="assets/comp/PIPE/pipe1-2.png"/>
      <LYZKSB source="assets/comp/gongfangzhuji.png" group="spetial"/>
      <PIPE3T source="assets/comp/PIPE/pipe3.png"/>
      <PIPECORNER source="assets/comp/PIPE/pipe2.png"/>
      <WATERFLOW source="assets/comp/waterflow.png"/>
      <LYZKSB1 source="assets/comp/gongfangzhuji.png" group="spetial"/>
      <LYZKSB2 source="assets/comp/gongfangzhuji.png" group="spetial"/>
    </Image>
  </LIST>
  <Components>
    <PIPELINE source="assets/comp/PIPE/pipe1.png" scaleY="2.8" x="214" y="553" scaleX="0.5" width="12" group="pipe" height="40"/>
    <PIPELINE source="assets/comp/PIPE/pipe1.png" scaleY="2.8" x="183" y="553" scaleX="0.5" width="12" group="pipe" height="40"/>
    <PIPELINE source="assets/comp/PIPE/pipe1.png" scaleY="2.8" x="153" y="554.3000000000001" scaleX="0.5" width="12" group="pipe" height="40"/>
    <PIPELINE source="assets/comp/PIPE/pipe1.png" scaleY="2.8" x="124" y="553.05" scaleX="0.5" width="12" group="pipe" height="40"/>
    <PIPELINE source="assets/comp/PIPE/pipe1.png" scaleY="2.8" x="213" y="389" scaleX="0.5" width="12" group="pipe" height="40"/>
    <PIPELINE source="assets/comp/PIPE/pipe1.png" scaleY="2.8" x="185" y="390.04999999999995" scaleX="0.5" width="12" group="pipe" height="40"/>
    <PIPELINE source="assets/comp/PIPE/pipe1.png" scaleY="2.8" x="154" y="391.54999999999995" scaleX="0.5" width="12" group="pipe" height="40"/>
    <PIPELINE source="assets/comp/PIPE/pipe1.png" scaleY="2.8" x="121" y="392" scaleX="0.5" width="12" group="pipe" height="40"/>
    <PIPELINE source="assets/comp/PIPE/pipe1.png" scaleY="2.8" x="214" y="224" scaleX="0.5" width="12" group="pipe" height="40"/>
    <PIPELINE source="assets/comp/PIPE/pipe1.png" scaleY="2.8" x="183" y="225" scaleX="0.5" width="12" group="pipe" height="40"/>
    <PIPELINE source="assets/comp/PIPE/pipe1.png" scaleY="2.8" x="153" y="225" scaleX="0.5" width="12" group="pipe" height="40"/>
    <PIPELINE source="assets/comp/PIPE/pipe1.png" scaleY="2.8" x="123" y="224" scaleX="0.5" width="12" group="pipe" height="40"/>
    <PIPELINE source="assets/comp/PIPE/pipe1.png" x="124" y="147" scaleX="0.5" width="12" group="pipe" height="40"/>
    <PIPELINE source="assets/comp/PIPE/pipe1.png" x="157" y="149" scaleX="0.5" width="12" group="pipe" height="40"/>
    <PIPELINE source="assets/comp/PIPE/pipe1.png" x="187" y="145" scaleX="0.5" width="12" group="pipe" height="40"/>
    <PIPELINE source="assets/comp/PIPE/pipe1.png" x="125" y="79" scaleX="0.5" width="12" group="pipe" height="40"/>
    <PIPELINE source="assets/comp/PIPE/pipe1.png" x="157" y="82" scaleX="0.5" width="12" group="pipe" height="40"/>
    <PIPELINE source="assets/comp/PIPE/pipe1.png" x="185" y="81" scaleX="0.5" width="12" group="pipe" height="40"/>
    <PIPELINE2 source="assets/comp/PIPE/pipe1-2.png" scaleY="2.6" x="1370" y="554" scaleX="0.5" width="12" group="pipe" height="40"/>
    <PIPELINE2 source="assets/comp/PIPE/pipe1-2.png" scaleY="4" x="1640" y="490" scaleX="0.5" width="12" group="pipe" height="40"/>
    <PIPELINE2 source="assets/comp/PIPE/pipe1-2.png" scaleY="4" x="1700" y="490" scaleX="0.5" width="12" group="pipe" height="40"/>
    <PIPELINE2 source="assets/comp/PIPE/pipe1-2.png" scaleY="4" x="1400" y="490" scaleX="0.5" width="12" group="pipe" height="40"/>
    <PIPELINE rotation="270" source="assets/comp/PIPE/pipe1.png" scaleY="4" x="115" y="338" scaleX="0.5" width="12" group="pipe" height="40"/>
    <PIPELINE rotation="270" source="assets/comp/PIPE/pipe1.png" scaleY="4.4" x="40" y="230" scaleX="0.5" width="12" group="pipe" height="40"/>
    <PIPELINE2 source="assets/comp/PIPE/pipe1-2.png" scaleY="12" x="653" y="238" scaleX="0.5" width="12" group="pipe" height="40"/>
    <RYXCS y="132.8" height="423" source="assets/comp/ryxcs.png" width="796" scaleX="1" scaleY="1" x="932.5"/>
    <PIPELINE source="assets/comp/PIPE/pipe1.png" scaleY="16" x="35" y="82" scaleX="0.5" width="12" group="pipe" height="40"/>
    <PIPELINE2 source="assets/comp/PIPE/pipe1-2.png" scaleY="9.5" x="899" y="236" scaleX="0.5" width="12" group="pipe" height="40"/>
    <PIPELINE rotation="270" source="assets/comp/PIPE/pipe1.png" scaleY="3.7" x="40" y="85" scaleX="0.5" width="12" group="pipe" height="40"/>
    <PIPELINE source="assets/comp/PIPE/pipe1.png" scaleY="14" x="280" y="103" scaleX="0.5" width="12" group="pipe" height="40"/>
    <PIPELINE rotation="270" source="assets/comp/PIPE/pipe1.png" scaleY="16.2" x="285" y="106" scaleX="0.5" width="12" group="pipe" height="40"/>
    <PIPELINE source="assets/comp/PIPE/pipe1.png" scaleY="11.5" x="360" y="264" scaleX="0.5" width="12" group="pipe" height="40"/>
    <PIPELINE source="assets/comp/PIPE/pipe1.png" scaleY="7.5" x="530" y="267" scaleX="0.5" width="12" group="pipe" height="40"/>
    <PIPELINE source="assets/comp/PIPE/pipe1.png" scaleY="12.5" x="929" y="103" scaleX="0.5" width="12" group="pipe" height="40"/>
    <PIPELINE rotation="270" source="assets/comp/PIPE/pipe1.png" scaleY="4" x="368" y="268" scaleX="0.5" width="12" group="pipe" height="40"/>
    <PIPELINE source="assets/comp/PIPE/pipe1.png" scaleY="9.5" x="620" y="217" scaleX="0.5" width="12" group="pipe" height="40"/>
    <PIPELINE rotation="270" source="assets/comp/PIPE/pipe1.png" scaleY="7.6" x="625" y="216" scaleX="0.5" width="12" group="pipe" height="40"/>
    <PIPELINE rotation="270" source="assets/comp/PIPE/pipe1.png" scaleY="7.6" x="625" y="324" scaleX="0.5" width="12" group="pipe" height="40"/>
    <PIPELINE rotation="270" source="assets/comp/PIPE/pipe1.png" scaleY="7.6" x="625" y="447" scaleX="0.5" width="12" group="pipe" height="40"/>
    <PIPELINE rotation="270" source="assets/comp/PIPE/pipe1.png" scaleY="7.6" x="625" y="606" scaleX="0.5" width="12" group="pipe" height="40"/>
    <PIPELINE2 rotation="-90" source="assets/comp/PIPE/pipe1-2.png" scaleY="6" x="660" y="236" scaleX="0.5" width="12" group="pipe" height="40"/>
    <PIPELINE2 rotation="-90" source="assets/comp/PIPE/pipe1-2.png" scaleY="6" x="660" y="342" scaleX="0.5" width="12" group="pipe" height="40"/>
    <PIPELINE2 rotation="-90" source="assets/comp/PIPE/pipe1-2.png" scaleY="6" x="660" y="465" scaleX="0.5" width="12" group="pipe" height="40"/>
    <PIPELINE2 rotation="-90" source="assets/comp/PIPE/pipe1-2.png" scaleY="6" x="660" y="624" scaleX="0.5" width="12" group="pipe" height="40"/>
    <LGJZ deviceID="10503" source="assets/comp/LGJZ/alarm/0/1.png" deviceName="螺杆冷水机组4" scaleY="0.4" y="583" x="721" width="256" group="deviceComp" height="129" scaleX="0.5" mark="LSJ"/>
    <LXJZ deviceID="10502" source="assets/comp/LXJZ/alarm/0/1.png" deviceName="离心冷水机组3" scaleY="0.4" y="417" x="721" width="256" group="deviceComp" height="147" scaleX="0.5" mark="LSJ"/>
    <LXJZ deviceID="10501" source="assets/comp/LXJZ/alarm/0/1.png" deviceName="离心冷水机组2" scaleY="0.4" y="294" x="721" width="256" group="deviceComp" height="147" scaleX="0.5" mark="LSJ"/>
    <LXJZ deviceID="10500" source="assets/comp/LXJZ/alarm/0/1.png" deviceName="离心冷水机组1" scaleY="0.4" y="187" x="721" width="256" group="deviceComp" height="147" scaleX="0.5" mark="LSJ"/>
    <LQB deviceID="20001" rotation="0" source="assets/comp/LQB/alarm/0/1.png" deviceName="冷却水泵 CWP-B1-1" scaleY="0.5" y="232" x="424" width="88" group="deviceComp" height="87" scaleX="0.5" isMouseOverTip="true" mark="LQB"/>
    <PIPELINE rotation="270" source="assets/comp/PIPE/pipe1.png" scaleY="2" x="537.6" y="291" scaleX="0.5" width="12" group="pipe" height="40"/>
    <PIPELINE2 rotation="-90" source="assets/comp/PIPE/pipe1-2.png" scaleY="15" x="657" y="719" scaleX="0.5" width="12" group="pipe" height="40"/>
    <PIPELINE2 source="assets/comp/PIPE/pipe1-2.png" scaleY="7.5" x="1030" y="264" scaleX="0.5" width="12" group="pipe" height="40"/>
    <PIPELINE2 source="assets/comp/PIPE/pipe1-2.png" scaleY="7.5" x="1200" y="263" scaleX="0.5" width="12" group="pipe" height="40"/>
    <PIPELINE2 rotation="-90" source="assets/comp/PIPE/pipe1-2.png" scaleY="4" x="1039" y="268" scaleX="0.5" width="12" group="pipe" height="40"/>
    <PIPELINE2 rotation="-90" source="assets/comp/PIPE/pipe1-2.png" scaleY="4" x="1039" y="338" scaleX="0.5" width="12" group="pipe" height="40"/>
    <PIPELINE2 rotation="-90" source="assets/comp/PIPE/pipe1-2.png" scaleY="4" x="1039" y="408" scaleX="0.5" width="12" group="pipe" height="40"/>
    <PIPELINE2 rotation="-90" source="assets/comp/PIPE/pipe1-2.png" scaleY="4" x="1039" y="478" scaleX="0.5" width="12" group="pipe" height="40"/>
    <PIPELINE2 rotation="-90" source="assets/comp/PIPE/pipe1-2.png" scaleY="4" x="1039" y="568" scaleX="0.5" width="12" group="pipe" height="40"/>
    <LQB deviceID="30005" rotation="0" source="assets/comp/LQB/alarm/0/1.png" deviceName="冷冻水泵 PCWP-B1-5" scaleY="0.5" y="533" x="1100" width="88" group="deviceComp" height="87" scaleX="0.5" isMouseOverTip="true" mark="LDB"/>
    <LQB deviceID="30004" rotation="0" source="assets/comp/LQB/alarm/0/1.png" deviceName="冷冻水泵 PCWP-B1-4" scaleY="0.5" y="443" x="1100" width="88" group="deviceComp" height="87" scaleX="0.5" isMouseOverTip="true" mark="LDB"/>
    <LQB deviceID="30003" rotation="0" source="assets/comp/LQB/alarm/0/1.png" deviceName="冷冻水泵 PCWP-B1-3" scaleY="0.5" y="373" x="1100" width="88" group="deviceComp" height="87" scaleX="0.5" isMouseOverTip="true" mark="LDB"/>
    <LQB deviceID="30002" rotation="0" source="assets/comp/LQB/alarm/0/1.png" deviceName="冷冻水泵 PCWP-B1-2" scaleY="0.5" y="303" x="1100" width="88" group="deviceComp" height="87" scaleX="0.5" isMouseOverTip="true" mark="LDB"/>
    <LQB deviceID="30001" rotation="0" source="assets/comp/LQB/alarm/0/1.png" deviceName="冷冻水泵 PCWP-B1-1" scaleY="0.5" y="233" x="1100" width="88" group="deviceComp" height="87" scaleX="0.5" isMouseOverTip="true" mark="LDB"/>
    <PIPELINE2 source="assets/comp/PIPE/pipe1-2.png" scaleY="4" x="1400" y="130" scaleX="0.5" width="12" group="pipe" height="40"/>
    <PIPELINE rotation="270" source="assets/comp/PIPE/pipe1.png" scaleY="8" x="40" y="728" scaleX="0.5" width="12" group="pipe" height="40"/>
    <LQT7 deviceID="40001" source="assets/comp/LQT7/bg.png" deviceName="商业冷却塔CT-R1-1风机1" scaleY="0.5" y="108" x="113" width="65" group="deviceComp" height="109" scaleX="0.5" mark="LQT"/>
    <LQT7 deviceID="40002" source="assets/comp/LQT7/bg.png" deviceName="商业冷却塔CT-R1-1风机2" scaleY="0.5" y="108" x="143" width="65" group="deviceComp" height="109" scaleX="0.5" mark="LQT"/>
    <LQT7 deviceID="40003" source="assets/comp/LQT7/bg.png" deviceName="商业冷却塔CT-R1-1风机3" scaleY="0.5" y="108" x="173" width="65" group="deviceComp" height="109" scaleX="0.5" mark="LQT"/>
    <LQT7 deviceID="40004" source="assets/comp/LQT7/bg.png" deviceName="商业冷却塔CT-R1-2风机1" scaleY="0.5" y="258" x="110" width="65" group="deviceComp" height="109" scaleX="0.5" mark="LQT"/>
    <LQT7 deviceID="40005" source="assets/comp/LQT7/bg.png" deviceName="商业冷却塔CT-R1-2风机2" scaleY="0.5" y="258" x="140" width="65" group="deviceComp" height="109" scaleX="0.5" mark="LQT"/>
    <LQT7 deviceID="40006" source="assets/comp/LQT7/bg.png" deviceName="商业冷却塔CT-R1-2风机3" scaleY="0.5" y="258" x="170" width="65" group="deviceComp" height="109" scaleX="0.5" mark="LQT"/>
    <LQT7 deviceID="40007" source="assets/comp/LQT7/bg.png" deviceName="商业冷却塔CT-R1-2风机4" scaleY="0.5" y="258" x="200" width="65" group="deviceComp" height="109" scaleX="0.5" mark="LQT"/>
    <LQT7 deviceID="40008" source="assets/comp/LQT7/bg.png" deviceName="商业冷却塔CT-R1-3风机1" scaleY="0.5" y="431" x="110" width="65" group="deviceComp" height="109" scaleX="0.5" mark="LQT"/>
    <LQT7 deviceID="40009" source="assets/comp/LQT7/bg.png" deviceName="商业冷却塔CT-R1-3风机2" scaleY="0.5" y="431" x="140" width="65" group="deviceComp" height="109" scaleX="0.5" mark="LQT"/>
    <LQT7 deviceID="40010" source="assets/comp/LQT7/bg.png" deviceName="商业冷却塔CT-R1-3风机3" scaleY="0.5" y="431" x="170" width="65" group="deviceComp" height="109" scaleX="0.5" mark="LQT"/>
    <LQT7 deviceID="40011" source="assets/comp/LQT7/bg.png" deviceName="商业冷却塔CT-R1-3风机4" scaleY="0.5" y="431" x="200" width="65" group="deviceComp" height="109" scaleX="0.5" mark="LQT"/>
    <LQT7 deviceID="40012" source="assets/comp/LQT7/bg.png" deviceName="商业冷却塔CT-R1-4风机1" scaleY="0.5" y="586" x="110" width="65" group="deviceComp" height="109" scaleX="0.5" mark="LQT"/>
    <LQT7 deviceID="40013" source="assets/comp/LQT7/bg.png" deviceName="商业冷却塔CT-R1-4风机2" scaleY="0.5" y="586" x="140" width="65" group="deviceComp" height="109" scaleX="0.5" mark="LQT"/>
    <LQT7 deviceID="40014" source="assets/comp/LQT7/bg.png" deviceName="商业冷却塔CT-R1-4风机3" scaleY="0.5" y="586" x="170" width="65" group="deviceComp" height="109" scaleX="0.5" mark="LQT"/>
    <LQT7 deviceID="40015" source="assets/comp/LQT7/bg.png" deviceName="商业冷却塔CT-R1-4风机4" scaleY="0.5" y="586" x="200" width="65" group="deviceComp" height="109" scaleX="0.5" mark="LQT"/>
    <LYZKSB height="117" source="assets/comp/gongfangzhuji.png" deviceName="冷源总管" x="423" y="590" width="54" group="spetial" deviceID="1720001" mark="LYZG"/>
    <TEXT width="135" y="640" text="冷冻水出水温度" borderColor="16777215" source="assets/comp/TEXTINPUT/label.png" fontSize="18" fontWeight="normal" widthInChars="4" contentBackgroundAlpha="0" height="22" borderVisible="false" color="0x444444" param="" fontFamily="微软雅黑" x="909" textAlign="center" group="commonComp" deviceID="" sizeAuto="true"/>
    <LABEL group="commonComp" textAlign="right" fontSize="12" contentBackgroundColor="000000" paramID="160" deviceName="冷源总管" fontFamily="digifaw" deviceID="1720001" mark="LYZG" text="0101" borderColor="999999" source="assets/comp/TEXTINPUT/text.png" fontWeight="normal" widthInChars="4" contentBackgroundAlpha="1" rotation="0" x="849" y="640" param="ldewTemp" borderVisible="true" color="3407616" sizeAuto="false"/>
    <TEXT width="135" y="640" text="冷冻水回水温度" borderColor="16777215" source="assets/comp/TEXTINPUT/label.png" fontSize="18" fontWeight="normal" widthInChars="4" contentBackgroundAlpha="0" height="22" borderVisible="false" color="0x444444" param="" fontFamily="微软雅黑" x="517" textAlign="center" group="commonComp" deviceID="" sizeAuto="true"/>
    <LABEL group="commonComp" textAlign="right" fontSize="12" contentBackgroundColor="000000" paramID="162" deviceName="冷源总管" fontFamily="digifaw" deviceID="1720001" mark="LYZG" text="0101" borderColor="999999" source="assets/comp/TEXTINPUT/text.png" fontWeight="normal" widthInChars="4" contentBackgroundAlpha="1" rotation="0" x="666" y="640" param="ldiwTemp" borderVisible="true" color="3407616" sizeAuto="false"/>
    <PIPELINE rotation="270" source="assets/comp/PIPE/pipe1.png" scaleY="4" x="368" y="338" scaleX="0.5" width="12" group="pipe" height="40"/>
    <PIPELINE rotation="270" source="assets/comp/PIPE/pipe1.png" scaleY="4" x="368" y="408" scaleX="0.5" width="12" group="pipe" height="40"/>
    <PIPELINE rotation="270" source="assets/comp/PIPE/pipe1.png" scaleY="4" x="368" y="478" scaleX="0.5" width="12" group="pipe" height="40"/>
    <PIPELINE rotation="270" source="assets/comp/PIPE/pipe1.png" scaleY="4" x="368" y="568" scaleX="0.5" width="12" group="pipe" height="40"/>
    <LQB deviceID="20002" rotation="0" source="assets/comp/LQB/alarm/0/1.png" deviceName="冷却水泵 CWP-B1-2" scaleY="0.5" y="302" x="424" width="88" group="deviceComp" height="87" scaleX="0.5" isMouseOverTip="true" mark="LQB"/>
    <LQB deviceID="20003" rotation="0" source="assets/comp/LQB/alarm/0/1.png" deviceName="冷却水泵 CWP-B1-3" scaleY="0.5" y="372" x="424" width="88" group="deviceComp" height="87" scaleX="0.5" isMouseOverTip="true" mark="LQB"/>
    <LQB deviceID="20004" rotation="0" source="assets/comp/LQB/alarm/0/1.png" deviceName="冷却水泵 CWP-B1-4" scaleY="0.5" y="442" x="425" width="88" group="deviceComp" height="87" scaleX="0.5" isMouseOverTip="true" mark="LQB"/>
    <LQB deviceID="20005" rotation="0" source="assets/comp/LQB/alarm/0/1.png" deviceName="冷却水泵 CWP-B1-5" scaleY="0.5" y="532" x="425" width="88" group="deviceComp" height="87" scaleX="0.5" isMouseOverTip="true" mark="LQB"/>
    <PIPELINE2 source="assets/comp/PIPE/pipe1-2.png" scaleY="4" x="1460" y="130" scaleX="0.5" width="12" group="pipe" height="40"/>
    <PIPELINE2 source="assets/comp/PIPE/pipe1-2.png" scaleY="4" x="1640" y="130" scaleX="0.5" width="12" group="pipe" height="40"/>
    <PIPELINE2 source="assets/comp/PIPE/pipe1-2.png" scaleY="4" x="1520" y="130" scaleX="0.5" width="12" group="pipe" height="40"/>
    <PIPELINE2 source="assets/comp/PIPE/pipe1-2.png" scaleY="4" x="1580" y="130" scaleX="0.5" width="12" group="pipe" height="40"/>
    <PIPELINE2 source="assets/comp/PIPE/pipe1-2.png" scaleY="4" x="1700" y="130" scaleX="0.5" width="12" group="pipe" height="40"/>
    <PIPELINE2 rotation="-90" source="assets/comp/PIPE/pipe1-2.png" scaleY="4" x="1209" y="284" scaleX="0.5" width="12" group="pipe" height="40"/>
    <PIPELINE2 rotation="-90" source="assets/comp/PIPE/pipe1-2.png" scaleY="3" x="906" y="298" scaleX="0.5" width="12" group="pipe" height="40"/>
    <PIPELINE2 source="assets/comp/PIPE/pipe1-2.png" scaleY="4" x="1370" y="114" scaleX="0.5" width="12" group="pipe" height="40"/>
    <JSQ deviceID="" source="assets/comp/JSQ/bg.png" scaleY="0.5" x="1340" y="101" scaleX="2.5" width="159" group="deviceComp" height="72"/>
    <PIPE3T rotation="180" source="assets/comp/PIPE/pipe3.png" scaleY="0.5" x="47" y="235" scaleX="0.5" width="24" group="pipe" height="34"/>
    <PIPE3T source="assets/comp/PIPE/pipe3.png" scaleY="0.5" x="275" y="325" scaleX="0.5" width="24" group="pipe" height="34"/>
    <PIPE3T rotation="180" source="assets/comp/PIPE/pipe3.png" scaleY="0.5" x="372" y="343" scaleX="0.5" width="24" group="pipe" height="34"/>
    <PIPE3T rotation="180" source="assets/comp/PIPE/pipe3.png" scaleY="0.5" x="372" y="413" scaleX="0.5" width="24" group="pipe" height="34"/>
    <PIPE3T rotation="180" source="assets/comp/PIPE/pipe3.png" scaleY="0.5" x="372" y="483" scaleX="0.5" width="24" group="pipe" height="34"/>
    <PIPE3T rotation="180" source="assets/comp/PIPE/pipe3.png" scaleY="0.5" x="372" y="573" scaleX="0.5" width="24" group="pipe" height="34"/>
    <PIPE3T rotation="180" source="assets/comp/PIPE/pipe3.png" scaleY="0.5" x="542" y="296" scaleX="0.5" width="24" group="pipe" height="34"/>
    <PIPE3T source="assets/comp/PIPE/pipe3.png" scaleY="0.5" x="525" y="326" scaleX="0.5" width="24" group="pipe" height="34"/>
    <PIPE3T source="assets/comp/PIPE/pipe3.png" scaleY="0.5" x="525" y="396" scaleX="0.5" width="24" group="pipe" height="34"/>
    <PIPE3T source="assets/comp/PIPE/pipe3.png" scaleY="0.5" x="525" y="466" scaleX="0.5" width="24" group="pipe" height="34"/>
    <PIPE3T rotation="180" source="assets/comp/PIPE/pipe3.png" scaleY="0.5" x="632.2" y="328.5000000000001" scaleX="0.5" width="24" group="pipe" height="34"/>
    <PIPE3T rotation="180" source="assets/comp/PIPE/pipe3.png" scaleY="0.5" x="665" y="346" scaleX="0.5" width="24" group="pipe" height="34"/>
    <PIPE3T rotation="180" source="assets/comp/PIPE/pipe3.png" scaleY="0.5" x="632" y="452" scaleX="0.5" width="24" group="pipe" height="34"/>
    <PIPE3T rotation="180" source="assets/comp/PIPE/pipe3.png" scaleY="0.5" x="665" y="470" scaleX="0.5" width="24" group="pipe" height="34"/>
    <PIPE3T rotation="180" source="assets/comp/PIPE/pipe3.png" scaleY="0.5" x="665" y="629" scaleX="0.5" width="24" group="pipe" height="34"/>
    <PIPE3T source="assets/comp/PIPE/pipe3.png" scaleY="0.5" x="614.75" y="279" scaleX="0.5" width="24" group="pipe" height="34"/>
    <PIPE3T source="assets/comp/PIPE/pipe3.png" scaleY="0.5" x="894" y="454" scaleX="0.5" width="24" group="pipe" height="34"/>
    <PIPE3T source="assets/comp/PIPE/pipe3.png" scaleY="0.5" x="924" y="435" scaleX="0.5" width="24" group="pipe" height="34"/>
    <PIPE3T source="assets/comp/PIPE/pipe3.png" scaleY="0.5" x="894" y="330" scaleX="0.5" width="24" group="pipe" height="34"/>
    <PIPE3T source="assets/comp/PIPE/pipe3.png" scaleY="0.5" x="924" y="312" scaleX="0.5" width="24" group="pipe" height="34"/>
    <PIPE3T source="assets/comp/PIPE/pipe3.png" scaleY="0.5" x="924" y="204" scaleX="0.5" width="24" group="pipe" height="34"/>
    <PIPE3T rotation="180" source="assets/comp/PIPE/pipe3.png" scaleY="0.5" x="911" y="303" scaleX="0.5" width="24" group="pipe" height="34"/>
    <PIPECORNER rotation="270" source="assets/comp/PIPE/pipe2.png" scaleY="0.5" x="1366" y="284" scaleX="0.5" width="23" group="pipe" height="23"/>
    <PIPE3T rotation="180" source="assets/comp/PIPE/pipe3.png" scaleY="0.5" x="1042" y="483" scaleX="0.5" width="24" group="pipe" height="34"/>
    <PIPE3T rotation="180" source="assets/comp/PIPE/pipe3.png" scaleY="0.5" x="1042" y="413" scaleX="0.5" width="24" group="pipe" height="34"/>
    <PIPE3T rotation="180" source="assets/comp/PIPE/pipe3.png" scaleY="0.5" x="1042" y="342.95000000000005" scaleX="0.5" width="24" group="pipe" height="34"/>
    <PIPE3T rotation="0" source="assets/comp/PIPE/pipe3.png" scaleY="0.5" x="1024" y="285" scaleX="0.5" width="24" group="pipe" height="34"/>
    <PIPE3T source="assets/comp/PIPE/pipe3.png" scaleY="0.5" x="1195" y="466" scaleX="0.5" width="24" group="pipe" height="34"/>
    <PIPE3T source="assets/comp/PIPE/pipe3.png" scaleY="0.5" x="1195" y="396" scaleX="0.5" width="24" group="pipe" height="34"/>
    <PIPE3T source="assets/comp/PIPE/pipe3.png" scaleY="0.5" x="1195" y="326" scaleX="0.5" width="24" group="pipe" height="34"/>
    <PIPE3T rotation="180" source="assets/comp/PIPE/pipe3.png" scaleY="0.5" x="1212" y="289" scaleX="0.5" width="24" group="pipe" height="34"/>
    <PIPECORNER rotation="90" source="assets/comp/PIPE/pipe2.png" scaleY="0.5" x="371" y="260" scaleX="0.5" width="23" group="pipe" height="23"/>
    <PIPECORNER rotation="-90" source="assets/comp/PIPE/pipe2.png" scaleY="0.5" x="356" y="728" scaleX="0.5" width="23" group="pipe" height="23"/>
    <PIPECORNER rotation="0" source="assets/comp/PIPE/pipe2.png" scaleY="0.5" x="34" y="716" scaleX="0.5" width="23" group="pipe" height="23"/>
    <PIPECORNER rotation="90" source="assets/comp/PIPE/pipe2.png" scaleY="0.5" x="46" y="78" scaleX="0.5" width="23" group="pipe" height="23"/>
    <PIPELINE rotation="270" source="assets/comp/PIPE/pipe1.png" scaleY="4.4" x="36.95" y="392" scaleX="0.5" width="12" group="pipe" height="40"/>
    <PIPELINE rotation="270" source="assets/comp/PIPE/pipe1.png" scaleY="4.4" x="38" y="559" scaleX="0.5" width="12" group="pipe" height="40"/>
    <PIPE3T rotation="180" source="assets/comp/PIPE/pipe3.png" scaleY="0.5" x="46" y="397" scaleX="0.5" width="24" group="pipe" height="34"/>
    <PIPE3T rotation="180" source="assets/comp/PIPE/pipe3.png" scaleY="0.5" x="47" y="564" scaleX="0.5" width="24" group="pipe" height="34"/>
    <PIPELINE rotation="270" source="assets/comp/PIPE/pipe1.png" scaleY="4" x="123.95" y="190" scaleX="0.5" width="12" group="pipe" height="40"/>
    <PIPE3T source="assets/comp/PIPE/pipe3.png" scaleY="0.5" x="274.75" y="178" scaleX="0.5" width="24" group="pipe" height="34"/>
    <PIPELINE rotation="270" source="assets/comp/PIPE/pipe1.png" scaleY="4" x="122.95" y="507" scaleX="0.5" width="12" group="pipe" height="40"/>
    <PIPE3T source="assets/comp/PIPE/pipe3.png" scaleY="0.5" x="274.75" y="494" scaleX="0.5" width="24" group="pipe" height="34"/>
    <PIPELINE rotation="270" source="assets/comp/PIPE/pipe1.png" scaleY="4" x="123.95" y="668" scaleX="0.5" width="12" group="pipe" height="40"/>
    <PIPECORNER rotation="270" source="assets/comp/PIPE/pipe2.png" scaleY="0.5" x="275" y="668" scaleX="0.5" width="23" group="pipe" height="23"/>
    <PIPECORNER rotation="180" source="assets/comp/PIPE/pipe2.png" scaleY="0.5" x="537" y="273" scaleX="0.5" width="23" group="pipe" height="23"/>
    <PIPECORNER rotation="270" source="assets/comp/PIPE/pipe2.png" scaleY="0.5" x="525" y="569" scaleX="0.5" width="23" group="pipe" height="23"/>
    <PIPECORNER rotation="90" source="assets/comp/PIPE/pipe2.png" scaleY="0.5" x="631" y="209" scaleX="0.5" width="23" group="pipe" height="23"/>
    <PIPECORNER rotation="0" source="assets/comp/PIPE/pipe2.png" scaleY="0.5" x="619" y="594" scaleX="0.5" width="23" group="pipe" height="23"/>
    <PIPECORNER rotation="90" source="assets/comp/PIPE/pipe2.png" scaleY="0.5" x="292" y="99" scaleX="0.5" width="23" group="pipe" height="23"/>
    <PIPECORNER rotation="90" source="assets/comp/PIPE/pipe2.png" scaleY="0.5" x="664" y="230" scaleX="0.5" width="23" group="pipe" height="23"/>
    <PIPECORNER rotation="180" source="assets/comp/PIPE/pipe2.png" scaleY="0.5" x="906" y="241" scaleX="0.5" width="23" group="pipe" height="23"/>
    <PIPECORNER rotation="270" source="assets/comp/PIPE/pipe2.png" scaleY="0.5" x="895" y="623" scaleX="0.5" width="23" group="pipe" height="23"/>
    <PIPECORNER rotation="90" source="assets/comp/PIPE/pipe2.png" scaleY="0.5" x="1040" y="261" scaleX="0.5" width="23" group="pipe" height="23"/>
    <PIPECORNER rotation="0" source="assets/comp/PIPE/pipe2.png" scaleY="0.5" x="1030" y="556" scaleX="0.5" width="23" group="pipe" height="23"/>
    <PIPECORNER rotation="270" source="assets/comp/PIPE/pipe2.png" scaleY="0.5" x="924" y="606" scaleX="0.5" width="23" group="pipe" height="23"/>
    <PIPECORNER rotation="180" source="assets/comp/PIPE/pipe2.png" scaleY="0.5" x="936" y="110" scaleX="0.5" width="23" group="pipe" height="23"/>
    <PIPECORNER rotation="180" source="assets/comp/PIPE/pipe2.png" scaleY="0.5" x="1207" y="272" scaleX="0.5" width="23" group="pipe" height="23"/>
    <PIPECORNER rotation="270" source="assets/comp/PIPE/pipe2.png" scaleY="0.5" x="1195" y="568" scaleX="0.5" width="23" group="pipe" height="23"/>
    <PIPELINE2 source="assets/comp/PIPE/pipe1-2.png" scaleY="4" x="1460" y="490" scaleX="0.5" width="12" group="pipe" height="40"/>
    <PIPELINE2 source="assets/comp/PIPE/pipe1-2.png" scaleY="4" x="1520" y="490" scaleX="0.5" width="12" group="pipe" height="40"/>
    <PIPELINE2 source="assets/comp/PIPE/pipe1-2.png" scaleY="4" x="1580" y="490" scaleX="0.5" width="12" group="pipe" height="40"/>
    <JSQ deviceID="" source="assets/comp/JSQ/bg.png" scaleY="0.5" x="1340" y="640" scaleX="2.5" width="159" group="deviceComp" height="72"/>
    <PIPECORNER rotation="0" source="assets/comp/PIPE/pipe2.png" scaleY="0.5" x="653" y="707" scaleX="0.5" width="23" group="pipe" height="23"/>
    <PIPELINE2 source="assets/comp/PIPE/pipe1-2.png" scaleY="4" x="1252" y="554" scaleX="0.5" width="12" group="pipe" height="40"/>
    <PIPECORNER rotation="270" source="assets/comp/PIPE/pipe2.png" scaleY="0.5" x="1248" y="719" scaleX="0.5" width="23" group="pipe" height="23"/>
    <PIPELINE2 rotation="-90" source="assets/comp/PIPE/pipe1-2.png" scaleY="3" x="1253.5" y="558" scaleX="0.5" width="12" group="pipe" height="40"/>
    <PIPECORNER rotation="90" source="assets/comp/PIPE/pipe2.png" scaleY="0.5" x="1263" y="551" scaleX="0.5" width="23" group="pipe" height="23"/>
    <PIPECORNER rotation="180" source="assets/comp/PIPE/pipe2.png" scaleY="0.5" x="1377" y="563" scaleX="0.5" width="23" group="pipe" height="23"/>
    <TEXT width="77" y="75" text="分水器" borderColor="0xffffff" source="assets/comp/TEXTINPUT/label.png" fontSize="24" fontWeight="normal" widthInChars="4" contentBackgroundAlpha="0" height="28" borderVisible="false" color="0x444444" param="" fontFamily="微软雅黑" x="1514" textAlign="center" group="commonComp" deviceID="" sizeAuto="true"/>
    <TEXT width="77" y="675" text="集水器" borderColor="0xffffff" source="assets/comp/TEXTINPUT/label.png" fontSize="24" fontWeight="normal" widthInChars="4" contentBackgroundAlpha="0" height="28" borderVisible="false" color="0x444444" param="" fontFamily="微软雅黑" x="1519" textAlign="center" group="commonComp" deviceID="" sizeAuto="true"/>
    <TEXT group="commonComp" textAlign="center" fontSize="18" fontFamily="微软雅黑" width="59" height="22" deviceID="" text="支路一" borderColor="0xffffff" source="assets/comp/TEXTINPUT/label.png" fontWeight="normal" widthInChars="4" contentBackgroundAlpha="0" rotation="-90" y="416" param="" borderVisible="false" x="1390" color="0x444444" sizeAuto="true"/>
    <TEXT group="commonComp" textAlign="center" fontSize="18" fontFamily="微软雅黑" width="59" height="22" deviceID="" text="支路二" borderColor="0xffffff" source="assets/comp/TEXTINPUT/label.png" fontWeight="normal" widthInChars="4" contentBackgroundAlpha="0" rotation="-90" y="416" param="" borderVisible="false" x="1450" color="0x444444" sizeAuto="true"/>
    <TEXT group="commonComp" textAlign="center" fontSize="18" fontFamily="微软雅黑" width="59" height="22" deviceID="" text="支路三" borderColor="0xffffff" source="assets/comp/TEXTINPUT/label.png" fontWeight="normal" widthInChars="4" contentBackgroundAlpha="0" rotation="-90" y="416" param="" borderVisible="false" x="1513" color="0x444444" sizeAuto="true"/>
    <TEXT group="commonComp" textAlign="center" fontSize="18" fontFamily="微软雅黑" width="59" height="22" deviceID="" text="支路四" borderColor="0xffffff" source="assets/comp/TEXTINPUT/label.png" fontWeight="normal" widthInChars="4" contentBackgroundAlpha="0" rotation="-90" y="416" param="" borderVisible="false" x="1572" color="0x444444" sizeAuto="true"/>
    <TEXT group="commonComp" textAlign="center" fontSize="18" fontFamily="微软雅黑" width="59" height="22" deviceID="" text="支路五" borderColor="0xffffff" source="assets/comp/TEXTINPUT/label.png" fontWeight="normal" widthInChars="4" contentBackgroundAlpha="0" rotation="-90" y="416" param="" borderVisible="false" x="1633" color="0x444444" sizeAuto="true"/>
    <TEXT group="commonComp" textAlign="center" fontSize="18" fontFamily="微软雅黑" width="59" height="22" deviceID="" text="支路六" borderColor="0xffffff" source="assets/comp/TEXTINPUT/label.png" fontWeight="normal" widthInChars="4" contentBackgroundAlpha="0" rotation="-90" y="416" param="" borderVisible="false" x="1692" color="0x444444" sizeAuto="true"/>
    <LABEL group="commonComp" textAlign="right" fontSize="12" contentBackgroundColor="000000" paramID="160" deviceName="空调支管1" fontFamily="digifaw" deviceID="1720002" mark="LYZG" text="0101" borderColor="999999" source="assets/comp/TEXTINPUT/text.png" fontWeight="normal" widthInChars="4" contentBackgroundAlpha="1" rotation="0" x="1374" y="324" param="ldewTemp" borderVisible="true" color="3407616" sizeAuto="false"/>
    <TEXT group="commonComp" textAlign="center" fontSize="18" fontFamily="微软雅黑" width="78" height="22" deviceID="" text="供水温度" borderColor="0xffffff" source="assets/comp/TEXTINPUT/label.png" fontWeight="normal" widthInChars="4" contentBackgroundAlpha="0" rotation="0" y="326" param="" borderVisible="false" x="1288" color="0x444444" sizeAuto="true"/>
    <TEXT group="commonComp" textAlign="center" fontSize="18" fontFamily="微软雅黑" width="78" height="22" deviceID="" text="回水温度" borderColor="0xffffff" source="assets/comp/TEXTINPUT/label.png" fontWeight="normal" widthInChars="4" contentBackgroundAlpha="0" rotation="0" y="458" param="" borderVisible="false" x="1287" color="0x444444" sizeAuto="true"/>
    <LABEL group="commonComp" textAlign="right" fontSize="12" contentBackgroundColor="000000" paramID="160" deviceName="空调支管2" fontFamily="digifaw" deviceID="1720003" mark="LYZG" text="0101" borderColor="999999" source="assets/comp/TEXTINPUT/text.png" fontWeight="normal" widthInChars="4" contentBackgroundAlpha="1" rotation="0" x="1436" y="324" param="ldewTemp" borderVisible="true" color="3407616" sizeAuto="false"/>
    <LABEL group="commonComp" textAlign="right" fontSize="12" contentBackgroundColor="000000" paramID="160" deviceName="空调支管3" fontFamily="digifaw" deviceID="1720004" mark="LYZG" text="0101" borderColor="999999" source="assets/comp/TEXTINPUT/text.png" fontWeight="normal" widthInChars="4" contentBackgroundAlpha="1" rotation="0" x="1498" y="323" param="ldewTemp" borderVisible="true" color="3407616" sizeAuto="false"/>
    <LABEL group="commonComp" textAlign="right" fontSize="12" contentBackgroundColor="000000" paramID="160" deviceName="空调支管4" fontFamily="digifaw" deviceID="1720005" mark="LYZG" text="0101" borderColor="999999" source="assets/comp/TEXTINPUT/text.png" fontWeight="normal" widthInChars="4" contentBackgroundAlpha="1" rotation="0" x="1559" y="323" param="ldewTemp" borderVisible="true" color="3407616" sizeAuto="false"/>
    <LABEL group="commonComp" textAlign="right" fontSize="12" contentBackgroundColor="000000" paramID="160" deviceName="空调支管5" fontFamily="digifaw" deviceID="1720006" mark="LYZG" text="0101" borderColor="999999" source="assets/comp/TEXTINPUT/text.png" fontWeight="normal" widthInChars="4" contentBackgroundAlpha="1" rotation="0" x="1619" y="323" param="ldewTemp" borderVisible="true" color="3407616" sizeAuto="false"/>
    <LABEL group="commonComp" textAlign="right" fontSize="12" contentBackgroundColor="000000" paramID="160" deviceName="空调支管6" fontFamily="digifaw" deviceID="1720007" mark="LYZG" text="0101" borderColor="999999" source="assets/comp/TEXTINPUT/text.png" fontWeight="normal" widthInChars="4" contentBackgroundAlpha="1" rotation="0" x="1678" y="323" param="ldewTemp" borderVisible="true" color="3407616" sizeAuto="false"/>
    <LABEL group="commonComp" textAlign="right" fontSize="12" contentBackgroundColor="000000" paramID="162" deviceName="空调支管1" fontFamily="digifaw" deviceID="1720002" mark="LYZG" text="0101" borderColor="999999" source="assets/comp/TEXTINPUT/text.png" fontWeight="normal" widthInChars="4" contentBackgroundAlpha="1" rotation="0" x="1374" y="458" param="ldiwTemp" borderVisible="true" color="3407616" sizeAuto="false"/>
    <LABEL group="commonComp" textAlign="right" fontSize="12" contentBackgroundColor="000000" paramID="162" deviceName="空调支管2" fontFamily="digifaw" deviceID="1720003" mark="LYZG" text="0101" borderColor="999999" source="assets/comp/TEXTINPUT/text.png" fontWeight="normal" widthInChars="4" contentBackgroundAlpha="1" rotation="0" x="1437" y="458" param="ldiwTemp" borderVisible="true" color="3407616" sizeAuto="false"/>
    <LABEL group="commonComp" textAlign="right" fontSize="12" contentBackgroundColor="000000" paramID="162" deviceName="空调支管3" fontFamily="digifaw" deviceID="1720004" mark="LYZG" text="0101" borderColor="999999" source="assets/comp/TEXTINPUT/text.png" fontWeight="normal" widthInChars="4" contentBackgroundAlpha="1" rotation="0" x="1497" y="458" param="ldiwTemp" borderVisible="true" color="3407616" sizeAuto="false"/>
    <LABEL group="commonComp" textAlign="right" fontSize="12" contentBackgroundColor="000000" paramID="162" deviceName="空调支管4" fontFamily="digifaw" deviceID="1720005" mark="LYZG" text="0101" borderColor="999999" source="assets/comp/TEXTINPUT/text.png" fontWeight="normal" widthInChars="4" contentBackgroundAlpha="1" rotation="0" x="1558" y="458" param="ldiwTemp" borderVisible="true" color="3407616" sizeAuto="false"/>
    <LABEL group="commonComp" textAlign="right" fontSize="12" contentBackgroundColor="000000" paramID="162" deviceName="空调支管5" fontFamily="digifaw" deviceID="1720006" mark="LYZG" text="0101" borderColor="999999" source="assets/comp/TEXTINPUT/text.png" fontWeight="normal" widthInChars="4" contentBackgroundAlpha="1" rotation="0" x="1619" y="458" param="ldiwTemp" borderVisible="true" color="3407616" sizeAuto="false"/>
    <LABEL group="commonComp" textAlign="right" fontSize="12" contentBackgroundColor="000000" paramID="162" deviceName="空调支管6" fontFamily="digifaw" deviceID="1720007" mark="LYZG" text="0101" borderColor="999999" source="assets/comp/TEXTINPUT/text.png" fontWeight="normal" widthInChars="4" contentBackgroundAlpha="1" rotation="0" x="1679" y="459" param="ldiwTemp" borderVisible="true" color="3407616" sizeAuto="false"/>
    <LABEL group="commonComp" textAlign="right" fontSize="12" contentBackgroundColor="000000" paramID="63" deviceName="冷冻水泵 PCWP-B1-1" fontFamily="digifaw" deviceID="30001" mark="LDB" text="0101" borderColor="999999" source="assets/comp/TEXTINPUT/text.png" fontWeight="normal" widthInChars="4" contentBackgroundAlpha="1" rotation="0" x="1123" y="207" param="rate" borderVisible="true" color="3407616" sizeAuto="false"/>
    <TEXT width="29" y="206" text="HZ" borderColor="0xffffff" source="assets/comp/TEXTINPUT/label.png" fontSize="20" fontWeight="normal" widthInChars="4" contentBackgroundAlpha="0" height="25" borderVisible="false" color="0x444444" param="" fontFamily="微软雅黑" x="1183" textAlign="center" group="commonComp" deviceID="" sizeAuto="true"/>
    <LABEL group="commonComp" textAlign="right" fontSize="12" contentBackgroundColor="000000" paramID="63" deviceName="冷冻水泵 PCWP-B1-2" fontFamily="digifaw" deviceID="30002" mark="LDB" text="0101" borderColor="999999" source="assets/comp/TEXTINPUT/text.png" fontWeight="normal" widthInChars="4" contentBackgroundAlpha="1" rotation="0" x="1126" y="278" param="rate" borderVisible="true" color="3407616" sizeAuto="false"/>
    <LABEL group="commonComp" textAlign="right" fontSize="12" contentBackgroundColor="000000" paramID="63" deviceName="冷冻水泵 PCWP-B1-3" fontFamily="digifaw" deviceID="30003" mark="LDB" text="0101" borderColor="999999" source="assets/comp/TEXTINPUT/text.png" fontWeight="normal" widthInChars="4" contentBackgroundAlpha="1" rotation="0" x="1126" y="349" param="rate" borderVisible="true" color="3407616" sizeAuto="false"/>
    <LABEL group="commonComp" textAlign="right" fontSize="12" contentBackgroundColor="000000" paramID="63" deviceName="冷冻水泵 PCWP-B1-4" fontFamily="digifaw" deviceID="30004" mark="LDB" text="0101" borderColor="999999" source="assets/comp/TEXTINPUT/text.png" fontWeight="normal" widthInChars="4" contentBackgroundAlpha="1" rotation="0" x="1127" y="420" param="rate" borderVisible="true" color="3407616" sizeAuto="false"/>
    <LABEL group="commonComp" textAlign="right" fontSize="12" contentBackgroundColor="000000" paramID="63" deviceName="冷冻水泵 PCWP-B1-5" fontFamily="digifaw" deviceID="30005" mark="LDB" text="0101" borderColor="999999" source="assets/comp/TEXTINPUT/text.png" fontWeight="normal" widthInChars="4" contentBackgroundAlpha="1" rotation="0" x="1127" y="507" param="rate" borderVisible="true" color="3407616" sizeAuto="false"/>
    <TEXT width="29" y="277" text="HZ" borderColor="0xffffff" source="assets/comp/TEXTINPUT/label.png" fontSize="20" fontWeight="normal" widthInChars="4" contentBackgroundAlpha="0" height="25" borderVisible="false" color="0x444444" param="" fontFamily="微软雅黑" x="1186" textAlign="center" group="commonComp" deviceID="" sizeAuto="true"/>
    <TEXT width="29" y="347" text="HZ" borderColor="0xffffff" source="assets/comp/TEXTINPUT/label.png" fontSize="20" fontWeight="normal" widthInChars="4" contentBackgroundAlpha="0" height="25" borderVisible="false" color="0x444444" param="" fontFamily="微软雅黑" x="1186" textAlign="center" group="commonComp" deviceID="" sizeAuto="true"/>
    <TEXT width="29" y="418" text="HZ" borderColor="0xffffff" source="assets/comp/TEXTINPUT/label.png" fontSize="20" fontWeight="normal" widthInChars="4" contentBackgroundAlpha="0" height="25" borderVisible="false" color="0x444444" param="" fontFamily="微软雅黑" x="1187" textAlign="center" group="commonComp" deviceID="" sizeAuto="true"/>
    <TEXT width="29" y="506" text="HZ" borderColor="0xffffff" source="assets/comp/TEXTINPUT/label.png" fontSize="20" fontWeight="normal" widthInChars="4" contentBackgroundAlpha="0" height="25" borderVisible="false" color="0x444444" param="" fontFamily="微软雅黑" x="1187" textAlign="center" group="commonComp" deviceID="" sizeAuto="true"/>
    <LABEL group="commonComp" textAlign="right" fontSize="12" contentBackgroundColor="000000" paramID="163" deviceName="冷源总管" fontFamily="digifaw" deviceID="1720001" mark="LYZG" text="0101" borderColor="999999" source="assets/comp/TEXTINPUT/text.png" fontWeight="normal" widthInChars="4" contentBackgroundAlpha="1" rotation="0" x="847" y="173" param="lqiwTemp" borderVisible="true" color="3407616" sizeAuto="false"/>
    <LABEL group="commonComp" textAlign="right" fontSize="12" contentBackgroundColor="000000" paramID="161" deviceName="冷源总管" fontFamily="digifaw" deviceID="1720001" mark="LYZG" text="0101" borderColor="999999" source="assets/comp/TEXTINPUT/text.png" fontWeight="normal" widthInChars="4" contentBackgroundAlpha="1" rotation="0" x="648" y="175" param="lqewTemp" borderVisible="true" color="3407616" sizeAuto="false"/>
    <TEXT width="135" y="173" text="冷却水供水温度" borderColor="16777215" source="assets/comp/TEXTINPUT/label.png" fontSize="18" fontWeight="normal" widthInChars="4" contentBackgroundAlpha="0" height="22" borderVisible="false" color="0x444444" param="" fontFamily="微软雅黑" x="905" textAlign="center" group="commonComp" deviceID="" sizeAuto="true"/>
    <TEXT width="135" y="176" text="冷却水回水温度" borderColor="16777215" source="assets/comp/TEXTINPUT/label.png" fontSize="18" fontWeight="normal" widthInChars="4" contentBackgroundAlpha="0" height="22" borderVisible="false" color="0x444444" param="" fontFamily="微软雅黑" x="507" textAlign="center" group="commonComp" deviceID="" sizeAuto="true"/>
    <LABEL group="commonComp" textAlign="right" fontSize="12" contentBackgroundColor="000000" paramID="161" deviceName="冷源总管" fontFamily="digifaw" deviceID="1720001" mark="LYZG" text="0101" borderColor="999999" source="assets/comp/TEXTINPUT/text.png" fontWeight="normal" widthInChars="4" contentBackgroundAlpha="1" rotation="0" x="134" y="41" param="lqewTemp" borderVisible="true" color="3407616" sizeAuto="false"/>
    <TEXT width="135" y="674" text="冷却塔出水温度" borderColor="16777215" source="assets/comp/TEXTINPUT/label.png" fontSize="18" fontWeight="normal" widthInChars="4" contentBackgroundAlpha="0" height="22" borderVisible="false" color="0x444444" param="" fontFamily="微软雅黑" x="199" textAlign="center" group="commonComp" deviceID="" sizeAuto="true"/>
    <LABEL group="commonComp" textAlign="right" fontSize="12" contentBackgroundColor="000000" paramID="163" deviceName="冷源总管" fontFamily="digifaw" deviceID="1720001" mark="LYZG" text="0101" borderColor="999999" source="assets/comp/TEXTINPUT/text.png" fontWeight="normal" widthInChars="4" contentBackgroundAlpha="1" rotation="0" x="141" y="674" param="lqiwTemp" borderVisible="true" color="3407616" sizeAuto="false"/>
    <TEXT width="135" y="42" text="冷却塔进水温度" borderColor="16777215" source="assets/comp/TEXTINPUT/label.png" fontSize="18" fontWeight="normal" widthInChars="4" contentBackgroundAlpha="0" height="22" borderVisible="false" color="0x444444" param="" fontFamily="微软雅黑" x="194" textAlign="center" group="commonComp" deviceID="" sizeAuto="true"/>
    <RUNING deviceID="10500" source="assets/comp/RUNING/runing/0/1.png" deviceName="离心冷水机组1" x="753" y="161" width="58" group="commonComp" height="25" mark="LSJ"/>
    <RUNING deviceID="10501" source="assets/comp/RUNING/runing/0/1.png" deviceName="离心冷水机组2" x="753" y="272" width="58" group="commonComp" height="25" mark="LSJ"/>
    <RUNING deviceID="10502" source="assets/comp/RUNING/runing/0/1.png" deviceName="离心冷水机组3" x="753" y="393" width="58" group="commonComp" height="25" mark="LSJ"/>
    <RUNING deviceID="10503" source="assets/comp/RUNING/runing/0/1.png" deviceName="螺杆冷水机组4" x="753" y="558" width="58" group="commonComp" height="25" mark="LSJ"/>
    <RUNING deviceID="30001" source="assets/comp/RUNING/runing/0/1.png" deviceName="冷冻水泵 PCWP-B1-1" x="1061" y="207" width="58" group="commonComp" height="25" mark="LDB"/>
    <RUNING deviceID="30002" source="assets/comp/RUNING/runing/0/1.png" deviceName="冷冻水泵 PCWP-B1-2" x="1064" y="279" width="58" group="commonComp" height="25" mark="LDB"/>
    <RUNING deviceID="30003" source="assets/comp/RUNING/runing/0/1.png" deviceName="冷冻水泵 PCWP-B1-3" x="1065" y="350" width="58" group="commonComp" height="25" mark="LDB"/>
    <RUNING deviceID="30004" source="assets/comp/RUNING/runing/0/1.png" deviceName="冷冻水泵 PCWP-B1-4" x="1067" y="421" width="58" group="commonComp" height="25" mark="LDB"/>
    <RUNING deviceID="30005" source="assets/comp/RUNING/runing/0/1.png" deviceName="冷冻水泵 PCWP-B1-5" x="1066" y="507" width="58" group="commonComp" height="25" mark="LDB"/>
    <RUNING deviceID="20001" source="assets/comp/RUNING/runing/0/1.png" deviceName="冷却水泵 CWP-B1-1" x="386" y="206" width="58" group="commonComp" height="25" mark="LQB"/>
    <RUNING deviceID="20002" source="assets/comp/RUNING/runing/0/1.png" deviceName="冷却水泵 CWP-B1-2" x="385" y="277" width="58" group="commonComp" height="25" mark="LQB"/>
    <RUNING deviceID="20003" source="assets/comp/RUNING/runing/0/1.png" deviceName="冷却水泵 CWP-B1-3" x="386" y="349" width="58" group="commonComp" height="25" mark="LQB"/>
    <RUNING deviceID="20004" source="assets/comp/RUNING/runing/0/1.png" deviceName="冷却水泵 CWP-B1-4" x="386" y="416" width="58" group="commonComp" height="25" mark="LQB"/>
    <RUNING deviceID="20005" source="assets/comp/RUNING/runing/0/1.png" deviceName="冷却水泵 CWP-B1-5" x="385" y="506" width="58" group="commonComp" height="25" mark="LQB"/>
    <RUNING deviceID="40003" source="assets/comp/RUNING/runing/0/1.png" deviceName="商业冷却塔CT-R1-1风机3" scaleY="0.8" x="175" y="90" scaleX="0.6" width="58" group="commonComp" height="25" mark="LQT"/>
    <RUNING deviceID="40001" source="assets/comp/RUNING/runing/0/1.png" deviceName="商业冷却塔CT-R1-1风机1" scaleY="0.8" x="108" y="90" scaleX="0.6" width="58" group="commonComp" height="25" mark="LQT"/>
    <RUNING deviceID="40002" source="assets/comp/RUNING/runing/0/1.png" deviceName="商业冷却塔CT-R1-1风机2" scaleY="0.8" x="141" y="90" scaleX="0.6" width="58" group="commonComp" height="25" mark="LQT"/>
    <RUNING deviceID="40004" source="assets/comp/RUNING/runing/0/1.png" deviceName="商业冷却塔CT-R1-2风机1" scaleY="0.8" x="107" y="240" scaleX="0.6" width="58" group="commonComp" height="25" mark="LQT"/>
    <RUNING deviceID="40005" source="assets/comp/RUNING/runing/0/1.png" deviceName="商业冷却塔CT-R1-2风机2" scaleY="0.8" x="140" y="240" scaleX="0.6" width="58" group="commonComp" height="25" mark="LQT"/>
    <RUNING deviceID="40006" source="assets/comp/RUNING/runing/0/1.png" deviceName="商业冷却塔CT-R1-2风机3" scaleY="0.8" x="172" y="240" scaleX="0.6" width="58" group="commonComp" height="25" mark="LQT"/>
    <RUNING deviceID="40007" source="assets/comp/RUNING/runing/0/1.png" deviceName="商业冷却塔CT-R1-2风机4" scaleY="0.8" x="205" y="240" scaleX="0.6" width="58" group="commonComp" height="25" mark="LQT"/>
    <RUNING deviceID="40008" source="assets/comp/RUNING/runing/0/1.png" deviceName="商业冷却塔CT-R1-3风机1" scaleY="0.8" x="106" y="411" scaleX="0.6" width="58" group="commonComp" height="25" mark="LQT"/>
    <RUNING deviceID="40009" source="assets/comp/RUNING/runing/0/1.png" deviceName="商业冷却塔CT-R1-3风机2" scaleY="0.8" x="138" y="411" scaleX="0.6" width="58" group="commonComp" height="25" mark="LQT"/>
    <RUNING deviceID="40010" source="assets/comp/RUNING/runing/0/1.png" deviceName="商业冷却塔CT-R1-3风机3" scaleY="0.8" x="171" y="411" scaleX="0.6" width="58" group="commonComp" height="25" mark="LQT"/>
    <RUNING deviceID="40011" source="assets/comp/RUNING/runing/0/1.png" deviceName="商业冷却塔CT-R1-3风机4" scaleY="0.8" x="201" y="411" scaleX="0.6" width="58" group="commonComp" height="25" mark="LQT"/>
    <RUNING deviceID="40012" source="assets/comp/RUNING/runing/0/1.png" deviceName="商业冷却塔CT-R1-4风机1" scaleY="0.8" x="106" y="568" scaleX="0.6" width="58" group="commonComp" height="25" mark="LQT"/>
    <RUNING deviceID="40013" source="assets/comp/RUNING/runing/0/1.png" deviceName="商业冷却塔CT-R1-4风机2" scaleY="0.8" x="138" y="568" scaleX="0.6" width="58" group="commonComp" height="25" mark="LQT"/>
    <RUNING deviceID="40014" source="assets/comp/RUNING/runing/0/1.png" deviceName="商业冷却塔CT-R1-4风机3" scaleY="0.8" x="171" y="568" scaleX="0.6" width="58" group="commonComp" height="25" mark="LQT"/>
    <RUNING deviceID="40015" source="assets/comp/RUNING/runing/0/1.png" deviceName="商业冷却塔CT-R1-4风机4" scaleY="0.8" x="204" y="568" scaleX="0.6" width="58" group="commonComp" height="25" mark="LQT"/>
    <ALARM alarm="ALARM" deviceName="冷却水泵 CWP-B1-1" source="assets/comp/ALARM/alarm/0/1.png" height="25" paramID="2" y="205" x="450" width="58" group="commonComp" deviceID="20001" param="alarm" mark="LQB"/>
    <ALARM alarm="ALARM" deviceName="冷却水泵 CWP-B1-2" source="assets/comp/ALARM/alarm/0/1.png" height="25" paramID="2" y="275" x="450" width="58" group="commonComp" deviceID="20002" param="alarm" mark="LQB"/>
    <ALARM alarm="ALARM" deviceName="冷却水泵 CWP-B1-3" source="assets/comp/ALARM/alarm/0/1.png" height="25" paramID="2" y="349" x="450" width="58" group="commonComp" deviceID="20003" param="alarm" mark="LQB"/>
    <ALARM alarm="ALARM" deviceName="冷却水泵 CWP-B1-4" source="assets/comp/ALARM/alarm/0/1.png" height="25" paramID="2" y="416" x="450" width="58" group="commonComp" deviceID="20004" param="alarm" mark="LQB"/>
    <ALARM alarm="ALARM" deviceName="冷却水泵 CWP-B1-5" source="assets/comp/ALARM/alarm/0/1.png" height="25" paramID="2" y="504" x="450" width="58" group="commonComp" deviceID="20005" param="alarm" mark="LQB"/>
    <WATERFLOW source="assets/comp/waterflow.png" scaleY="0.5" x="858" y="625" scaleX="0.2" width="169" group="bg" height="22"/>
    <WATERFLOW source="assets/comp/waterflow.png" scaleY="0.5" x="677" y="625" scaleX="0.2" width="169" group="bg" height="22"/>
    <WATERFLOW rotation="-90" source="assets/comp/waterflow.png" scaleY="0.5" x="883" y="547" scaleX="0.2" width="169" group="bg" height="22"/>
    <WATERFLOW rotation="0" source="assets/comp/waterflow.png" scaleY="0.5" x="960" y="302" scaleX="0.2" width="169" group="bg" height="22"/>
    <WATERFLOW rotation="0" source="assets/comp/waterflow.png" scaleY="0.5" x="1276" y="291" scaleX="0.2" width="169" group="bg" height="22"/>
    <WATERFLOW rotation="-180" source="assets/comp/waterflow.png" scaleY="0.5" x="1331" y="572" scaleX="0.2" width="169" group="bg" height="22"/>
    <WATERFLOW rotation="-180" source="assets/comp/waterflow.png" scaleY="0.5" x="891" y="707" scaleX="0.2" width="169" group="bg" height="22"/>
    <WATERFLOW rotation="-180" source="assets/comp/waterflow.png" scaleY="0.5" x="890" y="590" scaleX="0.2" width="169" group="bg" height="22"/>
    <WATERFLOW rotation="180" source="assets/comp/waterflow.png" scaleY="0.5" x="709" y="591" scaleX="0.2" width="169" group="bg" height="22"/>
    <WATERFLOW rotation="-270" source="assets/comp/waterflow.png" scaleY="0.5" x="952" y="527" scaleX="0.2" width="169" group="bg" height="22"/>
    <WATERFLOW rotation="-270" source="assets/comp/waterflow.png" scaleY="0.5" x="953" y="131" scaleX="0.2" width="169" group="bg" height="22"/>
    <WATERFLOW rotation="0" source="assets/comp/waterflow.png" scaleY="0.5" x="643" y="78" scaleX="0.2" width="169" group="bg" height="22"/>
    <WATERFLOW rotation="0" source="assets/comp/waterflow.png" scaleY="0.5" x="330" y="80" scaleX="0.2" width="169" group="bg" height="22"/>
    <WATERFLOW rotation="-180" source="assets/comp/waterflow.png" scaleY="0.5" x="183" y="714" scaleX="0.2" width="169" group="bg" height="22"/>
    <WATERFLOW rotation="90" source="assets/comp/waterflow.png" scaleY="0.5" x="349" y="604" scaleX="0.2" width="169" group="bg" height="22"/>
    <LABEL group="commonComp" textAlign="right" fontSize="12" contentBackgroundColor="000000" paramID="73" deviceName="1层3#温度" fontFamily="digifaw" deviceID="1410003" mark="BAEN" text="0101" borderColor="999999" source="assets/comp/TEXTINPUT/text.png" fontWeight="normal" widthInChars="4" contentBackgroundAlpha="1" rotation="0" x="1066" y="75" param="inTemp1" borderVisible="true" color="3407616" sizeAuto="false"/>
    <TEXT group="commonComp" textAlign="center" fontSize="18" fontFamily="微软雅黑" width="97" height="22" deviceID="" text="步行街温度" borderColor="0xffffff" source="assets/comp/TEXTINPUT/label.png" fontWeight="normal" widthInChars="4" contentBackgroundAlpha="0" rotation="0" y="76" param="" borderVisible="false" x="955" color="0x444444" sizeAuto="true"/>
    <TEXT group="commonComp" textAlign="center" fontSize="18" fontFamily="微软雅黑" width="97" height="22" deviceID="" text="步行街湿度" borderColor="0xffffff" source="assets/comp/TEXTINPUT/label.png" fontWeight="normal" widthInChars="4" contentBackgroundAlpha="0" rotation="0" y="115" param="" borderVisible="false" x="956" color="0x444444" sizeAuto="true"/>
    <LABEL group="commonComp" textAlign="right" fontSize="12" contentBackgroundColor="000000" paramID="128" deviceName="2层3#湿度" fontFamily="digifaw" deviceID="3010003" mark="HJJKSDD" text="0101" borderColor="999999" source="assets/comp/TEXTINPUT/text.png" fontWeight="normal" widthInChars="4" contentBackgroundAlpha="1" rotation="0" x="1065" y="116" param="inWet" borderVisible="true" color="3407616" sizeAuto="false"/>
    <LYZKSB1 height="117" source="assets/comp/gongfangzhuji.png" deviceName="冷源群控" x="553" y="473" width="54" group="spetial" deviceID="2390001" mark="LYQK"/>
    <LYZKSB2 height="117" source="assets/comp/gongfangzhuji.png" deviceName="冷源群控" x="551" y="326" width="54" group="spetial" deviceID="2390001" mark="LYQK"/>
    <LABEL group="commonComp" textAlign="right" fontSize="12" contentBackgroundColor="000000" paramID="410" deviceName="空调支管1" fontFamily="digifaw" deviceID="1720002" mark="LYZG" text="0101" borderColor="999999" source="assets/comp/TEXTINPUT/text.png" fontWeight="normal" widthInChars="4" contentBackgroundAlpha="1" rotation="0" x="1374" y="429" param="waterFlow2" borderVisible="true" color="3407616" sizeAuto="false"/>
    <LABEL group="commonComp" textAlign="right" fontSize="12" contentBackgroundColor="000000" paramID="410" deviceName="空调支管2" fontFamily="digifaw" deviceID="1720003" mark="LYZG" text="0101" borderColor="999999" source="assets/comp/TEXTINPUT/text.png" fontWeight="normal" widthInChars="4" contentBackgroundAlpha="1" rotation="0" x="1435" y="429" param="waterFlow2" borderVisible="true" color="3407616" sizeAuto="false"/>
    <LABEL group="commonComp" textAlign="right" fontSize="12" contentBackgroundColor="000000" paramID="410" deviceName="空调支管3" fontFamily="digifaw" deviceID="1720004" mark="LYZG" text="0101" borderColor="999999" source="assets/comp/TEXTINPUT/text.png" fontWeight="normal" widthInChars="4" contentBackgroundAlpha="1" rotation="0" x="1496" y="429" param="waterFlow2" borderVisible="true" color="3407616" sizeAuto="false"/>
    <LABEL group="commonComp" textAlign="right" fontSize="12" contentBackgroundColor="000000" paramID="410" deviceName="空调支管4" fontFamily="digifaw" deviceID="1720005" mark="LYZG" text="0101" borderColor="999999" source="assets/comp/TEXTINPUT/text.png" fontWeight="normal" widthInChars="4" contentBackgroundAlpha="1" rotation="0" x="1556" y="429" param="waterFlow2" borderVisible="true" color="3407616" sizeAuto="false"/>
    <LABEL group="commonComp" textAlign="right" fontSize="12" contentBackgroundColor="000000" paramID="410" deviceName="空调支管5" fontFamily="digifaw" deviceID="1720006" mark="LYZG" text="0101" borderColor="999999" source="assets/comp/TEXTINPUT/text.png" fontWeight="normal" widthInChars="4" contentBackgroundAlpha="1" rotation="0" x="1618" y="428" param="waterFlow2" borderVisible="true" color="3407616" sizeAuto="false"/>
    <LABEL group="commonComp" textAlign="right" fontSize="12" contentBackgroundColor="000000" paramID="410" deviceName="空调支管6" fontFamily="digifaw" deviceID="1720007" mark="LYZG" text="0101" borderColor="999999" source="assets/comp/TEXTINPUT/text.png" fontWeight="normal" widthInChars="4" contentBackgroundAlpha="1" rotation="0" x="1679" y="428" param="waterFlow2" borderVisible="true" color="3407616" sizeAuto="false"/>
    <TEXT group="commonComp" textAlign="center" fontSize="18" fontFamily="微软雅黑" width="78" height="22" deviceID="" text="回水流量" borderColor="0xffffff" source="assets/comp/TEXTINPUT/label.png" fontWeight="normal" widthInChars="4" contentBackgroundAlpha="0" rotation="0" y="430" param="" borderVisible="false" x="1287" color="0x444444" sizeAuto="true"/>
    <TEXT group="commonComp" textAlign="center" fontSize="18" fontFamily="微软雅黑" width="78" height="22" deviceID="" text="机房温度" borderColor="0xffffff" source="assets/comp/TEXTINPUT/label.png" fontWeight="normal" widthInChars="4" contentBackgroundAlpha="0" rotation="0" y="75" param="" borderVisible="false" x="1140" color="0x444444" sizeAuto="true"/>
    <TEXT group="commonComp" textAlign="center" fontSize="18" fontFamily="微软雅黑" width="78" height="22" deviceID="" text="机房湿度" borderColor="0xffffff" source="assets/comp/TEXTINPUT/label.png" fontWeight="normal" widthInChars="4" contentBackgroundAlpha="0" rotation="0" y="116" param="" borderVisible="false" x="1140" color="0x444444" sizeAuto="true"/>
    <LABEL group="commonComp" textAlign="right" fontSize="12" contentBackgroundColor="000000" paramID="73" deviceName="冷冻机房温度点" fontFamily="digifaw" deviceID="1410020" mark="BAEN" text="0101" borderColor="999999" source="assets/comp/TEXTINPUT/text.png" fontWeight="normal" widthInChars="4" contentBackgroundAlpha="1" rotation="0" x="1227" y="75" param="inTemp1" borderVisible="true" color="3407616" sizeAuto="false"/>
    <LABEL group="commonComp" textAlign="right" fontSize="12" contentBackgroundColor="000000" paramID="128" deviceName="冷冻机房湿度点" fontFamily="digifaw" deviceID="3010008" mark="HJJKSDD" text="0101" borderColor="999999" source="assets/comp/TEXTINPUT/text.png" fontWeight="normal" widthInChars="4" contentBackgroundAlpha="1" rotation="0" x="1226" y="116" param="inWet" borderVisible="true" color="3407616" sizeAuto="false"/>
    <TEXT width="149" y="741" text="冷站开机流程：" borderColor="0xffffff" source="assets/comp/TEXTINPUT/label.png" fontSize="20" fontWeight="normal" widthInChars="4" contentBackgroundAlpha="0" height="25" borderVisible="false" color="0x444444" param="" fontFamily="微软雅黑" x="-58" textAlign="center" group="commonComp" deviceID="" sizeAuto="true"/>
    <TEXT width="464" y="727" text="冷却塔阀门→冷却塔风机→主机冷却阀门→冷却泵" borderColor="0xffffff" source="assets/comp/TEXTINPUT/label.png" fontSize="20" fontWeight="normal" widthInChars="4" contentBackgroundAlpha="0" height="25" borderVisible="false" color="0x444444" param="" fontFamily="微软雅黑" x="95" textAlign="center" group="commonComp" deviceID="" sizeAuto="true"/>
    <TEXT width="254" y="762" text="主机冷冻阀门→主机冷冻泵" borderColor="0xffffff" source="assets/comp/TEXTINPUT/label.png" fontSize="20" fontWeight="normal" widthInChars="4" contentBackgroundAlpha="0" height="25" borderVisible="false" color="0x444444" param="" fontFamily="微软雅黑" x="100" textAlign="center" group="commonComp" deviceID="" sizeAuto="true"/>
    <TEXT width="128" y="741" text="开启冷水主机" borderColor="0xffffff" source="assets/comp/TEXTINPUT/label.png" fontSize="20" fontWeight="normal" widthInChars="4" contentBackgroundAlpha="0" height="25" borderVisible="false" color="0x444444" param="" fontFamily="微软雅黑" x="610" textAlign="center" group="commonComp" deviceID="" sizeAuto="true"/>
    <WATERFLOW rotation="0" source="assets/comp/waterflow.png" scaleY="0.5" x="568" y="749" scaleX="0.2" width="169" group="bg" height="22"/>
    <TEXT width="149" y="742" text="冷站关机流程：" borderColor="0xffffff" source="assets/comp/TEXTINPUT/label.png" fontSize="20" fontWeight="normal" widthInChars="4" contentBackgroundAlpha="0" height="25" borderVisible="false" color="0x444444" param="" fontFamily="微软雅黑" x="773" textAlign="center" group="commonComp" deviceID="" sizeAuto="true"/>
    <TEXT width="968" y="743" text="关闭冷水主机→延时关闭冷冻泵（冷却泵）→关闭冷却塔风机→关闭主机冷冻阀冷却阀→关闭冷却塔阀门" borderColor="0xffffff" source="assets/comp/TEXTINPUT/label.png" fontSize="20" fontWeight="normal" widthInChars="4" contentBackgroundAlpha="0" height="25" borderVisible="false" color="0x444444" param="" fontFamily="微软雅黑" x="919" textAlign="center" group="commonComp" deviceID="" sizeAuto="true"/>
  </Components>
</Configration>