<?xml version="1.0" encoding="utf-8"?>
<Configration Width="2414" Height="1080">
  <LIST>
    <Component>
      <YOULT/>
      <KONGYOU/>
      <KONGZUO/>
      <GGDX/>
      <NEWZMA/>
      <NEWZMA1/>
      <NEWZMA2/>
      <NEWZMB/>
      <NEWZMC/>
      <NEWZMD/>
      <NEWZME/>
      <NEWZMF/>
      <NEWZMF1/>
      <NEWZMF2/>
      <NEWZMG/>
      <NEWZMH/>
      <SSCTRL/>
    </Component>
    <Image>
      <YJZMNode source="mapAssets/mapImages/YJZMNode.png" group="map"/>
    </Image>
  </LIST>
  <Components>
    <YJZMNode group="map" width="1920" height="1080" x="0" source="mapAssets/mapImages/YJZMNode.png" y="0"/>
    <YOULT group="deviceComp" width="1920" height="1080" x="0" source="retailers/shqpwy/mapAssets/mapImages/YOULT/bg.png" y="0" isPrivate="true" mark="LTZMHL" deviceName="酒店楼顶（AL2）" deviceID="3590012"/>
    <KONGYOU group="deviceComp" width="1920" height="1080" x="0" source="retailers/shqpwy/mapAssets/mapImages/KONGYOU/bg.png" y="0" isPrivate="true" mark="LTZMHL" deviceName="蜂窝AL3" deviceID="3590002"/>
    <KONGZUO group="deviceComp" width="1920" height="1080" x="0" source="retailers/shqpwy/mapAssets/mapImages/KONGZUO/bg.png" y="0" isPrivate="true" mark="LTZMHL" deviceName="蜂窝AL1" deviceID="3590001"/>
    <GGDX group="deviceComp" width="1920" height="1080" x="0" source="retailers/shqpwy/mapAssets/mapImages/GGDX/bg.png" y="0" isPrivate="true" mark="LTZMHL" deviceName="魔方" deviceID="3590010"/>
    <NEWZMA group="commonComp" isControl="true" width="80" height="80" x="2100" source="assets/comp/NEWZMA/bg.png" mark="LTZMHL" deviceName="蜂窝AL1" y="30" scaleY="0.7" deviceID="3590001" scaleX="0.7"/>
    <NEWZMA1 group="commonComp" isControl="true" width="80" height="80" x="2100" source="assets/comp/NEWZMA1/bg.png" mark="LTZMHL" deviceName="蜂窝AL3" y="120" scaleY="0.7" deviceID="3590002" scaleX="0.7"/>
    <NEWZMA2 group="commonComp" isControl="true" width="80" height="80" x="2100" source="assets/comp/NEWZMA2/bg.png" mark="LTZMHL" deviceName="蜂窝AL4" y="210" scaleY="0.7" deviceID="3590003" scaleX="0.7"/>
    <NEWZMB group="commonComp" isControl="true" width="80" height="80" x="2100" source="assets/comp/NEWZMB/bg.png" mark="LTZMHL" deviceName="金街北（东AL8）" y="300" scaleY="0.7" deviceID="3590004" scaleX="0.7"/>
    <NEWZMC group="commonComp" isControl="true" width="80" height="80" x="2100" source="assets/comp/NEWZMC/bg.png" mark="LTZMHL" deviceName="金街北（西AL7）" y="390" scaleY="0.7" deviceID="3590005" scaleX="0.7"/>
    <NEWZMD group="commonComp" isControl="true" width="80" height="80" x="2100" source="assets/comp/NEWZMD/bg.png" mark="LTZMHL" deviceName="金街南（东AL6）" y="470" scaleY="0.7" deviceID="3590006" scaleX="0.7"/>
    <NEWZME group="commonComp" isControl="true" width="80" height="80" x="2100" source="assets/comp/NEWZME/bg.png" mark="LTZMHL" deviceName="金街南（西AL5）" y="560" scaleY="0.7" deviceID="3590007" scaleX="0.7"/>
    <NEWZMF group="commonComp" isControl="true" width="80" height="80" x="2102" source="assets/comp/NEWZMF/bg.png" mark="LTZMHL" deviceName="1号门显示屏" y="650" scaleY="0.7" deviceID="3590008" scaleX="0.7"/>
    <NEWZMF1 group="commonComp" isControl="true" width="80" height="80" x="2100" source="assets/comp/NEWZMF1/bg.png" mark="LTZMHL" deviceName="4号门显示屏" y="740" scaleY="0.7" deviceID="3590009" scaleX="0.7"/>
    <NEWZMF2 group="commonComp" isControl="true" width="80" height="80" x="2100" source="assets/comp/NEWZMF2/bg.png" mark="LTZMHL" deviceName="魔方" y="830" scaleY="0.7" deviceID="3590010" scaleX="0.7"/>
    <NEWZMG group="commonComp" isControl="true" width="80" height="80" x="2100" source="assets/comp/NEWZMG/bg.png" mark="LTZMHL" deviceName="筒灯" y="920" scaleY="0.7" deviceID="3590011" scaleX="0.7"/>
    <NEWZMH group="commonComp" isControl="true" width="80" height="80" x="2100" source="assets/comp/NEWZMH/bg.png" mark="LTZMHL" deviceName="酒店楼顶（AL2）" y="1010" scaleY="0.7" deviceID="3590012" scaleX="0.7"/>
    <TEXT borderVisible="false" x="2170" borderColor="0xffffff" y="930" text="筒灯" fontFamily="微软雅黑" fontSize="30" source="assets/comp/TEXTINPUT/label.png" sizeAuto="true" deviceID="" group="commonComp" width="64" fontWeight="normal" height="37" param="" contentBackgroundAlpha="0" widthInChars="4" color="51" textAlign="center" contentBackgroundColor="6710886"/>
    <TEXT borderVisible="false" x="2170" borderColor="0xffffff" y="1020" text="酒店楼顶（AL2）" fontFamily="微软雅黑" fontSize="30" source="assets/comp/TEXTINPUT/label.png" sizeAuto="true" deviceID="" group="commonComp" width="244" fontWeight="normal" height="37" param="" contentBackgroundAlpha="0" widthInChars="4" color="255" textAlign="center" contentBackgroundColor="6710886"/>
    <TEXT borderVisible="false" x="2170" borderColor="0xffffff" y="840" text="魔方" fontFamily="微软雅黑" fontSize="30" source="assets/comp/TEXTINPUT/label.png" sizeAuto="true" deviceID="" group="commonComp" width="64" fontWeight="normal" height="37" param="" contentBackgroundAlpha="0" widthInChars="4" color="255" textAlign="center" contentBackgroundColor="6710886"/>
    <TEXT borderVisible="false" x="2170" borderColor="0xffffff" y="750" text="4号门显示屏" fontFamily="微软雅黑" fontSize="30" source="assets/comp/TEXTINPUT/label.png" sizeAuto="true" deviceID="" group="commonComp" width="172" fontWeight="normal" height="37" param="" contentBackgroundAlpha="0" widthInChars="4" color="51" textAlign="center" contentBackgroundColor="6710886"/>
    <TEXT borderVisible="false" x="2170" borderColor="0xffffff" y="660" text="1号门显示屏" fontFamily="微软雅黑" fontSize="30" source="assets/comp/TEXTINPUT/label.png" sizeAuto="true" deviceID="" group="commonComp" width="172" fontWeight="normal" height="37" param="" contentBackgroundAlpha="0" widthInChars="4" color="51" textAlign="center" contentBackgroundColor="6710886"/>
    <TEXT borderVisible="false" x="2170" borderColor="0xffffff" y="570" text="  金街南（西AL5）" fontFamily="微软雅黑" fontSize="30" source="assets/comp/TEXTINPUT/label.png" sizeAuto="true" deviceID="" group="commonComp" width="230" fontWeight="normal" height="37" param="" contentBackgroundAlpha="0" widthInChars="4" color="51" textAlign="center" contentBackgroundColor="6710886"/>
    <TEXT borderVisible="false" x="2170" borderColor="0xffffff" y="480" text="金街南（东AL6）" fontFamily="微软雅黑" fontSize="30" source="assets/comp/TEXTINPUT/label.png" sizeAuto="true" deviceID="" group="commonComp" width="244" fontWeight="normal" height="37" param="" contentBackgroundAlpha="0" widthInChars="4" color="51" textAlign="center" contentBackgroundColor="6710886"/>
    <TEXT borderVisible="false" x="2170" borderColor="0xffffff" y="400" text="  金街北（西AL7）" fontFamily="微软雅黑" fontSize="30" source="assets/comp/TEXTINPUT/label.png" sizeAuto="true" deviceID="" group="commonComp" width="230" fontWeight="normal" height="37" param="" contentBackgroundAlpha="0" widthInChars="4" color="51" textAlign="center" contentBackgroundColor="6710886"/>
    <TEXT borderVisible="false" x="2170" borderColor="0xffffff" y="310" text="金街北（东AL8）" fontFamily="微软雅黑" fontSize="30" source="assets/comp/TEXTINPUT/label.png" sizeAuto="true" deviceID="" group="commonComp" width="244" fontWeight="normal" height="37" param="" contentBackgroundAlpha="0" widthInChars="4" color="51" textAlign="center" contentBackgroundColor="6710886"/>
    <TEXT borderVisible="false" x="2171" borderColor="0xffffff" y="220" text="1号门-2号门蜂窝" fontFamily="微软雅黑" fontSize="30" source="assets/comp/TEXTINPUT/label.png" sizeAuto="true" deviceID="" group="commonComp" width="228" fontWeight="normal" height="37" param="" contentBackgroundAlpha="0" widthInChars="4" color="51" textAlign="center" contentBackgroundColor="6710886"/>
    <TEXT borderVisible="false" x="2170" borderColor="0xffffff" y="130" text="2号门-3号门蜂窝" fontFamily="微软雅黑" fontSize="30" source="assets/comp/TEXTINPUT/label.png" sizeAuto="true" deviceID="" group="commonComp" width="228" fontWeight="normal" height="37" param="" contentBackgroundAlpha="0" widthInChars="4" color="255" textAlign="center" contentBackgroundColor="6710886"/>
    <TEXT borderVisible="false" x="2170" borderColor="0xffffff" y="40" text="3号门-4号门蜂窝" fontFamily="微软雅黑" fontSize="30" source="assets/comp/TEXTINPUT/label.png" sizeAuto="true" deviceID="" group="commonComp" width="228" fontWeight="normal" height="37" param="" contentBackgroundAlpha="0" widthInChars="4" color="255" textAlign="center" contentBackgroundColor="6710886"/>
    <SSCTRL group="commonComp" width="100" height="30" x="1935" source="assets/comp/SSCTRL/control/0/1.png" y="35" param="control" mark="LTZMHL" paramID="116" deviceName="蜂窝AL1" scaleX="1.5" scaleY="1.5" deviceID="3590001"/>
    <SSCTRL group="commonComp" width="100" height="30" x="1935" source="assets/comp/SSCTRL/control/0/1.png" y="125" param="control" mark="LTZMHL" paramID="116" deviceName="蜂窝AL3" scaleX="1.5" scaleY="1.5" deviceID="3590002"/>
    <SSCTRL group="commonComp" width="100" height="30" x="1935" source="assets/comp/SSCTRL/control/0/1.png" y="215" param="control" mark="LTZMHL" paramID="116" deviceName="蜂窝AL4" scaleX="1.5" scaleY="1.5" deviceID="3590003"/>
    <SSCTRL group="commonComp" width="100" height="30" x="1935" source="assets/comp/SSCTRL/control/0/1.png" y="303.1" param="control" mark="LTZMHL" paramID="116" deviceName="金街北（东AL8）" scaleX="1.5" scaleY="1.5" deviceID="3590004"/>
    <SSCTRL group="commonComp" width="100" height="30" x="1935" source="assets/comp/SSCTRL/control/0/1.png" y="395" param="control" mark="LTZMHL" paramID="116" deviceName="金街北（西AL7）" scaleX="1.5" scaleY="1.5" deviceID="3590005"/>
    <SSCTRL group="commonComp" width="100" height="30" x="1935" source="assets/comp/SSCTRL/control/0/1.png" y="475" param="control" mark="LTZMHL" paramID="116" deviceName="金街南（东AL6）" scaleX="1.5" scaleY="1.5" deviceID="3590006"/>
    <SSCTRL group="commonComp" width="100" height="30" x="1935" source="assets/comp/SSCTRL/control/0/1.png" y="565" param="control" mark="LTZMHL" paramID="116" deviceName="金街南（西AL5）" scaleX="1.5" scaleY="1.5" deviceID="3590007"/>
    <SSCTRL group="commonComp" width="100" height="30" x="1935" source="assets/comp/SSCTRL/control/0/1.png" y="655" param="control" mark="LTZMHL" paramID="116" deviceName="1号门显示屏" scaleX="1.5" scaleY="1.5" deviceID="3590008"/>
    <SSCTRL group="commonComp" width="100" height="30" x="1935" source="assets/comp/SSCTRL/control/0/1.png" y="745" param="control" mark="LTZMHL" paramID="116" deviceName="4号门显示屏" scaleX="1.5" scaleY="1.5" deviceID="3590009"/>
    <SSCTRL group="commonComp" width="100" height="30" x="1935" source="assets/comp/SSCTRL/control/0/1.png" y="835" param="control" mark="LTZMHL" paramID="116" deviceName="魔方" scaleX="1.5" scaleY="1.5" deviceID="3590010"/>
    <SSCTRL group="commonComp" width="100" height="30" x="1935" source="assets/comp/SSCTRL/control/0/1.png" y="925" param="control" mark="LTZMHL" paramID="116" deviceName="筒灯" scaleX="1.5" scaleY="1.5" deviceID="3590011"/>
    <SSCTRL group="commonComp" width="100" height="30" x="1935" source="assets/comp/SSCTRL/control/0/1.png" y="1015" param="control" mark="LTZMHL" paramID="116" deviceName="酒店楼顶（AL2）" scaleX="1.5" scaleY="1.5" deviceID="3590012"/>
  </Components>
</Configration>