<?xml version="1.0" encoding="utf-8"?><Configration>
  <LIST>
    <Component>
      <EAF/>
      <ALARM/>
      <HANDAUTO/>
      <OPENCLOSE/>
    </Component>
    <Image>
      <KTMD source="assets/comp/ktmd.png"/>
      <LRPG source="assets/comp/lrpg.png"/>
      <GLW source="assets/comp/glw.png"/>
      <DDFFG source="assets/comp/ddf_fg.png"/>
      <TEMP source="assets/comp/temp.png"/>
      <FFL source="assets/comp/ff_l.png"/>
    </Image>
  </LIST>
  <Components>
    <KTMD scale="0.6" rotation="0" resource="Configration.ApplicationSkin2._ApplicationSkin_Group1.contentGroup.HGroup5.VGroup9._Configration_Scroller1.ScrollerSkin193.Group42.initGroup.Image1599" x="51" y="202"/>
    <LRPG scale="0.6" rotation="0" resource="Configration.ApplicationSkin2._ApplicationSkin_Group1.contentGroup.HGroup5.VGroup9._Configration_Scroller1.ScrollerSkin193.Group42.initGroup.Image1601" x="355" y="220"/>
    <GLW scale="0.6" rotation="0" resource="Configration.ApplicationSkin2._ApplicationSkin_Group1.contentGroup.HGroup5.VGroup9._Configration_Scroller1.ScrollerSkin193.Group42.initGroup.Image1603" x="248" y="219"/>
    <DDFFG scale="0.6" rotation="180" resource="Configration.ApplicationSkin2._ApplicationSkin_Group1.contentGroup.HGroup5.VGroup9._Configration_Scroller1.ScrollerSkin193.Group42.initGroup.Image1605" x="369" y="328"/>
    <EAF isPop="false" scale="0.6" deviceID="247" rotation="0" resource="Configration.ApplicationSkin2._ApplicationSkin_Group1.contentGroup.HGroup5.VGroup9._Configration_Scroller1.ScrollerSkin193.Group42.initGroup.Image1607" x="529" y="217"/>
    <TEXT textAlign="right" param="" widthInChars="2" scale="1" fontSize="20" fontFamily="黑体" fontWeight="normal" text="新风" rotation="0" deviceID="" resource="Configration.ApplicationSkin2._ApplicationSkin_Group1.contentGroup.HGroup5.VGroup9._Configration_Scroller1.ScrollerSkin193.Group42.initGroup.TextInput1609" color="16777215" x="46" y="238"/>
    <TEXT textAlign="right" param="" widthInChars="2" scale="1" fontSize="20" fontFamily="黑体" fontWeight="normal" text="送风" rotation="0" deviceID="" resource="Configration.ApplicationSkin2._ApplicationSkin_Group1.contentGroup.HGroup5.VGroup9._Configration_Scroller1.ScrollerSkin193.Group42.initGroup.TextInput1612" color="16777215" x="704" y="236"/>
    <TEXT textAlign="right" param="" widthInChars="7" scale="1" fontSize="14" fontFamily="黑体" fontWeight="normal" text="送风温度（℃）" rotation="0" deviceID="" resource="Configration.ApplicationSkin2._ApplicationSkin_Group1.contentGroup.HGroup5.VGroup9._Configration_Scroller1.ScrollerSkin193.Group42.initGroup.TextInput1615" color="16777215" x="619" y="154"/>
    <TEMP scale="0.5" rotation="0" resource="Configration.ApplicationSkin2._ApplicationSkin_Group1.contentGroup.HGroup5.VGroup9._Configration_Scroller1.ScrollerSkin193.Group42.initGroup.Image1618" x="649" y="196"/>
    <LABEL textAlign="right" param="sAirTemp" widthInChars="2" scale="1" fontSize="12" fontFamily="digifaw" fontWeight="normal" text="30" rotation="0" deviceID="247" resource="Configration.ApplicationSkin2._ApplicationSkin_Group1.contentGroup.HGroup5.VGroup9._Configration_Scroller1.ScrollerSkin193.Group42.initGroup.TextInput1620" color="65280" x="716" y="153"/>
    <TEXT textAlign="right" param="" widthInChars="7" scale="1" fontSize="12" fontFamily="黑体" fontWeight="normal" text="盘管风温（℃）" rotation="0" deviceID="" resource="Configration.ApplicationSkin2._ApplicationSkin_Group1.contentGroup.HGroup5.VGroup9._Configration_Scroller1.ScrollerSkin193.Group42.initGroup.TextInput1623" color="16777215" x="388" y="222"/>
    <LABEL textAlign="right" param="coilTemp" widthInChars="2" scale="1" fontSize="12" fontFamily="digifaw" fontWeight="normal" text="30" rotation="0" deviceID="247" resource="Configration.ApplicationSkin2._ApplicationSkin_Group1.contentGroup.HGroup5.VGroup9._Configration_Scroller1.ScrollerSkin193.Group42.initGroup.TextInput1626" color="65280" x="394" y="241"/>
    <TEXT textAlign="right" param="" widthInChars="7" scale="1" fontSize="12" fontFamily="黑体" fontWeight="normal" text="回水阀位（%）" rotation="0" deviceID="" resource="Configration.ApplicationSkin2._ApplicationSkin_Group1.contentGroup.HGroup5.VGroup9._Configration_Scroller1.ScrollerSkin193.Group42.initGroup.TextInput1629" color="16777215" x="212" y="302"/>
    <LABEL textAlign="right" param="wValve" widthInChars="2" scale="1" fontSize="12" fontFamily="digifaw" fontWeight="normal" text="30" rotation="0" deviceID="247" resource="Configration.ApplicationSkin2._ApplicationSkin_Group1.contentGroup.HGroup5.VGroup9._Configration_Scroller1.ScrollerSkin193.Group42.initGroup.TextInput1632" color="65280" x="301" y="300"/>
    <TEXT textAlign="right" param="" widthInChars="7" scale="1" fontSize="12" fontFamily="黑体" fontWeight="normal" text="回水温度（℃）" rotation="0" deviceID="" resource="Configration.ApplicationSkin2._ApplicationSkin_Group1.contentGroup.HGroup5.VGroup9._Configration_Scroller1.ScrollerSkin193.Group42.initGroup.TextInput1635" color="16777215" x="214" y="324"/>
    <LABEL textAlign="right" param="eTemp" widthInChars="2" scale="1" fontSize="12" fontFamily="digifaw" fontWeight="normal" text="30" rotation="0" deviceID="247" resource="Configration.ApplicationSkin2._ApplicationSkin_Group1.contentGroup.HGroup5.VGroup9._Configration_Scroller1.ScrollerSkin193.Group42.initGroup.TextInput1638" color="65280" x="301" y="323"/>
    <TEXT textAlign="right" param="" widthInChars="4" scale="1" fontSize="14" fontFamily="黑体" fontWeight="normal" text="压差报警" rotation="0" deviceID="" resource="Configration.ApplicationSkin2._ApplicationSkin_Group1.contentGroup.HGroup5.VGroup9._Configration_Scroller1.ScrollerSkin193.Group42.initGroup.TextInput1641" color="16777215" x="192" y="186"/>
    <ALARM scale="1" deviceID="247" rotation="0" resource="Configration.ApplicationSkin2._ApplicationSkin_Group1.contentGroup.HGroup5.VGroup9._Configration_Scroller1.ScrollerSkin193.Group42.initGroup.Image1644" x="251" y="185"/>
    <FFL scale="0.6" rotation="0" resource="Configration.ApplicationSkin2._ApplicationSkin_Group1.contentGroup.HGroup5.VGroup9._Configration_Scroller1.ScrollerSkin193.Group42.initGroup.Image1646" x="142" y="219"/>
    <TEXT textAlign="right" param="" widthInChars="4" scale="1" fontSize="14" fontFamily="黑体" fontWeight="normal" text="防冻报警" rotation="0" deviceID="" resource="Configration.ApplicationSkin2._ApplicationSkin_Group1.contentGroup.HGroup5.VGroup9._Configration_Scroller1.ScrollerSkin193.Group42.initGroup.TextInput1648" color="16777215" x="316" y="187"/>
    <ALARM scale="1" deviceID="247" rotation="0" resource="Configration.ApplicationSkin2._ApplicationSkin_Group1.contentGroup.HGroup5.VGroup9._Configration_Scroller1.ScrollerSkin193.Group42.initGroup.Image1651" x="375" y="185"/>
    <TEXT textAlign="right" param="" widthInChars="5" scale="1" fontSize="12" fontFamily="黑体" fontWeight="normal" text="转速（r）" rotation="0" deviceID="" resource="Configration.ApplicationSkin2._ApplicationSkin_Group1.contentGroup.HGroup5.VGroup9._Configration_Scroller1.ScrollerSkin193.Group42.initGroup.TextInput1653" color="16777215" x="550" y="297"/>
    <LABEL textAlign="right" param="revSpeed" widthInChars="3" scale="1" fontSize="12" fontFamily="digifaw" fontWeight="normal" text="400" rotation="0" deviceID="247" resource="Configration.ApplicationSkin2._ApplicationSkin_Group1.contentGroup.HGroup5.VGroup9._Configration_Scroller1.ScrollerSkin193.Group42.initGroup.TextInput1656" color="65280" x="611" y="296"/>
    <HANDAUTO scale="1" deviceID="247" rotation="0" resource="Configration.ApplicationSkin2._ApplicationSkin_Group1.contentGroup.HGroup5.VGroup9._Configration_Scroller1.ScrollerSkin193.Group42.initGroup.Image1662" x="588" y="260"/>
    <TEXT textAlign="right" param="" widthInChars="5" scale="1" fontSize="14" fontFamily="黑体" fontWeight="normal" text="新风阀开闭" rotation="0" deviceID="" resource="Configration.ApplicationSkin2._ApplicationSkin_Group1.contentGroup.HGroup5.VGroup9._Configration_Scroller1.ScrollerSkin193.Group42.initGroup.TextInput1664" color="16777215" x="65" y="188"/>
    <OPENCLOSE scale="1" deviceID="247" rotation="0" resource="Configration.ApplicationSkin2._ApplicationSkin_Group1.contentGroup.HGroup5.VGroup9._Configration_Scroller1.ScrollerSkin193.Group42.initGroup.Image1667" x="137" y="185"/>
    <TEXT textAlign="right" param="" widthInChars="7" scale="1" fontSize="14" fontFamily="黑体" fontWeight="normal" text="温度设定（℃）" rotation="0" deviceID="" resource="Configration.ApplicationSkin2._ApplicationSkin_Group1.contentGroup.HGroup5.VGroup9._Configration_Scroller1.ScrollerSkin193.Group42.initGroup.TextInput1669" color="16777215" x="619" y="175"/>
    <LABEL textAlign="right" param="sAirSetTemp" widthInChars="2" scale="1" fontSize="12" fontFamily="digifaw" fontWeight="normal" text="30" rotation="0" deviceID="247" resource="Configration.ApplicationSkin2._ApplicationSkin_Group1.contentGroup.HGroup5.VGroup9._Configration_Scroller1.ScrollerSkin193.Group42.initGroup.TextInput1672" color="65280" x="716" y="176"/>
  </Components>
</Configration>