<?xml version="1.0" encoding="utf-8"?>
<Configration Width="1434" Height="714">
  <LIST>
    <Component>
      <JSKTBA/>
    </Component>
    <Image>
      <B1NODE source="mapAssets/mapImages/B1Node.png" group="map"/>
      <LCB1 source="assets/comp/LCB1.png"/>
      <TULI source="assets/comp/TULI/TULI.png"/>
      <JSKN source="assets/comp/TULI/JSKN.png"/>
      <JSKA source="assets/comp/TULI/JSKA.png"/>
      <JSKB source="assets/comp/TULI/JSKB.png"/>
    </Image>
  </LIST>
  <Components>
    <B1NODE height="714" y="0" width="1434" group="map" source="mapAssets/mapImages/B1Node.png" x="0"/>
    <LCB1 height="92" y="10" width="110" group="bg" source="assets/comp/LCB1.png" x="10"/>
    <TULI height="124" y="436" width="225" group="tuli" source="assets/comp/TULI/TULI.png" x="1112"/>
    <TEXT x="1164" param="" deviceID="" text="正常" sizeAuto="true" borderColor="0xffffff" group="commonComp" source="assets/comp/TEXTINPUT/label.png" textAlign="center" height="19" y="470" widthInChars="4" width="32" color="255" fontWeight="normal" contentBackgroundAlpha="0" fontSize="14" fontFamily="微软雅黑" borderVisible="false"/>
    <TEXT x="1165" param="" deviceID="" text="报警" sizeAuto="true" borderColor="0xffffff" group="commonComp" source="assets/comp/TEXTINPUT/label.png" textAlign="center" height="19" y="524" widthInChars="4" width="32" color="255" fontWeight="normal" contentBackgroundAlpha="0" fontSize="14" fontFamily="微软雅黑" borderVisible="false"/>
    <JSKTBA scaleY="0.3" deviceName="集水井40" deviceID="1130040" mark="WSK" group="deviceComp" width="80" x="555" height="80" y="135" source="assets/comp/JSKTBA/bg.png" scaleX="0.3"/>
    <TEXT x="532" param="" deviceID="" text="集水井14" sizeAuto="true" borderColor="0xffffff" group="commonComp" source="assets/comp/TEXTINPUT/label.png" textAlign="center" height="21" y="111" widthInChars="4" width="69" color="255" fontWeight="normal" contentBackgroundAlpha="0" fontSize="16" fontFamily="微软雅黑" borderVisible="false"/>
    <TEXT x="1165" param="" deviceID="" text="运行" sizeAuto="true" borderColor="0xffffff" group="commonComp" source="assets/comp/TEXTINPUT/label.png" textAlign="center" height="19" y="498" widthInChars="4" width="32" color="255" fontWeight="normal" contentBackgroundAlpha="0" fontSize="14" fontFamily="微软雅黑" borderVisible="false"/>
    <JSKN scaleY="0.3" group="tuli" width="80" x="1257" height="80" y="496" source="assets/comp/TULI/JSKN.png" scaleX="0.3"/>
    <JSKA scaleY="0.3" group="tuli" width="80" x="1256" height="80" y="525" source="assets/comp/TULI/JSKA.png" scaleX="0.3"/>
    <JSKB scaleY="0.3" group="tuli" width="80" x="1257" height="80" y="469" source="assets/comp/TULI/JSKB.png" scaleX="0.3"/>
  </Components>
</Configration>