<?xml version="1.0" encoding="utf-8"?>
<Configration Width="1434" Height="714">
  <LIST>
    <Component>
      <ALARMTB/>
    </Component>
    <Image>
      <B1NODE source="mapAssets/mapImages/B1Node.png" group="map"/>
    </Image>
  </LIST>
  <Components>
    <B1NODE x="0" y="0" height="714" width="1434"/>
    <ALARMTB x="1088" param="alarm" y="199" deviceName="7.61ee0c大商业配电室1气体故障" deviceID="24407" mark="QTMH" isPop="true" popType="redirect" width="16" paramID="2" alarm="ALARMTB" height="16"/>
    <TEXT fontFamily="微软雅黑" x="1106" y="194" contentBackgroundAlpha="0" widthInChars="4" borderVisible="false" deviceID="" color="255" borderColor="0xffffff" param="" fontSize="16" text="大商业配电室1气体火警1" fontWeight="normal" textAlign="center" contentBackgroundColor="16777215" width="182" sizeAuto="true" height="24"/>
    <ALARMTB x="1089" param="alarm" y="241" deviceName="7.614431大商业配电室1气体放气" deviceID="24408" mark="QTMH" isPop="true" popType="redirect" width="16" paramID="2" alarm="ALARMTB" height="16"/>
    <TEXT fontFamily="微软雅黑" x="1106" y="239" contentBackgroundAlpha="0" widthInChars="4" borderVisible="false" deviceID="" color="255" borderColor="0xffffff" param="" fontSize="16" text="大商业配电室1气体放气" fontWeight="normal" textAlign="center" contentBackgroundColor="16777215" width="172" sizeAuto="true" height="24"/>
    <ALARMTB x="335" param="alarm" y="110" deviceName="8.610dd2负一步行街配电室气体故障" deviceID="24409" mark="QTMH" isPop="true" popType="redirect" width="16" paramID="2" alarm="ALARMTB" height="16"/>
    <TEXT fontFamily="微软雅黑" x="139" y="103" contentBackgroundAlpha="0" widthInChars="4" borderVisible="false" deviceID="" color="255" borderColor="0xffffff" param="" fontSize="16" text="步行街配电室1气体火警1" fontWeight="normal" textAlign="center" contentBackgroundColor="16777215" width="182" sizeAuto="true" height="24"/>
    <ALARMTB x="334" param="alarm" y="130" deviceName="8.61eddf负一步行街配电室1气体火警" deviceID="24410" mark="QTMH" isPop="true" popType="redirect" width="16" paramID="2" alarm="ALARMTB" height="16"/>
    <TEXT fontFamily="微软雅黑" x="139" y="126" contentBackgroundAlpha="0" widthInChars="4" borderVisible="false" deviceID="" color="255" borderColor="0xffffff" param="" fontSize="16" text="步行街配电室1气体火警2" fontWeight="normal" textAlign="center" contentBackgroundColor="16777215" width="182" sizeAuto="true" height="24"/>
    <ALARMTB x="334" param="alarm" y="153" deviceName="8.6187fb负一步行街配电室1气体放气" deviceID="24411" mark="QTMH" isPop="true" popType="redirect" width="16" paramID="2" alarm="ALARMTB" height="16"/>
    <TEXT fontFamily="微软雅黑" x="148" y="149" contentBackgroundAlpha="0" widthInChars="4" borderVisible="false" deviceID="" color="255" borderColor="0xffffff" param="" fontSize="16" text="步行街配电室1气体放气" fontWeight="normal" textAlign="center" contentBackgroundColor="16777215" width="172" sizeAuto="true" height="24"/>
    <ALARMTB x="340" param="alarm" y="41" deviceName="8.596b42开闭所1气体故障" deviceID="24412" mark="QTMH" isPop="true" popType="redirect" width="16" paramID="2" alarm="ALARMTB" height="16"/>
    <TEXT fontFamily="微软雅黑" x="196" y="33" contentBackgroundAlpha="0" widthInChars="4" borderVisible="false" deviceID="" color="255" borderColor="0xffffff" param="" fontSize="16" text="开闭所1气体火警1" fontWeight="normal" textAlign="center" contentBackgroundColor="16777215" width="134" sizeAuto="true" height="24"/>
    <ALARMTB x="339" param="alarm" y="61" deviceName="8.596dd8开闭所1气体火警" deviceID="24413" mark="QTMH" isPop="true" popType="redirect" width="16" paramID="2" alarm="ALARMTB" height="16"/>
    <TEXT fontFamily="微软雅黑" x="197" y="56" contentBackgroundAlpha="0" widthInChars="4" borderVisible="false" deviceID="" color="255" borderColor="0xffffff" param="" fontSize="16" text="开闭所1气体火警2" fontWeight="normal" textAlign="center" contentBackgroundColor="16777215" width="134" sizeAuto="true" height="24"/>
    <ALARMTB x="338" param="alarm" y="81" deviceName="8.6144af开闭所1气体放气" deviceID="24414" mark="QTMH" isPop="true" popType="redirect" width="16" paramID="2" alarm="ALARMTB" height="16"/>
    <TEXT fontFamily="微软雅黑" x="206" y="79" contentBackgroundAlpha="0" widthInChars="4" borderVisible="false" deviceID="" color="255" borderColor="0xffffff" param="" fontSize="16" text="开闭所1气体放气" fontWeight="normal" textAlign="center" contentBackgroundColor="16777215" width="124" sizeAuto="true" height="24"/>
    <ALARMTB x="623" param="alarm" y="213" deviceName="10.593eec大商业配电室3气体故障" deviceID="24415" mark="QTMH" isPop="true" popType="redirect" width="16" paramID="2" alarm="ALARMTB" height="16"/>
    <TEXT fontFamily="微软雅黑" x="643" y="210" contentBackgroundAlpha="0" widthInChars="4" borderVisible="false" deviceID="" color="255" borderColor="0xffffff" param="" fontSize="16" text="大商业配电室3气体火警1" fontWeight="normal" textAlign="center" contentBackgroundColor="16777215" width="182" sizeAuto="true" height="24"/>
    <ALARMTB x="623" param="alarm" y="233" deviceName="10.597427大商业配电室3气体火警" deviceID="24416" mark="QTMH" isPop="true" popType="redirect" width="16" paramID="2" alarm="ALARMTB" height="16"/>
    <TEXT fontFamily="微软雅黑" x="643" y="233" contentBackgroundAlpha="0" widthInChars="4" borderVisible="false" deviceID="" color="255" borderColor="0xffffff" param="" fontSize="16" text="大商业配电室3气体火警2" fontWeight="normal" textAlign="center" contentBackgroundColor="16777215" width="182" sizeAuto="true" height="24"/>
    <ALARMTB x="623" param="alarm" y="255" deviceName="10.598cfe大商业配电室3气体放气" deviceID="24417" mark="QTMH" isPop="true" popType="redirect" width="16" paramID="2" alarm="ALARMTB" height="16"/>
    <TEXT fontFamily="微软雅黑" x="642" y="255" contentBackgroundAlpha="0" widthInChars="4" borderVisible="false" deviceID="" color="255" borderColor="0xffffff" param="" fontSize="16" text="大商业配电室3气体放气" fontWeight="normal" textAlign="center" contentBackgroundColor="16777215" width="172" sizeAuto="true" height="24"/>
    <ALARMTB x="212" param="alarm" y="284" deviceName="11.598263大商业配电室2气体故障" deviceID="24418" mark="QTMH" isPop="true" popType="redirect" width="16" paramID="2" alarm="ALARMTB" height="16"/>
    <TEXT fontFamily="微软雅黑" x="20" y="279" contentBackgroundAlpha="0" widthInChars="4" borderVisible="false" deviceID="" color="255" borderColor="0xffffff" param="" fontSize="16" text="大商业配电室2气体火警1" fontWeight="normal" textAlign="center" contentBackgroundColor="16777215" width="182" sizeAuto="true" height="24"/>
    <ALARMTB x="212" param="alarm" y="308" deviceName="11.593d41大商业配电室2气体火警" deviceID="24419" mark="QTMH" isPop="true" popType="redirect" width="16" paramID="2" alarm="ALARMTB" height="16"/>
    <TEXT fontFamily="微软雅黑" x="20" y="301" contentBackgroundAlpha="0" widthInChars="4" borderVisible="false" deviceID="" color="255" borderColor="0xffffff" param="" fontSize="16" text="大商业配电室2气体火警2" fontWeight="normal" textAlign="center" contentBackgroundColor="16777215" width="182" sizeAuto="true" height="24"/>
    <ALARMTB x="211" param="alarm" y="330" deviceName="11.611aef大商业配电室2气体放气" deviceID="24420" mark="QTMH" isPop="true" popType="redirect" width="16" paramID="2" alarm="ALARMTB" height="16"/>
    <TEXT fontFamily="微软雅黑" x="27" y="324" contentBackgroundAlpha="0" widthInChars="4" borderVisible="false" deviceID="" color="255" borderColor="0xffffff" param="" fontSize="16" text="大商业配电室2气体放气" fontWeight="normal" textAlign="center" contentBackgroundColor="16777215" width="172" sizeAuto="true" height="24"/>
    <ALARMTB x="1027" param="alarm" y="510" deviceName="12.620bb9百货配电室气体故障" deviceID="24421" mark="QTMH" isPop="true" popType="redirect" width="16" paramID="2" alarm="ALARMTB" height="16"/>
    <TEXT fontFamily="微软雅黑" x="859" y="504" contentBackgroundAlpha="0" widthInChars="4" borderVisible="false" deviceID="" color="255" borderColor="0xffffff" param="" fontSize="16" text="百货配电室气体火警1" fontWeight="normal" textAlign="center" contentBackgroundColor="16777215" width="156" sizeAuto="true" height="24"/>
    <TEXT fontFamily="微软雅黑" x="870" y="527" contentBackgroundAlpha="0" widthInChars="4" borderVisible="false" deviceID="" color="255" borderColor="0xffffff" param="" fontSize="16" text="百货配电室气体放气" fontWeight="normal" textAlign="center" contentBackgroundColor="16777215" width="146" sizeAuto="true" height="24"/>
    <ALARMTB x="1027" param="alarm" y="530" deviceName="12.618723百货配电室气体放气" deviceID="24422" mark="QTMH" isPop="true" popType="redirect" width="16" paramID="2" alarm="ALARMTB" height="16"/>
    <ALARMTB x="1117" param="alarm" y="501" deviceName="12.610abd开闭所2气体放气" deviceID="24423" mark="QTMH" isPop="true" popType="redirect" width="16" paramID="2" alarm="ALARMTB" height="16"/>
    <TEXT fontFamily="微软雅黑" x="1135" y="494" contentBackgroundAlpha="0" widthInChars="4" borderVisible="false" deviceID="" color="255" borderColor="0xffffff" param="" fontSize="16" text="开闭所2气体放气" fontWeight="normal" textAlign="center" contentBackgroundColor="16777215" width="124" sizeAuto="true" height="24"/>
    <ALARMTB x="1117" param="alarm" y="520" deviceName="12.596cf1开闭所2气体火警" deviceID="24424" mark="QTMH" isPop="true" popType="redirect" width="16" paramID="2" alarm="ALARMTB" height="16"/>
    <TEXT fontFamily="微软雅黑" x="1136" y="514" contentBackgroundAlpha="0" widthInChars="4" borderVisible="false" deviceID="" color="255" borderColor="0xffffff" param="" fontSize="16" text="开闭所2气体火警2" fontWeight="normal" textAlign="center" contentBackgroundColor="16777215" width="134" sizeAuto="true" height="24"/>
    <ALARMTB x="1118" param="alarm" y="540" deviceName="12.596c16开闭所2气体故障" deviceID="24425" mark="QTMH" isPop="true" popType="redirect" width="16" paramID="2" alarm="ALARMTB" height="16"/>
    <TEXT fontFamily="微软雅黑" x="1135" y="536" contentBackgroundAlpha="0" widthInChars="4" borderVisible="false" deviceID="" color="255" borderColor="0xffffff" param="" fontSize="16" text="开闭所2气体火警1" fontWeight="normal" textAlign="center" contentBackgroundColor="16777215" width="134" sizeAuto="true" height="24"/>
    <ALARMTB x="1011" param="alarm" y="587" deviceName="12.611a53写字楼配电室气体放气" deviceID="24426" mark="QTMH" isPop="true" popType="redirect" width="16" paramID="2" alarm="ALARMTB" height="16"/>
    <TEXT fontFamily="微软雅黑" x="835" y="580" contentBackgroundAlpha="0" widthInChars="4" borderVisible="false" deviceID="" color="255" borderColor="0xffffff" param="" fontSize="16" text="写字楼配电室气体放气" fontWeight="normal" textAlign="center" contentBackgroundColor="16777215" width="162" sizeAuto="true" height="24"/>
    <ALARMTB x="1010" param="alarm" y="608" deviceName="12.596b5c写字楼配电室气体火警" deviceID="24427" mark="QTMH" isPop="true" popType="redirect" width="16" paramID="2" alarm="ALARMTB" height="16"/>
    <TEXT fontFamily="微软雅黑" x="826" y="603" contentBackgroundAlpha="0" widthInChars="4" borderVisible="false" deviceID="" color="255" borderColor="0xffffff" param="" fontSize="16" text="写字楼配电室气体火警2" fontWeight="normal" textAlign="center" contentBackgroundColor="16777215" width="172" sizeAuto="true" height="24"/>
    <ALARMTB x="1010" param="alarm" y="627" deviceName="12.59401b写字楼配电室气体故障" deviceID="24428" mark="QTMH" isPop="true" popType="redirect" width="16" paramID="2" alarm="ALARMTB" height="16"/>
    <TEXT fontFamily="微软雅黑" x="827" y="625" contentBackgroundAlpha="0" widthInChars="4" borderVisible="false" deviceID="" color="255" borderColor="0xffffff" param="" fontSize="16" text="写字楼配电室气体火警1" fontWeight="normal" textAlign="center" contentBackgroundColor="16777215" width="172" sizeAuto="true" height="24"/>
    <ALARMTB x="1027" param="alarm" y="553" deviceName="12.597564百货配电室气体火警" deviceID="24429" mark="QTMH" isPop="true" popType="redirect" width="16" paramID="2" alarm="ALARMTB" height="16"/>
    <TEXT fontFamily="微软雅黑" x="860" y="550" contentBackgroundAlpha="0" widthInChars="4" borderVisible="false" deviceID="" color="255" borderColor="0xffffff" param="" fontSize="16" text="百货配电室气体火警2" fontWeight="normal" textAlign="center" contentBackgroundColor="16777215" width="156" sizeAuto="true" height="24"/>
    <ALARMTB x="851" param="alarm" y="212" deviceName="13.596cc5步行街配电室2气体故障" deviceID="24430" mark="QTMH" isPop="true" popType="redirect" width="16" paramID="2" alarm="ALARMTB" height="16"/>
    <TEXT fontFamily="微软雅黑" x="869" y="206" contentBackgroundAlpha="0" widthInChars="4" borderVisible="false" deviceID="" color="255" borderColor="0xffffff" param="" fontSize="16" text="步行街配电室2气体火警1" fontWeight="normal" textAlign="center" contentBackgroundColor="16777215" width="182" sizeAuto="true" height="24"/>
    <ALARMTB x="852" param="alarm" y="229" deviceName="13.598491步行街配电室2气体火警" deviceID="24431" mark="QTMH" isPop="true" popType="redirect" width="16" paramID="2" alarm="ALARMTB" height="16"/>
    <TEXT fontFamily="微软雅黑" x="869" y="228" contentBackgroundAlpha="0" widthInChars="4" borderVisible="false" deviceID="" color="255" borderColor="0xffffff" param="" fontSize="16" text="步行街配电室2气体火警2" fontWeight="normal" textAlign="center" contentBackgroundColor="16777215" width="182" sizeAuto="true" height="24"/>
    <ALARMTB x="853" param="alarm" y="248" deviceName="13.614434步行街配电室2气体放气" deviceID="24432" mark="QTMH" isPop="true" popType="redirect" width="16" paramID="2" alarm="ALARMTB" height="16"/>
    <TEXT fontFamily="微软雅黑" x="869" y="249" contentBackgroundAlpha="0" widthInChars="4" borderVisible="false" deviceID="" color="255" borderColor="0xffffff" param="" fontSize="16" text="步行街配电室2气体放气" fontWeight="normal" textAlign="center" contentBackgroundColor="16777215" width="172" sizeAuto="true" height="24"/>
    <ALARMTB x="481" param="alarm" y="260" deviceName="9.53c7ac超市配电室气体放气" deviceID="24434" mark="QTMH" isPop="true" popType="redirect" width="16" paramID="2" alarm="ALARMTB" height="16"/>
    <TEXT fontFamily="微软雅黑" x="322" y="260" contentBackgroundAlpha="0" widthInChars="4" borderVisible="false" deviceID="" color="255" borderColor="0xffffff" param="" fontSize="16" text="超市配电室气体放气" fontWeight="normal" textAlign="center" contentBackgroundColor="16777215" width="146" sizeAuto="true" height="24"/>
    <ALARMTB x="480" param="alarm" y="219" deviceName="9.f50a4超市配电室气体故障" deviceID="24435" mark="QTMH" isPop="true" popType="redirect" width="16" paramID="2" alarm="ALARMTB" height="16"/>
    <TEXT fontFamily="微软雅黑" x="313" y="215" contentBackgroundAlpha="0" widthInChars="4" borderVisible="false" deviceID="" color="255" borderColor="0xffffff" param="" fontSize="16" text="超市配电室气体火警1" fontWeight="normal" textAlign="center" contentBackgroundColor="16777215" width="156" sizeAuto="true" height="24"/>
    <ALARMTB x="481" param="alarm" y="239" deviceName="9.5f5096超市配电室气体火警" deviceID="24436" mark="QTMH" isPop="true" popType="redirect" width="16" paramID="2" alarm="ALARMTB" height="16"/>
    <TEXT fontFamily="微软雅黑" x="312" y="237" contentBackgroundAlpha="0" widthInChars="4" borderVisible="false" deviceID="" color="255" borderColor="0xffffff" param="" fontSize="16" text="超市配电室气体火警2" fontWeight="normal" textAlign="center" contentBackgroundColor="16777215" width="156" sizeAuto="true" height="24"/>
    <ALARMTB x="1087" param="alarm" y="221" deviceName="7.68c41f大商业配电室1气体火警" deviceID="24433" mark="QTMH" isPop="true" popType="redirect" width="16" paramID="2" alarm="ALARMTB" height="16"/>
    <TEXT fontFamily="微软雅黑" x="1106" y="216" contentBackgroundAlpha="0" widthInChars="4" borderVisible="false" deviceID="" color="255" borderColor="0xffffff" param="" fontSize="16" text="大商业配电室1气体火警2" fontWeight="normal" textAlign="center" contentBackgroundColor="16777215" width="182" sizeAuto="true" height="24"/>
    <ALARMTB x="202" param="alarm" y="414" deviceName="11.5f508e.1号弱电机房气体火警" deviceID="24437" mark="QTMH" isPop="true" popType="redirect" width="16" paramID="2" alarm="ALARMTB" height="16"/>
    <TEXT fontFamily="微软雅黑" x="27" y="409" contentBackgroundAlpha="0" widthInChars="4" borderVisible="false" deviceID="" color="255" borderColor="0xffffff" param="" fontSize="16" text="1号弱电机房气体火警1" fontWeight="normal" textAlign="center" contentBackgroundColor="16777215" width="166" sizeAuto="true" height="24"/>
    <ALARMTB x="202" param="alarm" y="433" deviceName="11.5f88ac.1号弱电机房气体故障" deviceID="24438" mark="QTMH" isPop="true" popType="redirect" width="16" paramID="2" alarm="ALARMTB" height="16"/>
    <ALARMTB x="202" param="alarm" y="454" deviceName="11.53678f.1号弱电机房气体放气" deviceID="24439" mark="QTMH" isPop="true" popType="redirect" width="16" paramID="2" alarm="ALARMTB" height="16"/>
    <TEXT fontFamily="微软雅黑" x="35" y="453" contentBackgroundAlpha="0" widthInChars="4" borderVisible="false" deviceID="" color="255" borderColor="0xffffff" param="" fontSize="16" text="1号弱电机房气体放气" fontWeight="normal" textAlign="center" contentBackgroundColor="16777215" width="156" sizeAuto="true" height="24"/>
    <TEXT fontFamily="微软雅黑" x="27" y="431" contentBackgroundAlpha="0" widthInChars="4" borderVisible="false" deviceID="" color="255" borderColor="0xffffff" param="" fontSize="16" text="1号弱电机房气体火警2" fontWeight="normal" textAlign="center" contentBackgroundColor="16777215" width="166" sizeAuto="true" height="24"/>
    <TEXT fontFamily="微软雅黑" x="757" y="365" contentBackgroundAlpha="0" widthInChars="4" borderVisible="false" deviceID="" color="255" borderColor="0xffffff" param="" fontSize="16" text="大商业2号弱电机房气体放气" fontWeight="normal" textAlign="center" contentBackgroundColor="16777215" width="204" sizeAuto="true" height="24"/>
    <TEXT fontFamily="微软雅黑" x="758" y="341" contentBackgroundAlpha="0" widthInChars="4" borderVisible="false" deviceID="" color="255" borderColor="0xffffff" param="" fontSize="16" text="大商业2号弱电机房气体火警2" fontWeight="normal" textAlign="center" contentBackgroundColor="16777215" width="214" sizeAuto="true" height="24"/>
    <TEXT fontFamily="微软雅黑" x="758" y="316" contentBackgroundAlpha="0" widthInChars="4" borderVisible="false" deviceID="" color="255" borderColor="0xffffff" param="" fontSize="16" text="大商业2号弱电机房气体火警1" fontWeight="normal" textAlign="center" contentBackgroundColor="16777215" width="214" sizeAuto="true" height="24"/>
    <ALARMTB x="734" param="alarm" y="318" deviceName="10.598cfe大商业配电室3气体放气" deviceID="24417" mark="QTMH" isPop="true" popType="redirect" width="16" paramID="2" alarm="ALARMTB" height="16"/>
    <ALARMTB x="734" param="alarm" y="344" deviceName="10.597427大商业配电室3气体火警" deviceID="24416" mark="QTMH" isPop="true" popType="redirect" width="16" paramID="2" alarm="ALARMTB" height="16"/>
    <ALARMTB x="734" param="alarm" y="371" deviceName="10.593eec大商业配电室3气体故障" deviceID="24415" mark="QTMH" isPop="true" popType="redirect" width="16" paramID="2" alarm="ALARMTB" height="16"/>
  </Components>
</Configration>