<?xml version="1.0" encoding="utf-8"?>
<Configration Width="1434" Height="714">
  <LIST>
    <Component>
      <KTSPFJ/>
    </Component>
    <Image>
      <F4NODE source="mapAssets/mapImages/F4Node.png" group="map"/>
      <TULI source="assets/comp/TULI/TULI.png"/>
      <KTSPFJN source="assets/comp/TULI/KTSPFJN.png"/>
      <KTSPFJR source="assets/comp/TULI/KTSPFJR.png"/>
      <KTSPFJA source="assets/comp/TULI/KTSPFJA.png"/>
      <LCF4 source="assets/comp/LCF4.png"/>
    </Image>
  </LIST>
  <Components>
    <F4NODE x="0" height="714" y="0" source="mapAssets/mapImages/F4Node.png" width="1434" group="map"/>
    <KTSPFJ scaleY="0.6" deviceID="50002" mark="RJH" group="deviceComp" x="485.95000000000005" height="80" y="201.09999999999997" source="assets/comp/KTSPFJ/bg.png" deviceName="WD层2_1新风热交换空调" scaleX="0.6" width="80"/>
    <TEXT x="436" borderVisible="false" fontFamily="微软雅黑" text="WD层2_1新风热交换空调" deviceID="" borderColor="0xffffff" sizeAuto="true" group="commonComp" textAlign="center" height="17" y="180" width="144" source="assets/comp/TEXTINPUT/label.png" widthInChars="4" color="255" param="" fontSize="12" fontWeight="normal" contentBackgroundAlpha="0"/>
    <TULI height="124" y="434" source="assets/comp/TULI/TULI.png" width="225" x="1106" group="tuli"/>
    <KTSPFJN scaleY="0.4" scaleX="0.4" source="assets/comp/TULI/KTSPFJN.png" group="tuli" x="1255" height="80" y="459" width="80"/>
    <KTSPFJR scaleY="0.4" scaleX="0.4" source="assets/comp/TULI/KTSPFJR.png" group="tuli" x="1255" height="80" y="488" width="80"/>
    <KTSPFJA scaleY="0.4" scaleX="0.4" source="assets/comp/TULI/KTSPFJA.png" group="tuli" x="1255" height="80" y="516" width="80"/>
    <TEXT x="1168" borderVisible="false" fontFamily="微软雅黑" text="停止" deviceID="" borderColor="0xffffff" sizeAuto="true" group="commonComp" textAlign="center" height="17" y="465" width="28" source="assets/comp/TEXTINPUT/label.png" widthInChars="4" color="255" param="" fontSize="12" fontWeight="normal" contentBackgroundAlpha="0"/>
    <TEXT x="1167" borderVisible="false" fontFamily="微软雅黑" text="运行" deviceID="" borderColor="0xffffff" sizeAuto="true" group="commonComp" textAlign="center" height="17" y="492" width="28" source="assets/comp/TEXTINPUT/label.png" widthInChars="4" color="255" param="" fontSize="12" fontWeight="normal" contentBackgroundAlpha="0"/>
    <TEXT x="1167" borderVisible="false" fontFamily="微软雅黑" text="报警" deviceID="" borderColor="0xffffff" sizeAuto="true" group="commonComp" textAlign="center" height="17" y="519" width="28" source="assets/comp/TEXTINPUT/label.png" widthInChars="4" color="255" param="" fontSize="12" fontWeight="normal" contentBackgroundAlpha="0"/>
    <LCF4 x="10" height="92" y="10" source="assets/comp/LCF4.png" width="110" group="bg"/>
  </Components>
</Configration>