<?xml version="1.0" encoding="utf-8"?>
<Configration Width="1434" Height="714">
  <LIST>
    <Component>
      <RQBJ/>
    </Component>
    <Image>
      <B1NODE source="mapAssets/mapImages/B1Node.png" group="map"/>
    </Image>
  </LIST>
  <Components>
    <B1NODE height="714" x="0" y="0" width="1434"/>
    <TEXT fontFamily="微软雅黑" x="1035" y="176" contentBackgroundAlpha="0" widthInChars="4" borderVisible="false" deviceID="" color="255" borderColor="0xffffff" param="" fontSize="16" text="员工餐厅" fontWeight="normal" textAlign="center" contentBackgroundColor="16777215" width="66" sizeAuto="true" height="24"/>
    <RQBJ x="1056" y="153" scaleY="0.25" scaleX="0.25" deviceName="B1员工餐厅" deviceID="24525" mark="RQ" width="80" height="80"/>
  </Components>
</Configration>