<?xml version="1.0" encoding="utf-8"?>
<Configration Width="1077" Height="602">
  <LIST>
    <Component>
      <RQGL/>
      <BSB2/>
      <RUNING/>
    </Component>
    <Image>
      <PIPELINE source="assets/comp/PIPE/pipe1.png"/>
      <PIPELINE2 source="assets/comp/PIPE/pipe1-2.png"/>
      <PIPECORNER source="assets/comp/PIPE/pipe2.png"/>
      <PIPE3T source="assets/comp/PIPE/pipe3.png"/>
      <RYZKSB source="assets/comp/gongfangzhuji.png" group="spetial"/>
    </Image>
  </LIST>
  <Components>
    <PIPELINE y="280" width="12" height="40" x="379" source="assets/comp/PIPE/pipe1.png" group="pipe" scaleX="0.5"/>
    <PIPELINE y="110" width="12" height="40" x="378" source="assets/comp/PIPE/pipe1.png" group="pipe" scaleX="0.5"/>
    <PIPELINE y="59" width="12" height="40" x="465" source="assets/comp/PIPE/pipe1.png" group="pipe" scaleX="0.5" scaleY="5.5"/>
    <PIPELINE2 y="108" width="12" height="40" x="302" source="assets/comp/PIPE/pipe1-2.png" group="pipe" scaleX="0.5"/>
    <PIPELINE2 y="281" width="12" height="40" x="302" source="assets/comp/PIPE/pipe1-2.png" group="pipe" scaleX="0.5"/>
    <PIPELINE2 y="109" width="12" height="40" x="177" source="assets/comp/PIPE/pipe1-2.png" group="pipe" scaleX="0.5" scaleY="9"/>
    <PIPELINE2 y="109" width="12" height="40" x="183" scaleX="0.5" source="assets/comp/PIPE/pipe1-2.png" group="pipe" rotation="270" scaleY="3"/>
    <PIPELINE2 y="283" width="12" height="40" x="183" scaleX="0.5" source="assets/comp/PIPE/pipe1-2.png" group="pipe" rotation="270" scaleY="3"/>
    <RQGL y="320.75" width="249" rotation="0" mark="RQGL" height="122" x="264" scaleX="0.6" deviceName="2#锅炉" source="assets/comp/RQGL/alarm/0/1.png" group="deviceComp" deviceID="1090002" scaleY="0.6"/>
    <RQGL y="147.89999999999998" width="249" rotation="0" mark="RQGL" height="122" x="258.85" scaleX="0.6" deviceName="1#锅炉" source="assets/comp/RQGL/alarm/0/1.png" group="deviceComp" deviceID="1090001" scaleY="0.6"/>
    <PIPELINE2 y="475" width="12" height="40" x="182" scaleX="0.5" source="assets/comp/PIPE/pipe1-2.png" group="pipe" rotation="270" scaleY="10"/>
    <PIPELINE2 y="315" width="12" height="40" x="580" source="assets/comp/PIPE/pipe1-2.png" group="pipe" scaleX="0.5" scaleY="4.7"/>
    <PIPELINE2 y="322" width="12" height="40" x="585.25" scaleX="0.5" source="assets/comp/PIPE/pipe1-2.png" group="pipe" rotation="270" scaleY="7"/>
    <BSB2 y="287" width="88" mark="RSB" height="87" x="700" scaleX="0.5" deviceName="1#热水泵" source="assets/comp/BSB2/bg.png" group="deviceComp" deviceID="1190001" scaleY="0.5"/>
    <PIPELINE2 y="316" width="12" height="40" x="860" source="assets/comp/PIPE/pipe1-2.png" group="pipe" scaleX="0.5" scaleY="4.7"/>
    <PIPELINE2 y="412" width="12" height="40" x="583" scaleX="0.5" source="assets/comp/PIPE/pipe1-2.png" group="pipe" rotation="270" scaleY="7"/>
    <PIPELINE2 y="504" width="12" height="40" x="585" scaleX="0.5" source="assets/comp/PIPE/pipe1-2.png" group="pipe" rotation="270" scaleY="7"/>
    <PIPELINE2 y="475" width="12" height="40" x="865" scaleX="0.5" source="assets/comp/PIPE/pipe1-2.png" group="pipe" rotation="270" scaleY="4"/>
    <PIPELINE2 y="29" width="12" height="40" x="1025" source="assets/comp/PIPE/pipe1-2.png" group="pipe" scaleX="0.5" scaleY="11"/>
    <PIPELINE2 y="27" width="12" height="40" x="185" scaleX="0.5" source="assets/comp/PIPE/pipe1-2.png" group="pipe" rotation="270" scaleY="21"/>
    <BSB2 y="377" width="88" mark="RSB" height="87" x="700" scaleX="0.5" deviceName="2#热水泵" source="assets/comp/BSB2/bg.png" group="deviceComp" deviceID="1190002" scaleY="0.5"/>
    <BSB2 y="469" width="88" mark="RSB" height="87" x="700" scaleX="0.5" deviceName="3#热水泵" source="assets/comp/BSB2/bg.png" group="deviceComp" deviceID="1190003" scaleY="0.5"/>
    <PIPELINE y="110" width="12" height="40" x="384" scaleX="0.5" source="assets/comp/PIPE/pipe1.png" group="pipe" rotation="270" scaleY="2"/>
    <PIPELINE y="281" width="12" height="40" x="385" scaleX="0.5" source="assets/comp/PIPE/pipe1.png" group="pipe" rotation="270" scaleY="2"/>
    <PIPECORNER y="113" width="23" height="23" x="310" scaleX="0.5" source="assets/comp/PIPE/pipe2.png" group="pipe" rotation="180" scaleY="0.5"/>
    <PIPECORNER y="288" width="23" height="23" x="309" scaleX="0.5" source="assets/comp/PIPE/pipe2.png" group="pipe" rotation="180" scaleY="0.5"/>
    <PIPECORNER y="32" width="23" height="23" x="1032" scaleX="0.5" source="assets/comp/PIPE/pipe2.png" group="pipe" rotation="180" scaleY="0.5"/>
    <PIPECORNER y="103" width="23" height="23" x="390" scaleX="0.5" source="assets/comp/PIPE/pipe2.png" group="pipe" rotation="90" scaleY="0.5"/>
    <PIPECORNER y="102" width="23" height="23" x="188" scaleX="0.5" source="assets/comp/PIPE/pipe2.png" group="pipe" rotation="90" scaleY="0.5"/>
    <PIPECORNER y="274" width="23" height="23" x="391" scaleX="0.5" source="assets/comp/PIPE/pipe2.png" group="pipe" rotation="90" scaleY="0.5"/>
    <PIPECORNER y="463" width="23" height="23" x="177" scaleX="0.5" source="assets/comp/PIPE/pipe2.png" group="pipe" rotation="0" scaleY="0.5"/>
    <PIPECORNER y="475" width="23" height="23" x="1021" scaleX="0.5" source="assets/comp/PIPE/pipe2.png" group="pipe" rotation="270" scaleY="0.5"/>
    <PIPE3T y="98" width="24" height="34" x="460" source="assets/comp/PIPE/pipe3.png" group="pipe" scaleX="0.5" scaleY="0.5"/>
    <PIPE3T y="288" width="24" height="34" x="189" scaleX="0.5" source="assets/comp/PIPE/pipe3.png" group="pipe" rotation="180" scaleY="0.5"/>
    <PIPE3T y="417" width="24" height="34" x="592" scaleX="0.5" source="assets/comp/PIPE/pipe3.png" group="pipe" rotation="180" scaleY="0.5"/>
    <PIPE3T y="480" width="24" height="34" x="872" scaleX="0.5" source="assets/comp/PIPE/pipe3.png" group="pipe" rotation="180" scaleY="0.5"/>
    <PIPE3T y="400" width="24" height="34" x="855" source="assets/comp/PIPE/pipe3.png" group="pipe" scaleX="0.5" scaleY="0.5"/>
    <PIPE3T y="463" width="24" height="34" x="575" source="assets/comp/PIPE/pipe3.png" group="pipe" scaleX="0.5" scaleY="0.5"/>
    <PIPELINE y="56" width="12" height="40" x="185" scaleX="0.5" source="assets/comp/PIPE/pipe1.png" group="pipe" rotation="270" scaleY="7"/>
    <PIPECORNER y="61" width="23" height="23" x="472" scaleX="0.5" source="assets/comp/PIPE/pipe2.png" group="pipe" rotation="180" scaleY="0.5"/>
    <PIPECORNER y="314" width="23" height="23" x="591" scaleX="0.5" source="assets/comp/PIPE/pipe2.png" group="pipe" rotation="90" scaleY="0.5"/>
    <PIPECORNER y="492" width="23" height="23" x="579" scaleX="0.5" source="assets/comp/PIPE/pipe2.png" group="pipe" rotation="0" scaleY="0.5"/>
    <PIPECORNER y="326" width="23" height="23" x="868" scaleX="0.5" source="assets/comp/PIPE/pipe2.png" group="pipe" rotation="180" scaleY="0.5"/>
    <PIPECORNER y="505" width="23" height="23" x="856" scaleX="0.5" source="assets/comp/PIPE/pipe2.png" group="pipe" rotation="270" scaleY="0.5"/>
    <PIPECORNER y="282" width="23" height="23" x="461" scaleX="0.5" source="assets/comp/PIPE/pipe2.png" group="pipe" rotation="270" scaleY="0.5"/>
    <RYZKSB y="485" width="54" height="117" x="353" deviceName="热源总管参数" source="assets/comp/gongfangzhuji.png" group="spetial" deviceID="2320001" mark="RYZGCS"/>
    <LABEL color="3407616" x="489" y="94" textAlign="right" deviceName="热源总管参数" rotation="0" paramID="56" source="assets/comp/TEXTINPUT/text.png" fontSize="12" deviceID="2320001" fontFamily="digifaw" mark="RYZGCS" borderColor="999999" widthInChars="4" contentBackgroundAlpha="1" borderVisible="true" contentBackgroundColor="000000" param="hotWaterOutTemp" text="0101" fontWeight="normal" group="commonComp" sizeAuto="false"/>
    <LABEL color="3407616" x="112" y="261" textAlign="right" deviceName="热源总管参数" rotation="0" paramID="57" source="assets/comp/TEXTINPUT/text.png" fontSize="12" deviceID="2320001" fontFamily="digifaw" mark="RYZGCS" borderColor="999999" widthInChars="4" contentBackgroundAlpha="1" borderVisible="true" contentBackgroundColor="000000" param="hotWaterInTemp" text="0101" fontWeight="normal" group="commonComp" sizeAuto="false"/>
    <TEXT y="123" color="0x444444" width="116" sizeAuto="true" height="22" x="486" widthInChars="4" contentBackgroundAlpha="0" textAlign="center" borderVisible="false" param="" source="assets/comp/TEXTINPUT/label.png" text="热水供水温度" fontSize="18" fontWeight="normal" group="commonComp" deviceID="" fontFamily="微软雅黑" borderColor="0xffffff"/>
    <TEXT y="290" color="0x444444" width="116" sizeAuto="true" height="22" x="51" widthInChars="4" contentBackgroundAlpha="0" textAlign="center" borderVisible="false" param="" source="assets/comp/TEXTINPUT/label.png" text="热水回水温度" fontSize="18" fontWeight="normal" group="commonComp" deviceID="" fontFamily="微软雅黑" borderColor="0xffffff"/>
    <RUNING y="262" width="58" height="25" x="693" deviceName="1#热水泵" source="assets/comp/RUNING/runing/0/1.png" group="commonComp" deviceID="1190001" mark="RSB"/>
    <RUNING y="351" width="58" height="25" x="694" deviceName="2#热水泵" source="assets/comp/RUNING/runing/0/1.png" group="commonComp" deviceID="1190002" mark="RSB"/>
    <RUNING y="445" width="58" height="25" x="695" deviceName="3#热水泵" source="assets/comp/RUNING/runing/0/1.png" group="commonComp" deviceID="1190003" mark="RSB"/>
    <LABEL color="3407616" x="371" y="223" textAlign="right" deviceName="1#锅炉" rotation="0" paramID="253" source="assets/comp/TEXTINPUT/text.png" fontSize="12" deviceID="1090001" fontFamily="digifaw" mark="RQGL" borderColor="999999" widthInChars="4" contentBackgroundAlpha="1" borderVisible="true" contentBackgroundColor="000000" param="ewSetTemp" text="0101" fontWeight="normal" group="commonComp" sizeAuto="false"/>
    <TEXT y="225" color="0x444444" width="116" sizeAuto="true" height="22" x="255" widthInChars="4" contentBackgroundAlpha="0" textAlign="center" borderVisible="false" param="" source="assets/comp/TEXTINPUT/label.png" text="出水温度设定" fontSize="18" fontWeight="normal" group="commonComp" deviceID="" fontFamily="微软雅黑" borderColor="0xffffff"/>
    <TEXT y="397" color="0x444444" width="116" sizeAuto="true" height="22" x="255" widthInChars="4" contentBackgroundAlpha="0" textAlign="center" borderVisible="false" param="" source="assets/comp/TEXTINPUT/label.png" text="出水温度设定" fontSize="18" fontWeight="normal" group="commonComp" deviceID="" fontFamily="微软雅黑" borderColor="0xffffff"/>
    <LABEL color="3407616" x="373" y="397" textAlign="right" deviceName="1#锅炉" rotation="0" paramID="253" source="assets/comp/TEXTINPUT/text.png" fontSize="12" deviceID="1090001" fontFamily="digifaw" mark="RQGL" borderColor="999999" widthInChars="4" contentBackgroundAlpha="1" borderVisible="true" contentBackgroundColor="000000" param="ewSetTemp" text="0101" fontWeight="normal" group="commonComp" sizeAuto="false"/>
  </Components>
</Configration>