<?xml version="1.0" encoding="utf-8"?><Configration Width="1201" Height="546">
  <LIST>
    <Component>
      <LUXCQ/>
      <HANDAUTO/>
      <COCQ/>
      <TEMPCQ/>
      <WETCQ/>
    </Component>
    <Image>
      <B2NODE source="assets/comp/B2Node.png"/>
    </Image>
  </LIST>
  <Components>
    <B2NODE widthInChars="5" rotation="0" scale="0.75" x="-300" y="-41"/>
    <TEXT fontFamily="黑体" widthInChars="5" text="扶梯厅A处" deviceID="" color="16777215" scale="1" textAlign="right" fontWeight="bold" param="" rotation="0" fontSize="14" x="548" y="279"/>
    <LABEL fontFamily="digifaw" widthInChars="5" text="22.5℃" deviceID="21909" color="65280" scale="1" textAlign="right" fontWeight="normal" param="zhaodu" rotation="0" fontSize="12" x="800" y="45"/>
    <LABEL fontFamily="digifaw" widthInChars="5" text="22%RH" deviceID="21908" color="65280" scale="1" textAlign="right" fontWeight="normal" param="zhaodu" rotation="0" fontSize="12" x="456" y="277"/>
    <LABEL fontFamily="digifaw" widthInChars="5" text="222.5ppm" deviceID="21917" color="65280" scale="1" textAlign="right" fontWeight="normal" param="zhaodu" rotation="0" fontSize="12" x="494" y="206"/>
    <TEXT fontFamily="黑体" widthInChars="6" text="一氧化碳浓度" deviceID="" color="16777215" scale="1" textAlign="right" fontWeight="normal" param="" rotation="0" fontSize="14" x="48" y="432"/>
    <TEXT fontFamily="黑体" widthInChars="4" text="照    度" deviceID="" color="16777215" scale="1" textAlign="right" fontWeight="normal" param="" rotation="0" fontSize="14" x="50" y="454"/>
    <LUXCQ rotation="0" deviceID="" scale="1" isPop="true" popType="line" x="25" y="458"/>
    <LUXCQ rotation="0" deviceID="21908" scale="1" isPop="true" popType="line" x="530" y="281"/>
    <LUXCQ rotation="0" deviceID="21909" scale="1" isPop="true" popType="line" x="873" y="49"/>
    <TEXT fontFamily="黑体" widthInChars="5" text="扶梯厅B处" deviceID="" color="16777215" scale="1" textAlign="right" fontWeight="bold" param="" rotation="0" fontSize="14" x="792" y="21"/>
    <HANDAUTO rotation="0" scale="0" deviceID="21189" x="709" y="204"/>
    <COCQ rotation="0" deviceID="21917" scale="1" isPop="true" popType="line" x="570" y="211"/>
    <LUXCQ rotation="0" deviceID="21916" scale="1" isPop="true" popType="line" x="574" y="230"/>
    <LABEL fontFamily="digifaw" widthInChars="5" text="22.5lux" deviceID="21916" color="65280" scale="1" textAlign="right" fontWeight="normal" param="zhaodu" rotation="0" fontSize="12" x="494" y="228"/>
    <TEXT fontFamily="黑体" widthInChars="4" text="地下车库" deviceID="" color="16777215" scale="1" textAlign="right" fontWeight="bold" param="" rotation="0" fontSize="14" x="537" y="252"/>
    <COCQ rotation="0" deviceID="" scale="1" isPop="true" popType="line" x="19" y="433"/>
    <TEMPCQ rotation="0" deviceID="" scale="1" isPop="true" popType="line" x="25" y="371"/>
    <TEXT fontFamily="黑体" widthInChars="4" text="湿    度" deviceID="" color="16777215" scale="1" textAlign="right" fontWeight="normal" param="" rotation="0" fontSize="14" x="54" y="406"/>
    <WETCQ rotation="0" deviceID="" scale="1" isPop="true" popType="line" x="23" y="406"/>
    <TEXT fontFamily="黑体" widthInChars="4" text="温    度" deviceID="" color="16777215" scale="1" textAlign="right" fontWeight="normal" param="" rotation="0" fontSize="14" x="54" y="379"/>
    <TEMPCQ rotation="0" deviceID="" scale="1" isPop="true" popType="line" x="331" y="446"/>
    <WETCQ rotation="0" deviceID="" scale="1" isPop="true" popType="line" x="331" y="476"/>
    <TEXT fontFamily="黑体" widthInChars="5" text="B2-Z-1-N3" deviceID="" color="16777215" scale="1" textAlign="right" fontWeight="bold" param="" rotation="0" fontSize="14" x="267" y="501"/>
    <LABEL fontFamily="digifaw" widthInChars="5" text="22.5%" deviceID="21909" color="65280" scale="1" textAlign="right" fontWeight="normal" param="zhaodu" rotation="0" fontSize="12" x="256" y="473"/>
    <LABEL fontFamily="digifaw" widthInChars="5" text="22.5℃" deviceID="21909" color="65280" scale="1" textAlign="right" fontWeight="normal" param="zhaodu" rotation="0" fontSize="12" x="256" y="451"/>
    <TEMPCQ rotation="0" deviceID="" scale="1" isPop="true" popType="line" x="249" y="333"/>
    <WETCQ rotation="0" deviceID="" scale="1" isPop="true" popType="line" x="249" y="363"/>
    <LABEL fontFamily="digifaw" widthInChars="5" text="22.5℃" deviceID="21909" color="65280" scale="1" textAlign="right" fontWeight="normal" param="zhaodu" rotation="0" fontSize="12" x="176" y="338"/>
    <LABEL fontFamily="digifaw" widthInChars="5" text="22.35%" deviceID="21909" color="65280" scale="1" textAlign="right" fontWeight="normal" param="zhaodu" rotation="0" fontSize="12" x="176" y="360"/>
    <TEXT fontFamily="黑体" widthInChars="5" text="B2-Z-1-N2" deviceID="" color="16777215" scale="1" textAlign="right" fontWeight="bold" param="" rotation="0" fontSize="14" x="192" y="388"/>
    <TEMPCQ rotation="0" deviceID="" scale="1" isPop="true" popType="line" x="475" y="404"/>
    <WETCQ rotation="0" deviceID="" scale="1" isPop="true" popType="line" x="474" y="434"/>
    <LABEL fontFamily="digifaw" widthInChars="5" text="22.5℃" deviceID="21909" color="65280" scale="1" textAlign="right" fontWeight="normal" param="zhaodu" rotation="0" fontSize="12" x="398" y="411"/>
    <LABEL fontFamily="digifaw" widthInChars="5" text="22.5%" deviceID="21909" color="65280" scale="1" textAlign="right" fontWeight="normal" param="zhaodu" rotation="0" fontSize="12" x="398" y="433"/>
    <TEXT fontFamily="黑体" widthInChars="5" text="B2-Z-1-N4" deviceID="" color="16777215" scale="1" textAlign="right" fontWeight="bold" param="" rotation="0" fontSize="14" x="441" y="458"/>
    <TEMPCQ rotation="0" deviceID="" scale="1" isPop="true" popType="line" x="447" y="321"/>
    <WETCQ rotation="0" deviceID="" scale="1" isPop="true" popType="line" x="360" y="286"/>
    <LABEL fontFamily="digifaw" widthInChars="5" text="22.5℃" deviceID="21909" color="65280" scale="1" textAlign="right" fontWeight="normal" param="zhaodu" rotation="0" fontSize="12" x="374" y="329"/>
    <LABEL fontFamily="digifaw" widthInChars="5" text="22.5%" deviceID="21909" color="65280" scale="1" textAlign="right" fontWeight="normal" param="zhaodu" rotation="0" fontSize="12" x="374" y="351"/>
    <TEXT fontFamily="黑体" widthInChars="5" text="B2-Z-1-N1" deviceID="" color="16777215" scale="1" textAlign="right" fontWeight="bold" param="" rotation="0" fontSize="14" x="372" y="374"/>
    <LUXCQ rotation="0" deviceID="21908" scale="1" isPop="true" popType="line" x="463" y="377"/>
    <LABEL fontFamily="digifaw" widthInChars="5" text="22%RH" deviceID="21908" color="65280" scale="1" textAlign="right" fontWeight="normal" param="zhaodu" rotation="0" fontSize="12" x="484" y="371"/>
    <TEMPCQ rotation="0" deviceID="" scale="1" isPop="true" popType="line" x="466" y="319"/>
    <LABEL fontFamily="digifaw" widthInChars="5" text="22.5℃" deviceID="21909" color="65280" scale="1" textAlign="right" fontWeight="normal" param="zhaodu" rotation="0" fontSize="12" x="485" y="326"/>
    <WETCQ rotation="0" deviceID="" scale="1" isPop="true" popType="line" x="464" y="352"/>
    <LABEL fontFamily="digifaw" widthInChars="5" text="22.5%" deviceID="21909" color="65280" scale="1" textAlign="right" fontWeight="normal" param="zhaodu" rotation="0" fontSize="12" x="484" y="348"/>
    <TEXT fontFamily="黑体" widthInChars="5" text="B2-Z-1-N1" deviceID="" color="16777215" scale="1" textAlign="right" fontWeight="bold" param="" rotation="0" fontSize="14" x="481" y="401"/>
    <TEMPCQ rotation="0" deviceID="" scale="1" isPop="true" popType="line" x="632" y="316"/>
    <LABEL fontFamily="digifaw" widthInChars="5" text="22.5℃" deviceID="21909" color="65280" scale="1" textAlign="right" fontWeight="normal" param="zhaodu" rotation="0" fontSize="12" x="560" y="324"/>
    <LABEL fontFamily="digifaw" widthInChars="5" text="22.5%" deviceID="21909" color="65280" scale="1" textAlign="right" fontWeight="normal" param="zhaodu" rotation="0" fontSize="12" x="560" y="347"/>
    <LABEL fontFamily="digifaw" widthInChars="5" text="22%RH" deviceID="21908" color="65280" scale="1" textAlign="right" fontWeight="normal" param="zhaodu" rotation="0" fontSize="12" x="668" y="365"/>
    <WETCQ rotation="0" deviceID="" scale="1" isPop="true" popType="line" x="630" y="344"/>
    <LUXCQ rotation="0" deviceID="21908" scale="1" isPop="true" popType="line" x="647" y="369"/>
    <TEMPCQ rotation="0" deviceID="" scale="1" isPop="true" popType="line" x="649" y="314"/>
    <LABEL fontFamily="digifaw" widthInChars="5" text="22.5℃" deviceID="21909" color="65280" scale="1" textAlign="right" fontWeight="normal" param="zhaodu" rotation="0" fontSize="12" x="666" y="319"/>
    <LABEL fontFamily="digifaw" widthInChars="5" text="22.5%" deviceID="21909" color="65280" scale="1" textAlign="right" fontWeight="normal" param="zhaodu" rotation="0" fontSize="12" x="667" y="342"/>
    <WETCQ rotation="0" deviceID="" scale="1" isPop="true" popType="line" x="647" y="345"/>
    <TEXT fontFamily="黑体" widthInChars="5" text="B2-Z-4-N1" deviceID="" color="16777215" scale="1" textAlign="right" fontWeight="bold" param="" rotation="0" fontSize="14" x="642" y="388"/>
    <TEXT fontFamily="黑体" widthInChars="5" text="B2-Z-4-N1" deviceID="" color="16777215" scale="1" textAlign="right" fontWeight="bold" param="" rotation="0" fontSize="14" x="560" y="375"/>
    <TEMPCQ rotation="0" deviceID="" scale="1" isPop="true" popType="line" x="784" y="409"/>
    <WETCQ rotation="0" deviceID="" scale="1" isPop="true" popType="line" x="783" y="439"/>
    <LABEL fontFamily="digifaw" widthInChars="5" text="22.5℃" deviceID="21909" color="65280" scale="1" textAlign="right" fontWeight="normal" param="zhaodu" rotation="0" fontSize="12" x="710" y="414"/>
    <LABEL fontFamily="digifaw" widthInChars="5" text="22.5%" deviceID="21909" color="65280" scale="1" textAlign="right" fontWeight="normal" param="zhaodu" rotation="0" fontSize="12" x="710" y="435"/>
    <TEXT fontFamily="黑体" widthInChars="5" text="B2-Z-5-N3" deviceID="" color="16777215" scale="1" textAlign="right" fontWeight="bold" param="" rotation="0" fontSize="14" x="729" y="469"/>
    <LABEL fontFamily="digifaw" widthInChars="5" text="22.5℃" deviceID="21909" color="65280" scale="1" textAlign="right" fontWeight="normal" param="zhaodu" rotation="0" fontSize="12" x="744" y="317"/>
    <LABEL fontFamily="digifaw" widthInChars="5" text="22.5%" deviceID="21909" color="65280" scale="1" textAlign="right" fontWeight="normal" param="zhaodu" rotation="0" fontSize="12" x="745" y="338"/>
    <TEMPCQ rotation="0" deviceID="" scale="1" isPop="true" popType="line" x="821" y="310"/>
    <WETCQ rotation="0" deviceID="" scale="1" isPop="true" popType="line" x="820" y="342"/>
    <WETCQ rotation="0" deviceID="" scale="1" isPop="true" popType="line" x="892" y="345"/>
    <TEMPCQ rotation="0" deviceID="" scale="1" isPop="true" popType="line" x="893" y="313"/>
    <LABEL fontFamily="digifaw" widthInChars="5" text="22.5℃" deviceID="21909" color="65280" scale="1" textAlign="right" fontWeight="normal" param="zhaodu" rotation="0" fontSize="12" x="915" y="319"/>
    <LABEL fontFamily="digifaw" widthInChars="5" text="22.5%" deviceID="21909" color="65280" scale="1" textAlign="right" fontWeight="normal" param="zhaodu" rotation="0" fontSize="12" x="915" y="341"/>
    <LABEL fontFamily="digifaw" widthInChars="5" text="22.5℃" deviceID="21909" color="65280" scale="1" textAlign="right" fontWeight="normal" param="zhaodu" rotation="0" fontSize="12" x="940" y="414"/>
    <TEMPCQ rotation="0" deviceID="" scale="1" isPop="true" popType="line" x="1184" y="430"/>
    <LABEL fontFamily="digifaw" widthInChars="5" text="22.5%" deviceID="21909" color="65280" scale="1" textAlign="right" fontWeight="normal" param="zhaodu" rotation="0" fontSize="12" x="941" y="436"/>
    <WETCQ rotation="0" deviceID="" scale="1" isPop="true" popType="line" x="1016" y="439"/>
    <TEXT fontFamily="黑体" widthInChars="5" text="B2-Z-5-N1" deviceID="" color="16777215" scale="1" textAlign="right" fontWeight="bold" param="" rotation="0" fontSize="14" x="766" y="363"/>
    <TEXT fontFamily="黑体" widthInChars="5" text="B2-Z-5-N2" deviceID="" color="16777215" scale="1" textAlign="right" fontWeight="bold" param="" rotation="0" fontSize="14" x="884" y="366"/>
    <TEXT fontFamily="黑体" widthInChars="5" text="B2-Z-5-N4" deviceID="" color="16777215" scale="1" textAlign="right" fontWeight="bold" param="" rotation="0" fontSize="14" x="967" y="467"/>
    <TEMPCQ rotation="0" deviceID="" scale="1" isPop="true" popType="line" x="1015" y="408"/>
    <WETCQ rotation="0" deviceID="" scale="1" isPop="true" popType="line" x="1183" y="462"/>
    <LABEL fontFamily="digifaw" widthInChars="5" text="22.5℃" deviceID="21909" color="65280" scale="1" textAlign="right" fontWeight="normal" param="zhaodu" rotation="0" fontSize="12" x="1112" y="438"/>
    <LABEL fontFamily="digifaw" widthInChars="5" text="22.5%" deviceID="21909" color="65280" scale="1" textAlign="right" fontWeight="normal" param="zhaodu" rotation="0" fontSize="12" x="1112" y="457"/>
    <TEXT fontFamily="黑体" widthInChars="5" text="B2-Z-5-N5" deviceID="" color="16777215" scale="1" textAlign="right" fontWeight="bold" param="" rotation="0" fontSize="14" x="1120" y="485"/>
    <TEMPCQ rotation="0" deviceID="" scale="1" isPop="true" popType="line" x="923" y="201"/>
    <WETCQ rotation="0" deviceID="" scale="1" isPop="true" popType="line" x="919" y="234"/>
    <LABEL fontFamily="digifaw" widthInChars="5" text="22.5℃" deviceID="21909" color="65280" scale="1" textAlign="right" fontWeight="normal" param="zhaodu" rotation="0" fontSize="12" x="936" y="208"/>
    <LABEL fontFamily="digifaw" widthInChars="5" text="22.5%" deviceID="21909" color="65280" scale="1" textAlign="right" fontWeight="normal" param="zhaodu" rotation="0" fontSize="12" x="936" y="230"/>
    <TEXT fontFamily="黑体" widthInChars="5" text="B2-Z-3-N2" deviceID="" color="16777215" scale="1" textAlign="right" fontWeight="bold" param="" rotation="0" fontSize="14" x="921" y="253"/>
    <TEMPCQ rotation="0" deviceID="" scale="1" isPop="true" popType="line" x="1113" y="151"/>
    <WETCQ rotation="0" deviceID="" scale="1" isPop="true" popType="line" x="1112" y="181"/>
    <LUXCQ rotation="0" deviceID="21916" scale="1" isPop="true" popType="line" x="1112" y="207"/>
    <LABEL fontFamily="digifaw" widthInChars="5" text="22.5℃" deviceID="21909" color="65280" scale="1" textAlign="right" fontWeight="normal" param="zhaodu" rotation="0" fontSize="12" x="1130" y="159"/>
    <LABEL fontFamily="digifaw" widthInChars="5" text="22.5%" deviceID="21909" color="65280" scale="1" textAlign="right" fontWeight="normal" param="zhaodu" rotation="0" fontSize="12" x="1131" y="180"/>
    <LABEL fontFamily="digifaw" widthInChars="5" text="22.5lux" deviceID="21916" color="65280" scale="1" textAlign="right" fontWeight="normal" param="zhaodu" rotation="0" fontSize="12" x="1131" y="203"/>
    <TEXT fontFamily="黑体" widthInChars="5" text="B2-Z-6-N1" deviceID="" color="16777215" scale="1" textAlign="right" fontWeight="bold" param="" rotation="0" fontSize="14" x="1119" y="230"/>
    <TEMPCQ rotation="0" deviceID="" scale="1" isPop="true" popType="line" x="1091" y="127"/>
    <WETCQ rotation="0" deviceID="" scale="1" isPop="true" popType="line" x="1092" y="161"/>
    <LABEL fontFamily="digifaw" widthInChars="5" text="22.5℃" deviceID="21909" color="65280" scale="1" textAlign="right" fontWeight="normal" param="zhaodu" rotation="0" fontSize="12" x="1020" y="137"/>
    <LABEL fontFamily="digifaw" widthInChars="5" text="22.5%" deviceID="21909" color="65280" scale="1" textAlign="right" fontWeight="normal" param="zhaodu" rotation="0" fontSize="12" x="1021" y="159"/>
    <TEXT fontFamily="黑体" widthInChars="5" text="B2-Z-6-N1" deviceID="" color="16777215" scale="1" textAlign="right" fontWeight="bold" param="" rotation="0" fontSize="14" x="1027" y="186"/>
    <TEMPCQ rotation="0" deviceID="" scale="1" isPop="true" popType="line" x="988" y="124"/>
    <WETCQ rotation="0" deviceID="" scale="1" isPop="true" popType="line" x="987" y="157"/>
    <LABEL fontFamily="digifaw" widthInChars="5" text="22.5℃" deviceID="21909" color="65280" scale="1" textAlign="right" fontWeight="normal" param="zhaodu" rotation="0" fontSize="12" x="915" y="134"/>
    <LABEL fontFamily="digifaw" widthInChars="5" text="22.5%" deviceID="21909" color="65280" scale="1" textAlign="right" fontWeight="normal" param="zhaodu" rotation="0" fontSize="12" x="915" y="156"/>
    <TEXT fontFamily="黑体" widthInChars="5" text="B2-Z-6-N2" deviceID="" color="16777215" scale="1" textAlign="right" fontWeight="bold" param="" rotation="0" fontSize="14" x="927" y="181"/>
    <TEMPCQ rotation="0" deviceID="" scale="1" isPop="true" popType="line" x="889" y="130"/>
    <WETCQ rotation="0" deviceID="" scale="1" isPop="true" popType="line" x="888" y="161"/>
    <LABEL fontFamily="digifaw" widthInChars="5" text="22.5%" deviceID="21909" color="65280" scale="1" textAlign="right" fontWeight="normal" param="zhaodu" rotation="0" fontSize="12" x="814" y="158"/>
    <LABEL fontFamily="digifaw" widthInChars="5" text="22.5℃" deviceID="21909" color="65280" scale="1" textAlign="right" fontWeight="normal" param="zhaodu" rotation="0" fontSize="12" x="813" y="136"/>
    <TEXT fontFamily="黑体" widthInChars="5" text="B2-Z-3-N2" deviceID="" color="16777215" scale="1" textAlign="right" fontWeight="bold" param="" rotation="0" fontSize="14" x="823" y="184"/>
    <TEMPCQ rotation="0" deviceID="" scale="1" isPop="true" popType="line" x="543" y="11"/>
    <WETCQ rotation="0" deviceID="" scale="1" isPop="true" popType="line" x="542" y="46"/>
    <LABEL fontFamily="digifaw" widthInChars="5" text="22.5℃" deviceID="21909" color="65280" scale="1" textAlign="right" fontWeight="normal" param="zhaodu" rotation="0" fontSize="12" x="470" y="17"/>
    <LABEL fontFamily="digifaw" widthInChars="5" text="22.5%" deviceID="21909" color="65280" scale="1" textAlign="right" fontWeight="normal" param="zhaodu" rotation="0" fontSize="12" x="470" y="40"/>
    <TEXT fontFamily="黑体" widthInChars="5" text="B2-Z-6-N8" deviceID="" color="16777215" scale="1" textAlign="right" fontWeight="bold" param="" rotation="0" fontSize="14" x="465" y="64"/>
    <WETCQ rotation="0" deviceID="" scale="1" isPop="true" popType="line" x="1014" y="89"/>
    <TEMPCQ rotation="0" deviceID="" scale="1" isPop="true" popType="line" x="1015" y="3"/>
    <LABEL fontFamily="digifaw" widthInChars="5" text="22.5℃" deviceID="21909" color="65280" scale="1" textAlign="right" fontWeight="normal" param="zhaodu" rotation="0" fontSize="12" x="1032" y="88"/>
    <LABEL fontFamily="digifaw" widthInChars="5" text="22.5%" deviceID="21909" color="65280" scale="1" textAlign="right" fontWeight="normal" param="zhaodu" rotation="0" fontSize="12" x="1032" y="66"/>
    <TEXT fontFamily="黑体" widthInChars="5" text="B2-Z-6-N3" deviceID="" color="16777215" scale="1" textAlign="right" fontWeight="bold" param="" rotation="0" fontSize="14" x="1107" y="75"/>
    <TEMPCQ rotation="0" deviceID="" scale="1" isPop="true" popType="line" x="361" y="253"/>
    <WETCQ rotation="0" deviceID="" scale="1" isPop="true" popType="line" x="447" y="351"/>
    <LABEL fontFamily="digifaw" widthInChars="5" text="22.5℃" deviceID="21909" color="65280" scale="1" textAlign="right" fontWeight="normal" param="zhaodu" rotation="0" fontSize="12" x="287" y="261"/>
    <LABEL fontFamily="digifaw" widthInChars="5" text="22.5%" deviceID="21909" color="65280" scale="1" textAlign="right" fontWeight="normal" param="zhaodu" rotation="0" fontSize="12" x="287" y="283"/>
    <TEXT fontFamily="黑体" widthInChars="5" text="B2-Z-2-N2" deviceID="" color="16777215" scale="1" textAlign="right" fontWeight="bold" param="" rotation="0" fontSize="14" x="285" y="307"/>
    <TEMPCQ rotation="0" deviceID="" scale="1" isPop="true" popType="line" x="318" y="159"/>
    <WETCQ rotation="0" deviceID="" scale="1" isPop="true" popType="line" x="299" y="189"/>
    <LUXCQ rotation="0" deviceID="21908" scale="1" isPop="true" popType="line" x="316" y="209"/>
    <LABEL fontFamily="digifaw" widthInChars="5" text="22.5℃" deviceID="21909" color="65280" scale="1" textAlign="right" fontWeight="normal" param="zhaodu" rotation="0" fontSize="12" x="335" y="162"/>
    <LABEL fontFamily="digifaw" widthInChars="5" text="22.5%" deviceID="21909" color="65280" scale="1" textAlign="right" fontWeight="normal" param="zhaodu" rotation="0" fontSize="12" x="335" y="183"/>
    <LABEL fontFamily="digifaw" widthInChars="5" text="22%RH" deviceID="21908" color="65280" scale="1" textAlign="right" fontWeight="normal" param="zhaodu" rotation="0" fontSize="12" x="335" y="205"/>
    <TEXT fontFamily="黑体" widthInChars="5" text="B2-Z-2-N1" deviceID="" color="16777215" scale="1" textAlign="right" fontWeight="bold" param="" rotation="0" fontSize="14" x="329" y="226"/>
    <TEMPCQ rotation="0" deviceID="" scale="1" isPop="true" popType="line" x="300" y="160"/>
    <WETCQ rotation="0" deviceID="" scale="1" isPop="true" popType="line" x="319" y="189"/>
    <LABEL fontFamily="digifaw" widthInChars="5" text="22.5℃" deviceID="21909" color="65280" scale="1" textAlign="right" fontWeight="normal" param="zhaodu" rotation="0" fontSize="12" x="227" y="165"/>
    <LABEL fontFamily="digifaw" widthInChars="5" text="22.5%" deviceID="21909" color="65280" scale="1" textAlign="right" fontWeight="normal" param="zhaodu" rotation="0" fontSize="12" x="227" y="186"/>
    <TEXT fontFamily="黑体" widthInChars="5" text="B2-Z-2-N1" deviceID="" color="16777215" scale="1" textAlign="right" fontWeight="bold" param="" rotation="0" fontSize="14" x="224" y="209"/>
    <TEMPCQ rotation="0" deviceID="" scale="1" isPop="true" popType="line" x="497" y="99"/>
    <WETCQ rotation="0" deviceID="" scale="1" isPop="true" popType="line" x="496" y="128"/>
    <LABEL fontFamily="digifaw" widthInChars="5" text="22.5℃" deviceID="21909" color="65280" scale="1" textAlign="right" fontWeight="normal" param="zhaodu" rotation="0" fontSize="12" x="423" y="102"/>
    <LABEL fontFamily="digifaw" widthInChars="5" text="22.5%" deviceID="21909" color="65280" scale="1" textAlign="right" fontWeight="normal" param="zhaodu" rotation="0" fontSize="12" x="422" y="124"/>
    <TEXT fontFamily="黑体" widthInChars="5" text="B2-Z-4-N4" deviceID="" color="16777215" scale="1" textAlign="right" fontWeight="bold" param="" rotation="0" fontSize="14" x="426" y="149"/>
    <TEMPCQ rotation="0" deviceID="" scale="1" isPop="true" popType="line" x="626" y="133"/>
    <WETCQ rotation="0" deviceID="" scale="1" isPop="true" popType="line" x="602" y="166"/>
    <LABEL fontFamily="digifaw" widthInChars="5" text="22.5℃" deviceID="21909" color="65280" scale="1" textAlign="right" fontWeight="normal" param="zhaodu" rotation="0" fontSize="12" x="528" y="141"/>
    <LABEL fontFamily="digifaw" widthInChars="5" text="22.5%" deviceID="21909" color="65280" scale="1" textAlign="right" fontWeight="normal" param="zhaodu" rotation="0" fontSize="12" x="527" y="164"/>
    <WETCQ rotation="0" deviceID="" scale="1" isPop="true" popType="line" x="625" y="165"/>
    <TEMPCQ rotation="0" deviceID="" scale="1" isPop="true" popType="line" x="603" y="135"/>
    <LABEL fontFamily="digifaw" widthInChars="5" text="22.5℃" deviceID="21909" color="65280" scale="1" textAlign="right" fontWeight="normal" param="zhaodu" rotation="0" fontSize="12" x="643" y="140"/>
    <LABEL fontFamily="digifaw" widthInChars="5" text="22.5%" deviceID="21909" color="65280" scale="1" textAlign="right" fontWeight="normal" param="zhaodu" rotation="0" fontSize="12" x="644" y="163"/>
    <LUXCQ rotation="0" deviceID="21916" scale="1" isPop="true" popType="line" x="729" y="254"/>
    <WETCQ rotation="0" deviceID="" scale="1" isPop="true" popType="line" x="729" y="233"/>
    <TEMPCQ rotation="0" deviceID="" scale="1" isPop="true" popType="line" x="731" y="202"/>
    <LABEL fontFamily="digifaw" widthInChars="5" text="22.5℃" deviceID="21909" color="65280" scale="1" textAlign="right" fontWeight="normal" param="zhaodu" rotation="0" fontSize="12" x="747" y="208"/>
    <LABEL fontFamily="digifaw" widthInChars="5" text="22.5%" deviceID="21909" color="65280" scale="1" textAlign="right" fontWeight="normal" param="zhaodu" rotation="0" fontSize="12" x="747" y="228"/>
    <LABEL fontFamily="digifaw" widthInChars="5" text="22.5lux" deviceID="21916" color="65280" scale="1" textAlign="right" fontWeight="normal" param="zhaodu" rotation="0" fontSize="12" x="748" y="250"/>
    <TEMPCQ rotation="0" deviceID="" scale="1" isPop="true" popType="line" x="707" y="204"/>
    <WETCQ rotation="0" deviceID="" scale="1" isPop="true" popType="line" x="705" y="233"/>
    <LABEL fontFamily="digifaw" widthInChars="5" text="22.5℃" deviceID="21909" color="65280" scale="1" textAlign="right" fontWeight="normal" param="zhaodu" rotation="0" fontSize="12" x="632" y="209"/>
    <LABEL fontFamily="digifaw" widthInChars="5" text="22.5%" deviceID="21909" color="65280" scale="1" textAlign="right" fontWeight="normal" param="zhaodu" rotation="0" fontSize="12" x="632" y="231"/>
    <TEXT fontFamily="黑体" widthInChars="5" text="B2-Z-4-N3" deviceID="" color="16777215" scale="1" textAlign="right" fontWeight="bold" param="" rotation="0" fontSize="14" x="526" y="119"/>
    <TEXT fontFamily="黑体" widthInChars="5" text="B2-Z-4-N3" deviceID="" color="16777215" scale="1" textAlign="right" fontWeight="bold" param="" rotation="0" fontSize="14" x="634" y="119"/>
    <TEXT fontFamily="黑体" widthInChars="5" text="B2-Z-3-N1" deviceID="" color="16777215" scale="1" textAlign="right" fontWeight="bold" param="" rotation="0" fontSize="14" x="737" y="277"/>
    <TEMPCQ rotation="0" deviceID="" scale="1" isPop="true" popType="line" x="1016" y="56"/>
    <WETCQ rotation="0" deviceID="" scale="1" isPop="true" popType="line" x="1010" y="30"/>
    <LABEL fontFamily="digifaw" widthInChars="5" text="22.5%" deviceID="21909" color="65280" scale="1" textAlign="right" fontWeight="normal" param="zhaodu" rotation="0" fontSize="12" x="1033" y="12"/>
    <LABEL fontFamily="digifaw" widthInChars="5" text="22.5℃" deviceID="21909" color="65280" scale="1" textAlign="right" fontWeight="normal" param="zhaodu" rotation="0" fontSize="12" x="1034" y="34"/>
    <TEXT fontFamily="黑体" widthInChars="5" text="B2-Z-6-N3" deviceID="" color="16777215" scale="1" textAlign="right" fontWeight="bold" param="" rotation="0" fontSize="14" x="1115" y="23"/>
    <TEXT fontFamily="黑体" widthInChars="5" text="B2-Z-3-N1" deviceID="" color="16777215" scale="1" textAlign="right" fontWeight="bold" param="" rotation="0" fontSize="14" x="647" y="256"/>
    <TEMPCQ rotation="0" deviceID="" scale="1" isPop="true" popType="line" x="901" y="4"/>
    <WETCQ rotation="0" deviceID="" scale="1" isPop="true" popType="line" x="899" y="34"/>
    <TEMPCQ rotation="0" deviceID="" scale="1" isPop="true" popType="line" x="903" y="60"/>
    <WETCQ rotation="0" deviceID="" scale="1" isPop="true" popType="line" x="899" y="88"/>
    <LABEL fontFamily="digifaw" widthInChars="5" text="22.5℃" deviceID="21909" color="65280" scale="1" textAlign="right" fontWeight="normal" param="zhaodu" rotation="0" fontSize="12" x="914" y="12"/>
    <LABEL fontFamily="digifaw" widthInChars="5" text="22.5%" deviceID="21909" color="65280" scale="1" textAlign="right" fontWeight="normal" param="zhaodu" rotation="0" fontSize="12" x="915" y="34"/>
    <LABEL fontFamily="digifaw" widthInChars="5" text="22.5%" deviceID="21909" color="65280" scale="1" textAlign="right" fontWeight="normal" param="zhaodu" rotation="0" fontSize="12" x="918" y="86"/>
    <LABEL fontFamily="digifaw" widthInChars="5" text="22.5℃" deviceID="21909" color="65280" scale="1" textAlign="right" fontWeight="normal" param="zhaodu" rotation="0" fontSize="12" x="917" y="64"/>
    <TEXT fontFamily="黑体" widthInChars="5" text="B2-Z-6-N3" deviceID="" color="16777215" scale="1" textAlign="right" fontWeight="bold" param="" rotation="0" fontSize="14" x="825" y="4"/>
    <TEXT fontFamily="黑体" widthInChars="5" text="B2-Z-6-N4" deviceID="" color="16777215" scale="1" textAlign="right" fontWeight="bold" param="" rotation="0" fontSize="14" x="825" y="83"/>
    <WETCQ rotation="0" deviceID="" scale="1" isPop="true" popType="line" x="633" y="35"/>
    <TEMPCQ rotation="0" deviceID="" scale="1" isPop="true" popType="line" x="633" y="5"/>
    <LABEL fontFamily="digifaw" widthInChars="5" text="22.5%" deviceID="21909" color="65280" scale="1" textAlign="right" fontWeight="normal" param="zhaodu" rotation="0" fontSize="12" x="561" y="32"/>
    <LABEL fontFamily="digifaw" widthInChars="5" text="22.5℃" deviceID="21909" color="65280" scale="1" textAlign="right" fontWeight="normal" param="zhaodu" rotation="0" fontSize="12" x="561" y="11"/>
    <TEXT fontFamily="黑体" widthInChars="5" text="B2-Z-6-N8" deviceID="" color="16777215" scale="1" textAlign="right" fontWeight="bold" param="" rotation="0" fontSize="14" x="572" y="55"/>
    <WETCQ rotation="0" deviceID="" scale="1" isPop="true" popType="line" x="720" y="33"/>
    <TEMPCQ rotation="0" deviceID="" scale="1" isPop="true" popType="line" x="721" y="1"/>
    <LABEL fontFamily="digifaw" widthInChars="5" text="22.5%" deviceID="21909" color="65280" scale="1" textAlign="right" fontWeight="normal" param="zhaodu" rotation="0" fontSize="12" x="650" y="32"/>
    <LABEL fontFamily="digifaw" widthInChars="5" text="22.5℃" deviceID="21909" color="65280" scale="1" textAlign="right" fontWeight="normal" param="zhaodu" rotation="0" fontSize="12" x="651" y="11"/>
    <LABEL fontFamily="digifaw" widthInChars="5" text="22.5%" deviceID="21909" color="65280" scale="1" textAlign="right" fontWeight="normal" param="zhaodu" rotation="0" fontSize="12" x="711" y="98"/>
    <LABEL fontFamily="digifaw" widthInChars="5" text="22.5℃" deviceID="21909" color="65280" scale="1" textAlign="right" fontWeight="normal" param="zhaodu" rotation="0" fontSize="12" x="711" y="75"/>
    <WETCQ rotation="0" deviceID="" scale="1" isPop="true" popType="line" x="784" y="103"/>
    <TEMPCQ rotation="0" deviceID="" scale="1" isPop="true" popType="line" x="784" y="70"/>
    <TEXT fontFamily="黑体" widthInChars="5" text="B2-Z-6-N6" deviceID="" color="16777215" scale="1" textAlign="right" fontWeight="bold" param="" rotation="0" fontSize="14" x="668" y="55"/>
    <TEXT fontFamily="黑体" widthInChars="5" text="B2-Z-6-N5" deviceID="" color="16777215" scale="1" textAlign="right" fontWeight="bold" param="" rotation="0" fontSize="14" x="727" y="127"/>
    <TEMPCQ rotation="0" deviceID="" scale="1" isPop="true" popType="line" x="307" y="4"/>
    <WETCQ rotation="0" deviceID="" scale="1" isPop="true" popType="line" x="305" y="36"/>
    <TEMPCQ rotation="0" deviceID="" scale="1" isPop="true" popType="line" x="322" y="3"/>
    <WETCQ rotation="0" deviceID="" scale="1" isPop="true" popType="line" x="322" y="37"/>
    <LABEL fontFamily="digifaw" widthInChars="5" text="22.5℃" deviceID="21909" color="65280" scale="1" textAlign="right" fontWeight="normal" param="zhaodu" rotation="0" fontSize="12" x="233" y="11"/>
    <LABEL fontFamily="digifaw" widthInChars="5" text="22.5%" deviceID="21909" color="65280" scale="1" textAlign="right" fontWeight="normal" param="zhaodu" rotation="0" fontSize="12" x="232" y="33"/>
    <LABEL fontFamily="digifaw" widthInChars="5" text="22.5%" deviceID="21909" color="65280" scale="1" textAlign="right" fontWeight="normal" param="zhaodu" rotation="0" fontSize="12" x="341" y="33"/>
    <LABEL fontFamily="digifaw" widthInChars="5" text="22.5℃" deviceID="21909" color="65280" scale="1" textAlign="right" fontWeight="normal" param="zhaodu" rotation="0" fontSize="12" x="341" y="12"/>
    <TEMPCQ rotation="0" deviceID="" scale="1" isPop="true" popType="line" x="293" y="77"/>
    <WETCQ rotation="0" deviceID="" scale="1" isPop="true" popType="line" x="293" y="109"/>
    <LABEL fontFamily="digifaw" widthInChars="5" text="22.5℃" deviceID="21909" color="65280" scale="1" textAlign="right" fontWeight="normal" param="zhaodu" rotation="0" fontSize="12" x="222" y="83"/>
    <LABEL fontFamily="digifaw" widthInChars="5" text="22.5%" deviceID="21909" color="65280" scale="1" textAlign="right" fontWeight="normal" param="zhaodu" rotation="0" fontSize="12" x="222" y="106"/>
    <TEXT fontFamily="黑体" widthInChars="5" text="B2-Z-6-N7" deviceID="" color="16777215" scale="1" textAlign="right" fontWeight="bold" param="" rotation="0" fontSize="14" x="338" y="58"/>
    <TEXT fontFamily="黑体" widthInChars="5" text="B2-Z-6-N6" deviceID="" color="16777215" scale="1" textAlign="right" fontWeight="bold" param="" rotation="0" fontSize="14" x="227" y="57"/>
    <TEXT fontFamily="黑体" widthInChars="5" text="B2-Z-6-N5" deviceID="" color="16777215" scale="1" textAlign="right" fontWeight="bold" param="" rotation="0" fontSize="14" x="232" y="131"/>
  </Components>
</Configration>