<?xml version="1.0" encoding="utf-8"?><Configration Width="1058" Height="506">
  <LIST>
    <Component>
      <ALARM/>
      <TEMPCQ/>
      <WETCQ/>
      <CO2CQ/>
      <LUXCQ/>
    </Component>
    <Image>
      <F2NODE source="assets/comp/F2Node.png"/>
    </Image>
  </LIST>
  <Components>
    <F2NODE rotation="0" scale="0.45" x="45" y="10"/>
    <ALARM rotation="0" scale="0" deviceID="21189" x="544" y="82"/>
    <TEXT fontFamily="黑体" widthInChars="9" text="室内步行街二层A处" deviceID="" color="16777215" scale="1" textAlign="right" fontWeight="normal" param="" rotation="0" fontSize="14" x="82" y="157"/>
    <LABEL fontFamily="digifaw" widthInChars="5" text="22.5℃" deviceID="21898" color="65280" scale="1" textAlign="right" fontWeight="normal" param="sTemp" rotation="0" fontSize="12" x="126" y="182"/>
    <TEMPCQ rotation="0" deviceID="21898" scale="0.7" isPop="true" popType="line" x="111" y="184"/>
    <WETCQ rotation="0" deviceID="21899" scale="1" isPop="true" popType="line" x="106" y="207"/>
    <LABEL fontFamily="digifaw" widthInChars="5" text="22%RH" deviceID="21899" color="65280" scale="1" textAlign="right" fontWeight="normal" param="eAirWet" rotation="0" fontSize="12" x="126" y="203"/>
    <TEXT fontFamily="黑体" widthInChars="9" text="室内步行街二层B处" deviceID="" color="16777215" scale="1" textAlign="right" fontWeight="normal" param="" rotation="0" fontSize="14" x="775" y="162"/>
    <LABEL fontFamily="digifaw" widthInChars="5" text="22.5℃" deviceID="21900" color="65280" scale="1" textAlign="right" fontWeight="normal" param="sTemp" rotation="0" fontSize="12" x="823" y="185"/>
    <LABEL fontFamily="digifaw" widthInChars="5" text="22%RH" deviceID="21901" color="65280" scale="1" textAlign="right" fontWeight="normal" param="eAirWet" rotation="0" fontSize="12" x="824" y="206"/>
    <TEMPCQ rotation="0" deviceID="21900" scale="0.7" isPop="true" popType="line" x="807" y="186"/>
    <WETCQ rotation="0" deviceID="21901" scale="1" isPop="true" popType="line" x="804" y="210"/>
    <LABEL fontFamily="digifaw" widthInChars="5" text="22.5lux" deviceID="21912" color="65280" scale="1" textAlign="right" fontWeight="normal" param="zhaodu" rotation="0" fontSize="12" x="126" y="224"/>
    <LABEL fontFamily="digifaw" widthInChars="5" text="22.5lux" deviceID="21913" color="65280" scale="1" textAlign="right" fontWeight="normal" param="zhaodu" rotation="0" fontSize="12" x="824" y="227"/>
    <CO2CQ rotation="0" deviceID="21918" scale="1" isPop="true" popType="line" x="26" y="423"/>
    <TEMPCQ rotation="0" deviceID="21890" scale="0.7" isPop="true" popType="line" x="34" y="442"/>
    <WETCQ rotation="0" deviceID="21891" scale="1" isPop="true" popType="line" x="32" y="464"/>
    <TEXT fontFamily="黑体" widthInChars="6" text="二氧化碳浓度" deviceID="" color="16777215" scale="1" textAlign="right" fontWeight="normal" param="" rotation="0" fontSize="14" x="54" y="421"/>
    <TEXT fontFamily="黑体" widthInChars="4" text="温    度" deviceID="" color="16777215" scale="1" textAlign="right" fontWeight="normal" param="" rotation="0" fontSize="14" x="64" y="443"/>
    <TEXT fontFamily="黑体" widthInChars="4" text="湿    度" deviceID="" color="16777215" scale="1" textAlign="right" fontWeight="normal" param="" rotation="0" fontSize="14" x="64" y="463"/>
    <TEXT fontFamily="黑体" widthInChars="4" text="照    度" deviceID="" color="16777215" scale="1" textAlign="right" fontWeight="normal" param="" rotation="0" fontSize="14" x="64" y="484"/>
    <LUXCQ rotation="0" deviceID="" scale="1" isPop="true" popType="line" x="33" y="488"/>
    <LUXCQ rotation="0" deviceID="21912" scale="1" isPop="true" popType="line" x="107" y="230"/>
    <LUXCQ rotation="0" deviceID="21913" scale="1" isPop="true" popType="line" x="803" y="232"/>
    <CO2CQ rotation="0" deviceID="21918" scale="1" isPop="true" popType="line" x="185" y="385"/>
    <LABEL fontFamily="digifaw" widthInChars="6" text="222.0ppm" deviceID="21912" color="65280" scale="1" textAlign="right" fontWeight="normal" param="zhaodu" rotation="0" fontSize="12" x="215" y="382"/>
    <TEXT fontFamily="黑体" widthInChars="4" text="2-Z-1-N" deviceID="" color="16777215" scale="1" textAlign="right" fontWeight="normal" param="" rotation="0" fontSize="14" x="220" y="409"/>
    <CO2CQ rotation="0" deviceID="21918" scale="1" isPop="true" popType="line" x="499" y="376"/>
    <CO2CQ rotation="0" deviceID="21918" scale="1" isPop="true" popType="line" x="803" y="371"/>
    <LABEL fontFamily="digifaw" widthInChars="6" text="222.0ppm" deviceID="21912" color="65280" scale="1" textAlign="right" fontWeight="normal" param="zhaodu" rotation="0" fontSize="12" x="528" y="370"/>
    <LABEL fontFamily="digifaw" widthInChars="6" text="222.0ppm" deviceID="21912" color="65280" scale="1" textAlign="right" fontWeight="normal" param="zhaodu" rotation="0" fontSize="12" x="834" y="366"/>
    <TEXT fontFamily="黑体" widthInChars="3" text="2-Z-N" deviceID="" color="16777215" scale="1" textAlign="right" fontWeight="normal" param="" rotation="0" fontSize="14" x="542" y="395"/>
    <TEXT fontFamily="黑体" widthInChars="4" text="2-Z-2-N" deviceID="" color="16777215" scale="1" textAlign="right" fontWeight="normal" param="" rotation="0" fontSize="14" x="841" y="392"/>
    <CO2CQ rotation="0" deviceID="21918" scale="1" isPop="true" popType="line" x="175" y="121"/>
    <LABEL fontFamily="digifaw" widthInChars="6" text="222.0ppm" deviceID="21912" color="65280" scale="1" textAlign="right" fontWeight="normal" param="zhaodu" rotation="0" fontSize="12" x="208" y="120"/>
    <TEXT fontFamily="黑体" widthInChars="4" text="2-Z-1-N" deviceID="" color="16777215" scale="1" textAlign="right" fontWeight="normal" param="" rotation="0" fontSize="14" x="205" y="94"/>
    <CO2CQ rotation="0" deviceID="21918" scale="1" isPop="true" popType="line" x="611" y="170"/>
    <LABEL fontFamily="digifaw" widthInChars="6" text="222.0ppm" deviceID="21912" color="65280" scale="1" textAlign="right" fontWeight="normal" param="zhaodu" rotation="0" fontSize="12" x="643" y="165"/>
    <TEXT fontFamily="黑体" widthInChars="4" text="2-Z-4-N" deviceID="" color="16777215" scale="1" textAlign="right" fontWeight="normal" param="" rotation="0" fontSize="14" x="620" y="143"/>
    <CO2CQ rotation="0" deviceID="21918" scale="1" isPop="true" popType="line" x="846" y="129"/>
    <LABEL fontFamily="digifaw" widthInChars="6" text="222.0ppm" deviceID="21912" color="65280" scale="1" textAlign="right" fontWeight="normal" param="zhaodu" rotation="0" fontSize="12" x="877" y="122"/>
    <TEXT fontFamily="黑体" widthInChars="4" text="2-Z-3-N" deviceID="" color="16777215" scale="1" textAlign="right" fontWeight="normal" param="" rotation="0" fontSize="14" x="849" y="100"/>
  </Components>
</Configration>