<?xml version="1.0" encoding="utf-8"?>
<Configration Width="1434" Height="714">
  <LIST>
    <Component>
      <KTSPFJ/>
    </Component>
    <Image>
      <B1NODE source="mapAssets/mapImages/B1Node.png" group="map"/>
      <LCB1 source="assets/comp/LCB1.png"/>
      <TULI source="assets/comp/TULI/TULI.png"/>
      <KTSPFJN source="assets/comp/TULI/KTSPFJN.png"/>
      <KTSPFJR source="assets/comp/TULI/KTSPFJR.png"/>
      <KTSPFJA source="assets/comp/TULI/KTSPFJA.png"/>
    </Image>
  </LIST>
  <Components>
    <B1NODE height="714" y="0" width="1434" group="map" source="mapAssets/mapImages/B1Node.png" x="0"/>
    <LCB1 height="92" y="10" width="110" group="bg" source="assets/comp/LCB1.png" x="10"/>
    <KTSPFJ scaleY="0.5" deviceID="1080023" mark="SAF" group="deviceComp" width="80" x="793" height="80" y="272" source="assets/comp/KTSPFJ/bg.png" deviceName="BF-G4-1" scaleX="0.5"/>
    <TEXT x="781" param="" deviceID="" text="BF-G4-1" sizeAuto="true" borderColor="0xffffff" group="commonComp" source="assets/comp/TEXTINPUT/label.png" textAlign="center" height="17" y="256" widthInChars="10" width="46" color="255" fontWeight="normal" contentBackgroundAlpha="0" fontSize="12" fontFamily="微软雅黑" borderVisible="false"/>
    <TULI scaleY="1" group="tuli" width="225" x="1189" height="124" y="577" source="assets/comp/TULI/TULI.png" scaleX="1"/>
    <KTSPFJN scaleY="0.6" group="tuli" width="80" x="1204.95" height="80" y="638" source="assets/comp/TULI/KTSPFJN.png" scaleX="0.6"/>
    <KTSPFJR scaleY="0.6" group="tuli" width="80" x="1275.9" height="80" y="638" source="assets/comp/TULI/KTSPFJR.png" scaleX="0.6"/>
    <KTSPFJA scaleY="0.6" group="tuli" width="80" x="1350.25" height="80" y="638" source="assets/comp/TULI/KTSPFJA.png" scaleX="0.6"/>
    <TEXT x="1213" param="" deviceID="" text="停止" sizeAuto="true" borderColor="0xffffff" group="commonComp" source="assets/comp/TEXTINPUT/label.png" textAlign="center" height="17" y="603" widthInChars="4" width="28" color="0x444444" fontWeight="normal" contentBackgroundAlpha="0" fontSize="12" fontFamily="微软雅黑" borderVisible="false"/>
    <TEXT x="1287" param="" deviceID="" text="正常" sizeAuto="true" borderColor="0xffffff" group="commonComp" source="assets/comp/TEXTINPUT/label.png" textAlign="center" height="17" y="603" widthInChars="4" width="28" color="0x444444" fontWeight="normal" contentBackgroundAlpha="0" fontSize="12" fontFamily="微软雅黑" borderVisible="false"/>
    <TEXT x="1358" param="" deviceID="" text="报警" sizeAuto="true" borderColor="0xffffff" group="commonComp" source="assets/comp/TEXTINPUT/label.png" textAlign="center" height="17" y="603" widthInChars="4" width="28" color="0x444444" fontWeight="normal" contentBackgroundAlpha="0" fontSize="12" fontFamily="微软雅黑" borderVisible="false"/>
  </Components>
</Configration>