<?xml version="1.0" encoding="utf-8"?><Configration Width="1067.6912751677853" Height="513">
  <LIST>
    <Component>
      <ALARM/>
      <HANDAUTO/>
      <SAF1/>
      <EAF2/>
    </Component>
    <Image>
      <RGSHUFG source="assets/comp/rgshufg.png"/>
      <CO2 source="assets/comp/co2.png"/>
      <TEMP source="assets/comp/temp.png"/>
      <WET source="assets/comp/wet.png"/>
      <LRPG source="assets/comp/lrpg.png"/>
      <GLW source="assets/comp/glw.png"/>
      <FFL source="assets/comp/ff_l.png"/>
      <DDFFG source="assets/comp/ddf_fg.png"/>
      <JT source="assets/comp/jt.png"/>
      <HFFH source="assets/comp/hff_h.png"/>
    </Image>
  </LIST>
  <Components>
    <RGSHUFG scale="0.6" rotation="0" x="52" y="156"/>
    <CO2 scale="0.7" rotation="0" x="380" y="147"/>
    <TEMP scale="0.5" rotation="0" x="537" y="146"/>
    <WET scale="0.5" rotation="0" x="629" y="147"/>
    <LRPG scale="0.6" rotation="0" x="385" y="280"/>
    <GLW scale="0.6" rotation="0" x="344" y="281"/>
    <FFL scale="0.6" rotation="0" x="130" y="282"/>
    <DDFFG scale="0.6" rotation="180" x="399" y="389"/>
    <TEXT widthInChars="4" deviceID="" textAlign="right" fontWeight="normal" fontSize="14" rotation="0" fontFamily="黑体" scale="1" text="CO2浓度" param="" color="16777215" x="212" y="135"/>
    <LABEL widthInChars="7" deviceID="76" textAlign="right" fontWeight="normal" fontSize="12" rotation="0" fontFamily="digifaw" scale="1" text="900.00ppm" param="inCO21" color="65280" x="279" y="135"/>
    <TEXT widthInChars="4" deviceID="" textAlign="right" fontWeight="normal" fontSize="14" rotation="0" fontFamily="黑体" scale="1" text="回风湿度" param="" color="16777215" x="544" y="122"/>
    <TEXT widthInChars="4" deviceID="" textAlign="right" fontWeight="normal" fontSize="14" rotation="0" fontFamily="黑体" scale="1" text="回风温度" param="" color="16777215" x="400" y="120"/>
    <LABEL widthInChars="7" deviceID="492" textAlign="right" fontWeight="normal" fontSize="12" rotation="0" fontFamily="digifaw" scale="1" text="30.00%" param="eAirWet" color="65280" x="608" y="122"/>
    <TEXT widthInChars="4" deviceID="" textAlign="right" fontWeight="normal" fontSize="14" rotation="0" fontFamily="黑体" scale="1" text="送风温度" param="" color="16777215" x="624" y="287"/>
    <TEMP scale="0.5" rotation="0" x="694" y="252"/>
    <LABEL widthInChars="6" deviceID="76" textAlign="right" fontWeight="normal" fontSize="12" rotation="0" fontFamily="digifaw" scale="1" text="20.00℃" param="sAirTemp" color="65280" x="618" y="309"/>
    <TEXT widthInChars="4" deviceID="" textAlign="right" fontWeight="normal" fontSize="14" rotation="0" fontFamily="黑体" scale="1" text="防冻报警" param="" color="16777215" x="430" y="249"/>
    <ALARM alarm="ALARM" deviceID="76" scale="1" rotation="0" param="freeAlarm" x="370" y="251"/>
    <TEXT widthInChars="4" deviceID="" textAlign="right" fontWeight="normal" fontSize="14" rotation="0" fontFamily="黑体" scale="1" text="盘管风温" param="" color="16777215" x="424" y="281"/>
    <LABEL widthInChars="6" deviceID="76" textAlign="right" fontWeight="normal" fontSize="12" rotation="0" fontFamily="digifaw" scale="1" text="20.00℃" param="coilTemp" color="65280" x="420" y="302"/>
    <TEXT widthInChars="4" deviceID="" textAlign="right" fontWeight="normal" fontSize="14" rotation="0" fontFamily="黑体" scale="1" text="回水温度" param="" color="16777215" x="424" y="388"/>
    <LABEL widthInChars="6" deviceID="76" textAlign="right" fontWeight="normal" fontSize="12" rotation="0" fontFamily="digifaw" scale="1" text="17.00℃" param="eTemp" color="65280" x="414" y="364"/>
    <TEXT widthInChars="4" deviceID="" textAlign="right" fontWeight="normal" fontSize="14" rotation="0" fontFamily="黑体" scale="1" text="回水阀位" param="" color="16777215" x="231" y="365"/>
    <LABEL widthInChars="5" deviceID="76" textAlign="right" fontWeight="normal" fontSize="12" rotation="0" fontFamily="digifaw" scale="1" text="30.00%" param="wValve" color="65280" x="295" y="364"/>
    <TEXT widthInChars="4" deviceID="" textAlign="right" fontWeight="normal" fontSize="14" rotation="0" fontFamily="黑体" scale="1" text="回风阀位" param="" color="16777215" x="274" y="217"/>
    <LABEL widthInChars="5" deviceID="76" textAlign="right" fontWeight="normal" fontSize="12" rotation="0" fontFamily="digifaw" scale="1" text="30.00%" param="eValve" color="65280" x="270" y="238"/>
    <TEXT widthInChars="4" deviceID="" textAlign="right" fontWeight="normal" fontSize="14" rotation="0" fontFamily="黑体" scale="1" text="新风阀位" param="" color="16777215" x="149" y="283"/>
    <LABEL widthInChars="5" deviceID="76" textAlign="right" fontWeight="normal" fontSize="12" rotation="0" fontFamily="digifaw" scale="1" text="30.00%" param="sValve" color="65280" x="149" y="304"/>
    <HANDAUTO alarm="HANDAUTO" deviceID="76" scale="1" rotation="0" param="handAutoS" x="499" y="330"/>
    <HANDAUTO alarm="HANDAUTO" deviceID="76" scale="1" rotation="0" param="handAutoE" x="407" y="210"/>
    <JT scale="1" rotation="0" x="703" y="305"/>
    <JT scale="1" rotation="180" x="745" y="218"/>
    <JT scale="1" rotation="180" x="91" y="218"/>
    <JT scale="1" rotation="0" x="52" y="305"/>
    <TEXT widthInChars="6" deviceID="" textAlign="right" fontWeight="normal" fontSize="14" rotation="0" fontFamily="黑体" scale="1" text="送风温度设定" param="" color="16777215" x="635" y="389"/>
    <LABEL widthInChars="6" deviceID="76" textAlign="right" fontWeight="normal" fontSize="12" rotation="0" fontFamily="digifaw" scale="1" text="" param="sAirSetTemp" color="65280" x="636" y="364"/>
    <LABEL widthInChars="5" deviceID="76" textAlign="right" fontWeight="normal" fontSize="12" rotation="0" fontFamily="digifaw" scale="1" text="" param="eValveSet" color="65280" x="270" y="270"/>
    <TEXT widthInChars="4" deviceID="" textAlign="right" fontWeight="normal" fontSize="14" rotation="0" fontFamily="黑体" scale="1" text="阀位设定" param="" color="16777215" x="272" y="290"/>
    <TEXT widthInChars="4" deviceID="" textAlign="right" fontWeight="normal" fontSize="14" rotation="0" fontFamily="黑体" scale="1" text="阀位设定" param="" color="16777215" x="63" y="360"/>
    <LABEL widthInChars="5" deviceID="76" textAlign="right" fontWeight="normal" fontSize="12" rotation="0" fontFamily="digifaw" scale="1" text="" param="sValveSet" color="65280" x="126" y="359"/>
    <LABEL widthInChars="6" deviceID="492" textAlign="right" fontWeight="normal" fontSize="12" rotation="0" fontFamily="digifaw" scale="1" text="" param="eAirTemp" color="65280" x="461" y="120"/>
    <TEXT widthInChars="4" deviceID="" textAlign="right" fontWeight="normal" fontSize="14" rotation="0" fontFamily="黑体" scale="1" text="CO2设定" param="" color="16777215" x="212" y="116"/>
    <LABEL widthInChars="7" deviceID="76" textAlign="right" fontWeight="normal" fontSize="12" rotation="0" fontFamily="digifaw" scale="1" text="" param="setCO2" color="65280" x="279" y="113"/>
    <TEXT widthInChars="4" deviceID="" textAlign="right" fontWeight="normal" fontSize="14" rotation="0" fontFamily="黑体" scale="1" text="阀位设定" param="" color="16777215" x="232" y="387"/>
    <LABEL widthInChars="5" deviceID="76" textAlign="right" fontWeight="normal" fontSize="12" rotation="0" fontFamily="digifaw" scale="1" text="" param="eValveSet" color="65280" x="295" y="386"/>
    <TEXT widthInChars="4" deviceID="" textAlign="right" fontWeight="normal" fontSize="14" rotation="0" fontFamily="黑体" scale="1" text="运行时间" param="" color="16777215" x="553" y="181"/>
    <LABEL widthInChars="9" deviceID="76" textAlign="right" fontWeight="normal" fontSize="12" rotation="0" fontFamily="digifaw" scale="1" text="" param="runTime" color="65280" x="533" y="204"/>
    <HFFH scale="0.6" rotation="0" x="265" y="259"/>
    <TEXT widthInChars="16" deviceID="76" textAlign="right" fontWeight="normal" fontSize="16" rotation="0" fontFamily="Arial" scale="1" text="12" param="deviceName" color="65280" x="66" y="28"/>
    <TEXT widthInChars="4" deviceID="" textAlign="right" fontWeight="normal" fontSize="14" rotation="0" fontFamily="黑体" scale="1" text="运行时间" param="" color="16777215" x="541" y="389"/>
    <LABEL widthInChars="9" deviceID="76" textAlign="right" fontWeight="normal" fontSize="12" rotation="0" fontFamily="digifaw" scale="1" text="" param="runTime2" color="65280" x="507" y="364"/>
    <SAF1 popType="list" deviceID="76" scale="0.6" rotation="0" isPop="true" x="468" y="170"/>
    <EAF2 popType="list" deviceID="76" scale="0.6" rotation="0" isPop="true" x="555" y="280"/>
  </Components>
</Configration>