<?xml version="1.0" encoding="utf-8"?><Configration Width="1057.6510067114093" Height="538">
  <LIST>
    <Component>
      <HANDAUTO/>
      <DRFM/>
    </Component>
    <Image/>
  </LIST>
  <Components>
    <HANDAUTO param="handAuto" deviceID="570" scale="1" rotation="0" alarm="HANDAUTO" x="361" y="214"/>
    <DRFM popType="list" deviceID="76" isPop="true" scale="1" rotation="0" x="159" y="182"/>
    <TEXT textAlign="right" deviceID="76" widthInChars="10" fontWeight="normal" fontSize="16" rotation="0" fontFamily="Arial" scale="1" text="12" param="deviceName" color="65280" x="66" y="28"/>
    <LABEL textAlign="right" deviceID="76" widthInChars="9" fontWeight="normal" fontSize="12" rotation="0" fontFamily="digifaw" scale="1" text="" param="runTime" color="65280" x="230" y="165"/>
    <TEXT textAlign="right" deviceID="" widthInChars="4" fontWeight="normal" fontSize="12" rotation="0" fontFamily="Arial" scale="1" text="运行时间" param="" color="16777215" x="171" y="167"/>
  </Components>
</Configration>