<?xml version="1.0" encoding="utf-8"?><Configration Width="994.6711409395973" Height="513">
  <LIST>
    <Component>
      <EAF/>
      <ALARM/>
      <HANDAUTO/>
    </Component>
    <Image>
      <KTMD source="assets/comp/ktmd.png"/>
      <LRPG source="assets/comp/lrpg.png"/>
      <GLW source="assets/comp/glw.png"/>
      <DDFFG source="assets/comp/ddf_fg.png"/>
      <TEMP source="assets/comp/temp.png"/>
      <FFL source="assets/comp/ff_l.png"/>
      <JT source="assets/comp/jt.png"/>
    </Image>
  </LIST>
  <Components>
    <KTMD scale="0.6" rotation="0" x="51" y="202"/>
    <LRPG scale="0.6" rotation="0" x="355" y="220"/>
    <GLW scale="0.6" rotation="0" x="270" y="219"/>
    <DDFFG scale="0.6" rotation="180" x="369" y="328"/>
    <EAF deviceID="21921" popType="list" scale="0.6" rotation="0" isPop="false" x="529" y="217"/>
    <TEXT textAlign="right" deviceID="" text="送风温度" fontWeight="normal" fontSize="14" fontFamily="黑体" param="" scale="1" rotation="0" color="16777215" widthInChars="4" x="619" y="154"/>
    <TEMP scale="0.5" rotation="0" x="649" y="196"/>
    <LABEL textAlign="right" deviceID="21921" text="30.00℃" fontWeight="normal" fontSize="12" fontFamily="digifaw" param="sAirTemp" scale="1" rotation="0" color="65280" widthInChars="5" x="682" y="153"/>
    <TEXT textAlign="right" deviceID="" text="回水阀位" fontWeight="normal" fontSize="12" fontFamily="黑体" param="" scale="1" rotation="0" color="16777215" widthInChars="4" x="209" y="304"/>
    <LABEL textAlign="right" deviceID="21921" text="30.00%" fontWeight="normal" fontSize="12" fontFamily="digifaw" param="wValve" scale="1" rotation="0" color="65280" widthInChars="5" x="265" y="303"/>
    <TEXT textAlign="right" deviceID="" text="回水温度" fontWeight="normal" fontSize="12" fontFamily="黑体" param="" scale="1" rotation="0" color="16777215" widthInChars="4" x="235" y="335"/>
    <LABEL textAlign="right" deviceID="21921" text="30.00℃" fontWeight="normal" fontSize="12" fontFamily="digifaw" param="eAirWet" scale="1" rotation="0" color="65280" widthInChars="5" x="287" y="335"/>
    <TEXT textAlign="right" deviceID="" text="滤网压差" fontWeight="normal" fontSize="14" fontFamily="黑体" param="" scale="1" rotation="0" color="16777215" widthInChars="4" x="204" y="184"/>
    <ALARM deviceID="21921" scale="1" rotation="0" x="265" y="183"/>
    <FFL scale="0.6" rotation="0" x="142" y="219"/>
    <TEXT textAlign="right" deviceID="" text="频率反馈" fontWeight="normal" fontSize="12" fontFamily="黑体" param="" scale="1" rotation="0" color="16777215" widthInChars="4" x="500" y="295"/>
    <LABEL textAlign="right" deviceID="21921" text="40.00hz" fontWeight="normal" fontSize="12" fontFamily="digifaw" param="rate" scale="1" rotation="0" color="65280" widthInChars="5" x="558" y="295"/>
    <HANDAUTO deviceID="21921" scale="1" rotation="0" x="588" y="260"/>
    <TEXT textAlign="right" deviceID="" text="新风阀反馈" fontWeight="normal" fontSize="14" fontFamily="黑体" param="" scale="1" rotation="0" color="16777215" widthInChars="5" x="44" y="185"/>
    <TEXT textAlign="right" deviceID="" text="温度设定" fontWeight="normal" fontSize="14" fontFamily="黑体" param="" scale="1" rotation="0" color="16777215" widthInChars="4" x="619" y="175"/>
    <LABEL textAlign="right" deviceID="21921" text="" fontWeight="normal" fontSize="12" fontFamily="digifaw" param="sAirSetTemp" scale="1" rotation="0" color="65280" widthInChars="5" x="682" y="176"/>
    <JT scale="1" rotation="0" x="57" y="241"/>
    <JT scale="1" rotation="0" x="694" y="241"/>
    <TEXT textAlign="right" deviceID="" text="频率设定" fontWeight="normal" fontSize="12" fontFamily="黑体" param="" scale="1" rotation="0" color="16777215" widthInChars="4" x="500" y="315"/>
    <LABEL textAlign="right" deviceID="21921" text="" fontWeight="normal" fontSize="12" fontFamily="digifaw" param="pltjsr" scale="1" rotation="0" color="65280" widthInChars="5" x="558" y="317"/>
    <LABEL textAlign="right" deviceID="21921" text="30.00%" fontWeight="normal" fontSize="12" fontFamily="digifaw" param="sValve" scale="1" rotation="0" color="65280" widthInChars="5" x="118" y="185"/>
    <TEXT textAlign="right" deviceID="" text="风机压差" fontWeight="normal" fontSize="14" fontFamily="黑体" param="" scale="1" rotation="0" color="16777215" widthInChars="4" x="475" y="184"/>
    <ALARM deviceID="21921" scale="1" rotation="0" x="536" y="184"/>
  </Components>
</Configration>