<?xml version="1.0" encoding="utf-8"?>
<Configration Width="1435" Height="715">
  <LIST>
    <Component>
      <SAF/>
    </Component>
    <Image>
      <F5NODE source="mapAssets/mapImages/F5Node.png" group="map"/>
    </Image>
  </LIST>
  <Components>
    <F5NODE group="map" x="0" height="714" y="0" source="mapAssets/mapImages/F5Node.png" width="1434"/>
    <TEXT color="255" x="1" textAlign="center" fontFamily="微软雅黑" fontWeight="normal" text="WD层1_1新风热交换空调" source="assets/comp/TEXTINPUT/label.png" width="144" contentBackgroundAlpha="0" param="" group="commonComp" fontSize="12" height="17" widthInChars="4" sizeAuto="true" y="64" borderVisible="false" deviceID="" borderColor="0xffffff"/>
    <SAF x="55" y="2" source="assets/comp/SAF/alarm/0/1.png" deviceID="1080001" width="101" group="deviceComp" height="129" scaleX="0.4" mark="SAF" scaleY="0.4" deviceName="WD层1_1新风热交换空调"/>
    <SAF x="200" y="1" source="assets/comp/SAF/alarm/0/1.png" deviceID="1080002" width="101" group="deviceComp" height="129" scaleX="0.4" mark="SAF" scaleY="0.4" deviceName="WD层2_1新风热交换空调"/>
    <TEXT color="255" x="140" textAlign="center" fontFamily="微软雅黑" fontWeight="normal" text="WD层2_1新风热交换空调" source="assets/comp/TEXTINPUT/label.png" width="144" contentBackgroundAlpha="0" param="" group="commonComp" fontSize="12" height="17" widthInChars="4" sizeAuto="true" y="65" borderVisible="false" deviceID="" borderColor="0xffffff"/>
    <SAF x="345" y="1" source="assets/comp/SAF/alarm/0/1.png" deviceID="1080003" width="101" group="deviceComp" height="129" scaleX="0.4" mark="SAF" scaleY="0.4" deviceName="WD层3_1新风热交换空调"/>
    <SAF x="487" y="2" source="assets/comp/SAF/alarm/0/1.png" deviceID="1080004" width="101" group="deviceComp" height="129" scaleX="0.4" mark="SAF" scaleY="0.4" deviceName="WD层3_2新风热交换空调"/>
    <SAF x="626" y="3" source="assets/comp/SAF/alarm/0/1.png" deviceID="1080005" width="101" group="deviceComp" height="129" scaleX="0.4" mark="SAF" scaleY="0.4" deviceName="WD层3_3新风热交换空调"/>
    <SAF x="767" y="1" source="assets/comp/SAF/alarm/0/1.png" deviceID="1080006" width="101" group="deviceComp" height="129" scaleX="0.4" mark="SAF" scaleY="0.4" deviceName="WD层4_1新风热交换空调"/>
    <SAF x="927" y="1" source="assets/comp/SAF/alarm/0/1.png" deviceID="1080007" width="101" group="deviceComp" height="129" scaleX="0.4" mark="SAF" scaleY="0.4" deviceName="WD层5_1新风热交换空调"/>
    <TEXT color="255" x="288" textAlign="center" fontFamily="微软雅黑" fontWeight="normal" text="WD层3_1新风热交换空调" source="assets/comp/TEXTINPUT/label.png" width="144" contentBackgroundAlpha="0" param="" group="commonComp" fontSize="12" height="17" widthInChars="4" sizeAuto="true" y="65" borderVisible="false" deviceID="" borderColor="0xffffff"/>
    <TEXT color="255" x="433" textAlign="center" fontFamily="微软雅黑" fontWeight="normal" text="WD层3_2新风热交换空调" source="assets/comp/TEXTINPUT/label.png" width="144" contentBackgroundAlpha="0" param="" group="commonComp" fontSize="12" height="17" widthInChars="4" sizeAuto="true" y="65" borderVisible="false" deviceID="" borderColor="0xffffff"/>
    <TEXT color="255" x="580" textAlign="center" fontFamily="微软雅黑" fontWeight="normal" text="WD层3_3新风热交换空调" source="assets/comp/TEXTINPUT/label.png" width="144" contentBackgroundAlpha="0" param="" group="commonComp" fontSize="12" height="17" widthInChars="4" sizeAuto="true" y="65" borderVisible="false" deviceID="" borderColor="0xffffff"/>
    <TEXT color="255" x="727" textAlign="center" fontFamily="微软雅黑" fontWeight="normal" text="WD层4_1新风热交换空调" source="assets/comp/TEXTINPUT/label.png" width="144" contentBackgroundAlpha="0" param="" group="commonComp" fontSize="12" height="17" widthInChars="4" sizeAuto="true" y="66" borderVisible="false" deviceID="" borderColor="0xffffff"/>
    <TEXT color="255" x="871" textAlign="center" fontFamily="微软雅黑" fontWeight="normal" text="WD层5_1新风热交换空调" source="assets/comp/TEXTINPUT/label.png" width="144" contentBackgroundAlpha="0" param="" group="commonComp" fontSize="12" height="17" widthInChars="4" sizeAuto="true" y="67" borderVisible="false" deviceID="" borderColor="0xffffff"/>
    <SAF x="57" y="100" source="assets/comp/SAF/alarm/0/1.png" deviceID="1080008" width="101" group="deviceComp" height="129" scaleX="0.4" mark="SAF" scaleY="0.4" deviceName="WD层6_1新风热交换空调"/>
    <SAF x="200" y="92" source="assets/comp/SAF/alarm/0/1.png" deviceID="1080009" width="101" group="deviceComp" height="129" scaleX="0.4" mark="SAF" scaleY="0.4" deviceName="WD层7_1新风热交换空调"/>
    <SAF x="343" y="87" source="assets/comp/SAF/alarm/0/1.png" deviceID="1080010" width="101" group="deviceComp" height="129" scaleX="0.4" mark="SAF" scaleY="0.4" deviceName="WD层8_1新风热交换空调"/>
    <SAF x="489" y="86" source="assets/comp/SAF/alarm/0/1.png" deviceID="1080011" width="101" group="deviceComp" height="129" scaleX="0.4" mark="SAF" scaleY="0.4" deviceName="WD层9_1新风热交换空调"/>
    <SAF x="629" y="85" source="assets/comp/SAF/alarm/0/1.png" deviceID="1080012" width="101" group="deviceComp" height="129" scaleX="0.4" mark="SAF" scaleY="0.4" deviceName="WD层9_2新风热交换空调"/>
    <TEXT color="255" x="2" textAlign="center" fontFamily="微软雅黑" fontWeight="normal" text="WD层6_1新风热交换空调" source="assets/comp/TEXTINPUT/label.png" width="144" contentBackgroundAlpha="0" param="" group="commonComp" fontSize="12" height="17" widthInChars="4" sizeAuto="true" y="163" borderVisible="false" deviceID="" borderColor="0xffffff"/>
    <TEXT color="255" x="151" textAlign="center" fontFamily="微软雅黑" fontWeight="normal" text="WD层7_1新风热交换空调" source="assets/comp/TEXTINPUT/label.png" width="144" contentBackgroundAlpha="0" param="" group="commonComp" fontSize="12" height="17" widthInChars="4" sizeAuto="true" y="161" borderVisible="false" deviceID="" borderColor="0xffffff"/>
    <TEXT color="255" x="296" textAlign="center" fontFamily="微软雅黑" fontWeight="normal" text="WD层8_1新风热交换空调" source="assets/comp/TEXTINPUT/label.png" width="144" contentBackgroundAlpha="0" param="" group="commonComp" fontSize="12" height="17" widthInChars="4" sizeAuto="true" y="162" borderVisible="false" deviceID="" borderColor="0xffffff"/>
    <TEXT color="255" x="439" textAlign="center" fontFamily="微软雅黑" fontWeight="normal" text="WD层9_1新风热交换空调" source="assets/comp/TEXTINPUT/label.png" width="144" contentBackgroundAlpha="0" param="" group="commonComp" fontSize="12" height="17" widthInChars="4" sizeAuto="true" y="162" borderVisible="false" deviceID="" borderColor="0xffffff"/>
    <TEXT color="255" x="585" textAlign="center" fontFamily="微软雅黑" fontWeight="normal" text="WD层9_2新风热交换空调" source="assets/comp/TEXTINPUT/label.png" width="144" contentBackgroundAlpha="0" param="" group="commonComp" fontSize="12" height="17" widthInChars="4" sizeAuto="true" y="163" borderVisible="false" deviceID="" borderColor="0xffffff"/>
  </Components>
</Configration>