<?xml version="1.0" encoding="utf-8"?>
<Configration Width="1100" Height="512">
  <LIST>
    <Component>
      <HANDTZ/>
      <ALARM/>
      <OPENCLOSE/>
    </Component>
    <Image>
      <JXK2 source="assets/comp/jxk2.png"/>
    </Image>
  </LIST>
  <Components>
    <JXK2 width="295" height="220" scaleX="0.6" scaleY="1" x="8" y="9"/>
    <JXK2 width="295" height="220" scaleX="0.6" x="190" y="9"/>
    <JXK2 width="295" height="220" scaleX="0.6" x="373" y="9"/>
    <JXK2 width="295" height="220" scaleX="0.6" x="557" y="9"/>
    <JXK2 width="295" height="220" scaleX="0.6" x="740" y="9"/>
    <JXK2 width="295" height="220" scaleX="0.6" x="923" y="9"/>
    <LABEL mark="DB" fontFamily="digifaw" paramID="270" sizeAuto="false" contentBackgroundColor="000000" color="3407616" deviceID="500001" deviceName="1#大商业1#变" text="56.8" rotation="0" contentBackgroundAlpha="0" fontSize="12" textAlign="right" x="105" borderColor="999999" param="ATemp" y="122" widthInChars="4" fontWeight="normal" borderVisible="true"/>
    <HANDTZ x="104" width="58" alarm="HANDTZ" height="25" paramID="95" mark="WKY" y="88" param="state" deviceID="12030" deviceName="1#物业配1#变压器温控仪"/>
    <ALARM x="104" width="58" alarm="ALARM" height="25" paramID="2" mark="WKY" y="55" param="alarm" deviceID="12030" deviceName="1#物业配1#变压器温控仪"/>
    <OPENCLOSE x="105" width="58" alarm="OPENCLOSE" height="25" paramID="1" mark="WKY" y="21" param="runing" deviceID="12030" deviceName="1#物业配1#变压器温控仪"/>
    <TEXT width="54" widthInChars="4" height="17" borderVisible="false" paramID="1" sizeAuto="true" color="16777215" deviceID="" text="风机状态" contentBackgroundAlpha="0" param="runing" textAlign="center" x="21" borderColor="0xffffff" fontSize="12" y="23" fontWeight="normal" fontFamily="微软雅黑"/>
    <TEXT width="54" widthInChars="4" height="17" borderVisible="false" paramID="1" sizeAuto="true" color="16777215" deviceID="" text="故障状态" contentBackgroundAlpha="0" param="runing" textAlign="center" x="22" borderColor="0xffffff" fontSize="12" y="56" fontWeight="normal" fontFamily="微软雅黑"/>
    <TEXT width="90" widthInChars="4" height="19" borderVisible="false" paramID="1" sizeAuto="true" color="0" deviceID="" text="1#大商业1#变" contentBackgroundAlpha="0" param="runing" textAlign="center" x="29" borderColor="0xffffff" fontSize="14" y="252" fontWeight="normal" fontFamily="微软雅黑"/>
    <TEXT width="54" widthInChars="4" height="17" borderVisible="false" paramID="1" sizeAuto="true" color="16777215" deviceID="" text="跳闸状态" contentBackgroundAlpha="0" param="runing" textAlign="center" x="22" borderColor="0xffffff" fontSize="12" y="92" fontWeight="normal" fontFamily="微软雅黑"/>
    <TEXT width="49" widthInChars="4" height="17" borderVisible="false" paramID="1" sizeAuto="true" color="16777215" deviceID="" text="A相温度" contentBackgroundAlpha="0" param="runing" textAlign="center" x="22" borderColor="0xffffff" fontSize="12" y="125" fontWeight="normal" fontFamily="微软雅黑"/>
    <LABEL mark="DB" fontFamily="digifaw" paramID="271" sizeAuto="false" contentBackgroundColor="000000" color="3407616" deviceID="500001" deviceName="1#大商业1#变" text="60.7" rotation="0" contentBackgroundAlpha="0" fontSize="12" textAlign="right" x="106" borderColor="999999" param="BTemp" y="158" widthInChars="4" fontWeight="normal" borderVisible="true"/>
    <LABEL mark="DB" fontFamily="digifaw" paramID="272" sizeAuto="false" contentBackgroundColor="000000" color="3407616" deviceID="500001" deviceName="1#大商业1#变" text="54.3" rotation="0" contentBackgroundAlpha="0" fontSize="12" textAlign="right" x="106" borderColor="999999" param="CTemp" y="194" widthInChars="4" fontWeight="normal" borderVisible="true"/>
    <TEXT width="49" widthInChars="4" height="17" borderVisible="false" paramID="1" sizeAuto="true" color="16777215" deviceID="" text="B相温度" contentBackgroundAlpha="0" param="runing" textAlign="center" x="23" borderColor="0xffffff" fontSize="12" y="160" fontWeight="normal" fontFamily="微软雅黑"/>
    <TEXT width="50" widthInChars="4" height="17" borderVisible="false" paramID="1" sizeAuto="true" color="16777215" deviceID="" text="C相温度" contentBackgroundAlpha="0" param="runing" textAlign="center" x="24" borderColor="0xffffff" fontSize="12" y="195" fontWeight="normal" fontFamily="微软雅黑"/>
    <TEXT width="54" widthInChars="4" height="17" borderVisible="false" paramID="1" sizeAuto="true" color="16777215" deviceID="" text="风机状态" contentBackgroundAlpha="0" param="runing" textAlign="center" x="199" borderColor="0xffffff" fontSize="12" y="23" fontWeight="normal" fontFamily="微软雅黑"/>
    <TEXT width="54" widthInChars="4" height="17" borderVisible="false" paramID="1" sizeAuto="true" color="16777215" deviceID="" text="故障状态" contentBackgroundAlpha="0" param="runing" textAlign="center" x="199" borderColor="0xffffff" fontSize="12" y="56" fontWeight="normal" fontFamily="微软雅黑"/>
    <TEXT width="54" widthInChars="4" height="17" borderVisible="false" paramID="1" sizeAuto="true" color="16777215" deviceID="" text="跳闸状态" contentBackgroundAlpha="0" param="runing" textAlign="center" x="198" borderColor="0xffffff" fontSize="12" y="92" fontWeight="normal" fontFamily="微软雅黑"/>
    <TEXT width="49" widthInChars="4" height="17" borderVisible="false" paramID="1" sizeAuto="true" color="16777215" deviceID="" text="A相温度" contentBackgroundAlpha="0" param="runing" textAlign="center" x="200" borderColor="0xffffff" fontSize="12" y="125" fontWeight="normal" fontFamily="微软雅黑"/>
    <TEXT width="49" widthInChars="4" height="17" borderVisible="false" paramID="1" sizeAuto="true" color="16777215" deviceID="" text="B相温度" contentBackgroundAlpha="0" param="runing" textAlign="center" x="201" borderColor="0xffffff" fontSize="12" y="160" fontWeight="normal" fontFamily="微软雅黑"/>
    <TEXT width="50" widthInChars="4" height="17" borderVisible="false" paramID="1" sizeAuto="true" color="16777215" deviceID="" text="C相温度" contentBackgroundAlpha="0" param="runing" textAlign="center" x="202" borderColor="0xffffff" fontSize="12" y="194" fontWeight="normal" fontFamily="微软雅黑"/>
    <OPENCLOSE x="281" width="58" alarm="OPENCLOSE" height="25" paramID="1" mark="WKY" y="21" param="runing" deviceID="12031" deviceName="1#物业配2#变压器温控仪"/>
    <ALARM x="280" width="58" alarm="ALARM" height="25" paramID="2" mark="WKY" y="56" param="alarm" deviceID="12031" deviceName="1#物业配2#变压器温控仪"/>
    <HANDTZ x="280" width="58" alarm="HANDTZ" height="25" paramID="95" mark="WKY" y="88" param="state" deviceID="12031" deviceName="1#物业配2#变压器温控仪"/>
    <LABEL mark="DB" fontFamily="digifaw" paramID="270" sizeAuto="false" contentBackgroundColor="000000" color="3407616" deviceID="500002" deviceName="1#大商业2#变" text="50.3" rotation="0" contentBackgroundAlpha="0" fontSize="12" textAlign="right" x="280" borderColor="999999" param="ATemp" y="122" widthInChars="4" fontWeight="normal" borderVisible="true"/>
    <LABEL mark="DB" fontFamily="digifaw" paramID="271" sizeAuto="false" contentBackgroundColor="000000" color="3407616" deviceID="500002" deviceName="1#大商业2#变" text="40.3" rotation="0" contentBackgroundAlpha="0" fontSize="12" textAlign="right" x="280" borderColor="999999" param="BTemp" y="158" widthInChars="4" fontWeight="normal" borderVisible="true"/>
    <LABEL mark="DB" fontFamily="digifaw" paramID="272" sizeAuto="false" contentBackgroundColor="000000" color="3407616" deviceID="500004" deviceName="2#大商业2#变" text="48.6" rotation="0" contentBackgroundAlpha="0" fontSize="12" textAlign="right" x="279" borderColor="999999" param="CTemp" y="192" widthInChars="4" fontWeight="normal" borderVisible="true"/>
    <TEXT width="54" widthInChars="4" height="17" borderVisible="false" paramID="1" sizeAuto="true" color="16777215" deviceID="" text="风机状态" contentBackgroundAlpha="0" param="runing" textAlign="center" x="384" borderColor="0xffffff" fontSize="12" y="23" fontWeight="normal" fontFamily="微软雅黑"/>
    <TEXT width="54" widthInChars="4" height="17" borderVisible="false" paramID="1" sizeAuto="true" color="16777215" deviceID="" text="故障状态" contentBackgroundAlpha="0" param="runing" textAlign="center" x="383" borderColor="0xffffff" fontSize="12" y="56" fontWeight="normal" fontFamily="微软雅黑"/>
    <TEXT width="54" widthInChars="4" height="17" borderVisible="false" paramID="1" sizeAuto="true" color="16777215" deviceID="" text="跳闸状态" contentBackgroundAlpha="0" param="runing" textAlign="center" x="384" borderColor="0xffffff" fontSize="12" y="92" fontWeight="normal" fontFamily="微软雅黑"/>
    <TEXT width="49" widthInChars="4" height="17" borderVisible="false" paramID="1" sizeAuto="true" color="16777215" deviceID="" text="A相温度" contentBackgroundAlpha="0" param="runing" textAlign="center" x="384" borderColor="0xffffff" fontSize="12" y="126" fontWeight="normal" fontFamily="微软雅黑"/>
    <TEXT width="49" widthInChars="4" height="17" borderVisible="false" paramID="1" sizeAuto="true" color="16777215" deviceID="" text="B相温度" contentBackgroundAlpha="0" param="runing" textAlign="center" x="384" borderColor="0xffffff" fontSize="12" y="161" fontWeight="normal" fontFamily="微软雅黑"/>
    <TEXT width="50" widthInChars="4" height="17" borderVisible="false" paramID="1" sizeAuto="true" color="16777215" deviceID="" text="C相温度" contentBackgroundAlpha="0" param="runing" textAlign="center" x="384" borderColor="0xffffff" fontSize="12" y="195" fontWeight="normal" fontFamily="微软雅黑"/>
    <OPENCLOSE x="463" width="58" alarm="OPENCLOSE" height="25" paramID="1" mark="WKY" y="23" param="runing" deviceID="12032" deviceName="2#物业配1#变压器温控仪"/>
    <ALARM x="463" width="58" alarm="ALARM" height="25" paramID="2" mark="WKY" y="56" param="alarm" deviceID="12032" deviceName="2#物业配1#变压器温控仪"/>
    <HANDTZ x="463" width="58" alarm="HANDTZ" height="25" paramID="95" mark="WKY" y="91" param="state" deviceID="12032" deviceName="2#物业配1#变压器温控仪"/>
    <LABEL mark="DB" fontFamily="digifaw" paramID="270" sizeAuto="false" contentBackgroundColor="000000" color="3407616" deviceID="500003" deviceName="2#大商业1#变" text="50.2" rotation="0" contentBackgroundAlpha="0" fontSize="12" textAlign="right" x="463" borderColor="999999" param="ATemp" y="126" widthInChars="4" fontWeight="normal" borderVisible="true"/>
    <LABEL mark="DB" fontFamily="digifaw" paramID="271" sizeAuto="false" contentBackgroundColor="000000" color="3407616" deviceID="500003" deviceName="2#大商业1#变" text="50.1" rotation="0" contentBackgroundAlpha="0" fontSize="12" textAlign="right" x="462" borderColor="999999" param="BTemp" y="160" widthInChars="4" fontWeight="normal" borderVisible="true"/>
    <LABEL mark="DB" fontFamily="digifaw" paramID="272" sizeAuto="false" contentBackgroundColor="000000" color="3407616" deviceID="500003" deviceName="2#大商业1#变" text="58.6" rotation="0" contentBackgroundAlpha="0" fontSize="12" textAlign="right" x="460" borderColor="999999" param="CTemp" y="192" widthInChars="4" fontWeight="normal" borderVisible="true"/>
    <TEXT width="54" widthInChars="4" height="17" borderVisible="false" paramID="1" sizeAuto="true" color="16777215" deviceID="" text="风机状态" contentBackgroundAlpha="0" param="runing" textAlign="center" x="570" borderColor="0xffffff" fontSize="12" y="23" fontWeight="normal" fontFamily="微软雅黑"/>
    <TEXT width="54" widthInChars="4" height="17" borderVisible="false" paramID="1" sizeAuto="true" color="16777215" deviceID="" text="故障状态" contentBackgroundAlpha="0" param="runing" textAlign="center" x="570" borderColor="0xffffff" fontSize="12" y="56" fontWeight="normal" fontFamily="微软雅黑"/>
    <TEXT width="54" widthInChars="4" height="17" borderVisible="false" paramID="1" sizeAuto="true" color="16777215" deviceID="" text="跳闸状态" contentBackgroundAlpha="0" param="runing" textAlign="center" x="573" borderColor="0xffffff" fontSize="12" y="92" fontWeight="normal" fontFamily="微软雅黑"/>
    <TEXT width="49" widthInChars="4" height="17" borderVisible="false" paramID="1" sizeAuto="true" color="16777215" deviceID="" text="A相温度" contentBackgroundAlpha="0" param="runing" textAlign="center" x="573" borderColor="0xffffff" fontSize="12" y="127" fontWeight="normal" fontFamily="微软雅黑"/>
    <TEXT width="49" widthInChars="4" height="17" borderVisible="false" paramID="1" sizeAuto="true" color="16777215" deviceID="" text="B相温度" contentBackgroundAlpha="0" param="runing" textAlign="center" x="573" borderColor="0xffffff" fontSize="12" y="162" fontWeight="normal" fontFamily="微软雅黑"/>
    <TEXT width="50" widthInChars="4" height="17" borderVisible="false" paramID="1" sizeAuto="true" color="16777215" deviceID="" text="C相温度" contentBackgroundAlpha="0" param="runing" textAlign="center" x="574" borderColor="0xffffff" fontSize="12" y="196" fontWeight="normal" fontFamily="微软雅黑"/>
    <OPENCLOSE x="646" width="58" alarm="OPENCLOSE" height="25" paramID="1" mark="WKY" y="23" param="runing" deviceID="12033" deviceName="2#物业配2#变压器温控仪"/>
    <ALARM x="646" width="58" alarm="ALARM" height="25" paramID="2" mark="WKY" y="57" param="alarm" deviceID="12033" deviceName="2#物业配2#变压器温控仪"/>
    <HANDTZ x="647" width="58" alarm="HANDTZ" height="25" paramID="95" mark="WKY" y="94" param="state" deviceID="12033" deviceName="2#物业配2#变压器温控仪"/>
    <LABEL mark="DB" fontFamily="digifaw" paramID="270" sizeAuto="false" contentBackgroundColor="000000" color="3407616" deviceID="500004" deviceName="2#大商业2#变" text="49.8" rotation="0" contentBackgroundAlpha="0" fontSize="12" textAlign="right" x="648" borderColor="999999" param="ATemp" y="128" widthInChars="4" fontWeight="normal" borderVisible="true"/>
    <LABEL mark="DB" fontFamily="digifaw" paramID="271" sizeAuto="false" contentBackgroundColor="000000" color="3407616" deviceID="500004" deviceName="2#大商业2#变" text="50.4" rotation="0" contentBackgroundAlpha="0" fontSize="12" textAlign="right" x="647" borderColor="999999" param="BTemp" y="161" widthInChars="4" fontWeight="normal" borderVisible="true"/>
    <LABEL mark="DB" fontFamily="digifaw" paramID="272" sizeAuto="false" contentBackgroundColor="000000" color="3407616" deviceID="500004" deviceName="2#大商业2#变" text="50" rotation="0" contentBackgroundAlpha="0" fontSize="12" textAlign="right" x="647" borderColor="999999" param="CTemp" y="195" widthInChars="4" fontWeight="normal" borderVisible="true"/>
    <TEXT width="54" widthInChars="4" height="17" borderVisible="false" paramID="1" sizeAuto="true" color="16777215" deviceID="" text="风机状态" contentBackgroundAlpha="0" param="runing" textAlign="center" x="756" borderColor="0xffffff" fontSize="12" y="23" fontWeight="normal" fontFamily="微软雅黑"/>
    <TEXT width="54" widthInChars="4" height="17" borderVisible="false" paramID="1" sizeAuto="true" color="16777215" deviceID="" text="故障状态" contentBackgroundAlpha="0" param="runing" textAlign="center" x="756" borderColor="0xffffff" fontSize="12" y="56" fontWeight="normal" fontFamily="微软雅黑"/>
    <TEXT width="54" widthInChars="4" height="17" borderVisible="false" paramID="1" sizeAuto="true" color="16777215" deviceID="" text="跳闸状态" contentBackgroundAlpha="0" param="runing" textAlign="center" x="757" borderColor="0xffffff" fontSize="12" y="92" fontWeight="normal" fontFamily="微软雅黑"/>
    <TEXT width="49" widthInChars="4" height="17" borderVisible="false" paramID="1" sizeAuto="true" color="16777215" deviceID="" text="A相温度" contentBackgroundAlpha="0" param="runing" textAlign="center" x="757" borderColor="0xffffff" fontSize="12" y="127" fontWeight="normal" fontFamily="微软雅黑"/>
    <TEXT width="49" widthInChars="4" height="17" borderVisible="false" paramID="1" sizeAuto="true" color="16777215" deviceID="" text="B相温度" contentBackgroundAlpha="0" param="runing" textAlign="center" x="757" borderColor="0xffffff" fontSize="12" y="162" fontWeight="normal" fontFamily="微软雅黑"/>
    <TEXT width="50" widthInChars="4" height="17" borderVisible="false" paramID="1" sizeAuto="true" color="16777215" deviceID="" text="C相温度" contentBackgroundAlpha="0" param="runing" textAlign="center" x="758" borderColor="0xffffff" fontSize="12" y="196" fontWeight="normal" fontFamily="微软雅黑"/>
    <OPENCLOSE x="836" width="58" alarm="OPENCLOSE" height="25" paramID="1" mark="WKY" y="21" param="runing" deviceID="12034" deviceName="超市配1#变压器温控仪"/>
    <ALARM x="836" width="58" alarm="ALARM" height="25" paramID="2" mark="WKY" y="57" param="alarm" deviceID="12034" deviceName="超市配1#变压器温控仪"/>
    <HANDTZ x="836" width="58" alarm="HANDTZ" height="25" paramID="95" mark="WKY" y="91" param="state" deviceID="12034" deviceName="超市配1#变压器温控仪"/>
    <LABEL mark="DB" fontFamily="digifaw" paramID="270" sizeAuto="false" contentBackgroundColor="000000" color="3407616" deviceID="500005" deviceName="3#大商业1#变" text="49.8" rotation="0" contentBackgroundAlpha="0" fontSize="12" textAlign="right" x="837" borderColor="999999" param="ATemp" y="127" widthInChars="4" fontWeight="normal" borderVisible="true"/>
    <LABEL mark="DB" fontFamily="digifaw" paramID="271" sizeAuto="false" contentBackgroundColor="000000" color="3407616" deviceID="500005" deviceName="3#大商业1#变" text="54.4" rotation="0" contentBackgroundAlpha="0" fontSize="12" textAlign="right" x="836" borderColor="999999" param="BTemp" y="162" widthInChars="4" fontWeight="normal" borderVisible="true"/>
    <LABEL mark="DB" fontFamily="digifaw" paramID="272" sizeAuto="false" contentBackgroundColor="000000" color="3407616" deviceID="500005" deviceName="3#大商业1#变" text="50" rotation="0" contentBackgroundAlpha="0" fontSize="12" textAlign="right" x="837" borderColor="999999" param="CTemp" y="195" widthInChars="4" fontWeight="normal" borderVisible="true"/>
    <TEXT width="54" widthInChars="4" height="17" borderVisible="false" paramID="1" sizeAuto="true" color="16777215" deviceID="" text="风机状态" contentBackgroundAlpha="0" param="runing" textAlign="center" x="936" borderColor="0xffffff" fontSize="12" y="24" fontWeight="normal" fontFamily="微软雅黑"/>
    <TEXT width="54" widthInChars="4" height="17" borderVisible="false" paramID="1" sizeAuto="true" color="16777215" deviceID="" text="故障状态" contentBackgroundAlpha="0" param="runing" textAlign="center" x="936" borderColor="0xffffff" fontSize="12" y="55" fontWeight="normal" fontFamily="微软雅黑"/>
    <TEXT width="54" widthInChars="4" height="17" borderVisible="false" paramID="1" sizeAuto="true" color="16777215" deviceID="" text="跳闸状态" contentBackgroundAlpha="0" param="runing" textAlign="center" x="938" borderColor="0xffffff" fontSize="12" y="90" fontWeight="normal" fontFamily="微软雅黑"/>
    <TEXT width="49" widthInChars="4" height="17" borderVisible="false" paramID="1" sizeAuto="true" color="16777215" deviceID="" text="A相温度" contentBackgroundAlpha="0" param="runing" textAlign="center" x="939" borderColor="0xffffff" fontSize="12" y="127" fontWeight="normal" fontFamily="微软雅黑"/>
    <TEXT width="49" widthInChars="4" height="17" borderVisible="false" paramID="1" sizeAuto="true" color="16777215" deviceID="" text="B相温度" contentBackgroundAlpha="0" param="runing" textAlign="center" x="939" borderColor="0xffffff" fontSize="12" y="162" fontWeight="normal" fontFamily="微软雅黑"/>
    <TEXT width="50" widthInChars="4" height="17" borderVisible="false" paramID="1" sizeAuto="true" color="16777215" deviceID="" text="C相温度" contentBackgroundAlpha="0" param="runing" textAlign="center" x="940" borderColor="0xffffff" fontSize="12" y="193" fontWeight="normal" fontFamily="微软雅黑"/>
    <OPENCLOSE x="1020" width="58" alarm="OPENCLOSE" height="25" paramID="1" mark="WKY" y="23" param="runing" deviceID="12035" deviceName="超市配2#变压器温控仪"/>
    <ALARM x="1021" width="58" alarm="ALARM" height="25" paramID="2" mark="WKY" y="55" param="alarm" deviceID="12035" deviceName="超市配2#变压器温控仪"/>
    <HANDTZ x="1021" width="58" alarm="HANDTZ" height="25" paramID="95" mark="WKY" y="89" param="state" deviceID="12035" deviceName="超市配2#变压器温控仪"/>
    <LABEL mark="DB" fontFamily="digifaw" paramID="270" sizeAuto="false" contentBackgroundColor="000000" color="3407616" deviceID="500006" deviceName="3#大商业2#变" text="51.1" rotation="0" contentBackgroundAlpha="0" fontSize="12" textAlign="right" x="1021" borderColor="999999" param="ATemp" y="123" widthInChars="4" fontWeight="normal" borderVisible="true"/>
    <LABEL mark="DB" fontFamily="digifaw" paramID="271" sizeAuto="false" contentBackgroundColor="000000" color="3407616" deviceID="500006" deviceName="3#大商业2#变" text="57.4" rotation="0" contentBackgroundAlpha="0" fontSize="12" textAlign="right" x="1021" borderColor="999999" param="BTemp" y="156" widthInChars="4" fontWeight="normal" borderVisible="true"/>
    <LABEL mark="DB" fontFamily="digifaw" paramID="272" sizeAuto="false" contentBackgroundColor="000000" color="3407616" deviceID="500006" deviceName="3#大商业2#变" text="51.8" rotation="0" contentBackgroundAlpha="0" fontSize="12" textAlign="right" x="1022" borderColor="999999" param="CTemp" y="190" widthInChars="4" fontWeight="normal" borderVisible="true"/>
    <TEXT width="90" widthInChars="4" height="19" borderVisible="false" paramID="1" sizeAuto="true" color="0" deviceID="" text="1#大商业2#变" contentBackgroundAlpha="0" param="runing" textAlign="center" x="226" borderColor="0xffffff" fontSize="14" y="253" fontWeight="normal" fontFamily="微软雅黑"/>
    <TEXT width="90" widthInChars="4" height="19" borderVisible="false" paramID="1" sizeAuto="true" color="0" deviceID="" text="2#大商业1#变" contentBackgroundAlpha="0" param="runing" textAlign="center" x="414" borderColor="0xffffff" fontSize="14" y="255" fontWeight="normal" fontFamily="微软雅黑"/>
    <TEXT width="90" widthInChars="4" height="19" borderVisible="false" paramID="1" sizeAuto="true" color="0" deviceID="" text="2#大商业2#变" contentBackgroundAlpha="0" param="runing" textAlign="center" x="587" borderColor="0xffffff" fontSize="14" y="256" fontWeight="normal" fontFamily="微软雅黑"/>
    <TEXT width="90" widthInChars="4" height="19" borderVisible="false" paramID="1" sizeAuto="true" color="0" deviceID="" text="3#大商业1#变" contentBackgroundAlpha="0" param="runing" textAlign="center" x="778" borderColor="0xffffff" fontSize="14" y="255" fontWeight="normal" fontFamily="微软雅黑"/>
    <TEXT width="90" widthInChars="4" height="19" borderVisible="false" paramID="1" sizeAuto="true" color="0" deviceID="" text="3#大商业2#变" contentBackgroundAlpha="0" param="runing" textAlign="center" x="979" borderColor="0xffffff" fontSize="14" y="258" fontWeight="normal" fontFamily="微软雅黑"/>
  </Components>
</Configration>