<?xml version="1.0" encoding="utf-8"?>
<Configration Width="1434" Height="714">
  <LIST>
    <Component>
      <XFSP/>
      <RQBJ/>
    </Component>
    <Image>
      <F2NODE source="mapAssets/mapImages/F2Node.png" group="map"/>
      <TULI source="assets/comp/TULI/TULI.png"/>
      <XFSPZCTULI source="assets/comp/TULI/XFSPZC.png"/>
      <XFSPBJTULI source="assets/comp/TULI/XFSPBJ.png"/>
    </Image>
  </LIST>
  <Components>
    <F2NODE x="0" source="mapAssets/mapImages/F2Node.png" y="0" rotation="0" scaleX="1" scaleY="1"/>
    <TULI x="1207" source="assets/comp/TULI/TULI.png" y="587" rotation="0" scaleX="1" scaleY="1"/>
    <XFSPZCTULI x="1260" source="assets/comp/TULI/XFSPZC.png" y="645" rotation="0" scaleX="0.5" scaleY="0.5"/>
    <XFSPBJTULI x="1355" source="assets/comp/TULI/XFSPBJ.png" y="645" rotation="0" scaleX="0.5" scaleY="0.5"/>
    <TEXT x="1260" source="assets/comp/TEXTINPUT/label.png" y="620" widthInChars="4" textAlign="center" fontWeight="normal" borderColor="0xffffff" fontFamily="微软雅黑" width="34" color="0" height="24" sizeAuto="true" text="正常" deviceID="" param="" contentBackgroundAlpha="0" rotation="0" borderVisible="false" scaleX="1" scaleY="1" fontSize="16"/>
    <TEXT x="1355" source="assets/comp/TEXTINPUT/label.png" y="619" widthInChars="4" textAlign="center" fontWeight="normal" borderColor="0xffffff" fontFamily="微软雅黑" width="34" color="0" height="24" sizeAuto="true" text="报警" deviceID="" param="" contentBackgroundAlpha="0" rotation="0" borderVisible="false" scaleX="1" scaleY="1" fontSize="16"/>
    <XFSP scaleX="0.3" x="1072" source="assets/comp/XFSP/state/0/1.png" scaleY="0.3" y="482" deviceID="22801" rotation="0" width="80" height="80"/>
    <TEXT x="1013" source="assets/comp/TEXTINPUT/label.png" y="503" widthInChars="4" textAlign="center" fontWeight="normal" borderColor="0xffffff" fontFamily="微软雅黑" width="134" color="255" height="24" sizeAuto="true" text="万达旅行社水炮76" deviceID="" contentBackgroundColor="16777215" param="" contentBackgroundAlpha="0" rotation="0" borderVisible="false" scaleX="1" scaleY="1" fontSize="16"/>
    <XFSP scaleX="0.3" x="1058" source="assets/comp/XFSP/state/0/1.png" scaleY="0.3" y="390" deviceID="22802" rotation="0" width="80" height="80"/>
    <TEXT x="1001" source="assets/comp/TEXTINPUT/label.png" y="415" widthInChars="4" textAlign="center" fontWeight="normal" borderColor="0xffffff" fontFamily="微软雅黑" width="102" color="255" height="24" sizeAuto="true" text="稻草人水炮75" deviceID="" contentBackgroundColor="16777215" param="" contentBackgroundAlpha="0" rotation="0" borderVisible="false" scaleX="1" scaleY="1" fontSize="16"/>
    <XFSP scaleX="0.3" x="1061" source="assets/comp/XFSP/state/0/1.png" scaleY="0.3" y="267" deviceID="22804" rotation="0" width="80" height="80"/>
    <TEXT x="948" source="assets/comp/TEXTINPUT/label.png" y="367" widthInChars="4" textAlign="center" fontWeight="normal" borderColor="0xffffff" fontFamily="微软雅黑" width="128" color="255" height="24" sizeAuto="true" text="百货入口水炮132" deviceID="" contentBackgroundColor="16777215" param="" contentBackgroundAlpha="0" rotation="0" borderVisible="false" scaleX="1" scaleY="1" fontSize="16"/>
    <XFSP scaleX="0.3" x="1007" source="assets/comp/XFSP/state/0/1.png" scaleY="0.3" y="344" deviceID="22803" rotation="0" width="80" height="80"/>
    <TEXT x="1032" source="assets/comp/TEXTINPUT/label.png" y="292" widthInChars="4" textAlign="center" fontWeight="normal" borderColor="0xffffff" fontFamily="微软雅黑" width="118" color="255" height="24" sizeAuto="true" text="大明眼睛水炮72" deviceID="" contentBackgroundColor="16777215" param="" contentBackgroundAlpha="0" rotation="0" borderVisible="false" scaleX="1" scaleY="1" fontSize="16"/>
    <XFSP scaleX="0.3" x="905" source="assets/comp/XFSP/state/0/1.png" scaleY="0.3" y="220" deviceID="22806" rotation="0" width="80" height="80"/>
    <TEXT x="490" source="assets/comp/TEXTINPUT/label.png" y="276" widthInChars="4" textAlign="center" fontWeight="normal" borderColor="0xffffff" fontFamily="微软雅黑" width="121" color="255" height="24" sizeAuto="true" text="PUCCA水炮135" deviceID="" contentBackgroundColor="16777215" param="" contentBackgroundAlpha="0" rotation="0" borderVisible="false" scaleX="1" scaleY="1" fontSize="16"/>
    <XFSP scaleX="0.3" x="1006" source="assets/comp/XFSP/state/0/1.png" scaleY="0.3" y="223" deviceID="22805" rotation="0" width="80" height="80"/>
    <TEXT x="775" source="assets/comp/TEXTINPUT/label.png" y="232" widthInChars="4" textAlign="center" fontWeight="normal" borderColor="0xffffff" fontFamily="微软雅黑" width="102" color="255" height="24" sizeAuto="true" text="mn.bf水炮99" deviceID="" contentBackgroundColor="16777215" param="" contentBackgroundAlpha="0" rotation="0" borderVisible="false" scaleX="1" scaleY="1" fontSize="16"/>
    <XFSP scaleX="0.3" x="598" source="assets/comp/XFSP/state/0/1.png" scaleY="0.3" y="229" deviceID="22810" rotation="0" width="80" height="80"/>
    <TEXT x="877" source="assets/comp/TEXTINPUT/label.png" y="242" widthInChars="4" textAlign="center" fontWeight="normal" borderColor="0xffffff" fontFamily="微软雅黑" width="96" color="255" height="24" sizeAuto="true" text="柒牌水炮100" deviceID="" contentBackgroundColor="16777215" param="" contentBackgroundAlpha="0" rotation="0" borderVisible="false" scaleX="1" scaleY="1" fontSize="16"/>
    <XFSP scaleX="0.3" x="813" source="assets/comp/XFSP/state/0/1.png" scaleY="0.3" y="258" deviceID="22807" rotation="0" width="80" height="80"/>
    <TEXT x="737" source="assets/comp/TEXTINPUT/label.png" y="286" widthInChars="4" textAlign="center" fontWeight="normal" borderColor="0xffffff" fontFamily="微软雅黑" width="102" color="255" height="24" sizeAuto="true" text="佐丹奴水炮98" deviceID="" contentBackgroundColor="16777215" param="" contentBackgroundAlpha="0" rotation="0" borderVisible="false" scaleX="1" scaleY="1" fontSize="16"/>
    <XFSP scaleX="0.3" x="762" source="assets/comp/XFSP/state/0/1.png" scaleY="0.3" y="262" deviceID="22808" rotation="0" width="80" height="80"/>
    <TEXT x="435" source="assets/comp/TEXTINPUT/label.png" y="204" widthInChars="4" textAlign="center" fontWeight="normal" borderColor="0xffffff" fontFamily="微软雅黑" width="128" color="255" height="24" sizeAuto="true" text="槑玩槑了水炮134" deviceID="" contentBackgroundColor="16777215" param="" contentBackgroundAlpha="0" rotation="0" borderVisible="false" scaleX="1" scaleY="1" fontSize="16"/>
    <XFSP scaleX="0.3" x="677" source="assets/comp/XFSP/state/0/1.png" scaleY="0.3" y="261" deviceID="22809" rotation="0" width="80" height="80"/>
    <TEXT x="980" source="assets/comp/TEXTINPUT/label.png" y="244" widthInChars="4" textAlign="center" fontWeight="normal" borderColor="0xffffff" fontFamily="微软雅黑" width="88" color="255" height="24" sizeAuto="true" text="OMI水炮71" deviceID="" contentBackgroundColor="16777215" param="" contentBackgroundAlpha="0" rotation="0" borderVisible="false" scaleX="1" scaleY="1" fontSize="16"/>
    <XFSP scaleX="0.3" x="413" source="assets/comp/XFSP/state/0/1.png" scaleY="0.3" y="262" deviceID="22813" rotation="0" width="80" height="80"/>
    <TEXT x="375" source="assets/comp/TEXTINPUT/label.png" y="287" widthInChars="4" textAlign="center" fontWeight="normal" borderColor="0xffffff" fontFamily="微软雅黑" width="100" color="255" height="24" sizeAuto="true" text="LNO水炮133" deviceID="" contentBackgroundColor="16777215" param="" contentBackgroundAlpha="0" rotation="0" borderVisible="false" scaleX="1" scaleY="1" fontSize="16"/>
    <XFSP scaleX="0.3" x="537" source="assets/comp/XFSP/state/0/1.png" scaleY="0.3" y="254" deviceID="22811" rotation="0" width="80" height="80"/>
    <TEXT x="612" source="assets/comp/TEXTINPUT/label.png" y="284" widthInChars="4" textAlign="center" fontWeight="normal" borderColor="0xffffff" fontFamily="微软雅黑" width="123" color="255" height="24" sizeAuto="true" text="JEEP户外水炮97" deviceID="" contentBackgroundColor="16777215" param="" contentBackgroundAlpha="0" rotation="0" borderVisible="false" scaleX="1" scaleY="1" fontSize="16"/>
    <XFSP scaleX="0.3" x="494" source="assets/comp/XFSP/state/0/1.png" scaleY="0.3" y="228" deviceID="22812" rotation="0" width="80" height="80"/>
    <TEXT x="568" source="assets/comp/TEXTINPUT/label.png" y="203" widthInChars="4" textAlign="center" fontWeight="normal" borderColor="0xffffff" fontFamily="微软雅黑" width="99" color="255" height="24" sizeAuto="true" text="CAG水炮136" deviceID="" contentBackgroundColor="16777215" param="" contentBackgroundAlpha="0" rotation="0" borderVisible="false" scaleX="1" scaleY="1" fontSize="16"/>
    <XFSP scaleX="0.3" x="368" source="assets/comp/XFSP/state/0/1.png" scaleY="0.3" y="255" deviceID="22814" rotation="0" width="80" height="80"/>
    <TEXT x="279" source="assets/comp/TEXTINPUT/label.png" y="359" widthInChars="4" textAlign="center" fontWeight="normal" borderColor="0xffffff" fontFamily="微软雅黑" width="123" color="255" height="24" sizeAuto="true" text="VAAKAV水炮68" deviceID="" contentBackgroundColor="16777215" param="" contentBackgroundAlpha="0" rotation="0" borderVisible="false" scaleX="1" scaleY="1" fontSize="16"/>
    <XFSP scaleX="0.3" x="320" source="assets/comp/XFSP/state/0/1.png" scaleY="0.3" y="381" deviceID="22816" rotation="0" width="80" height="80"/>
    <TEXT x="325" source="assets/comp/TEXTINPUT/label.png" y="232" widthInChars="12" textAlign="center" fontWeight="normal" borderColor="0xffffff" fontFamily="微软雅黑" width="130" color="255" height="24" sizeAuto="true" text="TheGreen水炮60" deviceID="" contentBackgroundColor="16777215" param="" contentBackgroundAlpha="0" rotation="0" borderVisible="false" scaleX="1" scaleY="1" fontSize="16"/>
    <XFSP scaleX="0.3" x="266" source="assets/comp/XFSP/state/0/1.png" scaleY="0.3" y="278" deviceID="22815" rotation="0" width="80" height="80"/>
    <XFSP scaleX="0.3" x="320" source="assets/comp/XFSP/state/0/1.png" scaleY="0.3" y="481" deviceID="22817" rotation="0" width="80" height="80"/>
    <TEXT x="227" source="assets/comp/TEXTINPUT/label.png" y="300" widthInChars="4" textAlign="center" fontWeight="normal" borderColor="0xffffff" fontFamily="微软雅黑" width="118" color="255" height="24" sizeAuto="true" text="中国电信水炮59" deviceID="" contentBackgroundColor="16777215" param="" contentBackgroundAlpha="0" rotation="0" borderVisible="false" scaleX="1" scaleY="1" fontSize="16"/>
    <TEXT x="290" source="assets/comp/TEXTINPUT/label.png" y="459" widthInChars="4" textAlign="center" fontWeight="normal" borderColor="0xffffff" fontFamily="微软雅黑" width="102" color="255" height="24" sizeAuto="true" text="梦多多水炮67" deviceID="" contentBackgroundColor="16777215" param="" contentBackgroundAlpha="0" rotation="0" borderVisible="false" scaleX="1" scaleY="1" fontSize="16"/>
    <RQBJ mark="XFSP" x="212" source="assets/comp/RQBJ/alarm/0/1.png" y="424" deviceID="50002" deviceName="2层P1井外走道197手报" width="80" height="80" scaleX="0.3" scaleY="0.3"/>
    <TEXT x="34" source="assets/comp/TEXTINPUT/label.png" y="423" widthInChars="4" textAlign="center" fontWeight="normal" borderColor="0xffffff" fontFamily="微软雅黑" width="175" color="255" height="24" sizeAuto="true" text="2层P1井外走道197手报" deviceID="" contentBackgroundColor="16777215" param="" contentBackgroundAlpha="0" rotation="0" borderVisible="false" scaleX="1" scaleY="1" fontSize="16"/>
    <RQBJ mark="XFSP" x="248" source="assets/comp/RQBJ/alarm/0/1.png" y="207" deviceID="50001" deviceName="2层P2井外走道194号手报" width="80" height="80" scaleX="0.3" scaleY="0.3"/>
    <TEXT x="54" source="assets/comp/TEXTINPUT/label.png" y="205" widthInChars="4" textAlign="center" fontWeight="normal" borderColor="0xffffff" fontFamily="微软雅黑" width="191" color="255" height="24" sizeAuto="true" text="2层P2井外走道194号手报" deviceID="" contentBackgroundColor="16777215" param="" contentBackgroundAlpha="0" rotation="0" borderVisible="false" scaleX="1" scaleY="1" fontSize="16"/>
    <RQBJ mark="XFSP" x="492" source="assets/comp/RQBJ/alarm/0/1.png" y="305" deviceID="50003" deviceName="2层B2井外走道196号手报" width="80" height="80" scaleX="0.3" scaleY="0.3"/>
    <TEXT x="427" source="assets/comp/TEXTINPUT/label.png" y="326" widthInChars="4" textAlign="center" fontWeight="normal" borderColor="0xffffff" fontFamily="微软雅黑" width="191" color="255" height="24" sizeAuto="true" text="2层B2井外走道196号手报&#xA;" deviceID="" contentBackgroundColor="16777215" param="" contentBackgroundAlpha="0" rotation="0" borderVisible="false" scaleX="1" scaleY="1" fontSize="16"/>
    <RQBJ mark="XFSP" x="789" source="assets/comp/RQBJ/alarm/0/1.png" y="315" deviceID="50004" deviceName="2层B4井外走道157号手报" width="80" height="80" scaleX="0.3" scaleY="0.3"/>
    <TEXT x="699" source="assets/comp/TEXTINPUT/label.png" y="339" widthInChars="4" textAlign="center" fontWeight="normal" borderColor="0xffffff" fontFamily="微软雅黑" width="191" color="255" height="24" sizeAuto="true" text="2层B4井外走道157号手报" deviceID="" contentBackgroundColor="16777215" param="" contentBackgroundAlpha="0" rotation="0" borderVisible="false" scaleX="1" scaleY="1" fontSize="16"/>
    <RQBJ mark="XFSP" x="1063" source="assets/comp/RQBJ/alarm/0/1.png" y="175" deviceID="50005" deviceName="2层P5井外走道191号手报" width="80" height="80" scaleX="0.3" scaleY="0.3"/>
    <TEXT x="983" source="assets/comp/TEXTINPUT/label.png" y="148" widthInChars="4" textAlign="center" fontWeight="normal" borderColor="0xffffff" fontFamily="微软雅黑" width="191" color="255" height="24" sizeAuto="true" text="2层P5井外走道191号手报&#xA;" deviceID="" contentBackgroundColor="16777215" param="" contentBackgroundAlpha="0" rotation="0" borderVisible="false" scaleX="1" scaleY="1" fontSize="16"/>
    <RQBJ mark="XFSP" x="1153" source="assets/comp/RQBJ/alarm/0/1.png" y="444" deviceID="50006" deviceName="2层P6井外走道158号手报" width="80" height="80" scaleX="0.3" scaleY="0.3"/>
    <TEXT x="1110" source="assets/comp/TEXTINPUT/label.png" y="418" widthInChars="4" textAlign="center" fontWeight="normal" borderColor="0xffffff" fontFamily="微软雅黑" width="191" color="255" height="24" sizeAuto="true" text="2层P6井外走道158号手报" deviceID="" contentBackgroundColor="16777215" param="" contentBackgroundAlpha="0" rotation="0" borderVisible="false" scaleX="1" scaleY="1" fontSize="16"/>
    <RQBJ mark="XFSP" x="1098" source="assets/comp/RQBJ/alarm/0/1.png" y="177" deviceID="50009" deviceName="2层步行街5号给水管井149号开阀" width="80" height="80" scaleX="0.3" scaleY="0.3"/>
    <TEXT x="1127" source="assets/comp/TEXTINPUT/label.png" y="177" widthInChars="4" textAlign="center" fontWeight="normal" borderColor="0xffffff" fontFamily="微软雅黑" width="244" color="255" height="24" sizeAuto="true" text="2层步行街5号给水管井149号开阀&#xA;" deviceID="" contentBackgroundColor="16777215" param="" contentBackgroundAlpha="0" rotation="0" borderVisible="false" scaleX="1" scaleY="1" fontSize="16"/>
    <TEXT x="1155" source="assets/comp/TEXTINPUT/label.png" y="174" widthInChars="4" textAlign="center" fontWeight="normal" borderColor="0xffffff" fontFamily="微软雅黑" width="7" color="255" height="17" sizeAuto="true" text="" deviceID="" contentBackgroundColor="16777215" param="" contentBackgroundAlpha="0" rotation="0" borderVisible="false" scaleX="1" scaleY="1" fontSize="16"/>
    <RQBJ mark="XFSP" x="212" source="assets/comp/RQBJ/alarm/0/1.png" y="455" deviceID="50010" deviceName="69号启炮" width="80" height="80" scaleX="0.3" scaleY="0.3"/>
    <RQBJ mark="XFSP" x="213" source="assets/comp/RQBJ/alarm/0/1.png" y="483" deviceID="50011" deviceName="70号启泵" width="80" height="80" scaleX="0.3" scaleY="0.3"/>
    <TEXT x="130" source="assets/comp/TEXTINPUT/label.png" y="455" widthInChars="4" textAlign="center" fontWeight="normal" borderColor="0xffffff" fontFamily="微软雅黑" width="70" color="255" height="24" sizeAuto="true" text="69号启炮" deviceID="" contentBackgroundColor="16777215" param="" contentBackgroundAlpha="0" rotation="0" borderVisible="false" scaleX="1" scaleY="1" fontSize="16"/>
    <TEXT x="128" source="assets/comp/TEXTINPUT/label.png" y="481" widthInChars="4" textAlign="center" fontWeight="normal" borderColor="0xffffff" fontFamily="微软雅黑" width="70" color="255" height="24" sizeAuto="true" text="70号启泵" deviceID="" contentBackgroundColor="16777215" param="" contentBackgroundAlpha="0" rotation="0" borderVisible="false" scaleX="1" scaleY="1" fontSize="16"/>
    <RQBJ mark="XFSP" x="249" source="assets/comp/RQBJ/alarm/0/1.png" y="148" deviceID="50012" deviceName="61号启炮" width="80" height="80" scaleX="0.3" scaleY="0.3"/>
    <RQBJ mark="XFSP" x="249" source="assets/comp/RQBJ/alarm/0/1.png" y="177" deviceID="50013" deviceName="62号启泵" width="80" height="80" scaleX="0.3" scaleY="0.3"/>
    <TEXT x="171" source="assets/comp/TEXTINPUT/label.png" y="144" widthInChars="4" textAlign="center" fontWeight="normal" borderColor="0xffffff" fontFamily="微软雅黑" width="70" color="255" height="24" sizeAuto="true" text="61号启炮" deviceID="" contentBackgroundColor="16777215" param="" contentBackgroundAlpha="0" rotation="0" borderVisible="false" scaleX="1" scaleY="1" fontSize="16"/>
    <TEXT x="170" source="assets/comp/TEXTINPUT/label.png" y="174" widthInChars="4" textAlign="center" fontWeight="normal" borderColor="0xffffff" fontFamily="微软雅黑" width="70" color="255" height="24" sizeAuto="true" text="62号启泵" deviceID="" contentBackgroundColor="16777215" param="" contentBackgroundAlpha="0" rotation="0" borderVisible="false" scaleX="1" scaleY="1" fontSize="16"/>
    <RQBJ mark="XFSP" x="491" source="assets/comp/RQBJ/alarm/0/1.png" y="355" deviceID="50014" deviceName="137号启炮" width="80" height="80" scaleX="0.3" scaleY="0.3"/>
    <RQBJ mark="XFSP" x="492" source="assets/comp/RQBJ/alarm/0/1.png" y="383" deviceID="50015" deviceName="138号启泵" width="80" height="80" scaleX="0.3" scaleY="0.3"/>
    <TEXT x="522" source="assets/comp/TEXTINPUT/label.png" y="354" widthInChars="4" textAlign="center" fontWeight="normal" borderColor="0xffffff" fontFamily="微软雅黑" width="80" color="255" height="24" sizeAuto="true" text="137号启炮" deviceID="" contentBackgroundColor="16777215" param="" contentBackgroundAlpha="0" rotation="0" borderVisible="false" scaleX="1" scaleY="1" fontSize="16"/>
    <TEXT x="522" source="assets/comp/TEXTINPUT/label.png" y="379" widthInChars="4" textAlign="center" fontWeight="normal" borderColor="0xffffff" fontFamily="微软雅黑" width="80" color="255" height="24" sizeAuto="true" text="138号启泵" deviceID="" contentBackgroundColor="16777215" param="" contentBackgroundAlpha="0" rotation="0" borderVisible="false" scaleX="1" scaleY="1" fontSize="16"/>
    <RQBJ mark="XFSP" x="791" source="assets/comp/RQBJ/alarm/0/1.png" y="363" deviceID="50016" deviceName="101号启炮" width="80" height="80" scaleX="0.3" scaleY="0.3"/>
    <RQBJ mark="XFSP" x="790" source="assets/comp/RQBJ/alarm/0/1.png" y="390" deviceID="50017" deviceName="102号启泵" width="80" height="80" scaleX="0.3" scaleY="0.3"/>
    <TEXT x="708" source="assets/comp/TEXTINPUT/label.png" y="364" widthInChars="4" textAlign="center" fontWeight="normal" borderColor="0xffffff" fontFamily="微软雅黑" width="80" color="255" height="24" sizeAuto="true" text="101号启炮" deviceID="" contentBackgroundColor="16777215" param="" contentBackgroundAlpha="0" rotation="0" borderVisible="false" scaleX="1" scaleY="1" fontSize="16"/>
    <TEXT x="707" source="assets/comp/TEXTINPUT/label.png" y="390" widthInChars="4" textAlign="center" fontWeight="normal" borderColor="0xffffff" fontFamily="微软雅黑" width="80" color="255" height="24" sizeAuto="true" text="102号启泵" deviceID="" contentBackgroundColor="16777215" param="" contentBackgroundAlpha="0" rotation="0" borderVisible="false" scaleX="1" scaleY="1" fontSize="16"/>
    <RQBJ mark="XFSP" x="1153" source="assets/comp/RQBJ/alarm/0/1.png" y="470" deviceID="50020" deviceName="77号启炮" width="80" height="80" scaleX="0.3" scaleY="0.3"/>
    <RQBJ mark="XFSP" x="1152" source="assets/comp/RQBJ/alarm/0/1.png" y="498" deviceID="50021" deviceName="78号启泵" width="80" height="80" scaleX="0.3" scaleY="0.3"/>
    <TEXT x="1181" source="assets/comp/TEXTINPUT/label.png" y="467" widthInChars="4" textAlign="center" fontWeight="normal" borderColor="0xffffff" fontFamily="微软雅黑" width="70" color="255" height="24" sizeAuto="true" text="77号启炮" deviceID="" contentBackgroundColor="16777215" param="" contentBackgroundAlpha="0" rotation="0" borderVisible="false" scaleX="1" scaleY="1" fontSize="16"/>
    <TEXT x="1181" source="assets/comp/TEXTINPUT/label.png" y="495" widthInChars="4" textAlign="center" fontWeight="normal" borderColor="0xffffff" fontFamily="微软雅黑" width="70" color="255" height="24" sizeAuto="true" text="78号启泵" deviceID="" contentBackgroundColor="16777215" param="" contentBackgroundAlpha="0" rotation="0" borderVisible="false" scaleX="1" scaleY="1" fontSize="16"/>
    <RQBJ mark="XFSP" x="1059" source="assets/comp/RQBJ/alarm/0/1.png" y="122" deviceID="50019" deviceName="74号启泵" width="80" height="80" scaleX="0.3" scaleY="0.3"/>
    <RQBJ mark="XFSP" x="1061" source="assets/comp/RQBJ/alarm/0/1.png" y="97" deviceID="50018" deviceName="73号启炮" width="80" height="80" scaleX="0.3" scaleY="0.3"/>
    <TEXT x="1086" source="assets/comp/TEXTINPUT/label.png" y="94" widthInChars="4" textAlign="center" fontWeight="normal" borderColor="0xffffff" fontFamily="微软雅黑" width="70" color="255" height="24" sizeAuto="true" text="73号启炮" deviceID="" contentBackgroundColor="16777215" param="" contentBackgroundAlpha="0" rotation="0" borderVisible="false" scaleX="1" scaleY="1" fontSize="16"/>
    <TEXT x="1087" source="assets/comp/TEXTINPUT/label.png" y="121" widthInChars="4" textAlign="center" fontWeight="normal" borderColor="0xffffff" fontFamily="微软雅黑" width="70" color="255" height="24" sizeAuto="true" text="74号启泵" deviceID="" contentBackgroundColor="16777215" param="" contentBackgroundAlpha="0" rotation="0" borderVisible="false" scaleX="1" scaleY="1" fontSize="16"/>
  </Components>
</Configration>