<?xml version="1.0" encoding="utf-8"?><Configration Width="994.6711409395973" Height="491">
  <LIST>
    <Component>
      <KEEPWATCH/>
    </Component>
    <Image>
      <F2NODE source="assets/comp/F2Node.png"/>
    </Image>
  </LIST>
  <Components>
    <F2NODE rotation="0" scale="0.45" x="30" y="0"/>
    <TEXT fontFamily="Arial" fontWeight="bold" scale="1" deviceID="" fontSize="16" color="16777215" textAlign="right" rotation="0" text="27" widthInChars="1" param="" x="85" y="106"/>
    <KEEPWATCH scale="0.25" rotation="0" deviceID="" x="109" y="108"/>
    <KEEPWATCH scale="0.25" rotation="0" deviceID="" x="225" y="140"/>
    <KEEPWATCH scale="0.25" rotation="0" deviceID="" x="106" y="232"/>
    <KEEPWATCH scale="0.25" rotation="0" deviceID="" x="100" y="291"/>
    <KEEPWATCH scale="0.25" rotation="0" deviceID="" x="116" y="348"/>
    <KEEPWATCH scale="0.25" rotation="0" deviceID="" x="269" y="367"/>
    <KEEPWATCH scale="0.25" rotation="0" deviceID="" x="309" y="364"/>
    <KEEPWATCH scale="0.25" rotation="0" deviceID="" x="445" y="368"/>
    <KEEPWATCH scale="0.25" rotation="0" deviceID="" x="494" y="366"/>
    <KEEPWATCH scale="0.25" rotation="0" deviceID="" x="661" y="392"/>
    <KEEPWATCH scale="0.25" rotation="0" deviceID="" x="692" y="389"/>
    <KEEPWATCH scale="0.25" rotation="0" deviceID="" x="812" y="367"/>
    <KEEPWATCH scale="0.25" rotation="0" deviceID="" x="842" y="311"/>
    <KEEPWATCH scale="0.25" rotation="0" deviceID="" x="851" y="249"/>
    <KEEPWATCH scale="0.25" rotation="0" deviceID="" x="785" y="187"/>
    <KEEPWATCH scale="0.25" rotation="0" deviceID="" x="795" y="45"/>
    <KEEPWATCH scale="0.25" rotation="0" deviceID="" x="313" y="319"/>
    <KEEPWATCH scale="0.25" rotation="0" deviceID="" x="495" y="327"/>
    <TEXT fontFamily="Arial" fontWeight="bold" scale="1" deviceID="" fontSize="16" color="16777215" textAlign="right" rotation="0" text="29" widthInChars="1" param="" x="86" y="230"/>
    <TEXT fontFamily="Arial" fontWeight="bold" scale="1" deviceID="" fontSize="16" color="16777215" textAlign="right" rotation="0" text="30" widthInChars="1" param="" x="80" y="287"/>
    <TEXT fontFamily="Arial" fontWeight="bold" scale="1" deviceID="" fontSize="16" color="16777215" textAlign="right" rotation="0" text="31" widthInChars="1" param="" x="95" y="354"/>
    <TEXT fontFamily="Arial" fontWeight="bold" scale="1" deviceID="" fontSize="16" color="16777215" textAlign="right" rotation="0" text="33" widthInChars="1" param="" x="308" y="384"/>
    <TEXT fontFamily="Arial" fontWeight="bold" scale="1" deviceID="" fontSize="16" color="16777215" textAlign="right" rotation="0" text="32" widthInChars="1" param="" x="265" y="387"/>
    <TEXT fontFamily="Arial" fontWeight="bold" scale="1" deviceID="" fontSize="16" color="16777215" textAlign="right" rotation="0" text="34" widthInChars="1" param="" x="442" y="385"/>
    <TEXT fontFamily="Arial" fontWeight="bold" scale="1" deviceID="" fontSize="16" color="16777215" textAlign="right" rotation="0" text="35" widthInChars="1" param="" x="495" y="384"/>
    <TEXT fontFamily="Arial" fontWeight="bold" scale="1" deviceID="" fontSize="16" color="16777215" textAlign="right" rotation="0" text="37" widthInChars="1" param="" x="692" y="405"/>
    <TEXT fontFamily="Arial" fontWeight="bold" scale="1" deviceID="" fontSize="16" color="16777215" textAlign="right" rotation="0" text="36" widthInChars="1" param="" x="660" y="410"/>
    <TEXT fontFamily="Arial" fontWeight="bold" scale="1" deviceID="" fontSize="16" color="16777215" textAlign="right" rotation="0" text="38" widthInChars="1" param="" x="817" y="384"/>
    <TEXT fontFamily="Arial" fontWeight="bold" scale="1" deviceID="" fontSize="16" color="16777215" textAlign="right" rotation="0" text="40" widthInChars="1" param="" x="869" y="246"/>
    <TEXT fontFamily="Arial" fontWeight="bold" scale="1" deviceID="" fontSize="16" color="16777215" textAlign="right" rotation="0" text="39" widthInChars="1" param="" x="858" y="308"/>
    <TEXT fontFamily="Arial" fontWeight="bold" scale="1" deviceID="" fontSize="16" color="16777215" textAlign="right" rotation="0" text="22" widthInChars="1" param="" x="776" y="41"/>
    <TEXT fontFamily="Arial" fontWeight="bold" scale="1" deviceID="" fontSize="16" color="16777215" textAlign="right" rotation="0" text="26" widthInChars="1" param="" x="242" y="138"/>
    <TEXT fontFamily="Arial" fontWeight="bold" scale="1" deviceID="" fontSize="16" color="16777215" textAlign="right" rotation="0" text="23" widthInChars="1" param="" x="764" y="184"/>
    <TEXT fontFamily="Arial" fontWeight="bold" scale="1" deviceID="" fontSize="16" color="16777215" textAlign="right" rotation="0" text="24" widthInChars="1" param="" x="497" y="306"/>
    <TEXT fontFamily="Arial" fontWeight="bold" scale="1" deviceID="" fontSize="16" color="16777215" textAlign="right" rotation="0" text="25" widthInChars="1" param="" x="313" y="299"/>
    <KEEPWATCH scale="0.25" deviceID="" rotation="0" x="109" y="135"/>
    <TEXT fontFamily="Arial" param="" fontWeight="bold" scale="1" deviceID="" fontSize="16" color="16777215" textAlign="right" rotation="0" text="28" widthInChars="1" x="85" y="133"/>
  </Components>
</Configration>