<?xml version="1.0" encoding="utf-8"?><Configration>
  <LIST>
    <Component>
      <EAF/>
      <HANDAUTO/>
      <SAF/>
      <ALARM/>
    </Component>
    <Image>
      <RGSHUFG source="assets/comp/rgshufg.png"/>
      <CO2 source="assets/comp/co2.png"/>
      <TEMP source="assets/comp/temp.png"/>
      <WET source="assets/comp/wet.png"/>
      <LRPG source="assets/comp/lrpg.png"/>
      <GLW source="assets/comp/glw.png"/>
      <FFL source="assets/comp/ff_l.png"/>
      <HFFH source="assets/comp/hff_h.png"/>
      <DDFFG source="assets/comp/ddf_fg.png"/>
      <JT source="assets/comp/jt.png"/>
    </Image>
  </LIST>
  <Components>
    <RGSHUFG resource="Configration.ApplicationSkin2._ApplicationSkin_Group1.contentGroup.HGroup5.VGroup9._Configration_Scroller1.ScrollerSkin193.Group42.initGroup.Image11546" scale="0.6" rotation="0" x="39" y="145"/>
    <CO2 resource="Configration.ApplicationSkin2._ApplicationSkin_Group1.contentGroup.HGroup5.VGroup9._Configration_Scroller1.ScrollerSkin193.Group42.initGroup.Image11548" scale="0.6" rotation="0" x="469" y="142"/>
    <TEMP resource="Configration.ApplicationSkin2._ApplicationSkin_Group1.contentGroup.HGroup5.VGroup9._Configration_Scroller1.ScrollerSkin193.Group42.initGroup.Image11550" scale="0.5" rotation="0" x="528" y="137"/>
    <WET resource="Configration.ApplicationSkin2._ApplicationSkin_Group1.contentGroup.HGroup5.VGroup9._Configration_Scroller1.ScrollerSkin193.Group42.initGroup.Image11552" scale="0.5" rotation="0" x="669" y="136"/>
    <LRPG resource="Configration.ApplicationSkin2._ApplicationSkin_Group1.contentGroup.HGroup5.VGroup9._Configration_Scroller1.ScrollerSkin193.Group42.initGroup.Image11554" scale="0.55" rotation="0" x="413" y="270"/>
    <GLW resource="Configration.ApplicationSkin2._ApplicationSkin_Group1.contentGroup.HGroup5.VGroup9._Configration_Scroller1.ScrollerSkin193.Group42.initGroup.Image11556" scale="0.55" rotation="0" x="363" y="269"/>
    <FFL resource="Configration.ApplicationSkin2._ApplicationSkin_Group1.contentGroup.HGroup5.VGroup9._Configration_Scroller1.ScrollerSkin193.Group42.initGroup.Image11558" scale="0.6" rotation="0" x="130" y="271"/>
    <HFFH resource="Configration.ApplicationSkin2._ApplicationSkin_Group1.contentGroup.HGroup5.VGroup9._Configration_Scroller1.ScrollerSkin193.Group42.initGroup.Image11560" scale="0.6" rotation="0" x="253" y="251"/>
    <DDFFG resource="Configration.ApplicationSkin2._ApplicationSkin_Group1.contentGroup.HGroup5.VGroup9._Configration_Scroller1.ScrollerSkin193.Group42.initGroup.Image11562" scale="0.55" rotation="0" x="427" y="352"/>
    <EAF popType="list" deviceID="76" rotation="0" scale="0.55" resource="Configration.ApplicationSkin2._ApplicationSkin_Group1.contentGroup.HGroup5.VGroup9._Configration_Scroller1.ScrollerSkin193.Group42.initGroup.Image11564" isPop="false" x="469" y="270"/>
    <LABEL textAlign="right" deviceID="76" rotation="0" fontSize="12" fontWeight="normal" param="eAirWet" fontFamily="digifaw" resource="Configration.ApplicationSkin2._ApplicationSkin_Group1.contentGroup.HGroup5.VGroup9._Configration_Scroller1.ScrollerSkin193.Group42.initGroup.TextInput11566" scale="1" text="59.18%rh" widthInChars="6" color="65280" x="639" y="112"/>
    <TEXT textAlign="right" deviceID="" rotation="0" fontSize="12" fontWeight="normal" param="" fontFamily="黑体" resource="Configration.ApplicationSkin2._ApplicationSkin_Group1.contentGroup.HGroup5.VGroup9._Configration_Scroller1.ScrollerSkin193.Group42.initGroup.TextInput11569" scale="1" text="风机频率" widthInChars="4" color="16777215" x="451" y="347"/>
    <LABEL textAlign="right" deviceID="76" rotation="0" fontSize="12" fontWeight="normal" param="sfjpl" fontFamily="digifaw" resource="Configration.ApplicationSkin2._ApplicationSkin_Group1.contentGroup.HGroup5.VGroup9._Configration_Scroller1.ScrollerSkin193.Group42.initGroup.TextInput11572" scale="1" text="35.00hz" widthInChars="5" color="65280" x="505" y="346"/>
    <HANDAUTO deviceID="76" scale="0.85" resource="Configration.ApplicationSkin2._ApplicationSkin_Group1.contentGroup.HGroup5.VGroup9._Configration_Scroller1.ScrollerSkin193.Group42.initGroup.Image11575" rotation="0" x="478" y="275"/>
    <LABEL textAlign="right" deviceID="76" rotation="0" fontSize="12" fontWeight="normal" param="setCO2" fontFamily="digifaw" resource="Configration.ApplicationSkin2._ApplicationSkin_Group1.contentGroup.HGroup5.VGroup9._Configration_Scroller1.ScrollerSkin193.Group42.initGroup.TextInput11577" scale="1" text="" widthInChars="7" color="65280" x="415" y="94"/>
    <SAF popType="list" deviceID="76" rotation="0" scale="0.55" resource="Configration.ApplicationSkin2._ApplicationSkin_Group1.contentGroup.HGroup5.VGroup9._Configration_Scroller1.ScrollerSkin193.Group42.initGroup.Image11580" isPop="false" x="132" y="162"/>
    <HANDAUTO deviceID="76" scale="0.85" resource="Configration.ApplicationSkin2._ApplicationSkin_Group1.contentGroup.HGroup5.VGroup9._Configration_Scroller1.ScrollerSkin193.Group42.initGroup.Image11582" rotation="0" x="134" y="167"/>
    <ALARM deviceID="76" scale="1" resource="Configration.ApplicationSkin2._ApplicationSkin_Group1.contentGroup.HGroup5.VGroup9._Configration_Scroller1.ScrollerSkin193.Group42.initGroup.Image11584" rotation="0" x="304" y="287"/>
    <FFL resource="Configration.ApplicationSkin2._ApplicationSkin_Group1.contentGroup.HGroup5.VGroup9._Configration_Scroller1.ScrollerSkin193.Group42.initGroup.Image11586" scale="0.6" rotation="0" x="235" y="163"/>
    <TEXT textAlign="right" deviceID="" rotation="0" fontSize="12" fontWeight="normal" param="" fontFamily="黑体" resource="Configration.ApplicationSkin2._ApplicationSkin_Group1.contentGroup.HGroup5.VGroup9._Configration_Scroller1.ScrollerSkin193.Group42.initGroup.TextInput11588" scale="1" text="频率设定" widthInChars="4" color="16777215" x="451" y="366"/>
    <LABEL textAlign="right" deviceID="76" rotation="0" fontSize="12" fontWeight="normal" param="eTemp" fontFamily="digifaw" resource="Configration.ApplicationSkin2._ApplicationSkin_Group1.contentGroup.HGroup5.VGroup9._Configration_Scroller1.ScrollerSkin193.Group42.initGroup.TextInput11591" scale="1" text="16.89℃" widthInChars="5" color="65280" x="343" y="374"/>
    <TEXT textAlign="right" deviceID="" rotation="0" fontSize="12" fontWeight="normal" param="" fontFamily="黑体" resource="Configration.ApplicationSkin2._ApplicationSkin_Group1.contentGroup.HGroup5.VGroup9._Configration_Scroller1.ScrollerSkin193.Group42.initGroup.TextInput11594" scale="1" text="水阀开度" widthInChars="4" color="16777215" x="285" y="352"/>
    <TEXT textAlign="right" deviceID="" rotation="0" fontSize="12" fontWeight="normal" param="" fontFamily="黑体" resource="Configration.ApplicationSkin2._ApplicationSkin_Group1.contentGroup.HGroup5.VGroup9._Configration_Scroller1.ScrollerSkin193.Group42.initGroup.TextInput11597" scale="1" text="回水温度" widthInChars="4" color="16777215" x="285" y="375"/>
    <TEXT textAlign="right" deviceID="" rotation="0" fontSize="12" fontWeight="normal" param="" fontFamily="黑体" resource="Configration.ApplicationSkin2._ApplicationSkin_Group1.contentGroup.HGroup5.VGroup9._Configration_Scroller1.ScrollerSkin193.Group42.initGroup.TextInput11600" scale="1" text="排风阀开度" widthInChars="5" color="16777215" x="223" y="105"/>
    <TEXT textAlign="right" deviceID="" rotation="0" fontSize="12" fontWeight="normal" param="" fontFamily="黑体" resource="Configration.ApplicationSkin2._ApplicationSkin_Group1.contentGroup.HGroup5.VGroup9._Configration_Scroller1.ScrollerSkin193.Group42.initGroup.TextInput11603" scale="1" text="回风阀开度" widthInChars="5" color="16777215" x="266" y="206"/>
    <TEXT textAlign="right" deviceID="" rotation="0" fontSize="12" fontWeight="normal" param="" fontFamily="黑体" resource="Configration.ApplicationSkin2._ApplicationSkin_Group1.contentGroup.HGroup5.VGroup9._Configration_Scroller1.ScrollerSkin193.Group42.initGroup.TextInput11606" scale="1" text="滤网压差" widthInChars="4" color="16777215" x="249" y="293"/>
    <TEXT textAlign="right" deviceID="" rotation="0" fontSize="12" fontWeight="normal" param="" fontFamily="黑体" resource="Configration.ApplicationSkin2._ApplicationSkin_Group1.contentGroup.HGroup5.VGroup9._Configration_Scroller1.ScrollerSkin193.Group42.initGroup.TextInput11609" scale="1" text="CO2设定" widthInChars="4" color="16777215" x="358" y="95"/>
    <TEXT textAlign="right" deviceID="" rotation="0" fontSize="12" fontWeight="normal" param="" fontFamily="黑体" resource="Configration.ApplicationSkin2._ApplicationSkin_Group1.contentGroup.HGroup5.VGroup9._Configration_Scroller1.ScrollerSkin193.Group42.initGroup.TextInput11612" scale="1" text="CO2浓度" widthInChars="4" color="16777215" x="358" y="116"/>
    <TEXT textAlign="right" deviceID="" rotation="0" fontSize="12" fontWeight="normal" param="" fontFamily="黑体" resource="Configration.ApplicationSkin2._ApplicationSkin_Group1.contentGroup.HGroup5.VGroup9._Configration_Scroller1.ScrollerSkin193.Group42.initGroup.TextInput11615" scale="1" text="温度设定" widthInChars="4" color="16777215" x="460" y="196"/>
    <TEXT textAlign="right" deviceID="" rotation="0" fontSize="12" fontWeight="normal" param="" fontFamily="黑体" resource="Configration.ApplicationSkin2._ApplicationSkin_Group1.contentGroup.HGroup5.VGroup9._Configration_Scroller1.ScrollerSkin193.Group42.initGroup.TextInput11618" scale="1" text="回风温度" widthInChars="4" color="16777215" x="460" y="175"/>
    <TEXT textAlign="right" deviceID="" rotation="0" fontSize="12" fontWeight="normal" param="" fontFamily="黑体" resource="Configration.ApplicationSkin2._ApplicationSkin_Group1.contentGroup.HGroup5.VGroup9._Configration_Scroller1.ScrollerSkin193.Group42.initGroup.TextInput11621" scale="1" text="回风湿度" widthInChars="4" color="16777215" x="581" y="113"/>
    <TEXT textAlign="right" deviceID="" rotation="0" fontSize="12" fontWeight="normal" param="" fontFamily="黑体" resource="Configration.ApplicationSkin2._ApplicationSkin_Group1.contentGroup.HGroup5.VGroup9._Configration_Scroller1.ScrollerSkin193.Group42.initGroup.TextInput11624" scale="1" text="湿度设定" widthInChars="4" color="16777215" x="581" y="91"/>
    <JT resource="Configration.ApplicationSkin2._ApplicationSkin_Group1.contentGroup.HGroup5.VGroup9._Configration_Scroller1.ScrollerSkin193.Group42.initGroup.Image11627" scale="1" rotation="0" x="682" y="290"/>
    <JT resource="Configration.ApplicationSkin2._ApplicationSkin_Group1.contentGroup.HGroup5.VGroup9._Configration_Scroller1.ScrollerSkin193.Group42.initGroup.Image11629" scale="1" rotation="180" x="725" y="213"/>
    <JT resource="Configration.ApplicationSkin2._ApplicationSkin_Group1.contentGroup.HGroup5.VGroup9._Configration_Scroller1.ScrollerSkin193.Group42.initGroup.Image11631" scale="1" rotation="0" x="45" y="288"/>
    <JT resource="Configration.ApplicationSkin2._ApplicationSkin_Group1.contentGroup.HGroup5.VGroup9._Configration_Scroller1.ScrollerSkin193.Group42.initGroup.Image11633" scale="1" rotation="180" x="87" y="210"/>
    <TEXT textAlign="right" deviceID="" rotation="0" fontSize="12" fontWeight="normal" param="" fontFamily="黑体" resource="Configration.ApplicationSkin2._ApplicationSkin_Group1.contentGroup.HGroup5.VGroup9._Configration_Scroller1.ScrollerSkin193.Group42.initGroup.TextInput11635" scale="1" text="新风阀开度(%)" widthInChars="7" color="16777215" x="92" y="369"/>
    <TEXT textAlign="right" deviceID="" rotation="0" fontSize="12" fontWeight="normal" param="" fontFamily="黑体" resource="Configration.ApplicationSkin2._ApplicationSkin_Group1.contentGroup.HGroup5.VGroup9._Configration_Scroller1.ScrollerSkin193.Group42.initGroup.TextInput11638" scale="1" text="风机频率" widthInChars="4" color="16777215" x="134" y="106"/>
    <TEXT textAlign="right" deviceID="" rotation="0" fontSize="12" fontWeight="normal" param="" fontFamily="黑体" resource="Configration.ApplicationSkin2._ApplicationSkin_Group1.contentGroup.HGroup5.VGroup9._Configration_Scroller1.ScrollerSkin193.Group42.initGroup.TextInput11641" scale="1" text="温度设定" widthInChars="4" color="16777215" x="535" y="280"/>
    <TEXT textAlign="right" deviceID="" rotation="0" fontSize="12" fontWeight="normal" param="" fontFamily="黑体" resource="Configration.ApplicationSkin2._ApplicationSkin_Group1.contentGroup.HGroup5.VGroup9._Configration_Scroller1.ScrollerSkin193.Group42.initGroup.TextInput11644" scale="1" text="送风温度" widthInChars="4" color="16777215" x="534" y="301"/>
    <TEXT textAlign="right" deviceID="" rotation="0" fontSize="12" fontWeight="normal" param="" fontFamily="黑体" resource="Configration.ApplicationSkin2._ApplicationSkin_Group1.contentGroup.HGroup5.VGroup9._Configration_Scroller1.ScrollerSkin193.Group42.initGroup.TextInput11647" scale="1" text="送风压力" widthInChars="4" color="16777215" x="582" y="351"/>
    <LABEL textAlign="right" deviceID="76" rotation="0" fontSize="12" fontWeight="normal" param="sfPressure" fontFamily="digifaw" resource="Configration.ApplicationSkin2._ApplicationSkin_Group1.contentGroup.HGroup5.VGroup9._Configration_Scroller1.ScrollerSkin193.Group42.initGroup.TextInput11650" scale="1" text="35.00pa" widthInChars="5" color="65280" x="636" y="348"/>
    <TEXT textAlign="right" deviceID="" rotation="0" fontSize="12" fontWeight="normal" param="" fontFamily="黑体" resource="Configration.ApplicationSkin2._ApplicationSkin_Group1.contentGroup.HGroup5.VGroup9._Configration_Scroller1.ScrollerSkin193.Group42.initGroup.TextInput11653" scale="1" text="压力设定" widthInChars="4" color="16777215" x="582" y="369"/>
    <LABEL textAlign="right" deviceID="76" rotation="0" fontSize="12" fontWeight="normal" param="eTemp" fontFamily="digifaw" resource="Configration.ApplicationSkin2._ApplicationSkin_Group1.contentGroup.HGroup5.VGroup9._Configration_Scroller1.ScrollerSkin193.Group42.initGroup.TextInput11656" scale="1" text="" widthInChars="5" color="65280" x="590" y="301"/>
    <LABEL textAlign="right" deviceID="76" rotation="0" fontSize="12" fontWeight="normal" param="sAirTemp" fontFamily="digifaw" resource="Configration.ApplicationSkin2._ApplicationSkin_Group1.contentGroup.HGroup5.VGroup9._Configration_Scroller1.ScrollerSkin193.Group42.initGroup.TextInput11659" scale="1" text="16.89℃" widthInChars="5" color="65280" x="590" y="280"/>
    <LABEL textAlign="right" deviceID="76" rotation="0" fontSize="12" fontWeight="normal" param="inCO2" fontFamily="digifaw" resource="Configration.ApplicationSkin2._ApplicationSkin_Group1.contentGroup.HGroup5.VGroup9._Configration_Scroller1.ScrollerSkin193.Group42.initGroup.TextInput11662" scale="1" text="524.92ppm" widthInChars="7" color="65280" x="415" y="115"/>
    <LABEL textAlign="right" deviceID="76" rotation="0" fontSize="12" fontWeight="normal" param="eAirTemp" fontFamily="digifaw" resource="Configration.ApplicationSkin2._ApplicationSkin_Group1.contentGroup.HGroup5.VGroup9._Configration_Scroller1.ScrollerSkin193.Group42.initGroup.TextInput11665" scale="1" text="" widthInChars="6" color="65280" x="639" y="91"/>
    <LABEL textAlign="right" deviceID="76" rotation="0" fontSize="12" fontWeight="normal" param="eAirTemp" fontFamily="digifaw" resource="Configration.ApplicationSkin2._ApplicationSkin_Group1.contentGroup.HGroup5.VGroup9._Configration_Scroller1.ScrollerSkin193.Group42.initGroup.TextInput11668" scale="1" text="16.89℃" widthInChars="5" color="65280" x="517" y="175"/>
    <LABEL textAlign="right" deviceID="76" rotation="0" fontSize="12" fontWeight="normal" param="snwdsd" fontFamily="digifaw" resource="Configration.ApplicationSkin2._ApplicationSkin_Group1.contentGroup.HGroup5.VGroup9._Configration_Scroller1.ScrollerSkin193.Group42.initGroup.TextInput11671" scale="1" text="" widthInChars="5" color="65280" x="517" y="195"/>
    <LABEL textAlign="right" deviceID="76" rotation="0" fontSize="12" fontWeight="normal" param="sfylsd" fontFamily="digifaw" resource="Configration.ApplicationSkin2._ApplicationSkin_Group1.contentGroup.HGroup5.VGroup9._Configration_Scroller1.ScrollerSkin193.Group42.initGroup.TextInput11674" scale="1" text="35.00" widthInChars="5" color="65280" x="636" y="370"/>
    <LABEL textAlign="right" deviceID="76" rotation="0" fontSize="12" fontWeight="normal" param="hffml" fontFamily="digifaw" resource="Configration.ApplicationSkin2._ApplicationSkin_Group1.contentGroup.HGroup5.VGroup9._Configration_Scroller1.ScrollerSkin193.Group42.initGroup.TextInput11677" scale="1" text="30.00%" widthInChars="5" color="65280" x="260" y="229"/>
    <LABEL textAlign="right" deviceID="76" rotation="0" fontSize="12" fontWeight="normal" param="xffml" fontFamily="digifaw" resource="Configration.ApplicationSkin2._ApplicationSkin_Group1.contentGroup.HGroup5.VGroup9._Configration_Scroller1.ScrollerSkin193.Group42.initGroup.TextInput11680" scale="1" text="16.89%" widthInChars="5" color="65280" x="107" y="345"/>
    <LABEL textAlign="right" deviceID="76" rotation="0" fontSize="12" fontWeight="normal" param="sfml" fontFamily="digifaw" resource="Configration.ApplicationSkin2._ApplicationSkin_Group1.contentGroup.HGroup5.VGroup9._Configration_Scroller1.ScrollerSkin193.Group42.initGroup.TextInput11683" scale="1" text="30.00%" widthInChars="5" color="65280" x="343" y="352"/>
    <LABEL textAlign="right" deviceID="76" rotation="0" fontSize="12" fontWeight="normal" param="eTemp" fontFamily="digifaw" resource="Configration.ApplicationSkin2._ApplicationSkin_Group1.contentGroup.HGroup5.VGroup9._Configration_Scroller1.ScrollerSkin193.Group42.initGroup.TextInput11686" scale="1" text="30.00%" widthInChars="5" color="65280" x="223" y="126"/>
    <LABEL textAlign="right" deviceID="76" rotation="0" fontSize="12" fontWeight="normal" param="lowSpeed" fontFamily="digifaw" resource="Configration.ApplicationSkin2._ApplicationSkin_Group1.contentGroup.HGroup5.VGroup9._Configration_Scroller1.ScrollerSkin193.Group42.initGroup.TextInput11689" scale="1" text="" widthInChars="5" color="65280" x="505" y="367"/>
    <TEMP resource="Configration.ApplicationSkin2._ApplicationSkin_Group1.contentGroup.HGroup5.VGroup9._Configration_Scroller1.ScrollerSkin193.Group42.initGroup.Image11692" scale="0.5" rotation="0" x="604" y="245"/>
    <LABEL textAlign="right" deviceID="76" rotation="0" fontSize="12" fontWeight="normal" param="pfjpl" fontFamily="digifaw" resource="Configration.ApplicationSkin2._ApplicationSkin_Group1.contentGroup.HGroup5.VGroup9._Configration_Scroller1.ScrollerSkin193.Group42.initGroup.TextInput11694" scale="1" text="35.00hz" widthInChars="5" color="65280" x="125" y="126"/>
  </Components>
</Configration>