<?xml version="1.0" encoding="utf-8"?><Configration>
  <LIST>
    <Component>
      <EAF/>
      <ALARM/>
      <HANDAUTO/>
      <SAF/>
    </Component>
    <Image>
      <RGSHUFG source="assets/comp/rgshufg.png"/>
      <CO2 source="assets/comp/co2.png"/>
      <TEMP source="assets/comp/temp.png"/>
      <WET source="assets/comp/wet.png"/>
      <LRPG source="assets/comp/lrpg.png"/>
      <GLW source="assets/comp/glw.png"/>
      <FFL source="assets/comp/ff_l.png"/>
      <HFFH source="assets/comp/hff_h.png"/>
      <DDFFG source="assets/comp/ddf_fg.png"/>
    </Image>
  </LIST>
  <Components>
    <RGSHUFG scale="0.6" resource="Configration.ApplicationSkin2._ApplicationSkin_Group1.contentGroup.HGroup5.VGroup9._Configration_Scroller1.ScrollerSkin193.Group42.initGroup.Image1024" rotation="0" x="52" y="156"/>
    <CO2 scale="0.7" resource="Configration.ApplicationSkin2._ApplicationSkin_Group1.contentGroup.HGroup5.VGroup9._Configration_Scroller1.ScrollerSkin193.Group42.initGroup.Image1026" rotation="0" x="465" y="143"/>
    <TEMP scale="0.5" resource="Configration.ApplicationSkin2._ApplicationSkin_Group1.contentGroup.HGroup5.VGroup9._Configration_Scroller1.ScrollerSkin193.Group42.initGroup.Image1028" rotation="0" x="591" y="150"/>
    <WET scale="0.5" resource="Configration.ApplicationSkin2._ApplicationSkin_Group1.contentGroup.HGroup5.VGroup9._Configration_Scroller1.ScrollerSkin193.Group42.initGroup.Image1030" rotation="0" x="666" y="143"/>
    <LRPG scale="0.6" resource="Configration.ApplicationSkin2._ApplicationSkin_Group1.contentGroup.HGroup5.VGroup9._Configration_Scroller1.ScrollerSkin193.Group42.initGroup.Image1032" rotation="0" x="413" y="279"/>
    <GLW scale="0.6" resource="Configration.ApplicationSkin2._ApplicationSkin_Group1.contentGroup.HGroup5.VGroup9._Configration_Scroller1.ScrollerSkin193.Group42.initGroup.Image1034" rotation="0" x="362" y="281"/>
    <FFL scale="0.6" resource="Configration.ApplicationSkin2._ApplicationSkin_Group1.contentGroup.HGroup5.VGroup9._Configration_Scroller1.ScrollerSkin193.Group42.initGroup.Image1036" rotation="0" x="130" y="282"/>
    <HFFH scale="0.6" resource="Configration.ApplicationSkin2._ApplicationSkin_Group1.contentGroup.HGroup5.VGroup9._Configration_Scroller1.ScrollerSkin193.Group42.initGroup.Image1038" rotation="0" x="266" y="256"/>
    <DDFFG scale="0.6" resource="Configration.ApplicationSkin2._ApplicationSkin_Group1.contentGroup.HGroup5.VGroup9._Configration_Scroller1.ScrollerSkin193.Group42.initGroup.Image1040" rotation="0" x="427" y="368"/>
    <EAF deviceID="336" popType="list" scale="0.6" resource="Configration.ApplicationSkin2._ApplicationSkin_Group1.contentGroup.HGroup5.VGroup9._Configration_Scroller1.ScrollerSkin193.Group42.initGroup.Image1042" rotation="0" isPop="false" x="545" y="279"/>
    <TEXT textAlign="right" deviceID="" text="回风" fontWeight="normal" fontSize="20" fontFamily="黑体" param="" scale="1" resource="Configration.ApplicationSkin2._ApplicationSkin_Group1.contentGroup.HGroup5.VGroup9._Configration_Scroller1.ScrollerSkin193.Group42.initGroup.TextInput1044" rotation="0" color="16777215" widthInChars="2" x="701" y="190"/>
    <TEXT textAlign="right" deviceID="" text="送风" fontWeight="normal" fontSize="20" fontFamily="黑体" param="" scale="1" resource="Configration.ApplicationSkin2._ApplicationSkin_Group1.contentGroup.HGroup5.VGroup9._Configration_Scroller1.ScrollerSkin193.Group42.initGroup.TextInput1047" rotation="0" color="16777215" widthInChars="2" x="702" y="300"/>
    <TEXT textAlign="right" deviceID="" text="新风" fontWeight="normal" fontSize="20" fontFamily="黑体" param="" scale="1" resource="Configration.ApplicationSkin2._ApplicationSkin_Group1.contentGroup.HGroup5.VGroup9._Configration_Scroller1.ScrollerSkin193.Group42.initGroup.TextInput1050" rotation="0" color="16777215" widthInChars="2" x="45" y="300"/>
    <TEXT textAlign="right" deviceID="" text="CO2浓度" fontWeight="normal" fontSize="14" fontFamily="黑体" param="" scale="1" resource="Configration.ApplicationSkin2._ApplicationSkin_Group1.contentGroup.HGroup5.VGroup9._Configration_Scroller1.ScrollerSkin193.Group42.initGroup.TextInput1053" rotation="0" color="16777215" widthInChars="4" x="347" y="93"/>
    <LABEL textAlign="right" deviceID="336" text="900" fontWeight="normal" fontSize="12" fontFamily="digifaw" param="inCO21" scale="1" resource="Configration.ApplicationSkin2._ApplicationSkin_Group1.contentGroup.HGroup5.VGroup9._Configration_Scroller1.ScrollerSkin193.Group42.initGroup.TextInput1056" rotation="0" color="65280" widthInChars="5" x="412" y="94"/>
    <TEXT textAlign="right" deviceID="" text="回风温度" fontWeight="normal" fontSize="14" fontFamily="黑体" param="" scale="1" resource="Configration.ApplicationSkin2._ApplicationSkin_Group1.contentGroup.HGroup5.VGroup9._Configration_Scroller1.ScrollerSkin193.Group42.initGroup.TextInput1059" rotation="0" color="16777215" widthInChars="4" x="510" y="96"/>
    <LABEL textAlign="right" deviceID="336" text="30" fontWeight="normal" fontSize="12" fontFamily="digifaw" param="eAirTemp" scale="1" resource="Configration.ApplicationSkin2._ApplicationSkin_Group1.contentGroup.HGroup5.VGroup9._Configration_Scroller1.ScrollerSkin193.Group42.initGroup.TextInput1062" rotation="0" color="65280" widthInChars="3" x="577" y="96"/>
    <TEXT textAlign="right" deviceID="" text="回风湿度" fontWeight="normal" fontSize="14" fontFamily="黑体" param="" scale="1" resource="Configration.ApplicationSkin2._ApplicationSkin_Group1.contentGroup.HGroup5.VGroup9._Configration_Scroller1.ScrollerSkin193.Group42.initGroup.TextInput1065" rotation="0" color="16777215" widthInChars="4" x="641" y="122"/>
    <LABEL textAlign="right" deviceID="336" text="30" fontWeight="normal" fontSize="12" fontFamily="digifaw" param="eAirWet" scale="1" resource="Configration.ApplicationSkin2._ApplicationSkin_Group1.contentGroup.HGroup5.VGroup9._Configration_Scroller1.ScrollerSkin193.Group42.initGroup.TextInput1068" rotation="0" color="65280" widthInChars="5" x="704" y="122"/>
    <TEXT textAlign="right" deviceID="" text="送风温度" fontWeight="normal" fontSize="14" fontFamily="黑体" param="" scale="1" resource="Configration.ApplicationSkin2._ApplicationSkin_Group1.contentGroup.HGroup5.VGroup9._Configration_Scroller1.ScrollerSkin193.Group42.initGroup.TextInput1071" rotation="0" color="16777215" widthInChars="4" x="663" y="250"/>
    <TEMP scale="0.5" resource="Configration.ApplicationSkin2._ApplicationSkin_Group1.contentGroup.HGroup5.VGroup9._Configration_Scroller1.ScrollerSkin193.Group42.initGroup.Image1074" rotation="0" x="629" y="252"/>
    <LABEL textAlign="right" deviceID="336" text="30" fontWeight="normal" fontSize="12" fontFamily="digifaw" param="sAirTemp" scale="1" resource="Configration.ApplicationSkin2._ApplicationSkin_Group1.contentGroup.HGroup5.VGroup9._Configration_Scroller1.ScrollerSkin193.Group42.initGroup.TextInput1076" rotation="0" color="65280" widthInChars="3" x="730" y="250"/>
    <TEXT textAlign="right" deviceID="" text="防冻报警" fontWeight="normal" fontSize="14" fontFamily="黑体" param="" scale="1" resource="Configration.ApplicationSkin2._ApplicationSkin_Group1.contentGroup.HGroup5.VGroup9._Configration_Scroller1.ScrollerSkin193.Group42.initGroup.TextInput1079" rotation="0" color="16777215" widthInChars="4" x="361" y="249"/>
    <ALARM deviceID="336" scale="1" resource="Configration.ApplicationSkin2._ApplicationSkin_Group1.contentGroup.HGroup5.VGroup9._Configration_Scroller1.ScrollerSkin193.Group42.initGroup.Image1082" rotation="0" x="420" y="247"/>
    <TEXT textAlign="right" deviceID="" text="盘管风温" fontWeight="normal" fontSize="12" fontFamily="黑体" param="" scale="1" resource="Configration.ApplicationSkin2._ApplicationSkin_Group1.contentGroup.HGroup5.VGroup9._Configration_Scroller1.ScrollerSkin193.Group42.initGroup.TextInput1084" rotation="0" color="16777215" widthInChars="4" x="448" y="283"/>
    <LABEL textAlign="right" deviceID="336" text="30" fontWeight="normal" fontSize="12" fontFamily="digifaw" param="coilTemp" scale="1" resource="Configration.ApplicationSkin2._ApplicationSkin_Group1.contentGroup.HGroup5.VGroup9._Configration_Scroller1.ScrollerSkin193.Group42.initGroup.TextInput1087" rotation="0" color="65280" widthInChars="3" x="452" y="300"/>
    <TEXT textAlign="right" deviceID="" text="回水温度" fontWeight="normal" fontSize="12" fontFamily="黑体" param="" scale="1" resource="Configration.ApplicationSkin2._ApplicationSkin_Group1.contentGroup.HGroup5.VGroup9._Configration_Scroller1.ScrollerSkin193.Group42.initGroup.TextInput1090" rotation="0" color="16777215" widthInChars="4" x="416" y="396"/>
    <LABEL textAlign="right" deviceID="336" text="30" fontWeight="normal" fontSize="12" fontFamily="digifaw" param="eTemp" scale="1" resource="Configration.ApplicationSkin2._ApplicationSkin_Group1.contentGroup.HGroup5.VGroup9._Configration_Scroller1.ScrollerSkin193.Group42.initGroup.TextInput1093" rotation="0" color="65280" widthInChars="3" x="470" y="395"/>
    <TEXT textAlign="right" deviceID="" text="回水阀位" fontWeight="normal" fontSize="12" fontFamily="黑体" param="" scale="1" resource="Configration.ApplicationSkin2._ApplicationSkin_Group1.contentGroup.HGroup5.VGroup9._Configration_Scroller1.ScrollerSkin193.Group42.initGroup.TextInput1096" rotation="0" color="16777215" widthInChars="4" x="457" y="367"/>
    <LABEL textAlign="right" deviceID="336" text="30" fontWeight="normal" fontSize="12" fontFamily="digifaw" param="wValve" scale="1" resource="Configration.ApplicationSkin2._ApplicationSkin_Group1.contentGroup.HGroup5.VGroup9._Configration_Scroller1.ScrollerSkin193.Group42.initGroup.TextInput1099" rotation="0" color="65280" widthInChars="3" x="512" y="366"/>
    <TEXT textAlign="right" deviceID="" text="回风阀位" fontWeight="normal" fontSize="12" fontFamily="黑体" param="" scale="1" resource="Configration.ApplicationSkin2._ApplicationSkin_Group1.contentGroup.HGroup5.VGroup9._Configration_Scroller1.ScrollerSkin193.Group42.initGroup.TextInput1102" rotation="0" color="16777215" widthInChars="4" x="288" y="217"/>
    <LABEL textAlign="right" deviceID="336" text="30" fontWeight="normal" fontSize="12" fontFamily="digifaw" param="eValve" scale="1" resource="Configration.ApplicationSkin2._ApplicationSkin_Group1.contentGroup.HGroup5.VGroup9._Configration_Scroller1.ScrollerSkin193.Group42.initGroup.TextInput1105" rotation="0" color="65280" widthInChars="3" x="291" y="235"/>
    <TEXT textAlign="right" deviceID="" text="新风阀位" fontWeight="normal" fontSize="12" fontFamily="黑体" param="" scale="1" resource="Configration.ApplicationSkin2._ApplicationSkin_Group1.contentGroup.HGroup5.VGroup9._Configration_Scroller1.ScrollerSkin193.Group42.initGroup.TextInput1108" rotation="0" color="16777215" widthInChars="4" x="149" y="287"/>
    <LABEL textAlign="right" deviceID="336" text="30" fontWeight="normal" fontSize="12" fontFamily="digifaw" param="sValve" scale="1" resource="Configration.ApplicationSkin2._ApplicationSkin_Group1.contentGroup.HGroup5.VGroup9._Configration_Scroller1.ScrollerSkin193.Group42.initGroup.TextInput1111" rotation="0" color="65280" widthInChars="3" x="154" y="304"/>
    <TEXT textAlign="right" deviceID="" text="转速" fontWeight="normal" fontSize="12" fontFamily="黑体" param="" scale="1" resource="Configration.ApplicationSkin2._ApplicationSkin_Group1.contentGroup.HGroup5.VGroup9._Configration_Scroller1.ScrollerSkin193.Group42.initGroup.TextInput1114" rotation="0" color="16777215" widthInChars="2" x="582" y="355"/>
    <LABEL textAlign="right" deviceID="336" text="3000" fontWeight="normal" fontSize="12" fontFamily="digifaw" param="revSpeed" scale="1" resource="Configration.ApplicationSkin2._ApplicationSkin_Group1.contentGroup.HGroup5.VGroup9._Configration_Scroller1.ScrollerSkin193.Group42.initGroup.TextInput1117" rotation="0" color="65280" widthInChars="4" x="611" y="356"/>
    <TEXT textAlign="right" deviceID="" text="温度设定" fontWeight="normal" fontSize="14" fontFamily="黑体" param="" scale="1" resource="Configration.ApplicationSkin2._ApplicationSkin_Group1.contentGroup.HGroup5.VGroup9._Configration_Scroller1.ScrollerSkin193.Group42.initGroup.TextInput1120" rotation="0" color="16777215" widthInChars="4" x="510" y="118"/>
    <LABEL textAlign="right" deviceID="336" text="30" fontWeight="normal" fontSize="12" fontFamily="digifaw" param="eAirSetTemp" scale="1" resource="Configration.ApplicationSkin2._ApplicationSkin_Group1.contentGroup.HGroup5.VGroup9._Configration_Scroller1.ScrollerSkin193.Group42.initGroup.TextInput1123" rotation="0" color="65280" widthInChars="3" x="577" y="119"/>
    <TEXT textAlign="right" deviceID="" text="温度设定" fontWeight="normal" fontSize="14" fontFamily="黑体" param="" scale="1" resource="Configration.ApplicationSkin2._ApplicationSkin_Group1.contentGroup.HGroup5.VGroup9._Configration_Scroller1.ScrollerSkin193.Group42.initGroup.TextInput1126" rotation="0" color="16777215" widthInChars="4" x="666" y="278"/>
    <LABEL textAlign="right" deviceID="336" text="30" fontWeight="normal" fontSize="12" fontFamily="digifaw" param="sAirSetTemp" scale="1" resource="Configration.ApplicationSkin2._ApplicationSkin_Group1.contentGroup.HGroup5.VGroup9._Configration_Scroller1.ScrollerSkin193.Group42.initGroup.TextInput1129" rotation="0" color="65280" widthInChars="3" x="730" y="278"/>
    <HANDAUTO deviceID="336" scale="1" resource="Configration.ApplicationSkin2._ApplicationSkin_Group1.contentGroup.HGroup5.VGroup9._Configration_Scroller1.ScrollerSkin193.Group42.initGroup.Image1132" rotation="0" x="604" y="323"/>
    <TEXT textAlign="right" deviceID="" text="CO2设定" fontWeight="normal" fontSize="14" fontFamily="黑体" param="" scale="1" resource="Configration.ApplicationSkin2._ApplicationSkin_Group1.contentGroup.HGroup5.VGroup9._Configration_Scroller1.ScrollerSkin193.Group42.initGroup.TextInput1137" rotation="0" color="16777215" widthInChars="4" x="347" y="115"/>
    <LABEL textAlign="right" deviceID="336" text="900" fontWeight="normal" fontSize="12" fontFamily="digifaw" param="setCO2" scale="1" resource="Configration.ApplicationSkin2._ApplicationSkin_Group1.contentGroup.HGroup5.VGroup9._Configration_Scroller1.ScrollerSkin193.Group42.initGroup.TextInput1140" rotation="0" color="65280" widthInChars="5" x="412" y="117"/>
    <GLW scale="0.6" resource="Configration.ApplicationSkin2._ApplicationSkin_Group1.contentGroup.HGroup5.VGroup9._Configration_Scroller1.ScrollerSkin193.Group42.initGroup.Image1143" rotation="0" x="364" y="172"/>
    <TEXT textAlign="right" deviceID="" text="排风" fontWeight="normal" fontSize="20" fontFamily="黑体" param="" scale="1" resource="Configration.ApplicationSkin2._ApplicationSkin_Group1.contentGroup.HGroup5.VGroup9._Configration_Scroller1.ScrollerSkin193.Group42.initGroup.TextInput1145" rotation="0" color="16777215" widthInChars="2" x="45" y="190"/>
    <SAF deviceID="" popType="list" scale="0.6" resource="Configration.ApplicationSkin2._ApplicationSkin_Group1.contentGroup.HGroup5.VGroup9._Configration_Scroller1.ScrollerSkin193.Group42.initGroup.Image3882" rotation="0" isPop="false" x="511" y="170"/>
    <HANDAUTO deviceID="" scale="1" resource="Configration.ApplicationSkin2._ApplicationSkin_Group1.contentGroup.HGroup5.VGroup9._Configration_Scroller1.ScrollerSkin193.Group42.initGroup.Image3908" rotation="0" x="454" y="210"/>
    <TEXT textAlign="right" deviceID="" text="压差报警" fontWeight="normal" fontSize="14" fontFamily="黑体" param="" scale="1" resource="Configration.ApplicationSkin2._ApplicationSkin_Group1.contentGroup.HGroup5.VGroup9._Configration_Scroller1.ScrollerSkin193.Group42.initGroup.TextInput1079" rotation="0" color="16777215" widthInChars="4" x="285" y="357"/>
    <ALARM deviceID="336" scale="1" resource="Configration.ApplicationSkin2._ApplicationSkin_Group1.contentGroup.HGroup5.VGroup9._Configration_Scroller1.ScrollerSkin193.Group42.initGroup.Image1082" rotation="0" x="346" y="358"/>
    <FFL resource="Configration.ApplicationSkin2._ApplicationSkin_Group1.contentGroup.HGroup5.VGroup9._Configration_Scroller1.ScrollerSkin193.Group42.initGroup.Image1036" rotation="0" scale="0.6" x="133" y="173"/>
    <TEXT textAlign="right" deviceID="" widthInChars="5" color="16777215" fontWeight="normal" fontSize="12" fontFamily="黑体" param="" scale="1" text="排风阀阀位" rotation="0" resource="Configration.ApplicationSkin2._ApplicationSkin_Group1.contentGroup.HGroup5.VGroup9._Configration_Scroller1.ScrollerSkin193.Group42.initGroup.TextInput1108" x="145" y="184"/>
    <LABEL textAlign="right" deviceID="336" widthInChars="3" color="65280" fontWeight="normal" fontSize="12" fontFamily="digifaw" param="sValve" scale="1" text="30" rotation="0" resource="Configration.ApplicationSkin2._ApplicationSkin_Group1.contentGroup.HGroup5.VGroup9._Configration_Scroller1.ScrollerSkin193.Group42.initGroup.TextInput1111" x="151" y="203"/>
  </Components>
</Configration>