<?xml version="1.0" encoding="utf-8"?><Configration Width="1076.8187919463087" Height="542">
  <LIST>
    <Component>
      <ALARM/>
    </Component>
    <Image>
      <BPDP1 source="assets/comp/BPDP1.png"/>
    </Image>
  </LIST>
  <Components>
    <BPDP1 scale="0.6" scaleX="0.6" scaleY="0.5" rotation="0" x="60" y="265"/>
    <BPDP1 scale="0.6" scaleX="0.6" scaleY="0.5" rotation="0" x="60" y="-10"/>
    <BPDP1 scale="0.6" scaleX="0.6" scaleY="0.5" rotation="0" x="255" y="-10"/>
    <TEXT fontFamily="Arial" fontSize="14" scale="1" fontWeight="normal" param="" rotation="0" scaleX="1" textAlign="right" scaleY="1" widthInChars="11" text="14#变压器总谐波畸变率" color="0" deviceID="" x="70" y="20"/>
    <TEXT fontFamily="Arial" fontSize="14" scale="1" fontWeight="normal" param="" rotation="0" scaleX="1" textAlign="right" scaleY="1" widthInChars="11" text="15#变压器总谐波畸变率" color="0" deviceID="" x="265" y="20"/>
    <BPDP1 scale="0.6" scaleX="0.6" scaleY="0.5" rotation="0" x="450" y="-10"/>
    <TEXT fontFamily="Arial" fontSize="14" scale="1" fontWeight="normal" param="" rotation="0" scaleX="1" textAlign="right" scaleY="1" widthInChars="11" text="16#变压器总谐波畸变率" color="0" deviceID="" x="460" y="20"/>
    <BPDP1 scale="0.6" scaleX="0.6" scaleY="0.5" rotation="0" x="645" y="-10"/>
    <BPDP1 scale="0.6" scaleX="0.6" scaleY="0.5" rotation="0" x="840" y="-10"/>
    <TEXT fontFamily="Arial" fontSize="14" scale="1" fontWeight="normal" param="" rotation="0" scaleX="1" textAlign="right" scaleY="1" widthInChars="11" text="17#变压器总谐波畸变率" color="0" deviceID="" x="655" y="20"/>
    <TEXT fontFamily="Arial" fontSize="14" scale="1" fontWeight="normal" param="" rotation="0" scaleX="1" textAlign="right" scaleY="1" widthInChars="11" text="18#变压器总谐波畸变率" color="0" deviceID="" x="850" y="20"/>
    <TEXT fontFamily="Arial" fontSize="14" scale="1" fontWeight="normal" param="" rotation="0" scaleX="1" textAlign="right" scaleY="1" widthInChars="11" text="19#变压器总谐波畸变率" color="0" deviceID="" x="70" y="295"/>
    <BPDP1 scale="0.6" scaleX="0.6" scaleY="0.5" rotation="0" x="255" y="265"/>
    <TEXT fontFamily="Arial" fontSize="14" scale="1" fontWeight="normal" param="" rotation="0" scaleX="1" textAlign="right" scaleY="1" widthInChars="11" text="20#变压器总谐波畸变率" color="0" deviceID="" x="265" y="295"/>
    <BPDP1 scale="0.6" scaleX="0.6" scaleY="0.5" rotation="0" x="450" y="265"/>
    <TEXT fontFamily="Arial" fontSize="14" scale="1" fontWeight="normal" param="" rotation="0" scaleX="1" textAlign="right" scaleY="1" widthInChars="11" text="21#变压器总谐波畸变率" color="0" deviceID="" x="460" y="295"/>
    <BPDP1 scale="0.6" scaleX="0.6" scaleY="0.5" rotation="0" x="645" y="265"/>
    <TEXT fontFamily="Arial" fontSize="14" scale="1" fontWeight="normal" param="" rotation="0" scaleX="1" textAlign="right" scaleY="1" widthInChars="11" text="22#变压器总谐波畸变率" color="0" deviceID="" x="655" y="295"/>
    <BPDP1 scale="0.6" scaleX="0.6" scaleY="0.5" rotation="0" x="840" y="264"/>
    <TEXT fontFamily="Arial" fontSize="14" scale="1" fontWeight="normal" param="" rotation="0" scaleX="1" textAlign="right" scaleY="1" widthInChars="11" text="23#变压器总谐波畸变率" color="0" deviceID="" x="850" y="295"/>
    <TEXT fontFamily="Arial" fontSize="14" scale="1" fontWeight="normal" param="" rotation="0" scaleX="1" textAlign="right" scaleY="1" widthInChars="7" text="A相电压畸变率" color="0" deviceID="" x="75" y="50"/>
    <TEXT fontFamily="Arial" fontSize="14" scale="1" fontWeight="normal" param="" rotation="0" scaleX="1" textAlign="right" scaleY="1" widthInChars="7" text="B相电压畸变率" color="0" deviceID="" x="75" y="80"/>
    <TEXT fontFamily="Arial" fontSize="14" scale="1" fontWeight="normal" param="" rotation="0" scaleX="1" textAlign="right" scaleY="1" widthInChars="7" text="C相电压畸变率" color="0" deviceID="" x="75" y="110"/>
    <LABEL fontFamily="digifaw" fontSize="12" scale="1" fontWeight="normal" param="harmonicUc" rotation="0" scaleX="1" textAlign="right" scaleY="1" widthInChars="3" text="" paramID="287" color="65280" deviceID="14578" x="190" y="110"/>
    <LABEL fontFamily="digifaw" fontSize="12" scale="1" fontWeight="normal" param="harmonicUb" rotation="0" scaleX="1" textAlign="right" scaleY="1" widthInChars="3" text="" paramID="286" color="65280" deviceID="14578" x="190" y="80"/>
    <LABEL fontFamily="digifaw" fontSize="12" scale="1" fontWeight="normal" param="harmonicUa" rotation="0" scaleX="1" textAlign="right" scaleY="1" widthInChars="3" text="" paramID="285" color="65280" deviceID="14578" x="190" y="50"/>
    <TEXT fontFamily="Arial" fontSize="14" scale="1" fontWeight="normal" param="" rotation="0" scaleX="1" textAlign="right" scaleY="1" widthInChars="7" text="A相电流畸变率" color="0" deviceID="" x="75" y="140"/>
    <TEXT fontFamily="Arial" fontSize="14" scale="1" fontWeight="normal" param="" rotation="0" scaleX="1" textAlign="right" scaleY="1" widthInChars="7" text="B相电流畸变率" color="0" deviceID="" x="75" y="170"/>
    <TEXT fontFamily="Arial" fontSize="14" scale="1" fontWeight="normal" param="" rotation="0" scaleX="1" textAlign="right" scaleY="1" widthInChars="7" text="C相电流畸变率" color="0" deviceID="" x="75" y="200"/>
    <LABEL fontFamily="digifaw" fontSize="12" scale="1" fontWeight="normal" param="harmonicIa" rotation="0" scaleX="1" textAlign="right" scaleY="1" widthInChars="3" text="" paramID="288" color="65280" deviceID="14578" x="190" y="140"/>
    <LABEL fontFamily="digifaw" fontSize="12" scale="1" fontWeight="normal" param="harmonicIb" rotation="0" scaleX="1" textAlign="right" scaleY="1" widthInChars="3" text="" paramID="289" color="65280" deviceID="14578" x="190" y="170"/>
    <LABEL fontFamily="digifaw" fontSize="12" scale="1" fontWeight="normal" param="harmonicIc" rotation="0" scaleX="1" textAlign="right" scaleY="1" widthInChars="3" text="" paramID="290" color="65280" deviceID="14578" x="190" y="200"/>
    <TEXT fontFamily="Arial" fontSize="14" scale="1" fontWeight="normal" param="" rotation="0" scaleX="1" textAlign="right" scaleY="1" widthInChars="7" text="A相电压畸变率" color="0" deviceID="" x="270" y="50"/>
    <LABEL fontFamily="digifaw" fontSize="12" scale="1" fontWeight="normal" param="harmonicUa" rotation="0" scaleX="1" textAlign="right" scaleY="1" widthInChars="3" text="" paramID="285" color="65280" deviceID="14579" x="385" y="50"/>
    <TEXT fontFamily="Arial" fontSize="14" scale="1" fontWeight="normal" param="" rotation="0" scaleX="1" textAlign="right" scaleY="1" widthInChars="7" text="B相电压畸变率" color="0" deviceID="" x="270" y="80"/>
    <LABEL fontFamily="digifaw" fontSize="12" scale="1" fontWeight="normal" param="harmonicUb" rotation="0" scaleX="1" textAlign="right" scaleY="1" widthInChars="3" text="" paramID="286" color="65280" deviceID="14579" x="385" y="80"/>
    <TEXT fontFamily="Arial" fontSize="14" scale="1" fontWeight="normal" param="" rotation="0" scaleX="1" textAlign="right" scaleY="1" widthInChars="7" text="C相电压畸变率" color="0" deviceID="" x="270" y="110"/>
    <LABEL fontFamily="digifaw" fontSize="12" scale="1" fontWeight="normal" param="harmonicUc" rotation="0" scaleX="1" textAlign="right" scaleY="1" widthInChars="3" text="" paramID="287" color="65280" deviceID="14579" x="385" y="110"/>
    <TEXT fontFamily="Arial" fontSize="14" scale="1" fontWeight="normal" param="" rotation="0" scaleX="1" textAlign="right" scaleY="1" widthInChars="7" text="A相电流畸变率" color="0" deviceID="" x="270" y="140"/>
    <LABEL fontFamily="digifaw" fontSize="12" scale="1" fontWeight="normal" param="harmonicIa" rotation="0" scaleX="1" textAlign="right" scaleY="1" widthInChars="3" text="" paramID="288" color="65280" deviceID="14579" x="385" y="140"/>
    <TEXT fontFamily="Arial" fontSize="14" scale="1" fontWeight="normal" param="" rotation="0" scaleX="1" textAlign="right" scaleY="1" widthInChars="7" text="B相电流畸变率" color="0" deviceID="" x="270" y="170"/>
    <LABEL fontFamily="digifaw" fontSize="12" scale="1" fontWeight="normal" param="harmonicIb" rotation="0" scaleX="1" textAlign="right" scaleY="1" widthInChars="3" text="" paramID="289" color="65280" deviceID="14579" x="385" y="170"/>
    <TEXT fontFamily="Arial" fontSize="14" scale="1" fontWeight="normal" param="" rotation="0" scaleX="1" textAlign="right" scaleY="1" widthInChars="7" text="C相电流畸变率" color="0" deviceID="" x="270" y="200"/>
    <LABEL fontFamily="digifaw" fontSize="12" scale="1" fontWeight="normal" param="harmonicIc" rotation="0" scaleX="1" textAlign="right" scaleY="1" widthInChars="3" text="" paramID="290" color="65280" deviceID="14579" x="385" y="200"/>
    <TEXT fontFamily="Arial" fontSize="14" scale="1" fontWeight="normal" param="" rotation="0" scaleX="1" textAlign="right" scaleY="1" widthInChars="7" text="A相电压畸变率" color="0" deviceID="" x="465" y="50"/>
    <LABEL fontFamily="digifaw" fontSize="12" scale="1" fontWeight="normal" param="harmonicUa" rotation="0" scaleX="1" textAlign="right" scaleY="1" widthInChars="3" text="" paramID="285" color="65280" deviceID="14580" x="580" y="50"/>
    <TEXT fontFamily="Arial" fontSize="14" scale="1" fontWeight="normal" param="" rotation="0" scaleX="1" textAlign="right" scaleY="1" widthInChars="7" text="B相电压畸变率" color="0" deviceID="" x="465" y="80"/>
    <LABEL fontFamily="digifaw" fontSize="12" scale="1" fontWeight="normal" param="harmonicUb" rotation="0" scaleX="1" textAlign="right" scaleY="1" widthInChars="3" text="" paramID="286" color="65280" deviceID="14580" x="580" y="80"/>
    <TEXT fontFamily="Arial" fontSize="14" scale="1" fontWeight="normal" param="" rotation="0" scaleX="1" textAlign="right" scaleY="1" widthInChars="7" text="C相电压畸变率" color="0" deviceID="" x="465" y="110"/>
    <LABEL fontFamily="digifaw" fontSize="12" scale="1" fontWeight="normal" param="harmonicUc" rotation="0" scaleX="1" textAlign="right" scaleY="1" widthInChars="3" text="" paramID="287" color="65280" deviceID="14580" x="580" y="110"/>
    <TEXT fontFamily="Arial" fontSize="14" scale="1" fontWeight="normal" param="" rotation="0" scaleX="1" textAlign="right" scaleY="1" widthInChars="7" text="A相电流畸变率" color="0" deviceID="" x="465" y="140"/>
    <LABEL fontFamily="digifaw" fontSize="12" scale="1" fontWeight="normal" param="harmonicIa" rotation="0" scaleX="1" textAlign="right" scaleY="1" widthInChars="3" text="" paramID="288" color="65280" deviceID="14580" x="580" y="140"/>
    <TEXT fontFamily="Arial" fontSize="14" scale="1" fontWeight="normal" param="" rotation="0" scaleX="1" textAlign="right" scaleY="1" widthInChars="7" text="B相电流畸变率" color="0" deviceID="" x="465" y="170"/>
    <LABEL fontFamily="digifaw" fontSize="12" scale="1" fontWeight="normal" param="harmonicIb" rotation="0" scaleX="1" textAlign="right" scaleY="1" widthInChars="3" text="" paramID="289" color="65280" deviceID="14580" x="580" y="170"/>
    <TEXT fontFamily="Arial" fontSize="14" scale="1" fontWeight="normal" param="" rotation="0" scaleX="1" textAlign="right" scaleY="1" widthInChars="7" text="C相电流畸变率" color="0" deviceID="" x="465" y="200"/>
    <LABEL fontFamily="digifaw" fontSize="12" scale="1" fontWeight="normal" param="harmonicIc" rotation="0" scaleX="1" textAlign="right" scaleY="1" widthInChars="3" text="" paramID="290" color="65280" deviceID="14580" x="580" y="200"/>
    <TEXT fontFamily="Arial" fontSize="14" scale="1" fontWeight="normal" param="" rotation="0" scaleX="1" textAlign="right" scaleY="1" widthInChars="7" text="A相电压畸变率" color="0" deviceID="" x="660" y="50"/>
    <LABEL fontFamily="digifaw" fontSize="12" scale="1" fontWeight="normal" param="harmonicUa" rotation="0" scaleX="1" textAlign="right" scaleY="1" widthInChars="3" text="" paramID="285" color="65280" deviceID="14581" x="775" y="50"/>
    <TEXT fontFamily="Arial" fontSize="14" scale="1" fontWeight="normal" param="" rotation="0" scaleX="1" textAlign="right" scaleY="1" widthInChars="7" text="B相电压畸变率" color="0" deviceID="" x="660" y="80"/>
    <TEXT fontFamily="Arial" fontSize="14" scale="1" fontWeight="normal" param="" rotation="0" scaleX="1" textAlign="right" scaleY="1" widthInChars="7" text="C相电压畸变率" color="0" deviceID="" x="660" y="110"/>
    <TEXT fontFamily="Arial" fontSize="14" scale="1" fontWeight="normal" param="" rotation="0" scaleX="1" textAlign="right" scaleY="1" widthInChars="7" text="A相电流畸变率" color="0" deviceID="" x="660" y="140"/>
    <TEXT fontFamily="Arial" fontSize="14" scale="1" fontWeight="normal" param="" rotation="0" scaleX="1" textAlign="right" scaleY="1" widthInChars="7" text="B相电流畸变率" color="0" deviceID="" x="660" y="170"/>
    <TEXT fontFamily="Arial" fontSize="14" scale="1" fontWeight="normal" param="" rotation="0" scaleX="1" textAlign="right" scaleY="1" widthInChars="7" text="C相电流畸变率" color="0" deviceID="" x="855" y="200"/>
    <LABEL fontFamily="digifaw" fontSize="12" scale="1" fontWeight="normal" param="harmonicUb" rotation="0" scaleX="1" textAlign="right" scaleY="1" widthInChars="3" text="" paramID="286" color="65280" deviceID="14581" x="775" y="80"/>
    <LABEL fontFamily="digifaw" fontSize="12" scale="1" fontWeight="normal" param="harmonicUc" rotation="0" scaleX="1" textAlign="right" scaleY="1" widthInChars="3" text="" paramID="287" color="65280" deviceID="14581" x="775" y="110"/>
    <LABEL fontFamily="digifaw" fontSize="12" scale="1" fontWeight="normal" param="harmonicIa" rotation="0" scaleX="1" textAlign="right" scaleY="1" widthInChars="3" text="" paramID="288" color="65280" deviceID="14581" x="775" y="140"/>
    <LABEL fontFamily="digifaw" fontSize="12" scale="1" fontWeight="normal" param="harmonicIb" rotation="0" scaleX="1" textAlign="right" scaleY="1" widthInChars="3" text="" paramID="289" color="65280" deviceID="14581" x="775" y="170"/>
    <LABEL fontFamily="digifaw" fontSize="12" scale="1" fontWeight="normal" param="harmonicIc" rotation="0" scaleX="1" textAlign="right" scaleY="1" widthInChars="3" text="" paramID="290" color="65280" deviceID="14581" x="775" y="200"/>
    <TEXT fontFamily="Arial" fontSize="14" scale="1" fontWeight="normal" param="" rotation="0" scaleX="1" textAlign="right" scaleY="1" widthInChars="7" text="A相电压畸变率" color="0" deviceID="" x="855" y="50"/>
    <LABEL fontFamily="digifaw" fontSize="12" scale="1" fontWeight="normal" param="harmonicUa" rotation="0" scaleX="1" textAlign="right" scaleY="1" widthInChars="3" text="" paramID="285" color="65280" deviceID="14582" x="970" y="50"/>
    <TEXT fontFamily="Arial" fontSize="14" scale="1" fontWeight="normal" param="" rotation="0" scaleX="1" textAlign="right" scaleY="1" widthInChars="7" text="B相电压畸变率" color="0" deviceID="" x="855" y="80"/>
    <TEXT fontFamily="Arial" fontSize="14" scale="1" fontWeight="normal" param="" rotation="0" scaleX="1" textAlign="right" scaleY="1" widthInChars="7" text="C相电压畸变率" color="0" deviceID="" x="855" y="110"/>
    <TEXT fontFamily="Arial" fontSize="14" scale="1" fontWeight="normal" param="" rotation="0" scaleX="1" textAlign="right" scaleY="1" widthInChars="7" text="A相电流畸变率" color="0" deviceID="" x="855" y="140"/>
    <TEXT fontFamily="Arial" fontSize="14" scale="1" fontWeight="normal" param="" rotation="0" scaleX="1" textAlign="right" scaleY="1" widthInChars="7" text="B相电流畸变率" color="0" deviceID="" x="855" y="170"/>
    <TEXT fontFamily="Arial" fontSize="14" scale="1" fontWeight="normal" param="" rotation="0" scaleX="1" textAlign="right" scaleY="1" widthInChars="7" text="C相电流畸变率" color="0" deviceID="" x="660" y="200"/>
    <LABEL fontFamily="digifaw" fontSize="12" scale="1" fontWeight="normal" param="harmonicUb" rotation="0" scaleX="1" textAlign="right" scaleY="1" widthInChars="3" text="" paramID="286" color="65280" deviceID="14582" x="970" y="80"/>
    <LABEL fontFamily="digifaw" fontSize="12" scale="1" fontWeight="normal" param="harmonicUc" rotation="0" scaleX="1" textAlign="right" scaleY="1" widthInChars="3" text="" paramID="287" color="65280" deviceID="14582" x="970" y="110"/>
    <LABEL fontFamily="digifaw" fontSize="12" scale="1" fontWeight="normal" param="harmonicIa" rotation="0" scaleX="1" textAlign="right" scaleY="1" widthInChars="3" text="" paramID="288" color="65280" deviceID="14582" x="970" y="140"/>
    <LABEL fontFamily="digifaw" fontSize="12" scale="1" fontWeight="normal" param="harmonicIb" rotation="0" scaleX="1" textAlign="right" scaleY="1" widthInChars="3" text="" paramID="289" color="65280" deviceID="14582" x="970" y="170"/>
    <LABEL fontFamily="digifaw" fontSize="12" scale="1" fontWeight="normal" param="harmonicIc" rotation="0" scaleX="1" textAlign="right" scaleY="1" widthInChars="3" text="" paramID="290" color="65280" deviceID="14582" x="970" y="200"/>
    <TEXT fontFamily="Arial" fontSize="14" scale="1" fontWeight="normal" param="" rotation="0" scaleX="1" textAlign="right" scaleY="1" widthInChars="7" text="A相电压畸变率" color="0" deviceID="" x="75" y="325"/>
    <LABEL fontFamily="digifaw" fontSize="12" scale="1" fontWeight="normal" param="harmonicUa" rotation="0" scaleX="1" textAlign="right" scaleY="1" widthInChars="3" text="" paramID="285" color="65280" deviceID="14583" x="190" y="325"/>
    <TEXT fontFamily="Arial" fontSize="14" scale="1" fontWeight="normal" param="" rotation="0" scaleX="1" textAlign="right" scaleY="1" widthInChars="7" text="B相电压畸变率" color="0" deviceID="" x="270" y="355"/>
    <TEXT fontFamily="Arial" fontSize="14" scale="1" fontWeight="normal" param="" rotation="0" scaleX="1" textAlign="right" scaleY="1" widthInChars="7" text="C相电压畸变率" color="0" deviceID="" x="75" y="385"/>
    <TEXT fontFamily="Arial" fontSize="14" scale="1" fontWeight="normal" param="" rotation="0" scaleX="1" textAlign="right" scaleY="1" widthInChars="7" text="A相电流畸变率" color="0" deviceID="" x="75" y="415"/>
    <TEXT fontFamily="Arial" fontSize="14" scale="1" fontWeight="normal" param="" rotation="0" scaleX="1" textAlign="right" scaleY="1" widthInChars="7" text="B相电流畸变率" color="0" deviceID="" x="75" y="445"/>
    <TEXT fontFamily="Arial" fontSize="14" scale="1" fontWeight="normal" param="" rotation="0" scaleX="1" textAlign="right" scaleY="1" widthInChars="7" text="C相电流畸变率" color="0" deviceID="" x="75" y="475"/>
    <LABEL fontFamily="digifaw" fontSize="12" scale="1" fontWeight="normal" param="harmonicUb" rotation="0" scaleX="1" textAlign="right" scaleY="1" widthInChars="3" text="" paramID="286" color="65280" deviceID="14583" x="190" y="355"/>
    <LABEL fontFamily="digifaw" fontSize="12" scale="1" fontWeight="normal" param="harmonicUc" rotation="0" scaleX="1" textAlign="right" scaleY="1" widthInChars="3" text="" paramID="287" color="65280" deviceID="14583" x="190" y="385"/>
    <LABEL fontFamily="digifaw" fontSize="12" scale="1" fontWeight="normal" param="harmonicIa" rotation="0" scaleX="1" textAlign="right" scaleY="1" widthInChars="3" text="" paramID="288" color="65280" deviceID="14583" x="190" y="415"/>
    <LABEL fontFamily="digifaw" fontSize="12" scale="1" fontWeight="normal" param="harmonicIb" rotation="0" scaleX="1" textAlign="right" scaleY="1" widthInChars="3" text="" paramID="289" color="65280" deviceID="14583" x="190" y="445"/>
    <LABEL fontFamily="digifaw" fontSize="12" scale="1" fontWeight="normal" param="harmonicIc" rotation="0" scaleX="1" textAlign="right" scaleY="1" widthInChars="3" text="" paramID="290" color="65280" deviceID="14583" x="190" y="475"/>
    <TEXT fontFamily="Arial" fontSize="14" scale="1" fontWeight="normal" param="" rotation="0" scaleX="1" textAlign="right" scaleY="1" widthInChars="7" text="A相电压畸变率" color="0" deviceID="" x="270" y="325"/>
    <TEXT fontFamily="Arial" fontSize="14" scale="1" fontWeight="normal" param="" rotation="0" scaleX="1" textAlign="right" scaleY="1" widthInChars="7" text="B相电压畸变率" color="0" deviceID="" x="75" y="357"/>
    <TEXT fontFamily="Arial" fontSize="14" scale="1" fontWeight="normal" param="" rotation="0" scaleX="1" textAlign="right" scaleY="1" widthInChars="7" text="C相电压畸变率" color="0" deviceID="" x="270" y="385"/>
    <TEXT fontFamily="Arial" fontSize="14" scale="1" fontWeight="normal" param="" rotation="0" scaleX="1" textAlign="right" scaleY="1" widthInChars="7" text="A相电流畸变率" color="0" deviceID="" x="270" y="415"/>
    <TEXT fontFamily="Arial" fontSize="14" scale="1" fontWeight="normal" param="" rotation="0" scaleX="1" textAlign="right" scaleY="1" widthInChars="7" text="B相电流畸变率" color="0" deviceID="" x="270" y="445"/>
    <TEXT fontFamily="Arial" fontSize="14" scale="1" fontWeight="normal" param="" rotation="0" scaleX="1" textAlign="right" scaleY="1" widthInChars="7" text="C相电流畸变率" color="0" deviceID="" x="270" y="475"/>
    <LABEL fontFamily="digifaw" fontSize="12" scale="1" fontWeight="normal" param="harmonicUa" rotation="0" scaleX="1" textAlign="right" scaleY="1" widthInChars="3" text="" paramID="285" color="65280" deviceID="14584" x="385" y="325"/>
    <LABEL fontFamily="digifaw" fontSize="12" scale="1" fontWeight="normal" param="harmonicUb" rotation="0" scaleX="1" textAlign="right" scaleY="1" widthInChars="3" text="" paramID="286" color="65280" deviceID="14584" x="385" y="355"/>
    <LABEL fontFamily="digifaw" fontSize="12" scale="1" fontWeight="normal" param="harmonicUc" rotation="0" scaleX="1" textAlign="right" scaleY="1" widthInChars="3" text="" paramID="287" color="65280" deviceID="14584" x="385" y="385"/>
    <LABEL fontFamily="digifaw" fontSize="12" scale="1" fontWeight="normal" param="harmonicIa" rotation="0" scaleX="1" textAlign="right" scaleY="1" widthInChars="3" text="" paramID="288" color="65280" deviceID="14584" x="385" y="415"/>
    <LABEL fontFamily="digifaw" fontSize="12" scale="1" fontWeight="normal" param="harmonicIb" rotation="0" scaleX="1" textAlign="right" scaleY="1" widthInChars="3" text="" paramID="289" color="65280" deviceID="14584" x="385" y="445"/>
    <LABEL fontFamily="digifaw" fontSize="12" scale="1" fontWeight="normal" param="harmonicIc" rotation="0" scaleX="1" textAlign="right" scaleY="1" widthInChars="3" text="" paramID="290" color="65280" deviceID="14584" x="385" y="475"/>
    <TEXT fontFamily="Arial" fontSize="14" scale="1" fontWeight="normal" param="" rotation="0" scaleX="1" textAlign="right" scaleY="1" text="A相电压畸变率" color="0" deviceID="" widthInChars="7" x="465" y="325"/>
    <TEXT fontFamily="Arial" fontSize="14" scale="1" fontWeight="normal" param="" rotation="0" scaleX="1" textAlign="right" scaleY="1" text="B相电压畸变率" color="0" deviceID="" widthInChars="7" x="465" y="355"/>
    <TEXT fontFamily="Arial" fontSize="14" scale="1" fontWeight="normal" param="" rotation="0" scaleX="1" textAlign="right" scaleY="1" text="C相电压畸变率" color="0" deviceID="" widthInChars="7" x="465" y="385"/>
    <TEXT fontFamily="Arial" fontSize="14" scale="1" fontWeight="normal" param="" rotation="0" scaleX="1" textAlign="right" scaleY="1" text="A相电流畸变率" color="0" deviceID="" widthInChars="7" x="465" y="415"/>
    <TEXT fontFamily="Arial" fontSize="14" scale="1" fontWeight="normal" param="" rotation="0" scaleX="1" textAlign="right" scaleY="1" text="B相电流畸变率" color="0" deviceID="" widthInChars="7" x="465" y="445"/>
    <TEXT fontFamily="Arial" fontSize="14" scale="1" fontWeight="normal" param="" rotation="0" scaleX="1" textAlign="right" scaleY="1" text="C相电流畸变率" color="0" deviceID="" widthInChars="7" x="465" y="475"/>
    <LABEL fontFamily="digifaw" fontSize="12" scale="1" fontWeight="normal" param="harmonicUa" rotation="0" scaleX="1" textAlign="right" scaleY="1" text="" paramID="285" color="65280" deviceID="14585" widthInChars="3" x="580" y="325"/>
    <LABEL fontFamily="digifaw" fontSize="12" scale="1" scaleX="1" param="harmonicUb" rotation="0" fontWeight="normal" textAlign="right" scaleY="1" widthInChars="3" paramID="286" color="65280" deviceID="14585" text="" x="580" y="355"/>
    <LABEL fontFamily="digifaw" fontSize="12" scale="1" scaleX="1" text="" param="harmonicUc" rotation="0" fontWeight="normal" textAlign="right" scaleY="1" widthInChars="3" paramID="287" color="65280" deviceID="14585" x="580" y="385"/>
    <LABEL fontFamily="digifaw" fontSize="12" scale="1" fontWeight="normal" param="harmonicIa" rotation="0" scaleX="1" textAlign="right" scaleY="1" widthInChars="3" text="" paramID="288" color="65280" deviceID="14585" x="580" y="415"/>
    <LABEL fontFamily="digifaw" fontSize="12" scale="1" fontWeight="normal" param="harmonicIb" rotation="0" scaleX="1" textAlign="right" scaleY="1" text="" paramID="289" color="65280" deviceID="14585" widthInChars="3" x="580" y="445"/>
    <LABEL fontFamily="digifaw" fontSize="12" scale="1" scaleX="1" param="harmonicIc" rotation="0" fontWeight="normal" textAlign="right" scaleY="1" widthInChars="3" paramID="290" color="65280" deviceID="14585" text="" x="580" y="475"/>
    <TEXT fontFamily="Arial" fontSize="14" scale="1" scaleX="1" param="" rotation="0" fontWeight="normal" textAlign="right" scaleY="1" widthInChars="7" color="0" deviceID="" text="A相电压畸变率" x="660" y="325"/>
    <TEXT fontFamily="Arial" fontSize="14" scale="1" scaleX="1" param="" rotation="0" fontWeight="normal" textAlign="right" scaleY="1" widthInChars="7" color="0" deviceID="" text="B相电压畸变率" x="660" y="355"/>
    <TEXT fontFamily="Arial" fontSize="14" scale="1" scaleX="1" param="" rotation="0" fontWeight="normal" textAlign="right" scaleY="1" widthInChars="7" color="0" deviceID="" text="C相电压畸变率" x="660" y="385"/>
    <TEXT fontFamily="Arial" fontSize="14" scale="1" scaleX="1" param="" rotation="0" fontWeight="normal" textAlign="right" scaleY="1" widthInChars="7" color="0" deviceID="" text="A相电流畸变率" x="660" y="415"/>
    <TEXT fontFamily="Arial" fontSize="14" scale="1" scaleX="1" param="" rotation="0" fontWeight="normal" textAlign="right" scaleY="1" widthInChars="7" color="0" deviceID="" text="B相电流畸变率" x="660" y="445"/>
    <TEXT fontFamily="Arial" fontSize="14" scale="1" scaleX="1" param="" rotation="0" fontWeight="normal" textAlign="right" scaleY="1" widthInChars="7" color="0" deviceID="" text="C相电流畸变率" x="660" y="475"/>
    <LABEL fontFamily="digifaw" fontSize="12" scale="1" scaleX="1" param="harmonicUa" rotation="0" fontWeight="normal" textAlign="right" scaleY="1" widthInChars="3" paramID="285" color="65280" deviceID="14586" text="" x="775" y="325"/>
    <LABEL fontFamily="digifaw" fontSize="12" scale="1" scaleX="1" text="" param="harmonicUb" rotation="0" fontWeight="normal" textAlign="right" scaleY="1" widthInChars="3" paramID="286" color="65280" deviceID="14586" x="775" y="355"/>
    <LABEL fontFamily="digifaw" fontSize="12" scale="1" fontWeight="normal" param="harmonicUc" rotation="0" scaleX="1" textAlign="right" scaleY="1" widthInChars="3" text="" paramID="287" color="65280" deviceID="14586" x="775" y="385"/>
    <LABEL fontFamily="digifaw" fontSize="12" scale="1" fontWeight="normal" param="harmonicIa" rotation="0" scaleX="1" textAlign="right" scaleY="1" text="" paramID="288" color="65280" deviceID="14586" widthInChars="3" x="775" y="415"/>
    <LABEL fontFamily="digifaw" fontSize="12" scale="1" scaleX="1" param="harmonicIb" rotation="0" fontWeight="normal" textAlign="right" scaleY="1" widthInChars="3" paramID="289" color="65280" deviceID="14586" text="" x="775" y="445"/>
    <LABEL fontFamily="digifaw" fontSize="12" scale="1" scaleX="1" text="" param="harmonicIc" rotation="0" fontWeight="normal" textAlign="right" scaleY="1" widthInChars="3" paramID="290" color="65280" deviceID="14586" x="775" y="475"/>
    <TEXT fontFamily="Arial" fontSize="14" scale="1" scaleX="1" text="A相电压畸变率" param="" rotation="0" fontWeight="normal" textAlign="right" scaleY="1" widthInChars="7" color="0" deviceID="" x="855" y="325"/>
    <TEXT fontFamily="Arial" fontSize="14" scale="1" scaleX="1" text="B相电压畸变率" param="" rotation="0" fontWeight="normal" textAlign="right" scaleY="1" widthInChars="7" color="0" deviceID="" x="855" y="355"/>
    <TEXT fontFamily="Arial" fontSize="14" scale="1" scaleX="1" text="C相电压畸变率" param="" rotation="0" fontWeight="normal" textAlign="right" scaleY="1" widthInChars="7" color="0" deviceID="" x="855" y="385"/>
    <TEXT fontFamily="Arial" fontSize="14" scale="1" scaleX="1" text="A相电流畸变率" param="" rotation="0" fontWeight="normal" textAlign="right" scaleY="1" widthInChars="7" color="0" deviceID="" x="855" y="415"/>
    <TEXT fontFamily="Arial" fontSize="14" scale="1" scaleX="1" text="B相电流畸变率" param="" rotation="0" fontWeight="normal" textAlign="right" scaleY="1" widthInChars="7" color="0" deviceID="" x="855" y="445"/>
    <TEXT fontFamily="Arial" fontSize="14" scale="1" scaleX="1" text="C相电流畸变率" param="" rotation="0" fontWeight="normal" textAlign="right" scaleY="1" widthInChars="7" color="0" deviceID="" x="855" y="475"/>
    <LABEL fontFamily="digifaw" fontSize="12" scale="1" scaleX="1" text="" param="harmonicUa" rotation="0" fontWeight="normal" textAlign="right" scaleY="1" widthInChars="3" paramID="285" color="65280" deviceID="14587" x="970" y="325"/>
    <LABEL fontFamily="digifaw" fontSize="12" scale="1" fontWeight="normal" param="harmonicUb" rotation="0" scaleX="1" textAlign="right" scaleY="1" widthInChars="3" text="" paramID="286" color="65280" deviceID="14587" x="970" y="355"/>
    <LABEL fontFamily="digifaw" fontSize="12" scale="1" fontWeight="normal" param="harmonicUc" rotation="0" scaleX="1" textAlign="right" scaleY="1" text="" paramID="287" color="65280" deviceID="14587" widthInChars="3" x="970" y="385"/>
    <LABEL fontFamily="digifaw" fontSize="12" scale="1" scaleX="1" param="harmonicIa" rotation="0" fontWeight="normal" textAlign="right" scaleY="1" widthInChars="3" paramID="288" color="65280" deviceID="14587" text="" x="970" y="415"/>
    <LABEL fontFamily="digifaw" fontSize="12" scale="1" scaleX="1" text="" param="harmonicIb" rotation="0" fontWeight="normal" textAlign="right" scaleY="1" widthInChars="3" paramID="289" color="65280" deviceID="14587" x="970" y="445"/>
    <LABEL fontFamily="digifaw" fontSize="12" scale="1" fontWeight="normal" param="harmonicIc" rotation="0" scaleX="1" textAlign="right" scaleY="1" widthInChars="3" text="" paramID="290" color="65280" deviceID="14587" x="970" y="475"/>
    <ALARM param="" alarm="ALARM" deviceID="" scale="0" scaleX="0" scaleY="0" x="1010" y="507" rotation="0"/>
  </Components>
</Configration>